timestamp,open_at,open,high,low,close,volume,available_at
2018-01-02T16:00:00,2018-01-02T09:30:00,42.03884983091735,43.13200111224347,41.81982579850153,42.908446447843666,46926967.47479821,2018-01-02T16:00:00
2018-01-03T16:00:00,2018-01-03T09:30:00,42.92228212626123,42.981974346092926,42.62792880993955,42.68729423099897,49553780.91289339,2018-01-03T16:00:00
2018-01-04T16:00:00,2018-01-04T09:30:00,42.68124170510328,43.551466248819395,42.616670080755924,43.485677608965446,58749898.53924687,2018-01-04T16:00:00
2018-01-05T16:00:00,2018-01-05T09:30:00,43.5139223183777,43.534147701856746,42.725752263100745,42.745620537927906,52483797.0959711,2018-01-05T16:00:00
2018-01-08T16:00:00,2018-01-08T09:30:00,42.68925048651,42.7792742753356,42.49219563816622,42.5819932411606,41943161.793404184,2018-01-08T16:00:00
2018-01-09T16:00:00,2018-01-09T09:30:00,42.65784022540764,42.859003555103605,42.607672401060015,42.80865836083555,41413230.13830388,2018-01-09T16:00:00
2018-01-10T16:00:00,2018-01-10T09:30:00,42.74228675337099,42.98717923034526,42.661967679312,42.9065514785895,51333274.86460259,2018-01-10T16:00:00
2018-01-11T16:00:00,2018-01-11T09:30:00,42.968081273633274,43.51880167712218,42.78516222826606,43.33432350513415,58489384.579671845,2018-01-11T16:00:00
2018-01-12T16:00:00,2018-01-12T09:30:00,43.35390031467263,43.632790897710755,43.195713035820916,43.47416480453654,53596364.69034473,2018-01-12T16:00:00
2018-01-15T16:00:00,2018-01-15T09:30:00,43.457981237331644,43.75536705665852,43.4458844210711,43.743190850417434,41247235.50605634,2018-01-15T16:00:00
2018-01-16T16:00:00,2018-01-16T09:30:00,43.8278774965348,44.43777042193498,43.70376146740554,44.31228260748789,60097340.953658566,2018-01-16T16:00:00
2018-01-17T16:00:00,2018-01-17T09:30:00,44.3808779078616,44.51589924889169,43.919153707633235,44.05317807715932,49226116.137282826,2018-01-17T16:00:00
2018-01-18T16:00:00,2018-01-18T09:30:00,44.02705577648209,44.36394324532084,44.00038975573968,44.33708944540264,38852907.791762814,2018-01-18T16:00:00
2018-01-19T16:00:00,2018-01-19T09:30:00,44.25282617267932,44.29625709926316,43.935890499037356,43.979052736929034,36681535.48362674,2018-01-19T16:00:00
2018-01-22T16:00:00,2018-01-22T09:30:00,43.92021356901986,44.378791492917145,43.81381603506713,44.271542857231665,36930533.60088368,2018-01-22T16:00:00
2018-01-23T16:00:00,2018-01-23T09:30:00,44.303306151765355,45.087295835875786,44.15620435645408,44.93808635795414,55094728.40065523,2018-01-23T16:00:00
2018-01-24T16:00:00,2018-01-24T09:30:00,44.9572229342535,45.65175787308583,44.91582305763414,45.6097570956099,47790547.0931827,2018-01-24T16:00:00
2018-01-25T16:00:00,2018-01-25T09:30:00,45.505189255480374,45.65733869818517,45.270699221275095,45.42257242946153,41868030.71594735,2018-01-25T16:00:00
2018-01-26T16:00:00,2018-01-26T09:30:00,45.432442623495454,45.872088840028184,45.411196852444334,45.85064750200799,58992740.041012734,2018-01-26T16:00:00
2018-01-29T16:00:00,2018-01-29T09:30:00,45.92892784823165,46.898990020432045,45.63952929608635,46.60532945619148,54991141.291562945,2018-01-29T16:00:00
2018-01-30T16:00:00,2018-01-30T09:30:00,46.551278835358076,47.109300290570815,46.49230427530484,47.0496943014018,57507173.95355654,2018-01-30T16:00:00
2018-01-31T16:00:00,2018-01-31T09:30:00,47.04981968625786,48.494856851771246,46.55496976141608,47.99011727813228,55906489.13576625,2018-01-31T16:00:00
2018-02-01T16:00:00,2018-02-01T09:30:00,48.06667185215269,48.13617177679784,47.95742449096603,48.02686686130676,51394929.24771055,2018-02-01T16:00:00
2018-02-02T16:00:00,2018-02-02T09:30:00,47.9579992212781,48.357316198678475,47.48639823950929,47.885108298703,42984175.25038551,2018-02-02T16:00:00
2018-02-05T16:00:00,2018-02-05T09:30:00,47.95891080082488,48.233637338778266,46.9200083102396,47.19033214282853,52653557.56769143,2018-02-05T16:00:00
2018-02-06T16:00:00,2018-02-06T09:30:00,47.185137012300274,47.49364962227938,47.18325497187443,47.49175535198314,40526012.76015256,2018-02-06T16:00:00
2018-02-07T16:00:00,2018-02-07T09:30:00,47.51359600891898,47.58540006962726,47.450675340492694,47.522467652779284,44252366.383930594,2018-02-07T16:00:00
2018-02-08T16:00:00,2018-02-08T09:30:00,47.47301829740532,47.90805506290055,47.3717663575733,47.80609273148677,52291536.67560066,2018-02-08T16:00:00
2018-02-09T16:00:00,2018-02-09T09:30:00,47.77543793886493,47.84985208978138,47.23098736377039,47.304668252408014,54493669.37453515,2018-02-09T16:00:00
2018-02-12T16:00:00,2018-02-12T09:30:00,47.23083205988509,47.613360612695814,47.13869018111312,47.520653326226714,39065942.76042338,2018-02-12T16:00:00
2018-02-13T16:00:00,2018-02-13T09:30:00,47.55379342511769,47.7183191325216,47.14403537850332,47.307709690094846,39546897.79853079,2018-02-13T16:00:00
2018-02-14T16:00:00,2018-02-14T09:30:00,47.27440986392721,48.3277564385496,46.97255549232635,48.02113411783902,55226303.70596842,2018-02-14T16:00:00
2018-02-15T16:00:00,2018-02-15T09:30:00,48.03716659458484,48.05113894182647,47.85471289192013,47.86863621951535,38982031.1953375,2018-02-15T16:00:00
2018-02-16T16:00:00,2018-02-16T09:30:00,47.86061855252546,48.07403663201103,47.09439799967506,47.305340004154566,57972883.5121728,2018-02-16T16:00:00
2018-02-19T16:00:00,2018-02-19T09:30:00,47.30165831856981,47.47657166268978,46.97826652323697,47.15262878192879,51805010.431715466,2018-02-19T16:00:00
2018-02-20T16:00:00,2018-02-20T09:30:00,47.22678951402259,47.30214887306835,46.89318029475861,46.96812690823385,58064494.51974749,2018-02-20T16:00:00
2018-02-21T16:00:00,2018-02-21T09:30:00,47.012390769962806,47.046715452708824,46.84799996020725,46.88222960969801,43204666.32114639,2018-02-21T16:00:00
2018-02-22T16:00:00,2018-02-22T09:30:00,46.861857630249766,48.226551751891364,46.81592010384527,48.179322746837904,59244381.741890095,2018-02-22T16:00:00
2018-02-23T16:00:00,2018-02-23T09:30:00,48.24908390393633,48.30004978460877,48.012933348088396,48.06370340991055,55172589.398720674,2018-02-23T16:00:00
2018-02-26T16:00:00,2018-02-26T09:30:00,48.176943366638056,48.21819728631233,47.63809766159334,47.678925128218324,57363813.472650856,2018-02-26T16:00:00
2018-02-27T16:00:00,2018-02-27T09:30:00,47.77543183456235,48.30388194724244,47.74349572358177,48.271614156712396,53851990.19509535,2018-02-27T16:00:00
2018-02-28T16:00:00,2018-02-28T09:30:00,48.391313579161235,48.87305643411357,48.30937141854347,48.79043842591326,58957629.11780841,2018-02-28T16:00:00
2018-03-01T16:00:00,2018-03-01T09:30:00,48.72478078078239,49.187318070559456,48.56742302143636,49.02897789987584,45028354.420550145,2018-03-01T16:00:00
2018-03-02T16:00:00,2018-03-02T09:30:00,49.12631457674501,49.203776856866945,49.08748528402653,49.164917052866315,45236682.69407157,2018-03-02T16:00:00
2018-03-05T16:00:00,2018-03-05T09:30:00,49.15893699792343,50.141066988343006,48.94936171036175,49.92821211291219,47259623.33351341,2018-03-05T16:00:00
2018-03-06T16:00:00,2018-03-06T09:30:00,50.00707719161765,50.25505138257361,49.840536257571145,50.088240147696226,47995481.97978232,2018-03-06T16:00:00
2018-03-07T16:00:00,2018-03-07T09:30:00,50.01216522028381,50.52004140315791,49.78750211102263,50.294111742408184,38970935.492440194,2018-03-07T16:00:00
2018-03-08T16:00:00,2018-03-08T09:30:00,50.218505889312354,50.952663664032016,50.04806935176173,50.780320384819845,44469777.54730572,2018-03-08T16:00:00
2018-03-09T16:00:00,2018-03-09T09:30:00,50.79657060354088,51.52725015230971,50.588655987198074,51.31720453768519,38966851.51566194,2018-03-09T16:00:00
2018-03-12T16:00:00,2018-03-12T09:30:00,51.2245291677976,51.84423767710025,51.1732878354016,51.79242825932429,51408048.92777839,2018-03-12T16:00:00
2018-03-13T16:00:00,2018-03-13T09:30:00,51.75537274849461,53.21953772322579,51.70277091335725,53.165502695377235,58475433.70346321,2018-03-13T16:00:00
2018-03-14T16:00:00,2018-03-14T09:30:00,53.13045521800021,53.23863193825773,52.491498371118524,52.59859218707803,53667073.03371339,2018-03-14T16:00:00
2018-03-15T16:00:00,2018-03-15T09:30:00,52.52989283316118,52.53192702728405,52.248281386017574,52.25030475323031,39253876.153850175,2018-03-15T16:00:00
2018-03-16T16:00:00,2018-03-16T09:30:00,52.25145996684729,52.25524889290307,52.00054640804968,52.00431741298205,40605108.06392837,2018-03-16T16:00:00
2018-03-19T16:00:00,2018-03-19T09:30:00,52.02151295429815,52.31278369373238,51.934039393422296,52.22496802555224,38340688.37482221,2018-03-19T16:00:00
2018-03-20T16:00:00,2018-03-20T09:30:00,52.135609185206,52.4101972097866,51.56732494328759,51.84035793747463,57315236.74998912,2018-03-20T16:00:00
2018-03-21T16:00:00,2018-03-21T09:30:00,51.97841270593526,53.07670564340164,51.76678160931741,52.86147912505128,42113780.22066151,2018-03-21T16:00:00
2018-03-22T16:00:00,2018-03-22T09:30:00,52.905010609920005,53.14036829397559,51.458628768915545,51.688574914730765,51598562.670225814,2018-03-22T16:00:00
2018-03-23T16:00:00,2018-03-23T09:30:00,51.532787922573206,51.57925827646951,51.0999761119891,51.14609776306366,38490964.87262031,2018-03-23T16:00:00
2018-03-26T16:00:00,2018-03-26T09:30:00,51.179858263696815,51.20890401498569,50.8604526082834,50.88933348004946,36533035.50324141,2018-03-26T16:00:00
2018-03-27T16:00:00,2018-03-27T09:30:00,50.97295250905791,52.20445270589085,50.47281201471019,51.69720592393141,39089414.14077077,2018-03-27T16:00:00
2018-03-28T16:00:00,2018-03-28T09:30:00,51.60833167347096,51.666596935533796,51.02999207155607,51.08766951153035,42794001.677645534,2018-03-28T16:00:00
2018-03-29T16:00:00,2018-03-29T09:30:00,51.092271533912054,51.58179359144067,50.81161047539541,51.299991481671796,48988591.7576444,2018-03-29T16:00:00
2018-03-30T16:00:00,2018-03-30T09:30:00,51.35719375812003,51.43141815786283,51.2972476227711,51.37145537579315,42958800.60687174,2018-03-30T16:00:00
2018-04-02T16:00:00,2018-04-02T09:30:00,51.3095413987526,51.314249757012384,51.192329829611126,51.19702786320185,52384429.85954875,2018-04-02T16:00:00
2018-04-03T16:00:00,2018-04-03T09:30:00,51.16872790433664,52.34272367192103,50.72245351430094,51.890157246635,55071010.82124041,2018-04-03T16:00:00
2018-04-04T16:00:00,2018-04-04T09:30:00,51.851311846700256,51.86530775714263,51.57241149661679,51.586335883702944,44990638.33816045,2018-04-04T16:00:00
2018-04-05T16:00:00,2018-04-05T09:30:00,51.486439496588346,51.72765681327469,51.31882789985802,51.559806374246634,43467168.96629797,2018-04-05T16:00:00
2018-04-06T16:00:00,2018-04-06T09:30:00,51.522028097477076,52.74584496681955,51.43670600124547,52.658640604588506,55427840.67898663,2018-04-06T16:00:00
2018-04-09T16:00:00,2018-04-09T09:30:00,52.5758920300353,52.8993777535168,52.40437994209324,52.72737151205232,56304827.21342154,2018-04-09T16:00:00
2018-04-10T16:00:00,2018-04-10T09:30:00,52.80987970002336,53.596142390052975,52.766461455905905,53.5521139096258,58012011.677763395,2018-04-10T16:00:00
2018-04-11T16:00:00,2018-04-11T09:30:00,53.43856905289987,53.46907340458324,52.434948281637325,52.46489683176417,61986115.54386463,2018-04-11T16:00:00
2018-04-12T16:00:00,2018-04-12T09:30:00,52.352657188890035,52.506669645927744,51.997548638970166,52.15096776061526,54363552.301061735,2018-04-12T16:00:00
2018-04-13T16:00:00,2018-04-13T09:30:00,52.267612241791745,53.14531888210061,52.231376052341496,53.10849972058256,46994512.798839375,2018-04-13T16:00:00
2018-04-16T16:00:00,2018-04-16T09:30:00,53.12832944361383,53.97405483815032,52.97101298382015,53.81470597254326,54755795.67510441,2018-04-16T16:00:00
2018-04-17T16:00:00,2018-04-17T09:30:00,53.82580229307209,53.917529675472025,53.02215295881398,53.112665046501476,54991095.49934136,2018-04-17T16:00:00
2018-04-18T16:00:00,2018-04-18T09:30:00,53.0976970634292,53.15889360154117,52.86474748256559,52.92574584222457,54736782.79751912,2018-04-18T16:00:00
2018-04-19T16:00:00,2018-04-19T09:30:00,52.87173516574539,52.929308492697594,52.05945799399689,52.1162086095835,44992881.302776456,2018-04-19T16:00:00
2018-04-20T16:00:00,2018-04-20T09:30:00,52.10455957008819,52.21133569122459,51.267687374211235,51.372964261692914,54262051.921300024,2018-04-20T16:00:00
2018-04-23T16:00:00,2018-04-23T09:30:00,51.29561769874042,52.011323265624874,50.95682756579505,51.670060068005476,48534104.65918298,2018-04-23T16:00:00
2018-04-24T16:00:00,2018-04-24T09:30:00,51.74874914299297,53.4260379405717,51.62069272100354,53.29415728243883,65727261.123257145,2018-04-24T16:00:00
2018-04-25T16:00:00,2018-04-25T09:30:00,53.24700760987415,53.550993366991534,53.20236601567747,53.50613452418177,46506322.158405155,2018-04-25T16:00:00
2018-04-26T16:00:00,2018-04-26T09:30:00,53.48055390712572,53.62345421335913,52.541362088120195,52.6821289990251,60984682.388214365,2018-04-26T16:00:00
2018-04-27T16:00:00,2018-04-27T09:30:00,52.76572705882076,53.07704038411777,52.66169910517897,52.97260457019692,41444063.89048198,2018-04-27T16:00:00
2018-04-30T16:00:00,2018-04-30T09:30:00,53.01778484683808,53.73210682223994,52.85645489345129,53.569099252039294,53285192.095434576,2018-04-30T16:00:00
2018-05-01T16:00:00,2018-05-01T09:30:00,53.58622660943622,53.89787004692243,53.45302437186327,53.76422534807217,54269660.76956296,2018-05-01T16:00:00
2018-05-02T16:00:00,2018-05-02T09:30:00,53.677102048831614,53.968206444527276,53.55676801795457,53.84749043473357,45372536.8421565,2018-05-02T16:00:00
2018-05-03T16:00:00,2018-05-03T09:30:00,53.895423024571144,54.341337246750776,53.066565847382705,53.50928528417052,48880600.29840927,2018-05-03T16:00:00
2018-05-04T16:00:00,2018-05-04T09:30:00,53.49252514672964,53.58040603913651,52.561460915991404,52.64795429416109,46829588.70546554,2018-05-04T16:00:00
2018-05-07T16:00:00,2018-05-07T09:30:00,52.664702220681455,53.46301462995831,52.228072058468214,53.02341050511328,48452887.96271091,2018-05-07T16:00:00
2018-05-08T16:00:00,2018-05-08T09:30:00,53.051464751142596,54.39847952694974,52.93137870090895,54.27562250196829,52281720.32249632,2018-05-08T16:00:00
2018-05-09T16:00:00,2018-05-09T09:30:00,54.37558863937986,54.741841520399156,54.29732656359358,54.66316553893074,53191658.15251248,2018-05-09T16:00:00
2018-05-10T16:00:00,2018-05-10T09:30:00,54.753798278370155,55.17155106798246,54.682954978271646,55.10025949841306,53244659.30514264,2018-05-10T16:00:00
2018-05-11T16:00:00,2018-05-11T09:30:00,55.20091968224363,55.57195794292074,54.56930333318576,54.93857824077552,43839705.6222772,2018-05-11T16:00:00
2018-05-14T16:00:00,2018-05-14T09:30:00,54.89901599278394,55.612264602792884,54.684895267811235,55.3962047099382,42190036.66278819,2018-05-14T16:00:00
2018-05-15T16:00:00,2018-05-15T09:30:00,55.24534902536492,55.315681205728815,55.15014743464814,55.220447913710345,44797567.26706479,2018-05-15T16:00:00
2018-05-16T16:00:00,2018-05-16T09:30:00,55.199866346249976,56.03657940933446,55.11050734797634,55.94601252995612,52733364.973037295,2018-05-16T16:00:00
2018-05-17T16:00:00,2018-05-17T09:30:00,56.00942446316931,56.752684965141846,55.86619164610239,56.607921612214476,53953330.48165063,2018-05-17T16:00:00
2018-05-18T16:00:00,2018-05-18T09:30:00,56.56157430740805,57.70141955599517,56.414226106662866,57.55149252553896,60608767.81491119,2018-05-18T16:00:00
2018-05-21T16:00:00,2018-05-21T09:30:00,57.70169907603715,58.07058489659321,57.4565472318512,57.824909579396845,49765438.66044341,2018-05-21T16:00:00
2018-05-22T16:00:00,2018-05-22T09:30:00,57.748098893712935,58.20408198977363,57.04400114202536,57.49800951456126,44961571.632049836,2018-05-22T16:00:00
2018-05-23T16:00:00,2018-05-23T09:30:00,57.47287149551541,57.51391459454235,56.92385916256294,56.96453924630458,52072469.48173141,2018-05-23T16:00:00
2018-05-24T16:00:00,2018-05-24T09:30:00,57.02773711691985,57.38837499159584,55.418138644393764,55.77082794747202,42273738.094825886,2018-05-24T16:00:00
2018-05-25T16:00:00,2018-05-25T09:30:00,55.8208378720487,56.039549222142355,55.356283250900745,55.57402757478359,55123710.24253089,2018-05-25T16:00:00
2018-05-28T16:00:00,2018-05-28T09:30:00,55.4896870580214,56.09104577948992,55.16008890423967,55.75984295124773,44915366.41164113,2018-05-28T16:00:00
2018-05-29T16:00:00,2018-05-29T09:30:00,55.769123546363765,56.21872722329254,55.19226184673931,55.640831247248876,49852066.282057434,2018-05-29T16:00:00
2018-05-30T16:00:00,2018-05-30T09:30:00,55.7199046214838,55.938523274395905,54.4928183068226,54.70746462219568,46236938.34225199,2018-05-30T16:00:00
2018-05-31T16:00:00,2018-05-31T09:30:00,54.70329520899162,54.72212249479644,54.512752789294545,54.53152095538904,35720183.0308194,2018-05-31T16:00:00
2018-06-01T16:00:00,2018-06-01T09:30:00,54.4858678486737,54.93912116112292,54.229010764546985,54.68134257075766,40819640.731606744,2018-06-01T16:00:00
2018-06-04T16:00:00,2018-06-04T09:30:00,54.759123335250834,54.7771657420389,54.44018633105387,54.458129564375966,38757366.912715316,2018-06-04T16:00:00
2018-06-05T16:00:00,2018-06-05T09:30:00,54.475282020891385,54.55036987237342,53.72673420087647,53.80089248468198,43631724.22595161,2018-06-05T16:00:00
2018-06-06T16:00:00,2018-06-06T09:30:00,53.78888079965819,53.96140296722373,53.71428215822153,53.88666870584403,44663149.75920747,2018-06-06T16:00:00
2018-06-07T16:00:00,2018-06-07T09:30:00,53.760391923391104,53.88223211378411,52.53746532689234,52.656804394995035,63589216.56678332,2018-06-07T16:00:00
2018-06-08T16:00:00,2018-06-08T09:30:00,52.67629035359286,53.077696175061035,52.24643000400627,52.64761733023842,43618032.13291707,2018-06-08T16:00:00
2018-06-11T16:00:00,2018-06-11T09:30:00,52.638869235597284,52.94756902646071,51.9039311072887,52.21011648463077,53036666.24228151,2018-06-11T16:00:00
2018-06-12T16:00:00,2018-06-12T09:30:00,52.18809982426696,52.641821031864794,52.00886365964948,52.461645395238286,57498538.51950657,2018-06-12T16:00:00
2018-06-13T16:00:00,2018-06-13T09:30:00,52.42669580175602,52.69267090431818,51.62635921113582,51.889609526737864,41763092.5986955,2018-06-13T16:00:00
2018-06-14T16:00:00,2018-06-14T09:30:00,51.9079108303989,52.290736759884936,51.46975173902721,51.85216654897466,42311314.75324765,2018-06-14T16:00:00
2018-06-15T16:00:00,2018-06-15T09:30:00,51.782664612487466,51.78454729058418,51.41718599626264,51.41905545451054,55283526.51957558,2018-06-15T16:00:00
2018-06-18T16:00:00,2018-06-18T09:30:00,51.386989422096256,51.89723540760067,51.34747411112888,51.857358394645516,39978492.52688846,2018-06-18T16:00:00
2018-06-19T16:00:00,2018-06-19T09:30:00,51.84417111637369,51.98338904265671,51.809102456522005,51.94824998132624,46234747.292429596,2018-06-19T16:00:00
2018-06-20T16:00:00,2018-06-20T09:30:00,52.0394697524922,52.93952348741232,51.96054158292238,52.85935180421883,59344750.106113136,2018-06-20T16:00:00
2018-06-21T16:00:00,2018-06-21T09:30:00,52.6958432413288,52.89369597170352,51.81910488765131,52.014399055824406,58752122.53881205,2018-06-21T16:00:00
2018-06-22T16:00:00,2018-06-22T09:30:00,51.852005229852054,52.02645143922541,51.134907836214154,51.307522236115446,44917598.76839792,2018-06-22T16:00:00
2018-06-25T16:00:00,2018-06-25T09:30:00,51.30695956434272,51.400811310161956,50.94060841214039,51.03396078297316,51868783.66375653,2018-06-25T16:00:00
2018-06-26T16:00:00,2018-06-26T09:30:00,50.95032659958084,51.100733954703045,50.14800806045589,50.296485250364874,60781457.79679422,2018-06-26T16:00:00
2018-06-27T16:00:00,2018-06-27T09:30:00,50.31782148312437,50.37424685029301,50.05068022885765,50.10686903830573,51940511.609539464,2018-06-27T16:00:00
2018-06-28T16:00:00,2018-06-28T09:30:00,50.082329422855416,50.395152218597595,49.960654024665814,50.27301355187407,55991163.32784495,2018-06-28T16:00:00
2018-06-29T16:00:00,2018-06-29T09:30:00,50.33964009977305,50.605873037968,50.218421764354105,50.48430634484558,53096018.86095478,2018-06-29T16:00:00
2018-07-02T16:00:00,2018-07-02T09:30:00,50.47244843365464,51.43340814167822,50.294761553586994,51.25297344456765,56261998.300293036,2018-07-02T16:00:00
2018-07-03T16:00:00,2018-07-03T09:30:00,51.21062967542045,51.77605148870471,50.789544340961044,51.35378901003367,48774861.70782493,2018-07-03T16:00:00
2018-07-04T16:00:00,2018-07-04T09:30:00,51.27230260806068,51.40252093036441,50.90882574811888,51.038450145950065,39233715.84957276,2018-07-04T16:00:00
2018-07-05T16:00:00,2018-07-05T09:30:00,51.03849494542627,51.32357333554423,50.90981611264587,51.19450117807928,41007161.12099023,2018-07-05T16:00:00
2018-07-06T16:00:00,2018-07-06T09:30:00,51.16347468826096,51.71345771163331,50.542917988365694,51.09213413471163,40040603.65280686,2018-07-06T16:00:00
2018-07-09T16:00:00,2018-07-09T09:30:00,51.04839329219122,52.15167774425985,50.522836118546174,51.620233321085855,59442460.2850854,2018-07-09T16:00:00
2018-07-10T16:00:00,2018-07-10T09:30:00,51.600714730219536,51.913023866673804,51.53852796184673,51.85053602535857,39531771.8652339,2018-07-10T16:00:00
2018-07-11T16:00:00,2018-07-11T09:30:00,51.783647712300485,52.39279261876491,51.74081117658866,52.34948800791543,41490639.09445707,2018-07-11T16:00:00
2018-07-12T16:00:00,2018-07-12T09:30:00,52.38044683000335,52.64784249084322,52.23071015972639,52.497770434997406,50659496.42015338,2018-07-12T16:00:00
2018-07-13T16:00:00,2018-07-13T09:30:00,52.60136788932707,52.86924476519961,52.579334081794826,52.847108021356206,49791777.723002054,2018-07-13T16:00:00
2018-07-16T16:00:00,2018-07-16T09:30:00,52.86009180432688,53.50458444984611,52.69972871208597,53.3427570828765,47141449.19802785,2018-07-16T16:00:00
2018-07-17T16:00:00,2018-07-17T09:30:00,53.43027847793955,53.44516194501587,53.078178454590976,53.09296796089976,55098614.79767825,2018-07-17T16:00:00
2018-07-18T16:00:00,2018-07-18T09:30:00,53.07962518601182,53.34171034426262,53.040882130924395,53.302804389679366,37291304.07099568,2018-07-18T16:00:00
2018-07-19T16:00:00,2018-07-19T09:30:00,53.28702124923887,53.32009572032896,52.60170661353019,52.634375997302364,38209698.481400475,2018-07-19T16:00:00
2018-07-20T16:00:00,2018-07-20T09:30:00,52.54755337126268,53.89075574085152,52.260703593781436,53.59817078916693,56463473.0353037,2018-07-20T16:00:00
2018-07-23T16:00:00,2018-07-23T09:30:00,53.6516153831604,54.620925962852354,53.18419740417239,54.14917321270314,41313259.34762011,2018-07-23T16:00:00
2018-07-24T16:00:00,2018-07-24T09:30:00,54.19306415730486,54.53984142360328,53.96386217873047,54.310144271077284,53076079.36061221,2018-07-24T16:00:00
2018-07-25T16:00:00,2018-07-25T09:30:00,54.36611292612918,55.091383420534555,54.293564084840234,55.01796471584191,40890996.94182167,2018-07-25T16:00:00
2018-07-26T16:00:00,2018-07-26T09:30:00,55.10264148294168,56.35433334866955,54.842739293529505,56.08977515374873,50029478.035687946,2018-07-26T16:00:00
2018-07-27T16:00:00,2018-07-27T09:30:00,56.11378200305471,56.75908065228073,55.65519099379218,56.298976140216595,53296488.960196204,2018-07-27T16:00:00
2018-07-30T16:00:00,2018-07-30T09:30:00,56.379975954189334,56.81991398188939,56.14338066230738,56.582468939962986,40952894.177085906,2018-07-30T16:00:00
2018-07-31T16:00:00,2018-07-31T09:30:00,56.67888556930817,57.083270733788424,56.54790441769733,56.95165922033153,47296008.05657735,2018-07-31T16:00:00
2018-08-01T16:00:00,2018-08-01T09:30:00,57.07846548306169,57.34382692767382,56.42006787827383,56.68359353790263,51527018.13153472,2018-08-01T16:00:00
2018-08-02T16:00:00,2018-08-02T09:30:00,56.64687389793471,57.15870454128172,56.41139646406856,56.92208308043557,41352796.004068464,2018-08-02T16:00:00
2018-08-03T16:00:00,2018-08-03T09:30:00,56.872550633775774,56.93618780012081,56.14093316214805,56.20382205905424,52581289.12919484,2018-08-03T16:00:00
2018-08-06T16:00:00,2018-08-06T09:30:00,56.14251798427598,56.26627491705738,55.97243367176994,56.096088257867635,39675478.11421391,2018-08-06T16:00:00
2018-08-07T16:00:00,2018-08-07T09:30:00,55.982601945121374,56.868847457893125,55.5587509755133,56.44152195008358,52086841.89990394,2018-08-07T16:00:00
2018-08-08T16:00:00,2018-08-08T09:30:00,56.34451138328076,57.15028233080629,56.092122070594996,56.89542525736415,58824809.32517854,2018-08-08T16:00:00
2018-08-09T16:00:00,2018-08-09T09:30:00,56.93055102503155,57.12149130142127,56.664743375295345,56.8554317078178,34851729.62690092,2018-08-09T16:00:00
2018-08-10T16:00:00,2018-08-10T09:30:00,56.93451684306146,57.964202125311914,56.90414705350294,57.933299568938445,61155135.75004147,2018-08-10T16:00:00
2018-08-13T16:00:00,2018-08-13T09:30:00,57.834185186633164,57.9873389980739,57.42751987001714,57.58000056150257,46339318.54479467,2018-08-13T16:00:00
2018-08-14T16:00:00,2018-08-14T09:30:00,57.60357225794801,57.73622878115205,57.309814008505484,57.44209867066273,55904152.62596876,2018-08-14T16:00:00
2018-08-15T16:00:00,2018-08-15T09:30:00,57.51130214187721,58.050899104645026,57.408812980932666,57.94763237272593,46454450.19820806,2018-08-15T16:00:00
2018-08-16T16:00:00,2018-08-16T09:30:00,57.8995532063928,58.16254581417202,57.10354249715852,57.36410297125316,40529602.83774162,2018-08-16T16:00:00
2018-08-17T16:00:00,2018-08-17T09:30:00,57.27891049179061,57.33134223719231,56.68632749603715,56.73826434688204,49861095.02421503,2018-08-17T16:00:00
2018-08-20T16:00:00,2018-08-20T09:30:00,56.65981443036836,57.612792861058395,56.364716710468336,57.314286495786256,53140973.3674154,2018-08-20T16:00:00
2018-08-21T16:00:00,2018-08-21T09:30:00,57.3853392167919,58.12056195210686,57.36463879476917,58.099603875775934,58823960.51727401,2018-08-21T16:00:00
2018-08-22T16:00:00,2018-08-22T09:30:00,58.20556063679457,58.43615523904405,57.712594065517074,57.94214508699405,46784034.626670994,2018-08-22T16:00:00
2018-08-23T16:00:00,2018-08-23T09:30:00,57.94711881972734,58.00193345789033,57.77789969088504,57.83260600651968,37882277.52893751,2018-08-23T16:00:00
2018-08-24T16:00:00,2018-08-24T09:30:00,57.933844688793386,57.97273218235563,57.44261797488681,57.4812016364856,51024881.46092363,2018-08-24T16:00:00
2018-08-27T16:00:00,2018-08-27T09:30:00,57.49257384515521,58.264570339049925,57.04574030013816,57.815229110235265,51187792.834698796,2018-08-27T16:00:00
2018-08-28T16:00:00,2018-08-28T09:30:00,57.79822224854719,59.06971831617185,57.743232433509064,59.01357220485498,42869214.068193845,2018-08-28T16:00:00
2018-08-29T16:00:00,2018-08-29T09:30:00,59.04994129715549,60.44366950721948,59.028563701741966,60.42179526543415,64369045.18387058,2018-08-29T16:00:00
2018-08-30T16:00:00,2018-08-30T09:30:00,60.388648833649285,61.168566392268275,59.694424812467446,60.4733684399439,46462630.60859495,2018-08-30T16:00:00
2018-08-31T16:00:00,2018-08-31T09:30:00,60.457266977451866,61.154686921292026,60.18533999822786,60.8808547131491,58388171.9667343,2018-08-31T16:00:00
2018-09-03T16:00:00,2018-09-03T09:30:00,60.80883969232626,62.29208494107297,60.570793366424915,62.049183084481484,61257628.097571425,2018-09-03T16:00:00
2018-09-04T16:00:00,2018-09-04T09:30:00,62.07394144344849,62.188248276073864,62.022837363141306,62.13709220516446,49263363.765016176,2018-09-04T16:00:00
2018-09-05T16:00:00,2018-09-05T09:30:00,62.139579681264124,62.29740089198244,61.22772485728335,61.38362610798917,54232677.51893662,2018-09-05T16:00:00
2018-09-06T16:00:00,2018-09-06T09:30:00,61.27188286189799,61.556053365623576,61.08297005376069,61.36684776272867,44150543.636870384,2018-09-06T16:00:00
2018-09-07T16:00:00,2018-09-07T09:30:00,61.33286755075062,61.867761915376825,61.2289948292691,61.763160454204815,51625994.79568335,2018-09-07T16:00:00
2018-09-10T16:00:00,2018-09-10T09:30:00,61.72299127620054,61.76337016493726,61.34638420142034,61.38654298727897,46710990.784061976,2018-09-10T16:00:00
2018-09-11T16:00:00,2018-09-11T09:30:00,61.34148561881949,61.46903044542525,60.18678108536218,60.31218573107105,56090228.38601525,2018-09-11T16:00:00
2018-09-12T16:00:00,2018-09-12T09:30:00,60.33615071292957,60.46239080841386,59.071116524705666,59.194968948899124,47338916.619996905,2018-09-12T16:00:00
2018-09-13T16:00:00,2018-09-13T09:30:00,59.22599356923669,59.28554766470848,58.28527227020644,58.34393942510459,54227420.95948323,2018-09-13T16:00:00
2018-09-14T16:00:00,2018-09-14T09:30:00,58.273801181921854,58.374824132435684,57.99035904617896,58.091065207210114,41481725.9710421,2018-09-14T16:00:00
2018-09-17T16:00:00,2018-09-17T09:30:00,58.130823632501055,58.29898188599505,57.6121049443194,57.77924617021371,36521352.4831597,2018-09-17T16:00:00
2018-09-18T16:00:00,2018-09-18T09:30:00,57.816858150056966,58.838156642049924,57.48414857017953,58.50150721985547,40643456.78779851,2018-09-18T16:00:00
2018-09-19T16:00:00,2018-09-19T09:30:00,58.486161034798535,58.50574114364647,57.87774957517158,57.897132487916046,53234175.48733302,2018-09-19T16:00:00
2018-09-20T16:00:00,2018-09-20T09:30:00,57.865429517497944,58.431113826824486,57.71207586584335,58.27667031411819,43432818.426716454,2018-09-20T16:00:00
2018-09-21T16:00:00,2018-09-21T09:30:00,58.18057154265216,59.563253756037476,57.74029624704847,59.115900458209595,61575142.881379224,2018-09-21T16:00:00
2018-09-24T16:00:00,2018-09-24T09:30:00,59.17256777876054,59.40704001771418,59.12015062583466,59.354461736688464,50448788.85315404,2018-09-24T16:00:00
2018-09-25T16:00:00,2018-09-25T09:30:00,59.40171037847191,59.489951112115286,59.387230194196285,59.47545295182442,48575264.38133076,2018-09-25T16:00:00
2018-09-26T16:00:00,2018-09-26T09:30:00,59.453972393067595,59.605519503599304,59.34847036028086,59.499935907814425,35760921.398502804,2018-09-26T16:00:00
2018-09-27T16:00:00,2018-09-27T09:30:00,59.54960113899254,60.29587400429256,59.52959373581746,60.27562267327796,42799905.99768848,2018-09-27T16:00:00
2018-09-28T16:00:00,2018-09-28T09:30:00,60.205756816721234,60.22694176979054,60.08289551333492,60.104044676356324,42946278.43070527,2018-09-28T16:00:00
2018-10-01T16:00:00,2018-10-01T09:30:00,60.011056636650174,60.996403796176025,59.3389166550431,60.32079466530627,45119903.09974242,2018-10-01T16:00:00
2018-10-02T16:00:00,2018-10-02T09:30:00,60.32893838649189,61.255258230410774,60.17478673166679,61.0991385709075,50546612.60651465,2018-10-02T16:00:00
2018-10-03T16:00:00,2018-10-03T09:30:00,61.16031656450217,61.33794031287291,60.96899036788228,61.14657420525355,44951322.92451033,2018-10-03T16:00:00
2018-10-04T16:00:00,2018-10-04T09:30:00,61.17507618606975,61.74690755197403,60.80141290391243,61.37204118853135,44150357.33463395,2018-10-04T16:00:00
2018-10-05T16:00:00,2018-10-05T09:30:00,61.341927899632516,61.39113669350103,61.30325498760426,61.352457143329346,37717313.25312377,2018-10-05T16:00:00
2018-10-08T16:00:00,2018-10-08T09:30:00,61.61735617238146,61.70138718133871,60.943529014535805,61.02675458732756,49832907.592296965,2018-10-08T16:00:00
2018-10-09T16:00:00,2018-10-09T09:30:00,61.034778333227614,61.56658473624582,60.9178759775623,61.448889217416976,47685119.74692209,2018-10-09T16:00:00
2018-10-10T16:00:00,2018-10-10T09:30:00,61.33631478325267,61.53604581500973,60.94540627708574,61.14451273887389,36071147.15697824,2018-10-10T16:00:00
2018-10-11T16:00:00,2018-10-11T09:30:00,61.12572364381705,62.060205445159994,60.65987676480456,61.59081405325213,42925677.63187916,2018-10-11T16:00:00
2018-10-12T16:00:00,2018-10-12T09:30:00,61.56569576308603,61.675782182108456,61.410814930113396,61.52082110818342,50402047.652494155,2018-10-12T16:00:00
2018-10-15T16:00:00,2018-10-15T09:30:00,61.48492884281256,61.9068381118722,60.97176542146919,61.39304417842907,41721166.1757141,2018-10-15T16:00:00
2018-10-16T16:00:00,2018-10-16T09:30:00,61.364975186731925,62.25323127853028,61.218688842388936,62.10518037857151,47855873.60065407,2018-10-16T16:00:00
2018-10-17T16:00:00,2018-10-17T09:30:00,62.253475857025535,62.34028638429025,61.3597651413553,61.445448900271835,55064898.73043313,2018-10-17T16:00:00
2018-10-18T16:00:00,2018-10-18T09:30:00,61.39380943793559,61.58078990555705,61.076433821329324,61.26301594539431,39140998.01057073,2018-10-18T16:00:00
2018-10-19T16:00:00,2018-10-19T09:30:00,61.32370103914264,61.56395864633399,61.13211873289402,61.37222474643408,50247020.27071487,2018-10-19T16:00:00
2018-10-22T16:00:00,2018-10-22T09:30:00,61.333752276910346,61.676120375940606,61.145960941729086,61.48785720316934,53858810.85234861,2018-10-22T16:00:00
2018-10-23T16:00:00,2018-10-23T09:30:00,61.51508478811476,62.11549156276203,61.34166150542603,61.94086791259571,56280282.21735417,2018-10-23T16:00:00
2018-10-24T16:00:00,2018-10-24T09:30:00,61.98709022815445,62.2534031174714,61.26619549716468,61.530546956167456,36613954.14475471,2018-10-24T16:00:00
2018-10-25T16:00:00,2018-10-25T09:30:00,61.5377423520789,61.60809656840926,61.02455606770044,61.09440342821574,56222213.732171275,2018-10-25T16:00:00
2018-10-26T16:00:00,2018-10-26T09:30:00,61.223262069692986,62.28819997385013,61.195430345773495,62.259897001972504,55504275.54111683,2018-10-26T16:00:00
2018-10-29T16:00:00,2018-10-29T09:30:00,62.28066341885037,62.31063366161918,61.3458277669814,61.37536236743685,42165998.49414722,2018-10-29T16:00:00
2018-10-30T16:00:00,2018-10-30T09:30:00,61.39375893034732,61.67506953426247,60.946219122952286,61.22676454663167,37604030.380528,2018-10-30T16:00:00
2018-10-31T16:00:00,2018-10-31T09:30:00,61.11128843294494,61.7999014889701,60.745177269974135,61.43186975772701,42730426.87245682,2018-10-31T16:00:00
2018-11-01T16:00:00,2018-11-01T09:30:00,61.3885378911913,62.189077116685716,61.06462281975073,61.86266035005239,42940343.29079452,2018-11-01T16:00:00
2018-11-02T16:00:00,2018-11-02T09:30:00,61.7852708774998,62.36464832773754,61.524957210229005,62.102996021076905,54269486.71620366,2018-11-02T16:00:00
2018-11-05T16:00:00,2018-11-05T09:30:00,62.07865754172592,62.31203895888749,62.064577727502346,62.297909417015255,56343547.88474476,2018-11-05T16:00:00
2018-11-06T16:00:00,2018-11-06T09:30:00,62.22600115732795,62.228794349994125,62.06400148136039,62.06678752726581,51165482.706846826,2018-11-06T16:00:00
2018-11-07T16:00:00,2018-11-07T09:30:00,62.05521759007209,62.54668120835445,61.80592565349377,62.29642029781301,42285394.14559015,2018-11-07T16:00:00
2018-11-08T16:00:00,2018-11-08T09:30:00,62.295928020039284,62.82756553431363,62.15005059006777,62.680786886171404,50670261.04347056,2018-11-08T16:00:00
2018-11-09T16:00:00,2018-11-09T09:30:00,62.711821620373584,62.751970913454414,62.56112706205294,62.60120553662698,42322381.6427916,2018-11-09T16:00:00
2018-11-12T16:00:00,2018-11-12T09:30:00,62.66888289983278,63.20849336394873,62.617503965545055,63.156714482100924,57264536.15577344,2018-11-12T16:00:00
2018-11-13T16:00:00,2018-11-13T09:30:00,63.06966829222016,63.098250162363655,62.76179714082353,62.79025238545306,53840532.902574204,2018-11-13T16:00:00
2018-11-14T16:00:00,2018-11-14T09:30:00,62.76530304758645,63.354094870715755,62.598228555930824,63.1859007930611,40394248.456640646,2018-11-14T16:00:00
2018-11-15T16:00:00,2018-11-15T09:30:00,63.28259278549206,63.303988165664975,63.1429763386417,63.16433173562161,34455123.62312543,2018-11-15T16:00:00
2018-11-16T16:00:00,2018-11-16T09:30:00,63.31822896297313,65.21222574463155,63.29026610401064,65.18343916380199,57189858.21591919,2018-11-16T16:00:00
2018-11-19T16:00:00,2018-11-19T09:30:00,65.34837914050189,66.26838112806035,64.9224399903055,65.83924254211824,54678575.14388791,2018-11-19T16:00:00
2018-11-20T16:00:00,2018-11-20T09:30:00,65.9367114616646,66.35875155460991,65.62061028460371,66.04214492857751,42017324.97800523,2018-11-20T16:00:00
2018-11-21T16:00:00,2018-11-21T09:30:00,66.23997154635678,66.78660037256427,66.10299282787177,66.64877628009688,47433645.38362519,2018-11-21T16:00:00
2018-11-22T16:00:00,2018-11-22T09:30:00,66.71283230973881,66.85146270060073,66.03417125615492,66.17167711739887,38319436.9578216,2018-11-22T16:00:00
2018-11-23T16:00:00,2018-11-23T09:30:00,66.13948983799528,66.19899669965625,65.59571250684559,65.6547832694863,48168487.88073836,2018-11-23T16:00:00
2018-11-26T16:00:00,2018-11-26T09:30:00,65.65789200176474,65.84434531189586,65.16203099420251,65.34760315538503,39376416.69730071,2018-11-26T16:00:00
2018-11-27T16:00:00,2018-11-27T09:30:00,65.23858703725693,65.2858253559262,64.85969816283945,64.9066961641208,39199593.39059474,2018-11-27T16:00:00
2018-11-28T16:00:00,2018-11-28T09:30:00,64.9159774724099,65.09993167902846,64.74167492363821,64.92560328448437,52598883.7012485,2018-11-28T16:00:00
2018-11-29T16:00:00,2018-11-29T09:30:00,64.9210066011602,65.45145368372813,64.6457076637872,65.1750773538148,42781460.06596492,2018-11-29T16:00:00
2018-11-30T16:00:00,2018-11-30T09:30:00,65.17897837624257,65.56182383977459,63.439479380292404,63.81430910851548,49051516.141153045,2018-11-30T16:00:00
2018-12-03T16:00:00,2018-12-03T09:30:00,63.8210970967105,63.86558021780283,63.542700282068886,63.58702025227397,55901379.33297737,2018-12-03T16:00:00
2018-12-04T16:00:00,2018-12-04T09:30:00,63.62061176293151,63.9373004686679,63.02582542924358,63.34112290401653,38016426.04154421,2018-12-04T16:00:00
2018-12-05T16:00:00,2018-12-05T09:30:00,63.39948063017637,63.96819409171893,63.322687019376424,63.890805356173324,51598938.087472744,2018-12-05T16:00:00
2018-12-06T16:00:00,2018-12-06T09:30:00,63.921322734139046,64.1077544409778,63.65425253539601,63.84044836559891,48356237.61373827,2018-12-06T16:00:00
2018-12-07T16:00:00,2018-12-07T09:30:00,63.82642309218762,64.06676644239619,63.631234018200516,63.87143970206386,48893452.69829973,2018-12-07T16:00:00
2018-12-10T16:00:00,2018-12-10T09:30:00,63.87350366700431,65.22386442043545,63.42044003162939,64.76448095934363,49435420.15721808,2018-12-10T16:00:00
2018-12-11T16:00:00,2018-12-11T09:30:00,64.82309743953991,64.95769027736267,64.49601842383433,64.6302107691572,53051541.66038545,2018-12-11T16:00:00
2018-12-12T16:00:00,2018-12-12T09:30:00,64.62907454725287,65.26183179596731,64.5015731690553,65.13333560266545,49329136.64316534,2018-12-12T16:00:00
2018-12-13T16:00:00,2018-12-13T09:30:00,65.12113951192077,65.35762336516301,64.3291961314136,64.5636555120283,44628269.940225415,2018-12-13T16:00:00
2018-12-14T16:00:00,2018-12-14T09:30:00,64.49114468837956,64.67625161760863,63.57862804364403,63.76164110138883,42102837.7422568,2018-12-14T16:00:00
2018-12-17T16:00:00,2018-12-17T09:30:00,63.73207712576153,63.95624281560862,62.4771230558148,62.69765034246004,42479499.7252976,2018-12-17T16:00:00
2018-12-18T16:00:00,2018-12-18T09:30:00,62.76375684518448,62.79190070003147,61.282265941675945,61.30975780977362,53077371.1901175,2018-12-18T16:00:00
2018-12-19T16:00:00,2018-12-19T09:30:00,61.19713297433977,61.71197066730114,61.07211123463196,61.58615418271084,40310437.01516264,2018-12-19T16:00:00
2018-12-20T16:00:00,2018-12-20T09:30:00,61.60034505571288,62.88644499163135,61.51078534822073,62.79514817993598,58982515.88172425,2018-12-20T16:00:00
2018-12-21T16:00:00,2018-12-21T09:30:00,62.75082264753059,62.76927882694151,61.418410738697396,61.436480345688906,59801843.21041091,2018-12-21T16:00:00
2018-12-24T16:00:00,2018-12-24T09:30:00,61.46041900888172,62.48054039188587,61.042776846770664,62.05883183338683,52571635.70328872,2018-12-24T16:00:00
2018-12-25T16:00:00,2018-12-25T09:30:00,62.08074766072959,62.57735432026515,61.91272891797638,62.40844866951599,57895287.202780716,2018-12-25T16:00:00
2018-12-26T16:00:00,2018-12-26T09:30:00,62.403311998768224,62.51485334568615,61.89602052686865,62.00685323279722,46765135.174264535,2018-12-26T16:00:00
2018-12-27T16:00:00,2018-12-27T09:30:00,62.20522842388625,62.249110402789135,61.327688077447156,61.370981546271224,43092487.28784904,2018-12-27T16:00:00
2018-12-28T16:00:00,2018-12-28T09:30:00,61.41964472551223,62.03238759786567,61.13826711273328,61.74949884698621,53376646.39856403,2018-12-28T16:00:00
2018-12-31T16:00:00,2018-12-31T09:30:00,61.82696411787778,62.022387273054484,61.52645722875914,61.72154718125222,55694688.8082877,2018-12-31T16:00:00
2019-01-01T16:00:00,2019-01-01T09:30:00,61.76570268646275,62.34277822941071,61.65443584612872,62.23067377432378,51606867.343560204,2019-01-01T16:00:00
2019-01-02T16:00:00,2019-01-02T09:30:00,62.17172333323969,62.41734093175401,60.634810482757004,60.87530641513395,59240520.541463435,2019-01-02T16:00:00
2019-01-03T16:00:00,2019-01-03T09:30:00,60.76665372128839,61.000351556743034,59.469401788752535,59.698993591604946,56888731.78224986,2019-01-03T16:00:00
2019-01-04T16:00:00,2019-01-04T09:30:00,59.61194466959297,60.01052675422269,59.51241767799862,59.91050129804686,54178842.5510881,2019-01-04T16:00:00
2019-01-07T16:00:00,2019-01-07T09:30:00,59.846386988357665,60.83138302103359,59.75061426452211,60.73418953860684,46705033.56779318,2019-01-07T16:00:00
2019-01-08T16:00:00,2019-01-08T09:30:00,60.85290279685455,61.805601212500825,60.28995625730571,61.23908215100036,39959042.534546785,2019-01-08T16:00:00
2019-01-09T16:00:00,2019-01-09T09:30:00,61.39011181810395,62.11164751916354,60.960951584130626,61.68045756339477,49971791.42038964,2019-01-09T16:00:00
2019-01-10T16:00:00,2019-01-10T09:30:00,61.72521785983664,62.741498164015,61.55809310002841,62.57208047247425,50940916.14399697,2019-01-10T16:00:00
2019-01-11T16:00:00,2019-01-11T09:30:00,62.54619675576476,62.841796893017126,61.53668031008885,61.82889037929014,38901302.885269366,2019-01-11T16:00:00
2019-01-14T16:00:00,2019-01-14T09:30:00,61.5368704625517,61.89979226283203,61.13889114633355,61.50160496368854,45652208.43312456,2019-01-14T16:00:00
2019-01-15T16:00:00,2019-01-15T09:30:00,61.639891229556724,62.117382103320516,61.56520782765675,62.04221124716051,48540501.62469131,2019-01-15T16:00:00
2019-01-16T16:00:00,2019-01-16T09:30:00,62.21219324396805,63.76989237373466,61.519128593896944,63.06730153120888,39473989.45601272,2019-01-16T16:00:00
2019-01-17T16:00:00,2019-01-17T09:30:00,63.002733228837826,65.18028700492678,62.69578911712301,64.86427362219503,63763705.197936565,2019-01-17T16:00:00
2019-01-18T16:00:00,2019-01-18T09:30:00,64.72120214778957,66.22190532271023,64.02786168641896,65.52000747923498,53491589.04092983,2019-01-18T16:00:00
2019-01-21T16:00:00,2019-01-21T09:30:00,65.57420983675549,65.66614516549669,64.70312100243595,64.79396242089054,57570320.57351517,2019-01-21T16:00:00
2019-01-22T16:00:00,2019-01-22T09:30:00,64.75627354922531,65.21475153638805,64.2943176150777,64.7527708026012,46768458.00790308,2019-01-22T16:00:00
2019-01-23T16:00:00,2019-01-23T09:30:00,64.86306018562324,65.64747655656565,64.21003347539883,64.99314022969651,48670748.54002511,2019-01-23T16:00:00
2019-01-24T16:00:00,2019-01-24T09:30:00,64.84725055153693,65.02907622716386,63.60738070550186,63.786231381791865,58430420.11345781,2019-01-24T16:00:00
2019-01-25T16:00:00,2019-01-25T09:30:00,63.399582563283644,64.00320031697628,61.07389930747138,61.66096393847129,48306134.92696083,2019-01-25T16:00:00
2019-01-28T16:00:00,2019-01-28T09:30:00,61.63679430755088,62.55562703874125,61.37197506755541,62.288009885318985,55324686.62896968,2019-01-28T16:00:00
2019-01-29T16:00:00,2019-01-29T09:30:00,62.408260892117234,63.56347300433844,62.27740062452969,63.43046932708975,51851414.33691236,2019-01-29T16:00:00
2019-01-30T16:00:00,2019-01-30T09:30:00,63.46632066971487,63.71686472647344,61.84769278222459,62.092814691359536,43451342.21595349,2019-01-30T16:00:00
2019-01-31T16:00:00,2019-01-31T09:30:00,62.080240569861914,62.40054424631654,60.17357355678149,60.48564992546229,43176802.7140349,2019-01-31T16:00:00
2019-02-01T16:00:00,2019-02-01T09:30:00,60.57342958880831,60.93173773695455,60.01734402700506,60.37447530699698,52070643.2878643,2019-02-01T16:00:00
2019-02-04T16:00:00,2019-02-04T09:30:00,60.449535625637466,60.46026415150689,60.20028577554256,60.21097196136061,45280926.31922921,2019-02-04T16:00:00
2019-02-05T16:00:00,2019-02-05T09:30:00,60.24278319648094,60.86589218305175,58.716899408589306,59.330573135759465,53693545.94789172,2019-02-05T16:00:00
2019-02-06T16:00:00,2019-02-06T09:30:00,59.26562385141915,60.97362735821576,58.15612192073681,59.85312688060514,54878785.27220959,2019-02-06T16:00:00
2019-02-07T16:00:00,2019-02-07T09:30:00,59.769775854790375,60.06477680752872,59.44317689768679,59.738021121099,38452388.5182502,2019-02-07T16:00:00
2019-02-08T16:00:00,2019-02-08T09:30:00,59.78118956723323,60.22195323646459,57.96336202181244,58.39389725540908,61090114.234599486,2019-02-08T16:00:00
2019-02-11T16:00:00,2019-02-11T09:30:00,58.21388358523774,59.29199957931878,58.09631639816243,59.17249640368511,53117437.96670902,2019-02-11T16:00:00
2019-02-12T16:00:00,2019-02-12T09:30:00,59.257234215536776,60.62466160105749,59.191905797892446,60.55789925909479,44035199.913947,2019-02-12T16:00:00
2019-02-13T16:00:00,2019-02-13T09:30:00,60.395193319674256,60.754887815601684,59.5979866004961,59.95505980166147,38735372.05290752,2019-02-13T16:00:00
2019-02-14T16:00:00,2019-02-14T09:30:00,60.03725243534384,60.66694407951143,58.97419595135553,59.59929413612374,46902564.00927138,2019-02-14T16:00:00
2019-02-15T16:00:00,2019-02-15T09:30:00,59.72574467324027,61.30487526396132,58.75010638682086,60.31953719528114,55124553.278075375,2019-02-15T16:00:00
2019-02-18T16:00:00,2019-02-18T09:30:00,60.295886662667655,61.28145537817571,60.25565464758887,61.24059301429061,56801583.38218508,2019-02-18T16:00:00
2019-02-19T16:00:00,2019-02-19T09:30:00,61.26941603110624,61.63960330078545,60.74508558177775,61.114335863518455,34665669.60316038,2019-02-19T16:00:00
2019-02-20T16:00:00,2019-02-20T09:30:00,61.15608879006718,61.64958529325237,61.01907003724423,61.51176964598694,42394245.07807142,2019-02-20T16:00:00
2019-02-21T16:00:00,2019-02-21T09:30:00,61.4035304891424,61.74954315860745,61.18976003148796,61.535313909709224,48045033.990043044,2019-02-21T16:00:00
2019-02-22T16:00:00,2019-02-22T09:30:00,61.585028397178114,62.162522228424066,60.38058906553904,60.952148266553166,50387030.24448002,2019-02-22T16:00:00
2019-02-25T16:00:00,2019-02-25T09:30:00,61.152197023722145,63.26367030803393,60.787952750980004,62.88908053826334,48531945.956836656,2019-02-25T16:00:00
2019-02-26T16:00:00,2019-02-26T09:30:00,63.06998703682385,63.16920924818699,62.113358214854536,62.21122942182416,56319020.28956461,2019-02-26T16:00:00
2019-02-27T16:00:00,2019-02-27T09:30:00,61.91411542212169,63.24306928629225,61.51827543069299,62.84130144938626,48245351.53353707,2019-02-27T16:00:00
2019-02-28T16:00:00,2019-02-28T09:30:00,62.82228880520333,63.71127198124828,62.23177203018123,63.11797580835895,44234627.8643526,2019-02-28T16:00:00
2019-03-01T16:00:00,2019-03-01T09:30:00,63.319486259079326,63.63655712870913,62.49494601309177,62.80946295275749,40072798.661260806,2019-03-01T16:00:00
2019-03-04T16:00:00,2019-03-04T09:30:00,62.74098395711328,63.700077958877486,62.26485698598475,63.22031346578576,36569155.23367088,2019-03-04T16:00:00
2019-03-05T16:00:00,2019-03-05T09:30:00,63.30160594034049,63.68761108908243,62.036802774056966,62.41741624640693,54919380.60002658,2019-03-05T16:00:00
2019-03-06T16:00:00,2019-03-06T09:30:00,62.49513054256293,63.63397023165411,61.85977627236835,62.99354881185937,51919073.28403513,2019-03-06T16:00:00
2019-03-07T16:00:00,2019-03-07T09:30:00,62.94749419781415,63.038422099742384,62.24265361714347,62.33269343696454,53827513.49705848,2019-03-07T16:00:00
2019-03-08T16:00:00,2019-03-08T09:30:00,62.51106588218863,63.11200219995415,61.67385044344847,62.27249329638162,44892353.08316249,2019-03-08T16:00:00
2019-03-11T16:00:00,2019-03-11T09:30:00,62.16303615673755,62.739393076797924,60.095026090067286,60.657423423021584,59054332.49811354,2019-03-11T16:00:00
2019-03-12T16:00:00,2019-03-12T09:30:00,60.990073667050126,62.90485439272878,60.76834885723058,62.676996900807104,47962724.89378548,2019-03-12T16:00:00
2019-03-13T16:00:00,2019-03-13T09:30:00,62.63594894163399,63.6948241915723,62.317672985754534,63.37280400806358,58199018.542511016,2019-03-13T16:00:00
2019-03-14T16:00:00,2019-03-14T09:30:00,63.33813900491842,64.00727188624943,61.60382662890027,62.2615863184655,60675501.6152732,2019-03-14T16:00:00
2019-03-15T16:00:00,2019-03-15T09:30:00,62.38719005789149,63.79805144614704,62.226536630099154,63.63418687336379,41246900.51287721,2019-03-15T16:00:00
2019-03-18T16:00:00,2019-03-18T09:30:00,63.45816949970939,63.89853319966473,60.795005103511,61.21983603893356,65056386.70977135,2019-03-18T16:00:00
2019-03-19T16:00:00,2019-03-19T09:30:00,61.37937887762262,62.16802302343229,59.47650342028993,60.250644820674914,41560806.47517225,2019-03-19T16:00:00
2019-03-20T16:00:00,2019-03-20T09:30:00,60.20736804206406,60.95111822121405,60.183372198981104,60.9268356319744,50051609.213933006,2019-03-20T16:00:00
2019-03-21T16:00:00,2019-03-21T09:30:00,60.71701471145254,61.07740777757123,59.12013489581559,59.4731448241985,55919617.004104756,2019-03-21T16:00:00
2019-03-22T16:00:00,2019-03-22T09:30:00,59.420278716105095,60.25608860109074,59.1998999376389,60.033435737106664,44681273.15965058,2019-03-22T16:00:00
2019-03-25T16:00:00,2019-03-25T09:30:00,60.26505832026176,60.647450636073074,59.741402125909765,60.12289237397326,52346709.62396351,2019-03-25T16:00:00
2019-03-26T16:00:00,2019-03-26T09:30:00,60.04219100215288,60.21428031459836,59.905294774798485,60.077304029522914,50239643.22575263,2019-03-26T16:00:00
2019-03-27T16:00:00,2019-03-27T09:30:00,60.15331165111912,61.39829415567184,59.715515907329525,60.954666154584125,55311695.34444049,2019-03-27T16:00:00
2019-03-28T16:00:00,2019-03-28T09:30:00,60.77477104424196,61.352385566886525,60.76533561224374,61.3428619373863,39731685.792854525,2019-03-28T16:00:00
2019-03-29T16:00:00,2019-03-29T09:30:00,61.29306660349449,62.891506549233206,60.726570051750365,62.3155596822189,61338638.91022201,2019-03-29T16:00:00
2019-04-01T16:00:00,2019-04-01T09:30:00,62.31106631349443,62.959146944294886,61.91631888963778,62.562804730021554,39141053.54826163,2019-04-01T16:00:00
2019-04-02T16:00:00,2019-04-02T09:30:00,62.20430027233091,62.651417642383855,61.185227760377614,61.628204218121795,56689350.107655995,2019-04-02T16:00:00
2019-04-03T16:00:00,2019-04-03T09:30:00,61.53296508151436,61.88385345072951,60.96865674094504,61.31832111467441,39205170.063968696,2019-04-03T16:00:00
2019-04-04T16:00:00,2019-04-04T09:30:00,61.14182423890853,61.4420375178053,60.74034665425666,61.04006026049871,48056069.05329376,2019-04-04T16:00:00
2019-04-05T16:00:00,2019-04-05T09:30:00,61.05231148383923,61.27491492334541,59.93201340615016,60.15133177458646,53769298.433785304,2019-04-05T16:00:00
2019-04-08T16:00:00,2019-04-08T09:30:00,60.20812174589255,61.87493168201307,58.930419843326405,60.589143946887894,56119955.54493271,2019-04-08T16:00:00
2019-04-09T16:00:00,2019-04-09T09:30:00,60.42924894113082,60.9733092466661,60.35292568961037,60.89639597985407,39253055.99540436,2019-04-09T16:00:00
2019-04-10T16:00:00,2019-04-10T09:30:00,60.542072032740364,61.276418259233125,60.31946959292107,61.05194112138467,36905141.06623911,2019-04-10T16:00:00
2019-04-11T16:00:00,2019-04-11T09:30:00,60.66058556569584,61.452899299047466,59.54540167724238,60.33344245515122,36451742.99092935,2019-04-11T16:00:00
2019-04-12T16:00:00,2019-04-12T09:30:00,60.26314007055616,60.59762094276268,58.95195465562413,59.2809842297087,52498073.448924094,2019-04-12T16:00:00
2019-04-15T16:00:00,2019-04-15T09:30:00,59.46574166549478,59.95953646477679,57.86412288790121,58.34864145080168,54040634.64204902,2019-04-15T16:00:00
2019-04-16T16:00:00,2019-04-16T09:30:00,58.267856138984676,58.91557692553298,57.40590855142907,58.05122116675044,45952643.6570997,2019-04-16T16:00:00
2019-04-17T16:00:00,2019-04-17T09:30:00,58.11611848374675,58.91259866016468,57.879601579978356,58.67381209404786,44966865.73074387,2019-04-17T16:00:00
2019-04-18T16:00:00,2019-04-18T09:30:00,58.77117715799338,58.983956833487426,58.11222609928347,58.323384552096975,41102429.72619688,2019-04-18T16:00:00
2019-04-19T16:00:00,2019-04-19T09:30:00,58.16961075123745,58.387525040629804,56.680322372398955,56.89345594615797,46831617.810609914,2019-04-19T16:00:00
2019-04-22T16:00:00,2019-04-22T09:30:00,56.469669170266,56.51691931292592,54.56604304497039,54.611738592284674,50874088.12022314,2019-04-22T16:00:00
2019-04-23T16:00:00,2019-04-23T09:30:00,54.58625146248781,54.91437351659167,54.21785537222295,54.545733872049944,34119257.46628765,2019-04-23T16:00:00
2019-04-24T16:00:00,2019-04-24T09:30:00,54.651722554581,55.37645372813647,53.37002246702686,54.08726846990363,39685531.88037551,2019-04-24T16:00:00
2019-04-25T16:00:00,2019-04-25T09:30:00,53.98683771938283,54.18567859488814,52.707915063401735,52.90276314461373,59643981.03995507,2019-04-25T16:00:00
2019-04-26T16:00:00,2019-04-26T09:30:00,52.835445420667554,53.339384099815305,51.73062364933555,52.22877598196564,50610613.18713285,2019-04-26T16:00:00
2019-04-29T16:00:00,2019-04-29T09:30:00,52.19250070312538,52.64016017134031,52.10514423007879,52.552201653824085,37631370.51271275,2019-04-29T16:00:00
2019-04-30T16:00:00,2019-04-30T09:30:00,52.62908115100647,55.409124172543606,52.467695787862276,55.23973332952669,53569796.45467386,2019-04-30T16:00:00
2019-05-01T16:00:00,2019-05-01T09:30:00,55.17795159384607,55.78457929008145,54.41300191565791,55.01786966743317,37876035.975008205,2019-05-01T16:00:00
2019-05-02T16:00:00,2019-05-02T09:30:00,55.0907778022907,55.925117606505985,52.8431745281408,53.65578157564891,61556602.71278725,2019-05-02T16:00:00
2019-05-03T16:00:00,2019-05-03T09:30:00,53.72939992445605,54.85683013000793,53.5045022701442,54.62817045000355,56976206.96894071,2019-05-03T16:00:00
2019-05-06T16:00:00,2019-05-06T09:30:00,54.56848422172093,55.4613616358717,54.40825629598474,55.29898874996353,38853951.28052231,2019-05-06T16:00:00
2019-05-07T16:00:00,2019-05-07T09:30:00,55.41609916910715,55.71442917322835,53.91867097793608,54.21051075263574,46307116.79793233,2019-05-07T16:00:00
2019-05-08T16:00:00,2019-05-08T09:30:00,54.07232749962081,55.053006180687554,53.76934261367154,54.74624511455257,53007649.49697782,2019-05-08T16:00:00
2019-05-09T16:00:00,2019-05-09T09:30:00,54.79643441573338,56.21336230285389,54.77432057140046,56.190685789468354,47371850.13322852,2019-05-09T16:00:00
2019-05-10T16:00:00,2019-05-10T09:30:00,56.22057844206088,57.01432065136463,55.95202263550965,56.743268048573604,43666450.16678868,2019-05-10T16:00:00
2019-05-13T16:00:00,2019-05-13T09:30:00,56.935142407950764,57.15869386022457,55.717350994045496,55.93698325125554,48735488.180538885,2019-05-13T16:00:00
2019-05-14T16:00:00,2019-05-14T09:30:00,56.00808656102262,56.129571066159855,54.80043720232904,54.919560637104546,45265890.0476958,2019-05-14T16:00:00
2019-05-15T16:00:00,2019-05-15T09:30:00,55.02019858217732,55.262318668214185,54.39382940928885,54.634251107493895,48922463.35219093,2019-05-15T16:00:00
2019-05-16T16:00:00,2019-05-16T09:30:00,54.52875368395354,54.8191384250356,53.29314993463101,53.578474103606574,51133495.013072826,2019-05-16T16:00:00
2019-05-17T16:00:00,2019-05-17T09:30:00,53.60692689787553,54.71035227944154,53.359630089565705,54.45912415713072,59902293.6339074,2019-05-17T16:00:00
2019-05-20T16:00:00,2019-05-20T09:30:00,54.4277547445169,54.951955757608104,54.122686366410385,54.645665983751634,45123153.681213215,2019-05-20T16:00:00
2019-05-21T16:00:00,2019-05-21T09:30:00,54.85165135584332,55.292812091331385,53.6406555570118,54.075574463049755,52891111.0999932,2019-05-21T16:00:00
2019-05-22T16:00:00,2019-05-22T09:30:00,54.27998769726854,55.76639187669873,53.95672073145335,55.436238804181805,60054627.16794345,2019-05-22T16:00:00
2019-05-23T16:00:00,2019-05-23T09:30:00,55.58518612528657,55.747108960511014,55.25998164883532,55.42142744563369,45552884.241795085,2019-05-23T16:00:00
2019-05-24T16:00:00,2019-05-24T09:30:00,55.387524093912205,56.26698965134462,54.95870314640182,55.83470653072932,39765732.48737239,2019-05-24T16:00:00
2019-05-27T16:00:00,2019-05-27T09:30:00,55.8307518870594,55.99757237169252,54.94461895327053,55.10928371428967,49076572.10028549,2019-05-27T16:00:00
2019-05-28T16:00:00,2019-05-28T09:30:00,55.2064490998372,55.54064478067063,54.723737339272326,55.05702849314928,52355799.273874916,2019-05-28T16:00:00
2019-05-29T16:00:00,2019-05-29T09:30:00,54.80999851660597,55.583145103163815,54.689153949127885,55.460865510280414,48825760.68194825,2019-05-29T16:00:00
2019-05-30T16:00:00,2019-05-30T09:30:00,55.40609880011871,56.25796830232171,55.11316678103277,55.96209672247385,54414224.66399168,2019-05-30T16:00:00
2019-05-31T16:00:00,2019-05-31T09:30:00,56.04052042790638,56.07333579061624,54.43147895662665,54.46337079584264,51110354.56412251,2019-05-31T16:00:00
2019-06-03T16:00:00,2019-06-03T09:30:00,54.41335530542892,54.69076843637239,54.045198330974436,54.322146455995195,35725871.72163459,2019-06-03T16:00:00
2019-06-04T16:00:00,2019-06-04T09:30:00,54.30608017760716,54.62103466794248,53.557576917294426,53.87000232289322,57408724.66100204,2019-06-04T16:00:00
2019-06-05T16:00:00,2019-06-05T09:30:00,53.9324479927161,54.06787679175351,53.411872029730965,53.546331257988285,37427532.128678314,2019-06-05T16:00:00
2019-06-06T16:00:00,2019-06-06T09:30:00,53.43556765992753,53.820606812738475,52.293153583754226,52.67269573197242,47754892.585230336,2019-06-06T16:00:00
2019-06-07T16:00:00,2019-06-07T09:30:00,52.56054533214817,55.09522628102897,52.31176073434415,54.8356728322458,57750778.9253482,2019-06-07T16:00:00
2019-06-10T16:00:00,2019-06-10T09:30:00,54.789114350533744,55.01691865411403,54.67876884323801,54.90633705978764,44436104.8580081,2019-06-10T16:00:00
2019-06-11T16:00:00,2019-06-11T09:30:00,55.03581215079413,55.28491407826429,54.59146326726117,54.83967745402032,43606912.41845415,2019-06-11T16:00:00
2019-06-12T16:00:00,2019-06-12T09:30:00,54.61839959358689,54.903645703898434,53.37018607599619,53.65037665962332,44593461.46776544,2019-06-12T16:00:00
2019-06-13T16:00:00,2019-06-13T09:30:00,53.62785560359137,53.909742190874674,53.02172992265506,53.30190319113923,38693567.003898375,2019-06-13T16:00:00
2019-06-14T16:00:00,2019-06-14T09:30:00,53.28301169069425,53.94382303798264,53.1735344954343,53.83321537441387,52276827.13335481,2019-06-14T16:00:00
2019-06-17T16:00:00,2019-06-17T09:30:00,53.961716881793365,54.10519856925465,53.88751622500828,54.03090277763679,48360785.673930444,2019-06-17T16:00:00
2019-06-18T16:00:00,2019-06-18T09:30:00,54.15115837197747,54.48761831625353,53.045230095001436,53.376879173846554,43794907.97352544,2019-06-18T16:00:00
2019-06-19T16:00:00,2019-06-19T09:30:00,53.29776859003169,53.43495226342602,52.615694493529816,52.75147204865144,38695088.5922686,2019-06-19T16:00:00
2019-06-20T16:00:00,2019-06-20T09:30:00,52.78102254591779,53.98631079716649,52.40625732499225,53.60569012455791,53776164.34717735,2019-06-20T16:00:00
2019-06-21T16:00:00,2019-06-21T09:30:00,53.672005642341844,54.33630731720413,53.13253641004851,53.7955958523002,49331163.8972841,2019-06-21T16:00:00
2019-06-24T16:00:00,2019-06-24T09:30:00,53.78681077730287,53.882128986731026,53.173181427230794,53.26757948176122,48516541.75264493,2019-06-24T16:00:00
2019-06-25T16:00:00,2019-06-25T09:30:00,53.3815597113041,53.55693299512074,51.808271792351775,51.97903739994653,53052064.527752146,2019-06-25T16:00:00
2019-06-26T16:00:00,2019-06-26T09:30:00,51.75260062770328,52.534750157475294,51.587093060422596,52.36727682305395,59594153.03497384,2019-06-26T16:00:00
2019-06-27T16:00:00,2019-06-27T09:30:00,52.40973859059912,52.90865196888297,51.226141715276285,51.71847462108323,43616732.43634401,2019-06-27T16:00:00
2019-06-28T16:00:00,2019-06-28T09:30:00,51.6434955392316,52.835693347282195,51.135793273823424,52.321327381857714,44598440.61900527,2019-06-28T16:00:00
2019-07-01T16:00:00,2019-07-01T09:30:00,52.213523822695564,53.21047193771425,52.111513757473475,53.10671683269146,47229269.80242438,2019-07-01T16:00:00
2019-07-02T16:00:00,2019-07-02T09:30:00,53.12401921112095,53.32255171025395,52.93436967904107,53.13287057932549,44851990.85336467,2019-07-02T16:00:00
2019-07-03T16:00:00,2019-07-03T09:30:00,53.19869163504246,53.58378974829098,52.9023884048439,53.28699469244145,38780041.42473861,2019-07-03T16:00:00
2019-07-04T16:00:00,2019-07-04T09:30:00,53.208976275336866,53.43393500626046,52.47022475202718,52.693002029374966,39839461.375566915,2019-07-04T16:00:00
2019-07-05T16:00:00,2019-07-05T09:30:00,52.724383172223106,52.864296696241624,52.58245182856603,52.72235998369411,47385942.316728234,2019-07-05T16:00:00
2019-07-08T16:00:00,2019-07-08T09:30:00,52.61566932644042,52.65971344390563,52.38454235612333,52.42842973696277,47757652.6754919,2019-07-08T16:00:00
2019-07-09T16:00:00,2019-07-09T09:30:00,52.62072044270069,52.94515275647227,51.15729169266357,51.474657974362586,41691947.63516489,2019-07-09T16:00:00
2019-07-10T16:00:00,2019-07-10T09:30:00,51.39777079461211,52.524688651331715,51.13128369985075,52.25376340719273,49887585.48653371,2019-07-10T16:00:00
2019-07-11T16:00:00,2019-07-11T09:30:00,52.41869916270672,52.54243868486255,51.48920930937357,51.61104227759683,40980310.23936737,2019-07-11T16:00:00
2019-07-12T16:00:00,2019-07-12T09:30:00,51.66914096773931,51.70994098164845,50.7643765986057,50.80449385267676,61680802.3033488,2019-07-12T16:00:00
2019-07-15T16:00:00,2019-07-15T09:30:00,50.78570587983941,51.58974200523973,50.26234695139413,51.063520134006716,42830610.68209641,2019-07-15T16:00:00
2019-07-16T16:00:00,2019-07-16T09:30:00,51.03880002853133,51.140075080070865,50.82492656074013,50.92597774175564,38617583.78797344,2019-07-16T16:00:00
2019-07-17T16:00:00,2019-07-17T09:30:00,50.98465834479004,51.238130727770375,50.12972157601422,50.38018881318029,57620718.41398018,2019-07-17T16:00:00
2019-07-18T16:00:00,2019-07-18T09:30:00,50.529280424718074,51.013365548153644,50.29581248178893,50.77874496712911,53481026.60162391,2019-07-18T16:00:00
2019-07-19T16:00:00,2019-07-19T09:30:00,50.81176583651174,50.86628138519488,50.726838321907536,50.78132120678405,41308484.960605346,2019-07-19T16:00:00
2019-07-22T16:00:00,2019-07-22T09:30:00,50.70384855179317,51.34965872084218,50.274583925276815,50.918576185427625,35372819.2941076,2019-07-22T16:00:00
2019-07-23T16:00:00,2019-07-23T09:30:00,50.91639318727756,51.15507824770917,50.53987464325714,50.77791052686966,36990656.8574752,2019-07-23T16:00:00
2019-07-24T16:00:00,2019-07-24T09:30:00,50.757133160343294,51.569057594568875,50.618697594061075,51.42879014360295,53105101.03592259,2019-07-24T16:00:00
2019-07-25T16:00:00,2019-07-25T09:30:00,51.47791763073399,51.57940855915431,51.180754657094816,51.28185904758694,53918344.83053086,2019-07-25T16:00:00
2019-07-26T16:00:00,2019-07-26T09:30:00,51.25051464697552,51.35930707796561,50.96269405322412,51.071105642345806,36924021.28012706,2019-07-26T16:00:00
2019-07-29T16:00:00,2019-07-29T09:30:00,51.24765436883232,52.42881617941338,50.864549717028275,52.03978987517322,60335154.21218778,2019-07-29T16:00:00
2019-07-30T16:00:00,2019-07-30T09:30:00,52.02282750258602,52.286014755029335,51.195614906016864,51.45593420420255,51999828.55459421,2019-07-30T16:00:00
2019-07-31T16:00:00,2019-07-31T09:30:00,51.54104113839921,51.665059760038616,50.80308867842663,50.925626482533616,57025644.20685212,2019-07-31T16:00:00
2019-08-01T16:00:00,2019-08-01T09:30:00,50.91030776849288,51.07844561752513,50.080105339031206,50.24604938920443,50375243.98170117,2019-08-01T16:00:00
2019-08-02T16:00:00,2019-08-02T09:30:00,50.243876936664655,50.47433073954394,49.17096522685515,49.39753711931414,47141658.052824326,2019-08-02T16:00:00
2019-08-05T16:00:00,2019-08-05T09:30:00,49.32570644842821,49.625593775516904,48.80412226996481,49.10265349373133,49643116.589668535,2019-08-05T16:00:00
2019-08-06T16:00:00,2019-08-06T09:30:00,49.23312735583218,49.5774957895835,48.686065994893816,49.02900667618411,45095471.41278648,2019-08-06T16:00:00
2019-08-07T16:00:00,2019-08-07T09:30:00,49.022986057429875,49.53139093632989,48.87266991821517,49.379980168232414,58554422.08240576,2019-08-07T16:00:00
2019-08-08T16:00:00,2019-08-08T09:30:00,49.42965437383962,49.51566365030424,48.408013088453096,48.49239149569504,53249324.59206727,2019-08-08T16:00:00
2019-08-09T16:00:00,2019-08-09T09:30:00,48.415221339473874,48.58149517358367,47.06269502325032,47.22488083557681,59466960.71281499,2019-08-09T16:00:00
2019-08-12T16:00:00,2019-08-12T09:30:00,47.26883446386942,47.6113642585532,47.086118356634394,47.428032775540096,50151681.97342803,2019-08-12T16:00:00
2019-08-13T16:00:00,2019-08-13T09:30:00,47.48127051684098,49.42654489730229,47.126914191735494,49.060403383774336,60107560.57724546,2019-08-13T16:00:00
2019-08-14T16:00:00,2019-08-14T09:30:00,49.13421768208025,49.872958826755294,48.984696899456985,49.72165042224262,49868780.96546754,2019-08-14T16:00:00
2019-08-15T16:00:00,2019-08-15T09:30:00,49.75463897326745,49.887381716426,49.3004336964953,49.43231650035736,52940227.845100835,2019-08-15T16:00:00
2019-08-16T16:00:00,2019-08-16T09:30:00,49.35540610082698,49.59603414118124,49.021788223958424,49.26196067919112,47125269.52543351,2019-08-16T16:00:00
2019-08-19T16:00:00,2019-08-19T09:30:00,49.25194243081261,49.781671971717685,48.91433848303947,49.442760039430745,47992358.188512765,2019-08-19T16:00:00
2019-08-20T16:00:00,2019-08-20T09:30:00,49.53906685956892,50.412405734983984,49.31726663237708,50.18770138998511,43134109.179134004,2019-08-20T16:00:00
2019-08-21T16:00:00,2019-08-21T09:30:00,50.29809542491212,50.48263580284922,49.3122292860761,49.49381882648773,54624751.38857676,2019-08-21T16:00:00
2019-08-22T16:00:00,2019-08-22T09:30:00,49.51760769771249,49.72719617639627,49.28526052766448,49.49475226834143,55309682.76027371,2019-08-22T16:00:00
2019-08-23T16:00:00,2019-08-23T09:30:00,49.553186322390225,49.64273704082254,48.74875203788131,48.837008505776716,56596074.00447051,2019-08-23T16:00:00
2019-08-26T16:00:00,2019-08-26T09:30:00,48.825625104858034,49.45900921184228,48.47666878362218,49.10803451300373,50577229.93843155,2019-08-26T16:00:00
2019-08-27T16:00:00,2019-08-27T09:30:00,49.11294240048095,49.44951140271731,48.13426725786861,48.46640556942546,59185127.75610288,2019-08-27T16:00:00
2019-08-28T16:00:00,2019-08-28T09:30:00,48.48808295679583,48.517525270856304,47.58143256176277,47.610341905119284,59528500.13890822,2019-08-28T16:00:00
2019-08-29T16:00:00,2019-08-29T09:30:00,47.68579094527085,48.20848891935064,47.61902671216527,48.14108723205126,47286667.96027585,2019-08-29T16:00:00
2019-08-30T16:00:00,2019-08-30T09:30:00,48.022073527705324,48.21319981144736,47.90635946431395,48.097304471456404,49661574.64364491,2019-08-30T16:00:00
2019-09-02T16:00:00,2019-09-02T09:30:00,48.12552796509322,48.88574653672044,47.42457364886173,48.18394142121616,35535720.716595605,2019-09-02T16:00:00
2019-09-03T16:00:00,2019-09-03T09:30:00,48.18646144799386,48.23271781342469,47.21435244779012,47.25971919138125,41689652.07220332,2019-09-03T16:00:00
2019-09-04T16:00:00,2019-09-04T09:30:00,47.336583185718204,47.55152304629768,47.09012852114219,47.304924630631945,34203227.24655694,2019-09-04T16:00:00
2019-09-05T16:00:00,2019-09-05T09:30:00,47.38776099294279,47.414236707368914,46.46337822887039,46.48935199892386,61965825.40330587,2019-09-05T16:00:00
2019-09-06T16:00:00,2019-09-06T09:30:00,46.54883113551308,46.91818176287295,46.33092981415648,46.6995747902518,44489221.44342712,2019-09-06T16:00:00
2019-09-09T16:00:00,2019-09-09T09:30:00,46.64348141077205,46.75077579947159,46.47378008398729,46.580930586504905,50918652.52545809,2019-09-09T16:00:00
2019-09-10T16:00:00,2019-09-10T09:30:00,46.71680219972225,46.98241983991487,46.57180230641355,46.837046730902806,53621588.97561075,2019-09-10T16:00:00
2019-09-11T16:00:00,2019-09-11T09:30:00,46.831888261808736,47.14426945720223,46.59587895090618,46.907877200029276,35622748.11407555,2019-09-11T16:00:00
2019-09-12T16:00:00,2019-09-12T09:30:00,47.05839685754801,47.363208513923105,46.92966763376438,47.23399892702454,37217447.036875054,2019-09-12T16:00:00
2019-09-13T16:00:00,2019-09-13T09:30:00,47.26174381354762,47.771187585634415,45.908231672331226,46.40847792101303,60114916.56252512,2019-09-13T16:00:00
2019-09-16T16:00:00,2019-09-16T09:30:00,46.56998444402964,47.4028567995065,46.307816310024904,47.13749384201884,59260069.25506385,2019-09-16T16:00:00
2019-09-17T16:00:00,2019-09-17T09:30:00,47.22747733360202,47.9982634524579,47.19788385285417,47.96820581958025,48791878.60888258,2019-09-17T16:00:00
2019-09-18T16:00:00,2019-09-18T09:30:00,48.01160710946842,48.06287282687667,47.262253857882776,47.31277337630215,41690959.67286037,2019-09-18T16:00:00
2019-09-19T16:00:00,2019-09-19T09:30:00,47.14699957860509,47.31313700745408,46.64168500382751,46.806623007711295,53175581.79091301,2019-09-19T16:00:00
2019-09-20T16:00:00,2019-09-20T09:30:00,46.768213753115184,47.05751596965486,46.51288369342387,46.80200144677484,55684174.602577694,2019-09-20T16:00:00
2019-09-23T16:00:00,2019-09-23T09:30:00,46.830060726932395,47.181520916232934,46.697527401739826,47.048369756658346,51582323.51776663,2019-09-23T16:00:00
2019-09-24T16:00:00,2019-09-24T09:30:00,47.15386191288453,48.59376230217646,46.969494644365405,48.40450513354879,60407068.22964246,2019-09-24T16:00:00
2019-09-25T16:00:00,2019-09-25T09:30:00,48.31918884182679,48.433586171474296,48.26865061147605,48.382981219104124,49651957.00063903,2019-09-25T16:00:00
2019-09-26T16:00:00,2019-09-26T09:30:00,48.42048605951446,48.92639349405461,48.29744564787131,48.802382651964265,54327052.02115487,2019-09-26T16:00:00
2019-09-27T16:00:00,2019-09-27T09:30:00,48.931721675942654,49.143838545872775,48.45358489224417,48.66454355673169,46101508.89871986,2019-09-27T16:00:00
2019-09-30T16:00:00,2019-09-30T09:30:00,48.70843895127022,48.999660735445474,48.02852393141975,48.317407788216826,41947720.97079898,2019-09-30T16:00:00
2019-10-01T16:00:00,2019-10-01T09:30:00,48.3049870242682,49.31035995002395,48.272875157245196,49.2776015148284,41398683.559594505,2019-10-01T16:00:00
2019-10-02T16:00:00,2019-10-02T09:30:00,49.40381170334281,50.05555138820659,49.35028903853726,50.00138133369728,53287188.43780837,2019-10-02T16:00:00
2019-10-03T16:00:00,2019-10-03T09:30:00,49.93271025307233,50.83626248936746,49.873221408105884,50.775769240571336,40005863.28750024,2019-10-03T16:00:00
2019-10-04T16:00:00,2019-10-04T09:30:00,50.84000613837261,51.41931042907627,50.755158637254205,51.33363909794149,42345262.88529636,2019-10-04T16:00:00
2019-10-07T16:00:00,2019-10-07T09:30:00,51.30522836047957,51.5329059935417,50.77223324759349,50.998549931272805,38126648.32413722,2019-10-07T16:00:00
2019-10-08T16:00:00,2019-10-08T09:30:00,50.91518841456664,51.10960206869442,49.98227752680384,50.17386050757475,45261737.5730747,2019-10-08T16:00:00
2019-10-09T16:00:00,2019-10-09T09:30:00,50.25974459814757,50.84745788125087,50.23901840576574,50.8264979702237,52895588.13224223,2019-10-09T16:00:00
2019-10-10T16:00:00,2019-10-10T09:30:00,50.85084664050627,52.325699585010945,50.715056990439265,52.18634368799379,51813518.34808982,2019-10-10T16:00:00
2019-10-11T16:00:00,2019-10-11T09:30:00,52.121658444003025,52.78038345730769,51.888241512677126,52.5450703562857,56492346.8672907,2019-10-11T16:00:00
2019-10-14T16:00:00,2019-10-14T09:30:00,52.66751046518461,52.73659760956809,52.28831189431769,52.35699171255822,52254706.353309505,2019-10-14T16:00:00
2019-10-15T16:00:00,2019-10-15T09:30:00,52.42968513901309,52.66397552853867,51.750605635483026,51.9828994922632,57374224.051938504,2019-10-15T16:00:00
2019-10-16T16:00:00,2019-10-16T09:30:00,52.02699886611073,52.49901223368121,51.86782270388545,52.33888186805396,56999734.5153955,2019-10-16T16:00:00
2019-10-17T16:00:00,2019-10-17T09:30:00,52.363643031857286,52.437658127634464,51.77670372289404,51.849992783006705,50161660.81606036,2019-10-17T16:00:00
2019-10-18T16:00:00,2019-10-18T09:30:00,51.90014230644549,52.98645777927453,51.82857042566936,52.91348846321029,49279920.616331205,2019-10-18T16:00:00
2019-10-21T16:00:00,2019-10-21T09:30:00,53.04460420267184,54.00431179841231,52.74270860563524,53.69869354765274,51638316.09985853,2019-10-21T16:00:00
2019-10-22T16:00:00,2019-10-22T09:30:00,53.690040546960944,53.69301648545093,53.402316589208986,53.40527674377418,57729036.263997495,2019-10-22T16:00:00
2019-10-23T16:00:00,2019-10-23T09:30:00,53.40802743492461,53.46720324180376,52.80520378447485,52.86377656431931,45157807.90301728,2019-10-23T16:00:00
2019-10-24T16:00:00,2019-10-24T09:30:00,52.94543256484164,53.05558814141565,52.71390445955784,52.82380698813735,38758076.681558035,2019-10-24T16:00:00
2019-10-25T16:00:00,2019-10-25T09:30:00,52.7985928987347,54.33286301375357,52.64469117978626,54.17494937675535,63803831.078167036,2019-10-25T16:00:00
2019-10-28T16:00:00,2019-10-28T09:30:00,54.1544442852428,54.60656460202752,53.657861950651,54.10960794133416,41888998.39848887,2019-10-28T16:00:00
2019-10-29T16:00:00,2019-10-29T09:30:00,54.15753845667195,54.43671107730433,53.63001232844158,53.90789809676352,53333401.00134519,2019-10-29T16:00:00
2019-10-30T16:00:00,2019-10-30T09:30:00,53.91364134936065,54.34129990101301,53.69384977487439,54.120664348827056,48863249.9846273,2019-10-30T16:00:00
2019-10-31T16:00:00,2019-10-31T09:30:00,54.372468896220816,54.51646373807593,54.20765458699335,54.351594146158625,39730190.02321072,2019-10-31T16:00:00
2019-11-01T16:00:00,2019-11-01T09:30:00,54.273692111169375,55.29659738090679,54.09176158499968,55.11185724628561,59511402.73727943,2019-11-01T16:00:00
2019-11-04T16:00:00,2019-11-04T09:30:00,54.914178802342875,55.33780047488452,53.18780402745867,53.601297808541815,60532373.273849025,2019-11-04T16:00:00
2019-11-05T16:00:00,2019-11-05T09:30:00,53.45956515403728,54.59484863101813,53.442926307453035,54.5778617238949,54369178.40956651,2019-11-05T16:00:00
2019-11-06T16:00:00,2019-11-06T09:30:00,54.569229849807336,54.79914891459241,54.36330720512732,54.59313605736043,35494809.23429834,2019-11-06T16:00:00
2019-11-07T16:00:00,2019-11-07T09:30:00,54.578872776139356,55.0662909990969,54.15620049666638,54.64312116422813,41228436.69622272,2019-11-07T16:00:00
2019-11-08T16:00:00,2019-11-08T09:30:00,54.756923522458415,55.24206312709401,54.57548990122706,55.059626518528795,51418635.337742455,2019-11-08T16:00:00
2019-11-11T16:00:00,2019-11-11T09:30:00,54.964763204419114,55.130204819337706,53.82159569881403,53.98408551532325,45777654.61923401,2019-11-11T16:00:00
2019-11-12T16:00:00,2019-11-12T09:30:00,53.90431718191611,54.30427207178924,53.61818644394935,54.0175403314349,44686609.10466674,2019-11-12T16:00:00
2019-11-13T16:00:00,2019-11-13T09:30:00,53.997079734167045,54.764980941958406,53.98791089140304,54.755683286363706,39117647.3635538,2019-11-13T16:00:00
2019-11-14T16:00:00,2019-11-14T09:30:00,54.90118122768284,56.302068206447146,54.335887420361004,55.72825834244497,55291901.875196956,2019-11-14T16:00:00
2019-11-15T16:00:00,2019-11-15T09:30:00,55.71385499299905,56.71183180451181,55.55933975300692,56.55498380151614,48061958.84851139,2019-11-15T16:00:00
2019-11-18T16:00:00,2019-11-18T09:30:00,56.515179282598794,57.1015854824737,56.33337720323973,56.918486017104655,45858211.29385623,2019-11-18T16:00:00
2019-11-19T16:00:00,2019-11-19T09:30:00,57.0027701127862,57.3726107657853,56.783914243247075,57.15317742390939,38957514.39187564,2019-11-19T16:00:00
2019-11-20T16:00:00,2019-11-20T09:30:00,57.05946489618972,57.949598897656045,56.78941419094101,57.67662728980245,58727735.32107543,2019-11-20T16:00:00
2019-11-21T16:00:00,2019-11-21T09:30:00,57.628987862055986,57.92225569377278,57.432426423399335,57.7253655293543,41279288.14949014,2019-11-21T16:00:00
2019-11-22T16:00:00,2019-11-22T09:30:00,57.85615368553539,57.90180525061864,57.568182904522764,57.613643115941,41378123.76343014,2019-11-22T16:00:00
2019-11-25T16:00:00,2019-11-25T09:30:00,57.65209067906504,58.51034717727004,57.436563171499415,58.29242583042549,58934608.27219449,2019-11-25T16:00:00
2019-11-26T16:00:00,2019-11-26T09:30:00,58.22878219599984,58.24047374160924,57.78158210122419,57.79318618509325,44616056.323126584,2019-11-26T16:00:00
2019-11-27T16:00:00,2019-11-27T09:30:00,57.64656636864508,57.775913747926694,56.91370658573639,57.041696758443265,55824595.702233516,2019-11-27T16:00:00
2019-11-28T16:00:00,2019-11-28T09:30:00,57.060445852392185,57.855201441499275,56.84904963663259,57.64165198673949,42957757.79823302,2019-11-28T16:00:00
2019-11-29T16:00:00,2019-11-29T09:30:00,57.656981311739,58.440489398650435,57.51817725391444,58.30013700066991,42388345.13083574,2019-11-29T16:00:00
2019-12-02T16:00:00,2019-12-02T09:30:00,58.090656013291174,59.1231091911564,58.08608087307538,59.118453103054634,47391606.6360111,2019-12-02T16:00:00
2019-12-03T16:00:00,2019-12-03T09:30:00,59.07347210273853,59.7261317547956,59.06105265350967,59.713577731466486,51370996.36561736,2019-12-03T16:00:00
2019-12-04T16:00:00,2019-12-04T09:30:00,59.86371424899647,60.56850979260639,59.67693163674664,60.3801159395916,45823168.8491155,2019-12-04T16:00:00
2019-12-05T16:00:00,2019-12-05T09:30:00,60.44228233986269,61.681062718800895,60.25361294774983,61.48912562601905,43122955.152891584,2019-12-05T16:00:00
2019-12-06T16:00:00,2019-12-06T09:30:00,61.43990366504378,61.76368669088084,60.79662424775716,61.118714634937085,47397972.49663575,2019-12-06T16:00:00
2019-12-09T16:00:00,2019-12-09T09:30:00,61.119855981007525,62.059741946610096,61.03829185317659,61.977033919308006,44211602.112279445,2019-12-09T16:00:00
2019-12-10T16:00:00,2019-12-10T09:30:00,61.94071939662996,62.083204905263365,61.6340812581473,61.776188287178854,46394108.76355104,2019-12-10T16:00:00
2019-12-11T16:00:00,2019-12-11T09:30:00,61.68557358063405,61.8730192038346,61.57881028506373,61.76611650730249,55340810.93821919,2019-12-11T16:00:00
2019-12-12T16:00:00,2019-12-12T09:30:00,61.69036482565921,61.88104121669411,61.3206383295214,61.51075958558367,53089078.37049804,2019-12-12T16:00:00
2019-12-13T16:00:00,2019-12-13T09:30:00,61.469421980492505,61.75421057939425,61.181052259274495,61.46582418956598,37791564.34738191,2019-12-13T16:00:00
2019-12-16T16:00:00,2019-12-16T09:30:00,61.37296586520736,61.968334321205205,61.00610069481173,61.60011135802974,49937218.620300524,2019-12-16T16:00:00
2019-12-17T16:00:00,2019-12-17T09:30:00,61.790375438401476,62.124799415679355,60.62381912403476,60.953714898605256,55483386.14289897,2019-12-17T16:00:00
2019-12-18T16:00:00,2019-12-18T09:30:00,61.09050931952794,61.30268996562065,61.00611259057929,61.21811694633802,47144664.45209686,2019-12-18T16:00:00
2019-12-19T16:00:00,2019-12-19T09:30:00,61.14861530436509,61.62858560880235,61.142148653707025,61.62206888899849,53655936.20478337,2019-12-19T16:00:00
2019-12-20T16:00:00,2019-12-20T09:30:00,61.47177124134715,61.94849594445051,60.480185800845604,60.95288645861895,48629904.20749061,2019-12-20T16:00:00
2019-12-23T16:00:00,2019-12-23T09:30:00,61.14547768579593,62.06549901423891,60.522349338141794,61.43937557823117,42597085.50311005,2019-12-23T16:00:00
2019-12-24T16:00:00,2019-12-24T09:30:00,61.39673589706621,62.664995116023306,61.180559832219885,62.4451276951137,44225265.4582861,2019-12-24T16:00:00
2019-12-25T16:00:00,2019-12-25T09:30:00,62.23041346311551,62.390031868114455,61.41034454585507,61.56826456665819,46550716.52745741,2019-12-25T16:00:00
2019-12-26T16:00:00,2019-12-26T09:30:00,61.67456013723828,61.82713132185623,61.44035667965291,61.592725420676274,53810162.715451084,2019-12-26T16:00:00
2019-12-27T16:00:00,2019-12-27T09:30:00,61.68085433080951,63.093625555419614,61.14494119712322,62.55015947762427,60032756.78894271,2019-12-27T16:00:00
2019-12-30T16:00:00,2019-12-30T09:30:00,62.52073983661333,63.01368489270764,62.45832558095105,62.950841268154655,50992570.813735746,2019-12-30T16:00:00
2019-12-31T16:00:00,2019-12-31T09:30:00,62.96667411542186,63.42820462241873,62.84058069083719,63.30144081338109,46961174.97766979,2019-12-31T16:00:00
2020-01-01T16:00:00,2020-01-01T09:30:00,63.179439658839584,63.212611291100714,62.829566305825296,62.862571570170395,56771191.237893894,2020-01-01T16:00:00
2020-01-02T16:00:00,2020-01-02T09:30:00,63.03367271029595,63.11308453781529,62.17359850484998,62.25202558844193,52755112.24904839,2020-01-02T16:00:00
2020-01-03T16:00:00,2020-01-03T09:30:00,62.270626342132644,62.80827538934212,61.32069456722835,61.85475293364713,57262146.6140308,2020-01-03T16:00:00
2020-01-06T16:00:00,2020-01-06T09:30:00,61.87475186160956,62.22888892460109,60.77782894524131,61.12769023820993,56045390.88724608,2020-01-06T16:00:00
2020-01-07T16:00:00,2020-01-07T09:30:00,61.02061953189914,61.05570096458465,60.84256808755205,60.877567277906074,55054961.6657827,2020-01-07T16:00:00
2020-01-08T16:00:00,2020-01-08T09:30:00,60.776379702139174,60.77747361118763,59.70947906169494,59.71055378703061,49056795.7665939,2020-01-08T16:00:00
2020-01-09T16:00:00,2020-01-09T09:30:00,59.66814556227251,60.17331987084721,59.04843764413916,59.552633985654545,52049230.1765282,2020-01-09T16:00:00
2020-01-10T16:00:00,2020-01-10T09:30:00,59.50828338970223,59.622105509934435,58.35948993925655,58.47132866526872,56748043.69306752,2020-01-10T16:00:00
2020-01-13T16:00:00,2020-01-13T09:30:00,58.46102106430669,59.81987721406135,58.23911718105483,59.59367405426124,53391534.92656163,2020-01-13T16:00:00
2020-01-14T16:00:00,2020-01-14T09:30:00,59.58503521198752,59.66001299955898,59.19332340186779,59.26790213056942,52725576.26518491,2020-01-14T16:00:00
2020-01-15T16:00:00,2020-01-15T09:30:00,59.50850632544613,59.74205499751034,59.047898318245,59.28055235607748,55283067.41257964,2020-01-15T16:00:00
2020-01-16T16:00:00,2020-01-16T09:30:00,59.342317654233526,60.6512895301575,59.20428027498006,60.51053473724523,61510166.95899887,2020-01-16T16:00:00
2020-01-17T16:00:00,2020-01-17T09:30:00,60.66553768705236,60.89004725861405,60.13291208277553,60.356277150336325,48856727.179502144,2020-01-17T16:00:00
2020-01-20T16:00:00,2020-01-20T09:30:00,60.4506531501292,60.83866204329348,59.81816617747772,60.204595725107055,52973012.54593989,2020-01-20T16:00:00
2020-01-21T16:00:00,2020-01-21T09:30:00,60.13136823710614,61.031357575589524,59.87790353017556,60.7751790882563,48018329.11449588,2020-01-21T16:00:00
2020-01-22T16:00:00,2020-01-22T09:30:00,60.85692349074857,62.29684500119936,60.486810221149824,61.92026481360464,59134578.8629254,2020-01-22T16:00:00
2020-01-23T16:00:00,2020-01-23T09:30:00,61.998324358765146,62.70721259284519,61.695785923783504,62.402700887723114,36734764.47731114,2020-01-23T16:00:00
2020-01-24T16:00:00,2020-01-24T09:30:00,62.33671436067916,63.40147988401162,62.114181567735514,63.17595114066368,59454830.03751928,2020-01-24T16:00:00
2020-01-27T16:00:00,2020-01-27T09:30:00,63.095732350780914,63.73373018642821,62.931601270287736,63.5683696334336,54335644.024995506,2020-01-27T16:00:00
2020-01-28T16:00:00,2020-01-28T09:30:00,63.68947227371049,63.80132546180009,63.287245136226055,63.39858746448093,37574265.83698749,2020-01-28T16:00:00
2020-01-29T16:00:00,2020-01-29T09:30:00,63.53335540160617,64.09717016482335,63.50705362910864,64.07064596280016,43362604.339427546,2020-01-29T16:00:00
2020-01-30T16:00:00,2020-01-30T09:30:00,64.02334094675518,64.4428219300732,63.72200182847788,64.14092935757883,56004041.76634773,2020-01-30T16:00:00
2020-01-31T16:00:00,2020-01-31T09:30:00,64.17559407139238,64.45163397237717,63.1388283923763,63.41158203149008,47762569.98084643,2020-01-31T16:00:00
2020-02-03T16:00:00,2020-02-03T09:30:00,63.42857290359442,63.88932543836412,63.34908492301762,63.80936025931745,50572414.35518458,2020-02-03T16:00:00
2020-02-04T16:00:00,2020-02-04T09:30:00,63.85995894172895,64.71952393616439,63.780908428236934,64.63950843946367,49658281.611795336,2020-02-04T16:00:00
2020-02-05T16:00:00,2020-02-05T09:30:00,64.61869919406966,65.06989260486671,63.890642355585236,64.33988900294277,39883247.21939104,2020-02-05T16:00:00
2020-02-06T16:00:00,2020-02-06T09:30:00,64.34175219015864,64.6687804143611,63.07576471474459,63.39799613350137,41379848.74952621,2020-02-06T16:00:00
2020-02-07T16:00:00,2020-02-07T09:30:00,63.45966206413288,64.30868509419967,63.3198366615184,64.1673004990863,57062575.28219787,2020-02-07T16:00:00
2020-02-10T16:00:00,2020-02-10T09:30:00,64.2393285719213,64.37336407703096,63.256163840162266,63.38842393080374,39828524.996306516,2020-02-10T16:00:00
2020-02-11T16:00:00,2020-02-11T09:30:00,63.42051371932642,63.676528493392084,62.81372825792818,63.068321308086176,39375177.18043792,2020-02-11T16:00:00
2020-02-12T16:00:00,2020-02-12T09:30:00,62.936124783633865,63.11721805807002,61.94664422032518,62.12540471764955,39232094.18707981,2020-02-12T16:00:00
2020-02-13T16:00:00,2020-02-13T09:30:00,62.242108159774354,63.23179317921323,61.68468714805657,62.67053530687415,52454391.627004884,2020-02-13T16:00:00
2020-02-14T16:00:00,2020-02-14T09:30:00,62.92689684891831,63.69595277808358,62.551141479024366,63.31786283306604,39655736.87140818,2020-02-14T16:00:00
2020-02-17T16:00:00,2020-02-17T09:30:00,63.25404602399324,63.69185764984424,61.82336918929073,62.2542608216798,61316253.972026646,2020-02-17T16:00:00
2020-02-18T16:00:00,2020-02-18T09:30:00,62.34786443153802,62.37390762904189,61.2824798564085,61.308088731355106,48938691.71283048,2020-02-18T16:00:00
2020-02-19T16:00:00,2020-02-19T09:30:00,61.24757200495477,61.853352358494334,60.691265788880884,61.29660081809779,48900159.290614575,2020-02-19T16:00:00
2020-02-20T16:00:00,2020-02-20T09:30:00,61.04332395929731,61.390642766783024,60.46054405099614,60.80651548696144,45187950.9017519,2020-02-20T16:00:00
2020-02-21T16:00:00,2020-02-21T09:30:00,60.90038082087861,61.50097808312097,60.67926351846329,61.27848794810805,48156369.56293748,2020-02-21T16:00:00
2020-02-24T16:00:00,2020-02-24T09:30:00,61.24782691644907,61.88231880899722,60.99521830298952,61.628141637448564,57104291.27422535,2020-02-24T16:00:00
2020-02-25T16:00:00,2020-02-25T09:30:00,61.73516101038248,62.195303430791036,61.59656258998371,62.055984745599886,36344929.618703865,2020-02-25T16:00:00
2020-02-26T16:00:00,2020-02-26T09:30:00,62.08025637294244,62.45388264688023,61.756353306413835,62.12972149660366,55280950.847587235,2020-02-26T16:00:00
2020-02-27T16:00:00,2020-02-27T09:30:00,62.26216274946749,62.61674724089403,61.478277630273965,61.830403241074755,39947679.710190065,2020-02-27T16:00:00
2020-02-28T16:00:00,2020-02-28T09:30:00,61.95119770496073,63.01548858178526,61.69051669835111,62.75144027886138,51990577.100354135,2020-02-28T16:00:00
2020-03-02T16:00:00,2020-03-02T09:30:00,62.96201193319796,63.0064056143593,62.76228277895192,62.806566857848324,55626863.484041445,2020-03-02T16:00:00
2020-03-03T16:00:00,2020-03-03T09:30:00,62.693733225933364,62.80447525739843,61.883473228375316,61.99297744683187,52586802.80648611,2020-03-03T16:00:00
2020-03-04T16:00:00,2020-03-04T09:30:00,62.029909084956564,63.20622348080881,61.628266528472714,62.799597207441124,42488961.64938023,2020-03-04T16:00:00
2020-03-05T16:00:00,2020-03-05T09:30:00,62.75464348416708,62.77539602290521,62.74508100134361,62.76583183521324,40693241.001428634,2020-03-05T16:00:00
2020-03-06T16:00:00,2020-03-06T09:30:00,62.8750759794962,63.35940028801169,62.300278563709284,62.78390055138483,42151490.80447699,2020-03-06T16:00:00
2020-03-09T16:00:00,2020-03-09T09:30:00,62.80340515556035,62.8678007273429,61.34541487765496,61.4083800582259,50831287.67348924,2020-03-09T16:00:00
2020-03-10T16:00:00,2020-03-10T09:30:00,61.3092801609153,61.4111475230773,60.14766585066065,60.24776947831363,61240322.05091598,2020-03-10T16:00:00
2020-03-11T16:00:00,2020-03-11T09:30:00,60.24133013519944,60.29315154976375,60.16362658853686,60.215425719338995,52584319.88099227,2020-03-11T16:00:00
2020-03-12T16:00:00,2020-03-12T09:30:00,60.2755987440445,60.32535783778275,59.778678514002166,59.82806815945997,46246530.477888465,2020-03-12T16:00:00
2020-03-13T16:00:00,2020-03-13T09:30:00,59.88239302418415,61.05326164175011,59.41089482970124,60.57629980797071,49867900.56259786,2020-03-13T16:00:00
2020-03-16T16:00:00,2020-03-16T09:30:00,60.599061343307945,60.7505441985939,59.07258967659317,59.220626782084814,46833369.34121119,2020-03-16T16:00:00
2020-03-17T16:00:00,2020-03-17T09:30:00,59.37464559190003,59.45671413487178,59.110465016748144,59.192281493274436,47263543.48095657,2020-03-17T16:00:00
2020-03-18T16:00:00,2020-03-18T09:30:00,59.226737784859075,59.46061873581564,58.97041450247865,59.204206479378065,42803956.45616212,2020-03-18T16:00:00
2020-03-19T16:00:00,2020-03-19T09:30:00,59.26039708511889,60.388008618397635,58.9174397613598,60.04053639928674,41252515.53167459,2020-03-19T16:00:00
2020-03-20T16:00:00,2020-03-20T09:30:00,59.99202792822234,60.126871022269384,59.91606508509047,60.05083371832725,37415185.721469015,2020-03-20T16:00:00
2020-03-23T16:00:00,2020-03-23T09:30:00,60.22909238313984,61.4183943065174,60.21646620893606,61.40552151064767,49907995.123784706,2020-03-23T16:00:00
2020-03-24T16:00:00,2020-03-24T09:30:00,61.340570372447125,61.68947415568952,59.85803314474466,60.20045196012668,61152540.40452171,2020-03-24T16:00:00
2020-03-25T16:00:00,2020-03-25T09:30:00,60.114843591762934,60.21471360823792,59.07842323574982,59.17673475286595,54623363.47863642,2020-03-25T16:00:00
2020-03-26T16:00:00,2020-03-26T09:30:00,59.229409780624316,59.682792083251364,58.0270477800935,58.47465265687829,55436829.68293672,2020-03-26T16:00:00
2020-03-27T16:00:00,2020-03-27T09:30:00,58.41713273025045,58.92894154954894,57.94484703594588,58.45633888477619,53383070.48776699,2020-03-27T16:00:00
2020-03-30T16:00:00,2020-03-30T09:30:00,58.74057459447295,58.87660250844992,58.31398379902702,58.44933728303423,53090205.231936164,2020-03-30T16:00:00
2020-03-31T16:00:00,2020-03-31T09:30:00,58.461265068587785,58.65422633782635,58.42888096174237,58.6217533299112,51265346.57499476,2020-03-31T16:00:00
2020-04-01T16:00:00,2020-04-01T09:30:00,58.50071200538726,59.5224027894368,58.14550105233689,59.16316945556122,53155197.66558459,2020-04-01T16:00:00
2020-04-02T16:00:00,2020-04-02T09:30:00,59.16143314157981,59.516116994317805,58.78994558575956,59.14452808955001,45884800.97209218,2020-04-02T16:00:00
2020-04-03T16:00:00,2020-04-03T09:30:00,59.18175465306452,59.317296068986124,59.032534527505625,59.16804454375618,45146793.40597377,2020-04-03T16:00:00
2020-04-06T16:00:00,2020-04-06T09:30:00,58.89780677025333,60.47608757040643,58.78563590977077,60.36112981150265,45534102.39694182,2020-04-06T16:00:00
2020-04-07T16:00:00,2020-04-07T09:30:00,60.55882002002912,62.270304847087026,60.21025296780956,61.913937949002644,45377748.8353822,2020-04-07T16:00:00
2020-04-08T16:00:00,2020-04-08T09:30:00,61.87430838737544,61.916191187397594,61.85578119465931,61.89765700334178,41338877.488395385,2020-04-08T16:00:00
2020-04-09T16:00:00,2020-04-09T09:30:00,61.932044059816675,61.99570962964491,61.75299940583156,61.81654624497185,51400591.1076786,2020-04-09T16:00:00
2020-04-10T16:00:00,2020-04-10T09:30:00,61.93379221215866,62.38571549129883,61.66132227305048,62.11245952777864,56140376.30749689,2020-04-10T16:00:00
2020-04-13T16:00:00,2020-04-13T09:30:00,62.29181450212205,62.64821296868444,61.21466028248789,61.56691126346605,52402972.54563197,2020-04-13T16:00:00
2020-04-14T16:00:00,2020-04-14T09:30:00,61.55631570665125,61.66322401771873,60.587388495654565,60.69279708542928,42614556.942472056,2020-04-14T16:00:00
2020-04-15T16:00:00,2020-04-15T09:30:00,60.774867450331215,61.071019054297544,60.51598541979983,60.811978940362636,43328473.51129746,2020-04-15T16:00:00
2020-04-16T16:00:00,2020-04-16T09:30:00,60.78349547710924,60.905148487890386,60.74044973145542,60.86204711342267,50680632.905831,2020-04-16T16:00:00
2020-04-17T16:00:00,2020-04-17T09:30:00,60.77999814983109,61.359800809526426,59.10220357990552,59.67143121364467,43873905.382908866,2020-04-17T16:00:00
2020-04-20T16:00:00,2020-04-20T09:30:00,59.876317983766306,59.8878605869441,59.090200602478625,59.10159385891222,57572050.933996,2020-04-20T16:00:00
2020-04-21T16:00:00,2020-04-21T09:30:00,59.15240132761018,59.71263538254087,58.7106211862117,59.26997712543748,39045335.21783876,2020-04-21T16:00:00
2020-04-22T16:00:00,2020-04-22T09:30:00,59.0161909544798,59.23534741570631,59.002030826841875,59.22113811380132,47937739.59910121,2020-04-22T16:00:00
2020-04-23T16:00:00,2020-04-23T09:30:00,59.46627310281479,60.38575510918121,59.26478455807312,60.181842014670586,43329107.41850668,2020-04-23T16:00:00
2020-04-24T16:00:00,2020-04-24T09:30:00,60.062414774285955,61.27147681791833,59.936554671188695,61.14335162401744,42102996.51626762,2020-04-24T16:00:00
2020-04-27T16:00:00,2020-04-27T09:30:00,61.158734476262325,61.457153717727344,59.97736027931405,60.27145008628557,56420692.22940684,2020-04-27T16:00:00
2020-04-28T16:00:00,2020-04-28T09:30:00,60.37636706619977,60.61132733972108,60.06877447313514,60.30345098692125,41726264.60832375,2020-04-28T16:00:00
2020-04-29T16:00:00,2020-04-29T09:30:00,60.235179344700086,62.10717803076233,60.13904253672046,62.008211420562915,62170042.03539356,2020-04-29T16:00:00
2020-04-30T16:00:00,2020-04-30T09:30:00,61.89148601474282,62.947208922785634,61.305300946879655,62.35661850392362,44825358.283797294,2020-04-30T16:00:00
2020-05-01T16:00:00,2020-05-01T09:30:00,62.46269460630852,63.08805957160078,62.14985424702908,62.77366175351065,43776499.541491024,2020-05-01T16:00:00
2020-05-04T16:00:00,2020-05-04T09:30:00,62.79614938839361,63.64310949258964,62.668193049926806,63.513691058028755,44196508.99213575,2020-05-04T16:00:00
2020-05-05T16:00:00,2020-05-05T09:30:00,63.57454250745469,63.604899873437724,63.350512645088926,63.38077748668376,42999717.574988835,2020-05-05T16:00:00
2020-05-06T16:00:00,2020-05-06T09:30:00,63.42513084538444,64.0325158588711,63.28506427836697,63.89141955084494,54880330.41752799,2020-05-06T16:00:00
2020-05-07T16:00:00,2020-05-07T09:30:00,63.848661452061364,64.58699417737849,63.722413592308754,64.45953843151716,45023491.42909885,2020-05-07T16:00:00
2020-05-08T16:00:00,2020-05-08T09:30:00,64.38528399035333,64.68882746453794,63.04794740265886,63.346593988108324,42415784.57508708,2020-05-08T16:00:00
2020-05-11T16:00:00,2020-05-11T09:30:00,63.281631312302686,64.00707450951352,63.06846102526894,63.79218437517649,56033444.09362781,2020-05-11T16:00:00
2020-05-12T16:00:00,2020-05-12T09:30:00,63.90839519422866,64.22175798054926,62.626211808381484,62.934800757642535,54836772.1908042,2020-05-12T16:00:00
2020-05-13T16:00:00,2020-05-13T09:30:00,62.973326103040186,64.26943148677742,62.51210728321773,63.802142387800885,54856195.1443711,2020-05-13T16:00:00
2020-05-14T16:00:00,2020-05-14T09:30:00,63.70424008198472,63.934867893632386,62.233618807301724,62.459741172219495,45974967.097368576,2020-05-14T16:00:00
2020-05-15T16:00:00,2020-05-15T09:30:00,62.520175480613766,62.63407230302845,62.36890504544963,62.48273365780876,52926512.58742013,2020-05-15T16:00:00
2020-05-18T16:00:00,2020-05-18T09:30:00,62.39466882154213,62.75242631541671,62.31638075180223,62.67378802819303,44191155.90325272,2020-05-18T16:00:00
2020-05-19T16:00:00,2020-05-19T09:30:00,62.602823682653785,62.88050167934578,62.38566608085219,62.66313486920719,56263466.39548251,2020-05-19T16:00:00
2020-05-20T16:00:00,2020-05-20T09:30:00,62.71387345539812,63.34409098910493,62.471759855123125,63.10048483434865,51858578.19551448,2020-05-20T16:00:00
2020-05-21T16:00:00,2020-05-21T09:30:00,63.11362156153199,63.51326547562162,62.97081575948858,63.36987984360497,48771269.36810394,2020-05-21T16:00:00
2020-05-22T16:00:00,2020-05-22T09:30:00,63.32321930925943,63.33557496512209,62.59933392243069,62.611550717188244,41726115.04142651,2020-05-22T16:00:00
2020-05-25T16:00:00,2020-05-25T09:30:00,62.73708263574118,63.86563398568564,62.37828473142167,63.50245883960694,60274214.06710061,2020-05-25T16:00:00
2020-05-26T16:00:00,2020-05-26T09:30:00,63.608099319303896,65.68108938398204,63.35085651008533,65.4165329378321,48877732.47485822,2020-05-26T16:00:00
2020-05-27T16:00:00,2020-05-27T09:30:00,65.32138593110682,66.12800628457377,65.31746440707595,66.12403657396908,55642084.761321366,2020-05-27T16:00:00
2020-05-28T16:00:00,2020-05-28T09:30:00,66.1484171178208,67.42748301595671,66.14110891661683,67.42003432409851,44422830.946379386,2020-05-28T16:00:00
2020-05-29T16:00:00,2020-05-29T09:30:00,67.39145143414743,68.80740323520187,67.08569705510108,68.49663465033555,51126160.22773676,2020-05-29T16:00:00
2020-06-01T16:00:00,2020-06-01T09:30:00,68.38135505505812,69.07386754171253,68.00414882357461,68.69493155495127,53825652.07297628,2020-06-01T16:00:00
2020-06-02T16:00:00,2020-06-02T09:30:00,68.58699469951529,69.179098404663,68.49815512005777,69.08960779892016,52914002.83528097,2020-06-02T16:00:00
2020-06-03T16:00:00,2020-06-03T09:30:00,69.13013750203267,69.84636098178099,69.11538031726451,69.83145408722194,53139540.274324454,2020-06-03T16:00:00
2020-06-04T16:00:00,2020-06-04T09:30:00,69.8400804206227,70.51698278747168,69.72400008302886,70.39997186120944,53320899.66856327,2020-06-04T16:00:00
2020-06-05T16:00:00,2020-06-05T09:30:00,70.32541535715445,70.41132840370754,70.17558730188517,70.26142217115998,45626109.972148135,2020-06-05T16:00:00
2020-06-08T16:00:00,2020-06-08T09:30:00,70.36727462727295,70.78967063285685,70.32348425378265,70.74564479520996,45031987.645162664,2020-06-08T16:00:00
2020-06-09T16:00:00,2020-06-09T09:30:00,70.71787479323702,71.80677247407661,70.63426206559808,71.7219725592763,43775834.58504983,2020-06-09T16:00:00
2020-06-10T16:00:00,2020-06-10T09:30:00,71.7530700525328,73.03771806100268,71.33937220807674,72.61902747243488,46068115.59265963,2020-06-10T16:00:00
2020-06-11T16:00:00,2020-06-11T09:30:00,72.72127615914292,74.1723153472239,72.63240406770848,74.08178059417331,45923992.16980406,2020-06-11T16:00:00
2020-06-12T16:00:00,2020-06-12T09:30:00,74.00742895344781,75.86263226509043,73.86249307391417,75.7143535506375,62864237.879826084,2020-06-12T16:00:00
2020-06-15T16:00:00,2020-06-15T09:30:00,75.67865222951161,76.02321009084456,75.0291251616024,75.37228817590795,43663162.66339167,2020-06-15T16:00:00
2020-06-16T16:00:00,2020-06-16T09:30:00,75.18253571439345,76.95619697348172,74.8061525333933,76.57285350274395,44233047.70896277,2020-06-16T16:00:00
2020-06-17T16:00:00,2020-06-17T09:30:00,76.35050592572789,77.67163063982095,76.20489814748612,77.52378530464946,40909706.332371965,2020-06-17T16:00:00
2020-06-18T16:00:00,2020-06-18T09:30:00,77.44455299066375,77.70248031139599,77.10549218358659,77.3631483881433,38477689.144082114,2020-06-18T16:00:00
2020-06-19T16:00:00,2020-06-19T09:30:00,77.28395647765478,78.87287962817524,76.68109949452334,78.26239032773067,44718982.19295168,2020-06-19T16:00:00
2020-06-22T16:00:00,2020-06-22T09:30:00,78.07638716546614,78.1300828064287,77.4363119070089,77.4896039983272,53896615.09493862,2020-06-22T16:00:00
2020-06-23T16:00:00,2020-06-23T09:30:00,77.39963824665094,77.45468025117063,76.27199996995148,76.32627866518094,47357484.11799857,2020-06-23T16:00:00
2020-06-24T16:00:00,2020-06-24T09:30:00,76.34859812532882,76.88454128453503,76.18891185416244,76.72406969894257,57344802.50867944,2020-06-24T16:00:00
2020-06-25T16:00:00,2020-06-25T09:30:00,76.61316447643617,78.34091665665345,76.30454890981677,78.02660741459037,62036576.209453925,2020-06-25T16:00:00
2020-06-26T16:00:00,2020-06-26T09:30:00,77.99488172934822,78.26901885319229,77.51471250078762,77.78812290683075,54595842.91610277,2020-06-26T16:00:00
2020-06-29T16:00:00,2020-06-29T09:30:00,77.56873007848277,78.63164632567313,76.97189006240988,78.03124754395783,44888591.605256826,2020-06-29T16:00:00
2020-06-30T16:00:00,2020-06-30T09:30:00,77.94221739683071,78.61923090611252,77.81531372549617,78.4914330149236,51307352.81504628,2020-06-30T16:00:00
2020-07-01T16:00:00,2020-07-01T09:30:00,78.36144712929644,78.68416543049753,78.27334344925212,78.59579826377545,56260069.96357137,2020-07-01T16:00:00
2020-07-02T16:00:00,2020-07-02T09:30:00,78.652815604644,78.84279257797478,77.53118228221284,77.71890349655663,53780360.30356339,2020-07-02T16:00:00
2020-07-03T16:00:00,2020-07-03T09:30:00,77.7113036618669,78.28249976945067,77.46845722435556,78.03863044159246,39609896.90078591,2020-07-03T16:00:00
2020-07-06T16:00:00,2020-07-06T09:30:00,77.95876418464076,78.32962520052651,77.76958646224485,78.14000766575906,55245028.19405509,2020-07-06T16:00:00
2020-07-07T16:00:00,2020-07-07T09:30:00,78.15158668997495,78.27556009956564,77.59854577153216,77.72183746141131,55274038.35977113,2020-07-07T16:00:00
2020-07-08T16:00:00,2020-07-08T09:30:00,77.73722303290013,78.3949858222262,76.09953115603966,76.74893165419346,46084604.88700851,2020-07-08T16:00:00
2020-07-09T16:00:00,2020-07-09T09:30:00,76.65161600055065,76.75697342822697,75.61657588955366,75.72065371221862,56144434.82237563,2020-07-09T16:00:00
2020-07-10T16:00:00,2020-07-10T09:30:00,75.83956469393942,77.11752295959685,75.3315492569067,76.60438433670934,56191922.32174899,2020-07-10T16:00:00
2020-07-13T16:00:00,2020-07-13T09:30:00,76.65531853924725,76.76943803957,76.21815003034109,76.3317878790579,57147373.86372403,2020-07-13T16:00:00
2020-07-14T16:00:00,2020-07-14T09:30:00,76.25189582494271,76.31983804823142,75.58707324132985,75.65448315595249,44604654.069723465,2020-07-14T16:00:00
2020-07-15T16:00:00,2020-07-15T09:30:00,75.67157958771858,76.3006342623619,74.66149838245505,75.2873590478279,42607314.39793396,2020-07-15T16:00:00
2020-07-16T16:00:00,2020-07-16T09:30:00,75.3451118957603,75.5006567520412,74.17152293183439,74.32496175757612,49458868.5750399,2020-07-16T16:00:00
2020-07-17T16:00:00,2020-07-17T09:30:00,74.36960381392961,74.65935836360383,73.99453427151258,74.2839551217051,48644133.514023386,2020-07-17T16:00:00
2020-07-20T16:00:00,2020-07-20T09:30:00,74.25694415022589,76.12888480495296,74.02735780599166,75.89423630895008,47434496.129245795,2020-07-20T16:00:00
2020-07-21T16:00:00,2020-07-21T09:30:00,75.8925946804228,76.3533420337721,75.75888948354303,76.21906167755945,47178077.37696089,2020-07-21T16:00:00
2020-07-22T16:00:00,2020-07-22T09:30:00,76.2857506169885,76.32197273415025,76.08368500933592,76.11982834302897,49613543.46171812,2020-07-22T16:00:00
2020-07-23T16:00:00,2020-07-23T09:30:00,76.04352739445712,76.31472949254726,75.81058799389936,76.08167324219033,42259990.58128159,2020-07-23T16:00:00
2020-07-24T16:00:00,2020-07-24T09:30:00,76.00205130709071,76.21272278639837,75.24907937782484,75.45824346620915,49951703.965604074,2020-07-24T16:00:00
2020-07-27T16:00:00,2020-07-27T09:30:00,75.39122294740868,75.41912070118532,74.45893158497186,74.48649455322588,55829918.52932313,2020-07-27T16:00:00
2020-07-28T16:00:00,2020-07-28T09:30:00,74.42748790371674,74.43637184014837,73.89494181402003,73.90376323676512,40546690.04735969,2020-07-28T16:00:00
2020-07-29T16:00:00,2020-07-29T09:30:00,74.08503440426625,74.86707900729093,74.04315515862272,74.82478159278952,57445896.30845274,2020-07-29T16:00:00
2020-07-30T16:00:00,2020-07-30T09:30:00,74.77624537833269,75.40996770004952,74.6977196941035,75.33085959207871,50375111.20554006,2020-07-30T16:00:00
2020-07-31T16:00:00,2020-07-31T09:30:00,75.44382623098508,76.33512546040387,75.42305443869417,76.31411405357076,44587047.85720871,2020-07-31T16:00:00
2020-08-03T16:00:00,2020-08-03T09:30:00,76.33596115525386,76.42260443554487,75.38079639143484,75.46645275731883,51684094.34448779,2020-08-03T16:00:00
2020-08-04T16:00:00,2020-08-04T09:30:00,75.46530227679385,75.4975417353601,74.7076825504812,74.7396119876031,55304088.341475405,2020-08-04T16:00:00
2020-08-05T16:00:00,2020-08-05T09:30:00,74.85425507598954,74.97428613390976,73.03776808088342,73.15507445137254,60329027.48180301,2020-08-05T16:00:00
2020-08-06T16:00:00,2020-08-06T09:30:00,73.18075984047015,73.2044166772776,72.91699889251794,72.94057808677886,36723651.113762766,2020-08-06T16:00:00
2020-08-07T16:00:00,2020-08-07T09:30:00,72.9716047716293,73.15265465412094,71.8177314866521,71.9963616930886,57072636.24848079,2020-08-07T16:00:00
2020-08-10T16:00:00,2020-08-10T09:30:00,71.98142336413403,72.01911299407695,70.86333959649582,70.90046323336153,47976687.6990277,2020-08-10T16:00:00
2020-08-11T16:00:00,2020-08-11T09:30:00,71.13409388111371,71.39917095594657,71.11752657782289,71.38254578760308,36975655.6080992,2020-08-11T16:00:00
2020-08-12T16:00:00,2020-08-12T09:30:00,71.41382253145166,71.47606677359157,70.32300120758028,70.38434816051551,48541999.13785349,2020-08-12T16:00:00
2020-08-13T16:00:00,2020-08-13T09:30:00,70.29137723706037,70.63683124066407,70.2055867838645,70.55072425507,41349771.410379544,2020-08-13T16:00:00
2020-08-14T16:00:00,2020-08-14T09:30:00,70.51077760260357,70.75702294823569,69.44291265562613,69.68627859686727,46177618.75412393,2020-08-14T16:00:00
2020-08-17T16:00:00,2020-08-17T09:30:00,69.66326118546236,69.97516750490806,68.94550510594536,69.25558612428256,49810798.66040525,2020-08-17T16:00:00
2020-08-18T16:00:00,2020-08-18T09:30:00,69.19332613744682,69.67816342452129,67.53454491727847,68.0110983401431,45289660.04205418,2020-08-18T16:00:00
2020-08-19T16:00:00,2020-08-19T09:30:00,67.9747744061356,68.02211006255217,67.95926330009108,68.00659169614727,50673007.428142875,2020-08-19T16:00:00
2020-08-20T16:00:00,2020-08-20T09:30:00,67.99588048419498,68.35469479469414,67.76137578149407,68.11976284557598,56417779.33807309,2020-08-20T16:00:00
2020-08-21T16:00:00,2020-08-21T09:30:00,67.99805736161046,68.23708944758752,67.86198690751633,68.10081336913957,38315394.145579144,2020-08-21T16:00:00
2020-08-24T16:00:00,2020-08-24T09:30:00,68.10049461014721,68.90470936191386,67.63834272914612,68.44025177937942,49161499.82933179,2020-08-24T16:00:00
2020-08-25T16:00:00,2020-08-25T09:30:00,68.45365876021083,69.0372368846356,68.10196241143859,68.6843552796618,43455241.991320945,2020-08-25T16:00:00
2020-08-26T16:00:00,2020-08-26T09:30:00,68.72914650186516,68.75211489154363,68.30207750961722,68.32491080896808,47501288.59045865,2020-08-26T16:00:00
2020-08-27T16:00:00,2020-08-27T09:30:00,68.23230315313748,68.338993183742,68.13907640606159,68.24574806669327,55421234.63865529,2020-08-27T16:00:00
2020-08-28T16:00:00,2020-08-28T09:30:00,68.24165525613,68.70600779119815,67.88596751854743,68.34975660998516,39910397.43855068,2020-08-28T16:00:00
2020-08-31T16:00:00,2020-08-31T09:30:00,68.39521791167469,68.787052137142,68.26012571833881,68.65145383425853,37214223.53813199,2020-08-31T16:00:00
2020-09-01T16:00:00,2020-09-01T09:30:00,68.74523579252526,68.90588705804463,68.35369326474387,68.51380369483009,41979952.2007582,2020-09-01T16:00:00
2020-09-02T16:00:00,2020-09-02T09:30:00,68.55502267073629,68.67522554264426,67.90674540215382,68.0260207336774,55404248.74032975,2020-09-02T16:00:00
2020-09-03T16:00:00,2020-09-03T09:30:00,68.09643884043723,68.45022604328751,66.89911008379849,67.24849187588335,59378323.292429335,2020-09-03T16:00:00
2020-09-04T16:00:00,2020-09-04T09:30:00,67.17053212269518,67.2124461026571,66.01563687930685,66.05685593248994,52334779.992062405,2020-09-04T16:00:00
2020-09-07T16:00:00,2020-09-07T09:30:00,66.08334358951677,66.65498268306864,65.89882634345376,66.46938752900786,52583516.35707015,2020-09-07T16:00:00
2020-09-08T16:00:00,2020-09-08T09:30:00,66.57664773220796,66.85644452185714,66.57295954705091,66.85274104179894,46415686.146333076,2020-09-08T16:00:00
2020-09-09T16:00:00,2020-09-09T09:30:00,66.83241288278985,67.3114231304909,66.10858030967279,66.58582316643255,36952389.21150763,2020-09-09T16:00:00
2020-09-10T16:00:00,2020-09-10T09:30:00,66.60658227008523,66.87482048741491,65.91185516617878,66.17836888133284,50935697.222790405,2020-09-10T16:00:00
2020-09-11T16:00:00,2020-09-11T09:30:00,66.14634198669035,66.25410691449243,66.06315628563009,66.1708903413985,36808009.06525299,2020-09-11T16:00:00
2020-09-14T16:00:00,2020-09-14T09:30:00,66.17587488621835,66.46534989761454,66.02350837379008,66.31266842517267,36598861.62630671,2020-09-14T16:00:00
2020-09-15T16:00:00,2020-09-15T09:30:00,66.33163419354423,66.97415027246174,65.97082045435879,66.61181249153412,35502618.696846396,2020-09-15T16:00:00
2020-09-16T16:00:00,2020-09-16T09:30:00,66.63612200056376,67.05579974863323,65.44919418278238,65.86400912396003,50633672.41525587,2020-09-16T16:00:00
2020-09-17T16:00:00,2020-09-17T09:30:00,65.80426965559838,65.87778810466015,64.97953133142649,65.05220955701434,54183496.44485858,2020-09-17T16:00:00
2020-09-18T16:00:00,2020-09-18T09:30:00,65.00094291149516,65.33804259367145,64.86490698313945,65.20158675185188,38499829.32178741,2020-09-18T16:00:00
2020-09-21T16:00:00,2020-09-21T09:30:00,65.13886112383754,65.55994622792399,64.389287786856,64.80823558786673,40919687.378035955,2020-09-21T16:00:00
2020-09-22T16:00:00,2020-09-22T09:30:00,64.89278406447913,64.98075432676335,63.998582970606805,64.08545880280852,49651768.03205485,2020-09-22T16:00:00
2020-09-23T16:00:00,2020-09-23T09:30:00,64.05877500898929,64.18232815680375,62.82113639889146,62.94253660562287,47968027.3976431,2020-09-23T16:00:00
2020-09-24T16:00:00,2020-09-24T09:30:00,62.977882800555605,63.058236410417656,62.716212584616656,62.796334556701936,54930125.544974335,2020-09-24T16:00:00
2020-09-25T16:00:00,2020-09-25T09:30:00,62.77116516183122,62.86390774176569,61.76340783582157,61.85479650758902,45961199.3393077,2020-09-25T16:00:00
2020-09-28T16:00:00,2020-09-28T09:30:00,61.73725096344472,62.25432414127619,61.66958414063859,62.186165288041366,57103773.903902985,2020-09-28T16:00:00
2020-09-29T16:00:00,2020-09-29T09:30:00,62.24719167153189,62.31483489044135,61.02226093466917,61.08864517607129,56820750.30104063,2020-09-29T16:00:00
2020-09-30T16:00:00,2020-09-30T09:30:00,60.98254866622995,61.47726291838341,60.84593568252034,61.33984951003721,55076824.796817996,2020-09-30T16:00:00
2020-10-01T16:00:00,2020-10-01T09:30:00,61.262072811419976,61.442006884959255,61.25873395644796,61.4386584058648,39505277.211553074,2020-10-01T16:00:00
2020-10-02T16:00:00,2020-10-02T09:30:00,61.50611173614034,62.352937231425486,61.279208589083474,62.123755525124274,59680891.71519634,2020-10-02T16:00:00
2020-10-05T16:00:00,2020-10-05T09:30:00,62.115534030579454,62.66075130443545,61.95239346490556,62.49660987914618,46848163.59995382,2020-10-05T16:00:00
2020-10-06T16:00:00,2020-10-06T09:30:00,62.4086545338924,62.55763233908706,62.04495779189216,62.19342180778338,52939789.02680299,2020-10-06T16:00:00
2020-10-07T16:00:00,2020-10-07T09:30:00,62.22228863474806,63.018386613264,61.957879301023155,62.75172746566048,49310449.74681434,2020-10-07T16:00:00
2020-10-08T16:00:00,2020-10-08T09:30:00,62.75972578797178,63.027231356194086,62.643553141473696,62.91077909944061,38116533.296097696,2020-10-08T16:00:00
2020-10-09T16:00:00,2020-10-09T09:30:00,62.912721508963365,63.21938492265379,62.21129818505844,62.51602794527606,58124620.37313547,2020-10-09T16:00:00
2020-10-12T16:00:00,2020-10-12T09:30:00,62.38150365081938,62.5599529866266,62.33036424598752,62.50870930054408,36086726.710243426,2020-10-12T16:00:00
2020-10-13T16:00:00,2020-10-13T09:30:00,62.459672565241014,62.465466766034695,61.989647394741986,61.995398526193554,39708944.43555885,2020-10-13T16:00:00
2020-10-14T16:00:00,2020-10-14T09:30:00,61.964285916678726,62.26183842385983,61.83462979837844,62.131831727172255,37397858.06748077,2020-10-14T16:00:00
2020-10-15T16:00:00,2020-10-15T09:30:00,61.93088875344136,62.0052899824338,61.61430318590058,61.68841311460825,40911533.355966516,2020-10-15T16:00:00
2020-10-16T16:00:00,2020-10-16T09:30:00,61.79752352952494,61.87926589136504,61.087568929800625,61.1684792264689,38639617.68214276,2020-10-16T16:00:00
2020-10-19T16:00:00,2020-10-19T09:30:00,61.23212444449918,62.47847494181185,61.11175321909259,62.355894588589635,57666301.59911012,2020-10-19T16:00:00
2020-10-20T16:00:00,2020-10-20T09:30:00,62.441538466704344,62.947817820845664,62.30077604964083,62.80623326961939,52707603.64994988,2020-10-20T16:00:00
2020-10-21T16:00:00,2020-10-21T09:30:00,62.89408266771563,62.94318845667869,62.64829049297888,62.697242595193515,35462462.63320022,2020-10-21T16:00:00
2020-10-22T16:00:00,2020-10-22T09:30:00,62.56915954362744,62.64929344901648,62.511844120156134,62.59195714218945,47428556.74131939,2020-10-22T16:00:00
2020-10-23T16:00:00,2020-10-23T09:30:00,62.60744489843601,62.67816027238442,62.35289372513185,62.42340122096775,55601989.79530303,2020-10-23T16:00:00
2020-10-26T16:00:00,2020-10-26T09:30:00,62.32470580813565,62.96567906653838,62.30191640443825,62.94266370281842,51668606.3199375,2020-10-26T16:00:00
2020-10-27T16:00:00,2020-10-27T09:30:00,63.07533197264043,63.709093766399626,62.94034676379268,63.57304342349648,44528022.307881944,2020-10-27T16:00:00
2020-10-28T16:00:00,2020-10-28T09:30:00,63.51088426347927,63.769555088515105,63.35807675026313,63.6164934789849,42609542.05731803,2020-10-28T16:00:00
2020-10-29T16:00:00,2020-10-29T09:30:00,63.61118647642709,63.69231706485375,63.018201484737176,63.09867841328041,39919891.48630824,2020-10-29T16:00:00
2020-10-30T16:00:00,2020-10-30T09:30:00,63.17948179571965,63.50218003438772,62.33982565225923,62.65986989885354,44168169.0559881,2020-10-30T16:00:00
2020-11-02T16:00:00,2020-11-02T09:30:00,62.80695373766388,63.529559756058205,62.78906396733243,63.51146931333153,38748585.36384824,2020-11-02T16:00:00
2020-11-03T16:00:00,2020-11-03T09:30:00,63.48368798532313,63.708415836958146,63.3043018637664,63.528901954101514,46426376.59564294,2020-11-03T16:00:00
2020-11-04T16:00:00,2020-11-04T09:30:00,63.47762341466143,63.56743557909471,62.4839563710701,62.57248789240451,54122368.52584356,2020-11-04T16:00:00
2020-11-05T16:00:00,2020-11-05T09:30:00,62.51644741183834,62.61921968233318,62.51123962065107,62.614003764434706,45527270.160322405,2020-11-05T16:00:00
2020-11-06T16:00:00,2020-11-06T09:30:00,62.62255256863167,62.959786416723546,62.56254123869134,62.89950967817565,37875494.128705114,2020-11-06T16:00:00
2020-11-09T16:00:00,2020-11-09T09:30:00,62.90892498712634,63.3397877527639,62.6874088947735,63.117537091537145,48290757.6095203,2020-11-09T16:00:00
2020-11-10T16:00:00,2020-11-10T09:30:00,63.098217049927385,63.55626533977836,62.75915423958885,63.2165665697776,42539342.73574967,2020-11-10T16:00:00
2020-11-11T16:00:00,2020-11-11T09:30:00,63.281083016440355,64.75656543635638,63.26510375974451,64.74021773008553,43117343.87762104,2020-11-11T16:00:00
2020-11-12T16:00:00,2020-11-12T09:30:00,64.79179312712462,64.92449139494627,64.59410208846472,64.72666697322356,45570974.24735723,2020-11-12T16:00:00
2020-11-13T16:00:00,2020-11-13T09:30:00,64.7442479897821,64.78034780221789,64.49616989012212,64.5321514427,51545809.31221768,2020-11-13T16:00:00
2020-11-16T16:00:00,2020-11-16T09:30:00,64.53404123019541,65.77031037224735,64.29436915149272,65.52695074071497,39863595.18468069,2020-11-16T16:00:00
2020-11-17T16:00:00,2020-11-17T09:30:00,65.56010790642372,65.58759519285687,65.48778692309124,65.51525540428423,54559116.62224514,2020-11-17T16:00:00
2020-11-18T16:00:00,2020-11-18T09:30:00,65.43939236616102,65.62740254614933,65.41320855227707,65.60115400769259,50281705.842220105,2020-11-18T16:00:00
2020-11-19T16:00:00,2020-11-19T09:30:00,65.73387627570577,65.88239241166366,65.64166346651471,65.79010072967309,49749489.08943321,2020-11-19T16:00:00
2020-11-20T16:00:00,2020-11-20T09:30:00,65.94785136208641,66.76554133874879,65.82959112807465,66.64602910544356,59081794.06294165,2020-11-20T16:00:00
2020-11-23T16:00:00,2020-11-23T09:30:00,66.56817070838035,66.74241880914288,66.40272389281597,66.57695017332263,46392101.59374221,2020-11-23T16:00:00
2020-11-24T16:00:00,2020-11-24T09:30:00,66.63177313085966,66.92145774168242,65.17451936010833,65.45910574708485,48499103.704729415,2020-11-24T16:00:00
2020-11-25T16:00:00,2020-11-25T09:30:00,65.54244921984657,65.8651032856094,65.088401315845,65.41040535264003,50035969.15536536,2020-11-25T16:00:00
2020-11-26T16:00:00,2020-11-26T09:30:00,65.4993552089885,66.19014825336487,65.23743131529866,65.92651619524507,51325372.19674546,2020-11-26T16:00:00
2020-11-27T16:00:00,2020-11-27T09:30:00,65.90233678862643,65.92353262229034,65.81915612635471,65.84033201773929,46202504.26868197,2020-11-27T16:00:00
2020-11-30T16:00:00,2020-11-30T09:30:00,65.83595310353994,65.87172500274714,65.68221734515932,65.71792511397656,43078385.088962235,2020-11-30T16:00:00
2020-12-01T16:00:00,2020-12-01T09:30:00,65.64735261324796,67.05169735900832,65.51737285910797,66.91919938708213,61672053.288861565,2020-12-01T16:00:00
2020-12-02T16:00:00,2020-12-02T09:30:00,66.94395484041084,67.19310199647855,66.55936039437853,66.80800156942216,48213008.73015074,2020-12-02T16:00:00
2020-12-03T16:00:00,2020-12-03T09:30:00,66.77613052982282,66.82965650123457,66.56251426297361,66.61591180731578,49035684.7735764,2020-12-03T16:00:00
2020-12-04T16:00:00,2020-12-04T09:30:00,66.46491038755084,66.78682634715794,66.20399848273071,66.52567590373927,53579169.55746566,2020-12-04T16:00:00
2020-12-07T16:00:00,2020-12-07T09:30:00,66.53480969187044,68.12885303478144,66.10821572675957,67.69482154847265,60559033.82183778,2020-12-07T16:00:00
2020-12-08T16:00:00,2020-12-08T09:30:00,67.71545442929275,67.7170151977011,66.88047121979241,66.88201277826694,44776608.693500906,2020-12-08T16:00:00
2020-12-09T16:00:00,2020-12-09T09:30:00,66.91198010254031,67.44000932438087,66.6751357285147,67.20213789599437,51326630.26002956,2020-12-09T16:00:00
2020-12-10T16:00:00,2020-12-10T09:30:00,67.21061335252713,68.096699493831,66.97952223315258,67.86336401343402,54679561.3517451,2020-12-10T16:00:00
2020-12-11T16:00:00,2020-12-11T09:30:00,67.90996931884915,68.16580977382634,66.40437188620929,66.65548626756546,53030307.21073529,2020-12-11T16:00:00
2020-12-14T16:00:00,2020-12-14T09:30:00,66.60418065982017,66.79659142847272,66.48731416766107,66.67959261532987,54445505.64615355,2020-12-14T16:00:00
2020-12-15T16:00:00,2020-12-15T09:30:00,66.69488690270511,66.73593657798861,65.81571738547144,65.85625089321243,48017659.861816056,2020-12-15T16:00:00
2020-12-16T16:00:00,2020-12-16T09:30:00,65.9407056993525,66.20190140146701,65.86441007212473,66.12539208584225,44975438.49854673,2020-12-16T16:00:00
2020-12-17T16:00:00,2020-12-17T09:30:00,66.11524444405006,66.37932479070837,65.96368445246736,66.22750745181257,53519123.45906767,2020-12-17T16:00:00
2020-12-18T16:00:00,2020-12-18T09:30:00,66.26862223916936,66.33320099177334,65.75325079369985,65.8173898204464,52105292.089358166,2020-12-18T16:00:00
2020-12-21T16:00:00,2020-12-21T09:30:00,65.84961889626918,65.90951054685188,65.50798045953223,65.56761562204643,40879708.748372525,2020-12-21T16:00:00
2020-12-22T16:00:00,2020-12-22T09:30:00,65.56449268694297,65.96237271398195,65.52409007783439,65.92174995330821,47343949.11228385,2020-12-22T16:00:00
2020-12-23T16:00:00,2020-12-23T09:30:00,65.88635611549319,66.44254248571961,65.47584415085241,66.03112850129772,54305658.58446635,2020-12-23T16:00:00
2020-12-24T16:00:00,2020-12-24T09:30:00,66.09920440436788,67.2299085385293,65.99040991769688,67.11943482672862,53927328.86900179,2020-12-24T16:00:00
2020-12-25T16:00:00,2020-12-25T09:30:00,67.02288775195775,67.24563272374206,67.01257018316518,67.23528245870091,41997301.497435935,2020-12-25T16:00:00
2020-12-28T16:00:00,2020-12-28T09:30:00,67.25981099609199,67.67010118196175,67.11478620491165,67.52450565934913,47398302.080139264,2020-12-28T16:00:00
2020-12-29T16:00:00,2020-12-29T09:30:00,67.41511990568196,67.65068715318174,67.40983575614398,67.64538495494851,36209215.984607995,2020-12-29T16:00:00
2020-12-30T16:00:00,2020-12-30T09:30:00,67.62703293770478,67.99673606022058,67.38888679243271,67.75812826749636,37731483.28358522,2020-12-30T16:00:00
2020-12-31T16:00:00,2020-12-31T09:30:00,67.77498971969864,68.0442770849411,66.69670880662136,66.96276901129225,49556476.34006985,2020-12-31T16:00:00
2021-01-01T16:00:00,2021-01-01T09:30:00,66.99167018059342,67.52247713171661,65.78364126434386,66.30903940629614,50210733.81712029,2021-01-01T16:00:00
2021-01-04T16:00:00,2021-01-04T09:30:00,66.30185504195262,66.56790660525385,66.2757157268909,66.5416727427555,49384696.178567335,2021-01-04T16:00:00
2021-01-05T16:00:00,2021-01-05T09:30:00,66.46883356716106,66.72602997606909,65.3897565409854,65.64376038809637,56294724.5985651,2021-01-05T16:00:00
2021-01-06T16:00:00,2021-01-06T09:30:00,65.58492421857216,65.59679967207668,65.25612003553158,65.2679380924004,50251280.950723976,2021-01-06T16:00:00
2021-01-07T16:00:00,2021-01-07T09:30:00,65.296976414525,65.33932380041205,64.59753263967886,64.639453598893,53264004.314765304,2021-01-07T16:00:00
2021-01-08T16:00:00,2021-01-08T09:30:00,64.68360292743361,64.85296687785387,64.512609096541,64.68196876816948,52510636.00214071,2021-01-08T16:00:00
2021-01-11T16:00:00,2021-01-11T09:30:00,64.5761787076453,64.67283592630973,64.56578863806503,64.66243197889544,54205525.92919977,2021-01-11T16:00:00
2021-01-12T16:00:00,2021-01-12T09:30:00,64.65825357108824,64.83099082945654,63.82122871826527,63.992186550424464,45034066.82448056,2021-01-12T16:00:00
2021-01-13T16:00:00,2021-01-13T09:30:00,63.913392570857205,64.10118750978783,63.86726223544834,64.05495499982577,35465560.016911775,2021-01-13T16:00:00
2021-01-14T16:00:00,2021-01-14T09:30:00,64.06726449433607,64.14600023547676,63.28776074196541,63.365634211542634,39016330.435863964,2021-01-14T16:00:00
2021-01-15T16:00:00,2021-01-15T09:30:00,63.29243942740404,63.42832470751727,63.07010879398837,63.20580808151213,38241908.143960595,2021-01-15T16:00:00
2021-01-18T16:00:00,2021-01-18T09:30:00,63.18728530292474,63.34062016734686,62.16585099762611,62.317074144328714,61112701.60697662,2021-01-18T16:00:00
2021-01-19T16:00:00,2021-01-19T09:30:00,62.376676271386756,62.50554267794658,62.10591411725941,62.23448676898456,41264978.89613093,2021-01-19T16:00:00
2021-01-20T16:00:00,2021-01-20T09:30:00,62.366955674475356,62.54556501443728,62.09785888504537,62.27620833863667,50393937.55154657,2021-01-20T16:00:00
2021-01-21T16:00:00,2021-01-21T09:30:00,62.21930357159654,62.253298550137565,61.6730207850065,61.70673571005201,52995246.02586403,2021-01-21T16:00:00
2021-01-22T16:00:00,2021-01-22T09:30:00,61.74251341491015,61.91813574917908,61.674638552619484,61.850142567864275,38635736.76838381,2021-01-22T16:00:00
2021-01-25T16:00:00,2021-01-25T09:30:00,62.04202933025944,62.16006848543708,61.51153242810803,61.62878535869225,56575225.19610725,2021-01-25T16:00:00
2021-01-26T16:00:00,2021-01-26T09:30:00,61.59124810365681,61.59253335231781,61.061587524012126,61.06286174662838,36983722.58012272,2021-01-26T16:00:00
2021-01-27T16:00:00,2021-01-27T09:30:00,60.979634167293035,61.2618013548196,60.28881992150009,60.56908741210585,58648816.98080563,2021-01-27T16:00:00
2021-01-28T16:00:00,2021-01-28T09:30:00,60.54387278355653,60.71544265720507,59.969444226168456,60.13986923023051,39749200.575285055,2021-01-28T16:00:00
2021-01-29T16:00:00,2021-01-29T09:30:00,60.16322044696743,60.463281842576365,59.91436126398318,60.21421173917887,37151603.796540454,2021-01-29T16:00:00
2021-02-01T16:00:00,2021-02-01T09:30:00,60.35486918718577,60.41280788415934,60.32381242427286,60.38173729574255,42998863.23698921,2021-02-01T16:00:00
2021-02-02T16:00:00,2021-02-02T09:30:00,60.39344133662017,60.53773258656654,60.130876170808314,60.27488416545346,50866613.743573435,2021-02-02T16:00:00
2021-02-03T16:00:00,2021-02-03T09:30:00,60.24420808421285,60.491403728706686,59.57746544236077,59.822932497610076,54235078.1539144,2021-02-03T16:00:00
2021-02-04T16:00:00,2021-02-04T09:30:00,59.77266494813119,59.92428612871721,58.8371613483106,58.98678905192382,53249720.85461054,2021-02-04T16:00:00
2021-02-05T16:00:00,2021-02-05T09:30:00,58.994198481929004,59.209409807024,58.92222331384306,59.13726009831964,35894290.16674341,2021-02-05T16:00:00
2021-02-08T16:00:00,2021-02-08T09:30:00,58.99500460062009,59.271258536681216,58.92237881104574,59.19838237893023,49292592.342784315,2021-02-08T16:00:00
2021-02-09T16:00:00,2021-02-09T09:30:00,59.16965584996989,59.70124485895376,59.06094451341126,59.59175800175999,43017516.48902947,2021-02-09T16:00:00
2021-02-10T16:00:00,2021-02-10T09:30:00,59.486851173369395,60.390599260196446,59.13092454742705,60.03141435896405,44505034.15331859,2021-02-10T16:00:00
2021-02-11T16:00:00,2021-02-11T09:30:00,60.00621649556342,60.98163987650767,59.786050041833995,60.75871246933597,54714031.368941255,2021-02-11T16:00:00
2021-02-12T16:00:00,2021-02-12T09:30:00,60.78786695045309,60.84467500014775,60.360338648591814,60.41679992523675,46410668.842430055,2021-02-12T16:00:00
2021-02-15T16:00:00,2021-02-15T09:30:00,60.300491643069684,60.337987335128254,60.24802338069659,60.28550975680799,49413264.77799278,2021-02-15T16:00:00
2021-02-16T16:00:00,2021-02-16T09:30:00,60.4718901949468,60.5669902481034,59.652051332527606,59.74600984273164,44434943.698582135,2021-02-16T16:00:00
2021-02-17T16:00:00,2021-02-17T09:30:00,59.72465411189017,59.91466483422707,59.33569902585834,59.525074797516126,37510037.57840498,2021-02-17T16:00:00
2021-02-18T16:00:00,2021-02-18T09:30:00,59.462460009567955,59.56137216927228,58.74514173791178,58.84302350293246,40619040.93020812,2021-02-18T16:00:00
2021-02-19T16:00:00,2021-02-19T09:30:00,58.850403851870645,59.16157641208869,58.570816052618625,58.881839268763365,50785531.694588564,2021-02-19T16:00:00
2021-02-22T16:00:00,2021-02-22T09:30:00,58.84552566946321,59.056795635719254,58.83729107496873,59.04853263328708,49944657.404862404,2021-02-22T16:00:00
2021-02-23T16:00:00,2021-02-23T09:30:00,59.07173827239824,59.382645018560375,57.45803975561503,57.76205335986937,54328139.888168424,2021-02-23T16:00:00
2021-02-24T16:00:00,2021-02-24T09:30:00,57.97024949866268,58.2060705286993,57.176977853213735,57.41052193028125,48127115.23847099,2021-02-24T16:00:00
2021-02-25T16:00:00,2021-02-25T09:30:00,57.43840548199574,58.73049265450941,57.236984760591746,58.5252606304374,61008287.141660415,2021-02-25T16:00:00
2021-02-26T16:00:00,2021-02-26T09:30:00,58.7341686519384,58.74186816214474,58.290803626189806,58.298446017159584,36518404.2612813,2021-02-26T16:00:00
2021-03-01T16:00:00,2021-03-01T09:30:00,58.17608517081276,59.719229844385644,58.039357761562485,59.579204775832594,60841935.47597917,2021-03-01T16:00:00
2021-03-02T16:00:00,2021-03-02T09:30:00,59.746076109643596,59.96334889631743,58.90431070952196,59.119304175214914,43350161.55522019,2021-03-02T16:00:00
2021-03-03T16:00:00,2021-03-03T09:30:00,59.0012196810092,60.295948343510815,58.92008971281655,60.21315190091333,57935659.60931854,2021-03-03T16:00:00
2021-03-04T16:00:00,2021-03-04T09:30:00,60.1906665254758,62.29971580380413,60.1198732363879,62.226528034962094,56402971.371515,2021-03-04T16:00:00
2021-03-05T16:00:00,2021-03-05T09:30:00,62.26765242938097,62.44557490415815,61.8006508519449,61.977744950283835,46805002.15070378,2021-03-05T16:00:00
2021-03-08T16:00:00,2021-03-08T09:30:00,61.61042721342996,62.08785826548119,61.420741522406765,61.89728938549474,43550594.545338534,2021-03-08T16:00:00
2021-03-09T16:00:00,2021-03-09T09:30:00,61.9148556711149,62.16882631994657,61.81939926642815,62.07312590423437,39403235.531187735,2021-03-09T16:00:00
2021-03-10T16:00:00,2021-03-10T09:30:00,62.10272637062721,63.93730513039678,61.62937386331855,63.45365571936435,47529149.386808544,2021-03-10T16:00:00
2021-03-11T16:00:00,2021-03-11T09:30:00,63.46172041897229,63.74316097655352,62.27349070023465,62.55089190807441,57116676.277353555,2021-03-11T16:00:00
2021-03-12T16:00:00,2021-03-12T09:30:00,62.415241181240525,62.567516054847275,61.805274374889834,61.956429883561974,36970266.72664982,2021-03-12T16:00:00
2021-03-15T16:00:00,2021-03-15T09:30:00,61.77138296583691,62.17085257466816,61.72353065314953,62.12272808616487,39987795.14511548,2021-03-15T16:00:00
2021-03-16T16:00:00,2021-03-16T09:30:00,62.178163629521805,62.91557170857172,61.73586046605329,62.471184149307355,38957140.94078974,2021-03-16T16:00:00
2021-03-17T16:00:00,2021-03-17T09:30:00,62.468459337233924,63.1063063550439,62.15232513145516,62.78855225466072,50638491.92144908,2021-03-17T16:00:00
2021-03-18T16:00:00,2021-03-18T09:30:00,62.95798457494687,63.28970571175922,60.65357182789697,60.974843937933606,58507364.54625081,2021-03-18T16:00:00
2021-03-19T16:00:00,2021-03-19T09:30:00,60.99381386800228,61.84818044297291,60.2031588995115,61.05671015796064,47904738.502859674,2021-03-19T16:00:00
2021-03-22T16:00:00,2021-03-22T09:30:00,61.069514188296836,61.10286841752365,61.007585288161906,61.04092390228246,55731562.62381982,2021-03-22T16:00:00
2021-03-23T16:00:00,2021-03-23T09:30:00,61.285475881148656,62.03498518263005,60.89606295238089,61.643298618905774,42365990.91593096,2021-03-23T16:00:00
2021-03-24T16:00:00,2021-03-24T09:30:00,61.99445578857481,63.978826008363356,61.60341340701776,63.577796390497575,46364469.82775987,2021-03-24T16:00:00
2021-03-25T16:00:00,2021-03-25T09:30:00,63.373554200344984,63.82075958382818,62.9649286919778,63.41188691048241,38373119.200767875,2021-03-25T16:00:00
2021-03-26T16:00:00,2021-03-26T09:30:00,63.52111323675327,63.6241529860848,63.39864410108765,63.50165228214554,54619708.065877944,2021-03-26T16:00:00
2021-03-29T16:00:00,2021-03-29T09:30:00,63.49807088385414,63.513858068154185,62.62311933339151,62.63869285514821,51502879.02767721,2021-03-29T16:00:00
2021-03-30T16:00:00,2021-03-30T09:30:00,62.4274752384863,63.12123506677036,62.26899507837775,62.96139947145314,52007653.36120384,2021-03-30T16:00:00
2021-03-31T16:00:00,2021-03-31T09:30:00,63.022112823045475,64.15665927499775,62.91840043687037,64.05125328307004,45808334.00749065,2021-03-31T16:00:00
2021-04-01T16:00:00,2021-04-01T09:30:00,63.99209126239104,64.56800362513172,62.887541620504166,63.45865317768152,54087791.46011957,2021-04-01T16:00:00
2021-04-02T16:00:00,2021-04-02T09:30:00,63.293640734179185,63.94591625640964,63.22155275901082,63.87316823130045,53508677.61768856,2021-04-02T16:00:00
2021-04-05T16:00:00,2021-04-05T09:30:00,63.707924936650116,65.72236865032669,63.179691664678494,65.18191382235992,47965377.17105379,2021-04-05T16:00:00
2021-04-06T16:00:00,2021-04-06T09:30:00,65.09479202287945,65.11712822125483,64.95646034480038,64.97875672758846,56669965.56075355,2021-04-06T16:00:00
2021-04-07T16:00:00,2021-04-07T09:30:00,64.96585041084487,66.03684403390177,64.65972634334963,65.72713274568396,54322759.775333665,2021-04-07T16:00:00
2021-04-08T16:00:00,2021-04-08T09:30:00,65.78751516839361,68.35997606670627,65.53037064814153,68.0938168748354,51943499.335840605,2021-04-08T16:00:00
2021-04-09T16:00:00,2021-04-09T09:30:00,68.0751322555914,68.57582448993192,66.67769892131851,67.1717467601626,50985433.348181576,2021-04-09T16:00:00
2021-04-12T16:00:00,2021-04-12T09:30:00,66.95243432182218,67.93394624603717,66.88976808535827,67.87042079126779,52307206.71852484,2021-04-12T16:00:00
2021-04-13T16:00:00,2021-04-13T09:30:00,67.72209277470674,68.80017137158497,66.73257829872186,67.80938148547386,55193307.96330117,2021-04-13T16:00:00
2021-04-14T16:00:00,2021-04-14T09:30:00,67.75069201461656,69.12187217474975,67.41788735081185,68.78399174038657,41767444.24543818,2021-04-14T16:00:00
2021-04-15T16:00:00,2021-04-15T09:30:00,68.65658575550646,69.002049689041,67.5192189344849,67.86067804597596,47220742.037600234,2021-04-15T16:00:00
2021-04-16T16:00:00,2021-04-16T09:30:00,67.84498464205451,67.93286125071074,67.35368460107402,67.44103799550058,44116020.96791264,2021-04-16T16:00:00
2021-04-19T16:00:00,2021-04-19T09:30:00,67.51553328745923,68.22960732520592,67.36335942096595,68.07616983496595,53112492.6246738,2021-04-19T16:00:00
2021-04-20T16:00:00,2021-04-20T09:30:00,68.32776858719852,68.34766160749199,67.68779494403599,67.70750738081236,52510592.756645985,2021-04-20T16:00:00
2021-04-21T16:00:00,2021-04-21T09:30:00,67.72068057874644,70.09483055799373,67.4071627975288,69.77181689308516,52025788.16175928,2021-04-21T16:00:00
2021-04-22T16:00:00,2021-04-22T09:30:00,69.79913075151624,70.97847169066009,69.40152953550812,70.57644262372773,40873843.2259655,2021-04-22T16:00:00
2021-04-23T16:00:00,2021-04-23T09:30:00,70.59781947612154,71.55111983283233,70.54241557704468,71.49501183332885,59584377.233813405,2021-04-23T16:00:00
2021-04-26T16:00:00,2021-04-26T09:30:00,71.27581775663676,71.6405554413993,70.43693186558782,70.799230725292,39098560.25313166,2021-04-26T16:00:00
2021-04-27T16:00:00,2021-04-27T09:30:00,70.82188143362185,71.21613785162542,69.36780272467388,69.75612621877073,58867595.1009347,2021-04-27T16:00:00
2021-04-28T16:00:00,2021-04-28T09:30:00,69.64062413037402,71.50383998644807,69.1861471234511,71.0402291113188,41597379.59544909,2021-04-28T16:00:00
2021-04-29T16:00:00,2021-04-29T09:30:00,71.16654449639952,71.20273405172382,69.58557224513147,69.6209758491009,63245505.578745,2021-04-29T16:00:00
2021-04-30T16:00:00,2021-04-30T09:30:00,69.66679111068402,69.92088416756677,68.7310979932405,68.98269597576632,54633433.66497476,2021-04-30T16:00:00
2021-05-03T16:00:00,2021-05-03T09:30:00,69.04568324188101,69.9372700102241,67.12044574497425,67.99851037216425,40964499.855331644,2021-05-03T16:00:00
2021-05-04T16:00:00,2021-05-04T09:30:00,67.82203081001602,68.97501889431605,67.8017188380092,68.95436779950565,61211251.17680896,2021-05-04T16:00:00
2021-05-05T16:00:00,2021-05-05T09:30:00,68.70226248627962,68.72670422765461,68.58770568213495,68.61211535247106,44425736.87181637,2021-05-05T16:00:00
2021-05-06T16:00:00,2021-05-06T09:30:00,68.67906097683225,68.96440845988094,67.9963446665274,68.28003427505946,55599607.680885434,2021-05-06T16:00:00
2021-05-07T16:00:00,2021-05-07T09:30:00,68.46940112370035,68.77532931232646,67.38446708834059,67.68689897847487,41839969.18906205,2021-05-07T16:00:00
2021-05-10T16:00:00,2021-05-10T09:30:00,67.55210175137114,68.12817938620998,67.22299727989703,67.7978775292308,41595849.727114506,2021-05-10T16:00:00
2021-05-11T16:00:00,2021-05-11T09:30:00,67.80907628738956,67.96391321425537,67.08803416440382,67.24157524531275,47631424.89268144,2021-05-11T16:00:00
2021-05-12T16:00:00,2021-05-12T09:30:00,67.02767515997643,67.46411115630677,66.95084447825984,67.38686874781978,54705754.34407491,2021-05-12T16:00:00
2021-05-13T16:00:00,2021-05-13T09:30:00,67.4856638984419,68.84044930080901,67.34609428756134,68.69837164394691,43059261.75976763,2021-05-13T16:00:00
2021-05-14T16:00:00,2021-05-14T09:30:00,68.60220343276144,69.2564414953281,67.67923715582181,68.33088776451298,55244057.02152971,2021-05-14T16:00:00
2021-05-17T16:00:00,2021-05-17T09:30:00,68.31823181450699,68.78477150676851,67.59542076491263,68.06019836758661,56743425.62541873,2021-05-17T16:00:00
2021-05-18T16:00:00,2021-05-18T09:30:00,68.16456590575407,68.34641921542817,68.07435017092286,68.25608235866301,34579734.689092755,2021-05-18T16:00:00
2021-05-19T16:00:00,2021-05-19T09:30:00,68.15524969428877,68.27466344996725,67.07569397490246,67.1934225281242,40240129.46588774,2021-05-19T16:00:00
2021-05-20T16:00:00,2021-05-20T09:30:00,67.08601441405135,67.53089401711749,66.43585917543992,66.8793684095362,52674413.687719725,2021-05-20T16:00:00
2021-05-21T16:00:00,2021-05-21T09:30:00,66.9805894630111,67.68580124682039,66.6937117475366,67.39713944868508,49071701.417523496,2021-05-21T16:00:00
2021-05-24T16:00:00,2021-05-24T09:30:00,67.34895307885827,68.26477802336345,67.25113722767463,68.16577584024711,47940434.47438463,2021-05-24T16:00:00
2021-05-25T16:00:00,2021-05-25T09:30:00,68.19498273814592,68.53385057171698,66.31703693498376,66.64821874028773,59463814.87163433,2021-05-25T16:00:00
2021-05-26T16:00:00,2021-05-26T09:30:00,66.59201493827068,67.00442807369767,65.21263179669901,65.61901904014064,44967415.80042974,2021-05-26T16:00:00
2021-05-27T16:00:00,2021-05-27T09:30:00,65.80172596163803,66.66915008853007,65.56406106306085,66.42921879013944,45367981.70978533,2021-05-27T16:00:00
2021-05-28T16:00:00,2021-05-28T09:30:00,66.51483897059153,69.34855943129355,65.8531190291733,68.66544428774442,60111440.01227313,2021-05-28T16:00:00
2021-05-31T16:00:00,2021-05-31T09:30:00,68.34261837194794,69.26003248267267,68.09421990970368,69.00921121834776,54930017.042039044,2021-05-31T16:00:00
2021-06-01T16:00:00,2021-06-01T09:30:00,68.71424701358679,68.90908677938282,68.31639922092772,68.51066171908532,47138626.89969949,2021-06-01T16:00:00
2021-06-02T16:00:00,2021-06-02T09:30:00,68.5112266520168,69.128222812352,68.28617655115671,68.90188943715147,47116851.24247518,2021-06-02T16:00:00
2021-06-03T16:00:00,2021-06-03T09:30:00,68.96765128259527,69.34710480048949,66.61046837030963,66.97898040846532,48704137.35663436,2021-06-03T16:00:00
2021-06-04T16:00:00,2021-06-04T09:30:00,66.8775563018515,67.82194360875371,66.60546747236575,67.54713064118164,59825613.10031342,2021-06-04T16:00:00
2021-06-07T16:00:00,2021-06-07T09:30:00,67.24469664156541,68.4041089906287,66.73627324483971,67.89080053452578,48383011.324462205,2021-06-07T16:00:00
2021-06-08T16:00:00,2021-06-08T09:30:00,68.03528480103654,68.7502680212315,66.5249761682626,67.23151254090585,39203637.22401624,2021-06-08T16:00:00
2021-06-09T16:00:00,2021-06-09T09:30:00,67.18761717974093,67.43881192152176,65.56594784479638,65.81199955683336,54306849.06426766,2021-06-09T16:00:00
2021-06-10T16:00:00,2021-06-10T09:30:00,65.79999824102215,66.03875434628888,65.10398982632708,65.34108074379434,43728077.33660564,2021-06-10T16:00:00
2021-06-11T16:00:00,2021-06-11T09:30:00,65.24804067169433,65.57904943251872,64.16486956084589,64.49204308274928,38059970.75006892,2021-06-11T16:00:00
2021-06-14T16:00:00,2021-06-14T09:30:00,64.36858238950319,64.40392379625611,63.64953914763069,63.68450496340943,45991785.197993085,2021-06-14T16:00:00
2021-06-15T16:00:00,2021-06-15T09:30:00,63.76812553738767,63.94463424123978,62.86131979052956,63.03580143812951,58291896.92806358,2021-06-15T16:00:00
2021-06-16T16:00:00,2021-06-16T09:30:00,63.159674206461005,63.67003377319334,62.84605323598456,63.35544071911361,40088029.28203271,2021-06-16T16:00:00
2021-06-17T16:00:00,2021-06-17T09:30:00,63.31206188954484,63.64730495184041,62.330571000589025,62.66237390657874,42199892.757734835,2021-06-17T16:00:00
2021-06-18T16:00:00,2021-06-18T09:30:00,62.694720496455496,63.23653563372063,61.13420632048056,61.66714099501751,60264860.692763835,2021-06-18T16:00:00
2021-06-21T16:00:00,2021-06-21T09:30:00,61.4361879133024,61.92828674667737,61.097583339887,61.58884082914211,39501778.92355275,2021-06-21T16:00:00
2021-06-22T16:00:00,2021-06-22T09:30:00,61.50095513292057,61.59912167583294,61.094974602202356,61.192649033343635,46368397.35866991,2021-06-22T16:00:00
2021-06-23T16:00:00,2021-06-23T09:30:00,61.181421062484574,63.51358455845927,60.27736379388568,62.588731930786146,60727046.552893735,2021-06-23T16:00:00
2021-06-24T16:00:00,2021-06-24T09:30:00,62.641088184963,63.944555473473834,62.443375241557156,63.743363438450565,44483072.81342756,2021-06-24T16:00:00
2021-06-25T16:00:00,2021-06-25T09:30:00,63.62821092754541,65.30833664950488,63.13687498241181,64.8078912334369,52189097.638947144,2021-06-25T16:00:00
2021-06-28T16:00:00,2021-06-28T09:30:00,64.57074754536546,65.7193654108875,64.56437661236109,65.71288178814328,40389618.72924554,2021-06-28T16:00:00
2021-06-29T16:00:00,2021-06-29T09:30:00,65.89043772707849,66.54592839782981,64.59992273923189,65.24903258905302,53623919.62435926,2021-06-29T16:00:00
2021-06-30T16:00:00,2021-06-30T09:30:00,65.29623226926165,65.57557325824914,64.97244940152345,65.25159944877073,44972057.1259676,2021-06-30T16:00:00
2021-07-01T16:00:00,2021-07-01T09:30:00,65.20672993283436,65.69702561001668,63.80553320258296,64.28892783749066,56251451.89753066,2021-07-01T16:00:00
2021-07-02T16:00:00,2021-07-02T09:30:00,64.24761569113996,65.858070102427,63.89536944369776,65.49896317307442,44032676.67607303,2021-07-02T16:00:00
2021-07-05T16:00:00,2021-07-05T09:30:00,65.49481127467853,66.64293919782827,64.91467647120821,66.05781744247354,57171299.77896838,2021-07-05T16:00:00
2021-07-06T16:00:00,2021-07-06T09:30:00,66.00597462805244,66.08259160847166,65.64491503989863,65.72120146751884,39366330.979512796,2021-07-06T16:00:00
2021-07-07T16:00:00,2021-07-07T09:30:00,65.66495670293594,65.90280726138079,64.98284466173878,65.21908017333233,42303866.81278022,2021-07-07T16:00:00
2021-07-08T16:00:00,2021-07-08T09:30:00,65.36615192611913,65.74381397116642,63.80925663804316,64.18006590594537,40691027.37750906,2021-07-08T16:00:00
2021-07-09T16:00:00,2021-07-09T09:30:00,63.87451718710379,64.25075923020923,63.70918671115481,64.08488424781537,50889695.66805651,2021-07-09T16:00:00
2021-07-12T16:00:00,2021-07-12T09:30:00,64.3239195611397,65.49698721828,64.171354282022,65.34200721028044,55025596.08335808,2021-07-12T16:00:00
2021-07-13T16:00:00,2021-07-13T09:30:00,65.33024096434274,66.26852540417423,65.31335975294219,66.25140616541813,58101250.89611261,2021-07-13T16:00:00
2021-07-14T16:00:00,2021-07-14T09:30:00,65.87618623468761,66.49008981219599,65.1982037018067,65.811504506958,50988016.60609231,2021-07-14T16:00:00
2021-07-15T16:00:00,2021-07-15T09:30:00,65.84595690638801,67.19686711488727,65.48940583299931,66.83496065802781,53058629.21029289,2021-07-15T16:00:00
2021-07-16T16:00:00,2021-07-16T09:30:00,66.78217535153466,68.39413467498223,66.41544088314546,68.02059939811423,41326067.26287327,2021-07-16T16:00:00
2021-07-19T16:00:00,2021-07-19T09:30:00,68.06431753773823,68.71065853104707,67.76683088657664,68.41165378785703,40168942.09649403,2021-07-19T16:00:00
2021-07-20T16:00:00,2021-07-20T09:30:00,68.23210963322444,68.43704917404172,67.1424143420364,67.3446884561283,43994483.37456444,2021-07-20T16:00:00
2021-07-21T16:00:00,2021-07-21T09:30:00,67.3235490737542,68.0259073359351,66.8680750816009,67.56877428528581,55858879.935944326,2021-07-21T16:00:00
2021-07-22T16:00:00,2021-07-22T09:30:00,67.70363014306655,68.17087047553504,65.86090842421869,66.31859023663448,45244303.099959254,2021-07-22T16:00:00
2021-07-23T16:00:00,2021-07-23T09:30:00,66.30334865667399,66.63257608440017,64.55671004042985,64.87886423048444,63387467.333129525,2021-07-23T16:00:00
2021-07-26T16:00:00,2021-07-26T09:30:00,64.78371052626076,66.5641555329687,63.885089143264864,65.65346963366736,40716631.93825927,2021-07-26T16:00:00
2021-07-27T16:00:00,2021-07-27T09:30:00,65.62536091092946,66.25474035065203,64.55416562531144,65.17926680346682,46027940.10936083,2021-07-27T16:00:00
2021-07-28T16:00:00,2021-07-28T09:30:00,65.29130679438016,65.45782076281499,65.19938076733553,65.36578986831702,54780400.894967996,2021-07-28T16:00:00
2021-07-29T16:00:00,2021-07-29T09:30:00,65.41100646644271,66.45201866753409,65.3515178474795,66.39163820435458,52789937.61394182,2021-07-29T16:00:00
2021-07-30T16:00:00,2021-07-30T09:30:00,66.3852848940604,66.99476618091396,66.35339358620936,66.96259753366239,48568786.03310706,2021-07-30T16:00:00
2021-08-02T16:00:00,2021-08-02T09:30:00,66.89804806788982,67.31492758537978,66.15654006347806,66.57138395238414,37049908.62124983,2021-08-02T16:00:00
2021-08-03T16:00:00,2021-08-03T09:30:00,66.59374740845925,67.31668707166838,66.43973247163346,67.161359388127,38749306.16588675,2021-08-03T16:00:00
2021-08-04T16:00:00,2021-08-04T09:30:00,67.02842698097415,67.87076981532408,66.47625497138299,67.31622694471919,51040673.17535616,2021-08-04T16:00:00
2021-08-05T16:00:00,2021-08-05T09:30:00,67.47021185880264,68.03001694908947,66.49076609697062,67.04706026877156,42703740.862581745,2021-08-05T16:00:00
2021-08-06T16:00:00,2021-08-06T09:30:00,66.6209205957295,67.41750140432731,66.28646169831859,67.0807340921773,42995146.036763415,2021-08-06T16:00:00
2021-08-09T16:00:00,2021-08-09T09:30:00,67.02579159256848,67.21157205347149,66.96640162083106,67.15207018925045,51510437.2473915,2021-08-09T16:00:00
2021-08-10T16:00:00,2021-08-10T09:30:00,67.31808044637349,68.20217285284464,66.84534130449119,67.72656513981225,49287937.941484466,2021-08-10T16:00:00
2021-08-11T16:00:00,2021-08-11T09:30:00,67.73512434175692,68.45611284659208,66.18254802259025,66.89458967990726,46339029.41846854,2021-08-11T16:00:00
2021-08-12T16:00:00,2021-08-12T09:30:00,66.72188908830621,67.97804805381908,66.52968845850488,67.7827913641794,49108783.72707677,2021-08-12T16:00:00
2021-08-13T16:00:00,2021-08-13T09:30:00,67.65219957485739,68.86085590798295,67.54971247744777,68.75669559681084,40410474.07412517,2021-08-13T16:00:00
2021-08-16T16:00:00,2021-08-16T09:30:00,68.63669224497335,69.54300064127374,68.35266166731921,69.25640558197964,55766592.612216055,2021-08-16T16:00:00
2021-08-17T16:00:00,2021-08-17T09:30:00,69.15013387439994,69.35149684704558,67.94983969999564,68.14828532177883,48480706.53996941,2021-08-17T16:00:00
2021-08-18T16:00:00,2021-08-18T09:30:00,68.19779613527884,69.35393808155321,65.95256285313924,67.08992327929826,48216749.54935371,2021-08-18T16:00:00
2021-08-19T16:00:00,2021-08-19T09:30:00,67.13283073846227,67.1485460099044,64.84584141743007,64.8610248768603,53445117.70197948,2021-08-19T16:00:00
2021-08-20T16:00:00,2021-08-20T09:30:00,64.91005644915806,65.288108059697,63.936205695913024,64.31076690155874,41997517.590877146,2021-08-20T16:00:00
2021-08-23T16:00:00,2021-08-23T09:30:00,64.29656982218637,65.27727830274898,64.02565052392929,65.00338079378865,40986284.78860843,2021-08-23T16:00:00
2021-08-24T16:00:00,2021-08-24T09:30:00,64.99342715059267,66.16008998045393,64.78205397295973,65.94562005828172,55556582.12073995,2021-08-24T16:00:00
2021-08-25T16:00:00,2021-08-25T09:30:00,65.96051291968998,67.19471240709393,65.84807946547812,67.08037009249593,59151424.686285585,2021-08-25T16:00:00
2021-08-26T16:00:00,2021-08-26T09:30:00,67.2135403825661,67.52492850323206,67.00659047085787,67.31765801423305,37502409.04409496,2021-08-26T16:00:00
2021-08-27T16:00:00,2021-08-27T09:30:00,67.1809165278965,67.20869710062489,65.68500578286361,65.71217900499778,42937173.59345038,2021-08-27T16:00:00
2021-08-30T16:00:00,2021-08-30T09:30:00,65.45620230768596,66.01617365617248,65.32640333789111,65.88552334721226,45293038.19978469,2021-08-30T16:00:00
2021-08-31T16:00:00,2021-08-31T09:30:00,65.80339647610974,66.56581930679256,65.78518279630643,66.54739969481669,42068724.82063225,2021-08-31T16:00:00
2021-09-01T16:00:00,2021-09-01T09:30:00,66.2935652754438,66.65770520514351,65.98554169153397,66.34942209051916,47816516.91123422,2021-09-01T16:00:00
2021-09-02T16:00:00,2021-09-02T09:30:00,66.40716045165242,67.13863205207223,65.69098928906922,66.42229764174655,54431406.14299565,2021-09-02T16:00:00
2021-09-03T16:00:00,2021-09-03T09:30:00,66.52038115268277,67.27440461520476,64.60850256663848,65.34925100588107,51009190.9788145,2021-09-03T16:00:00
2021-09-06T16:00:00,2021-09-06T09:30:00,65.44453145688927,66.68861152038616,63.594853235086575,64.82719798241533,55705528.26086815,2021-09-06T16:00:00
2021-09-07T16:00:00,2021-09-07T09:30:00,64.92102338652029,65.146015972353,64.54279618927336,64.76725587299393,43875385.17696438,2021-09-07T16:00:00
2021-09-08T16:00:00,2021-09-08T09:30:00,64.79236921880873,66.05773496205187,64.27125920369487,65.53068682944244,48253063.02797007,2021-09-08T16:00:00
2021-09-09T16:00:00,2021-09-09T09:30:00,65.4975852229852,66.16139230251339,65.24549323808682,65.90772175358512,52320190.84073907,2021-09-09T16:00:00
2021-09-10T16:00:00,2021-09-10T09:30:00,65.88006754062894,65.99880382569177,64.04603881741522,64.16167803239121,43216111.58821316,2021-09-10T16:00:00
2021-09-13T16:00:00,2021-09-13T09:30:00,64.31231345408041,64.95480957993631,63.45523301825792,64.09556376036359,46285557.3502664,2021-09-13T16:00:00
2021-09-14T16:00:00,2021-09-14T09:30:00,63.98182361193034,64.41846719788772,63.33829315935312,63.77351514538285,50170337.89564216,2021-09-14T16:00:00
2021-09-15T16:00:00,2021-09-15T09:30:00,63.659229856934545,63.788047081103564,62.840962876798514,62.96838214052485,53835581.6485255,2021-09-15T16:00:00
2021-09-16T16:00:00,2021-09-16T09:30:00,63.068063644314044,63.36446584166477,61.803874528629954,62.09570692230575,41489234.24155225,2021-09-16T16:00:00
2021-09-17T16:00:00,2021-09-17T09:30:00,62.06512355228165,62.277376471075655,60.3035079966848,60.51044415752459,45207263.633682884,2021-09-17T16:00:00
2021-09-20T16:00:00,2021-09-20T09:30:00,60.495063905736,62.159013326141164,60.022549556327476,61.67726504972511,58556033.77288812,2021-09-20T16:00:00
2021-09-21T16:00:00,2021-09-21T09:30:00,61.6402817877806,62.34133214521837,60.07960155446822,60.77076265308862,41498540.801683724,2021-09-21T16:00:00
2021-09-22T16:00:00,2021-09-22T09:30:00,60.74510614370506,61.62089122492496,60.15059813532025,61.02365705866181,56334540.03656713,2021-09-22T16:00:00
2021-09-23T16:00:00,2021-09-23T09:30:00,61.14549770921397,61.47769400895827,61.10228797657169,61.43428020218493,45774409.10191171,2021-09-23T16:00:00
2021-09-24T16:00:00,2021-09-24T09:30:00,61.42021599216733,62.24620725180921,61.28768289510693,62.112181026345475,42973752.39592515,2021-09-24T16:00:00
2021-09-27T16:00:00,2021-09-27T09:30:00,62.43599068586021,64.12188762956958,61.867934697189845,63.543752982742994,44521931.63160944,2021-09-27T16:00:00
2021-09-28T16:00:00,2021-09-28T09:30:00,63.35352138339673,63.63746462440143,61.84259417705828,62.12101345842922,50592683.54121467,2021-09-28T16:00:00
2021-09-29T16:00:00,2021-09-29T09:30:00,61.9494547562686,62.28825270900337,60.66823835874711,61.00185393790758,52668993.17018314,2021-09-29T16:00:00
2021-09-30T16:00:00,2021-09-30T09:30:00,61.049424328017984,63.55033050307404,60.14430766128122,62.621900360724474,44097845.49706318,2021-09-30T16:00:00
2021-10-01T16:00:00,2021-10-01T09:30:00,62.74894428688487,63.093457412943515,61.825376744378865,62.166693112716025,54825413.45738412,2021-10-01T16:00:00
2021-10-04T16:00:00,2021-10-04T09:30:00,62.22260420330492,62.71301999119961,60.870049205540035,61.35361594611053,48101285.58083116,2021-10-04T16:00:00
2021-10-05T16:00:00,2021-10-05T09:30:00,61.31935204609544,61.73600115499884,59.77590851642737,60.18484897089202,62576468.690975174,2021-10-05T16:00:00
2021-10-06T16:00:00,2021-10-06T09:30:00,60.40284793008254,60.685992642622466,60.11216051648675,60.395269705299725,44913614.872104645,2021-10-06T16:00:00
2021-10-07T16:00:00,2021-10-07T09:30:00,60.61096614026578,61.762917175520975,60.373234291932235,61.521613533142975,40813970.82812159,2021-10-07T16:00:00
2021-10-08T16:00:00,2021-10-08T09:30:00,61.485001034418644,61.51555204631169,60.484373880974516,60.51444263637147,46748395.534700684,2021-10-08T16:00:00
2021-10-11T16:00:00,2021-10-11T09:30:00,60.4298746873416,60.50918230327019,58.55392435713399,58.630870977014666,55216511.6044246,2021-10-11T16:00:00
2021-10-12T16:00:00,2021-10-12T09:30:00,58.594300574923054,59.99523122436509,58.46379683140018,59.86190421954712,44108866.11824561,2021-10-12T16:00:00
2021-10-13T16:00:00,2021-10-13T09:30:00,59.929172038096226,60.364076691712825,59.89114901110932,60.32580201645751,50881691.70642769,2021-10-13T16:00:00
2021-10-14T16:00:00,2021-10-14T09:30:00,60.28457598086574,61.58418885744266,59.73014996723981,61.02297195362643,55619076.935303554,2021-10-14T16:00:00
2021-10-15T16:00:00,2021-10-15T09:30:00,61.049490174875494,62.95726351850024,60.97009750087198,62.87549618911792,63426751.17287648,2021-10-15T16:00:00
2021-10-18T16:00:00,2021-10-18T09:30:00,62.859717697069655,63.36163059772881,62.36377689878624,62.865643050515786,48631249.751269326,2021-10-18T16:00:00
2021-10-19T16:00:00,2021-10-19T09:30:00,62.77423285139803,64.1402360295764,62.304222142249955,63.66356659495306,40265154.77734797,2021-10-19T16:00:00
2021-10-20T16:00:00,2021-10-20T09:30:00,63.77069221510963,64.38004788448424,63.42502060875941,64.03295467391006,54228031.90452506,2021-10-20T16:00:00
2021-10-21T16:00:00,2021-10-21T09:30:00,63.96634433637349,63.97285451824547,62.55638177299439,62.56274910380409,61105819.11838665,2021-10-21T16:00:00
2021-10-22T16:00:00,2021-10-22T09:30:00,62.496561222945914,62.59896240331633,62.22972215563547,62.33185346084917,34867608.38765078,2021-10-22T16:00:00
2021-10-25T16:00:00,2021-10-25T09:30:00,62.20210075284195,62.23187214824916,61.13966502268466,61.16894192386025,39847494.991555534,2021-10-25T16:00:00
2021-10-26T16:00:00,2021-10-26T09:30:00,61.2307645808592,61.73296130735448,60.33973480902186,60.83871606890195,39586542.98601714,2021-10-26T16:00:00
2021-10-27T16:00:00,2021-10-27T09:30:00,60.76936223257526,61.77697820443876,60.25018847340216,61.253666862672155,57904004.97662912,2021-10-27T16:00:00
2021-10-28T16:00:00,2021-10-28T09:30:00,61.16035849371338,61.50832880587734,60.4649362361205,60.81091841781421,53261473.4554687,2021-10-28T16:00:00
2021-10-29T16:00:00,2021-10-29T09:30:00,60.9531441944373,61.07686934356455,60.41042296922141,60.53329589334288,36747259.0144572,2021-10-29T16:00:00
2021-11-01T16:00:00,2021-11-01T09:30:00,60.58455074238411,60.689255163383415,59.55423362746868,59.65733560158558,40203988.18948187,2021-11-01T16:00:00
2021-11-02T16:00:00,2021-11-02T09:30:00,59.88624599333628,60.03060109947102,59.724782499550464,59.86909626646613,50799690.8442356,2021-11-02T16:00:00
2021-11-03T16:00:00,2021-11-03T09:30:00,59.821750337310675,60.04694067682029,58.84875169943459,59.07111638584269,58705030.711606264,2021-11-03T16:00:00
2021-11-04T16:00:00,2021-11-04T09:30:00,59.17348678003444,59.34109108008852,58.58055392953463,58.74695009760264,45724810.865538694,2021-11-04T16:00:00
2021-11-05T16:00:00,2021-11-05T09:30:00,58.57724734225828,59.418540236820725,58.54231687127954,59.38312920667686,41913926.78862634,2021-11-05T16:00:00
2021-11-08T16:00:00,2021-11-08T09:30:00,59.362782796705254,59.75930346956096,59.030746761012445,59.42690875578344,36172606.44655296,2021-11-08T16:00:00
2021-11-09T16:00:00,2021-11-09T09:30:00,59.459919064401824,59.72977471671345,57.42138388827732,57.68317588701071,63296032.22997343,2021-11-09T16:00:00
2021-11-10T16:00:00,2021-11-10T09:30:00,57.9711222461925,58.414929070966735,57.30652262448386,57.748626095826374,36076561.06644433,2021-11-10T16:00:00
2021-11-11T16:00:00,2021-11-11T09:30:00,57.584174140039075,57.96490504632803,57.32440981062637,57.704597482783015,48660740.98419862,2021-11-11T16:00:00
2021-11-12T16:00:00,2021-11-12T09:30:00,57.64352861185121,58.814042074374065,57.57461920735643,58.743817340251276,45824975.53814834,2021-11-12T16:00:00
2021-11-15T16:00:00,2021-11-15T09:30:00,58.50407232878647,58.99982074836899,57.085524505491755,57.57338653368848,50764647.05444459,2021-11-15T16:00:00
2021-11-16T16:00:00,2021-11-16T09:30:00,57.45825408727012,57.62284717424634,56.90352703169646,57.066999342776974,46824791.58794283,2021-11-16T16:00:00
2021-11-17T16:00:00,2021-11-17T09:30:00,57.4789566840867,57.68969692283869,56.4137959036366,56.6213919762153,61609845.05112786,2021-11-17T16:00:00
2021-11-18T16:00:00,2021-11-18T09:30:00,56.569923096688335,57.56048736304592,56.10607028237666,57.092350831139555,55986938.22515305,2021-11-18T16:00:00
2021-11-19T16:00:00,2021-11-19T09:30:00,57.29564944691067,58.24774430960545,57.1150459252879,58.06471658588351,52466044.68064108,2021-11-19T16:00:00
2021-11-22T16:00:00,2021-11-22T09:30:00,58.06364696975076,58.31759078771175,57.78198248001767,58.03580452788052,52839279.17037534,2021-11-22T16:00:00
2021-11-23T16:00:00,2021-11-23T09:30:00,58.021867674572,59.00024124820789,57.77073641509797,58.745975890924605,54162724.027044885,2021-11-23T16:00:00
2021-11-24T16:00:00,2021-11-24T09:30:00,58.66520800826179,58.84295824065579,56.85129665219024,57.02407439935361,54030345.31424802,2021-11-24T16:00:00
2021-11-25T16:00:00,2021-11-25T09:30:00,57.025530139414116,57.69825033213825,56.72892851422967,57.39970255849491,52877143.14961127,2021-11-25T16:00:00
2021-11-26T16:00:00,2021-11-26T09:30:00,57.2404374728805,58.090158748819384,56.90036472894799,57.74707600073672,54798859.29351812,2021-11-26T16:00:00
2021-11-29T16:00:00,2021-11-29T09:30:00,57.96552993788816,58.08324961366168,57.06513768803878,57.18126463348699,46425912.09322202,2021-11-29T16:00:00
2021-11-30T16:00:00,2021-11-30T09:30:00,57.2813865874514,57.44582229834921,56.90989660147039,57.073736217576815,54723617.46339133,2021-11-30T16:00:00
2021-12-01T16:00:00,2021-12-01T09:30:00,57.07491435174708,57.480122149306794,57.017906749577236,57.422767104629585,44841573.97231468,2021-12-01T16:00:00
2021-12-02T16:00:00,2021-12-02T09:30:00,57.28434516910911,57.33723332063917,56.25708407650593,56.30907180043133,44799287.12117167,2021-12-02T16:00:00
2021-12-03T16:00:00,2021-12-03T09:30:00,56.28509745053746,56.50368526198625,55.62886653758868,55.84574809964958,53303791.17721631,2021-12-03T16:00:00
2021-12-06T16:00:00,2021-12-06T09:30:00,55.887866726866264,57.11528820022479,54.533613550323025,55.758186968652545,41131074.70141411,2021-12-06T16:00:00
2021-12-07T16:00:00,2021-12-07T09:30:00,55.681956437022535,56.78289857249682,55.320270343984596,56.41644157918058,47726556.698710985,2021-12-07T16:00:00
2021-12-08T16:00:00,2021-12-08T09:30:00,56.43429590225465,56.66643550213334,56.36443767256614,56.59637663782944,56840899.78702731,2021-12-08T16:00:00
2021-12-09T16:00:00,2021-12-09T09:30:00,56.632902344303616,58.789312453012684,56.284814422426585,58.43017777485504,61688609.495747626,2021-12-09T16:00:00
2021-12-10T16:00:00,2021-12-10T09:30:00,58.41594367831406,59.1945861801745,58.08508338500154,58.861203990471985,56645904.20727967,2021-12-10T16:00:00
2021-12-13T16:00:00,2021-12-13T09:30:00,58.88939670514492,60.63896569089033,58.747094056197824,60.492788542991114,48683740.92318481,2021-12-13T16:00:00
2021-12-14T16:00:00,2021-12-14T09:30:00,60.45634159445063,61.49402905774179,60.38930347449879,61.42591580769284,48976821.761685506,2021-12-14T16:00:00
2021-12-15T16:00:00,2021-12-15T09:30:00,61.67881638267792,62.82616152030678,61.571139531553044,62.71667281352469,49306136.039631,2021-12-15T16:00:00
2021-12-16T16:00:00,2021-12-16T09:30:00,62.86959240545277,62.92896810500958,60.75031230328479,60.807740735799065,51477291.453883655,2021-12-16T16:00:00
2021-12-17T16:00:00,2021-12-17T09:30:00,60.69295829912621,60.84934790404141,60.485456918895586,60.64171448212886,38980756.97358592,2021-12-17T16:00:00
2021-12-20T16:00:00,2021-12-20T09:30:00,60.4928073461923,61.0360223364055,60.4662593777255,61.009247722103986,48001391.23411154,2021-12-20T16:00:00
2021-12-21T16:00:00,2021-12-21T09:30:00,60.91273465414185,61.00439283867333,60.436801665782966,60.52788074298974,41781808.18944813,2021-12-21T16:00:00
2021-12-22T16:00:00,2021-12-22T09:30:00,60.60838418585426,61.06459022844315,60.143100090920335,60.59923728376076,40783260.44978381,2021-12-22T16:00:00
2021-12-23T16:00:00,2021-12-23T09:30:00,60.751165463660975,60.89232670648421,59.67573837560043,59.81472370490022,43143190.7679866,2021-12-23T16:00:00
2021-12-24T16:00:00,2021-12-24T09:30:00,59.88676693143702,61.19704816381862,59.49369205569912,60.79799233717151,47306365.767451495,2021-12-24T16:00:00
2021-12-27T16:00:00,2021-12-27T09:30:00,60.684350868522024,62.41429572405368,60.52989163904855,62.25583660872683,43556298.20455716,2021-12-27T16:00:00
2021-12-28T16:00:00,2021-12-28T09:30:00,62.373327410143744,62.73491228481078,62.197563610744595,62.55862632565573,40064813.20765061,2021-12-28T16:00:00
2021-12-29T16:00:00,2021-12-29T09:30:00,62.600863071554954,64.12217135455676,62.23801522687535,63.75264752354987,50907437.68080569,2021-12-29T16:00:00
2021-12-30T16:00:00,2021-12-30T09:30:00,63.55805603076254,64.0812824718663,62.42795908802082,62.94614814431922,48007479.68336348,2021-12-30T16:00:00
2021-12-31T16:00:00,2021-12-31T09:30:00,62.79938031248807,64.32854137736754,62.622368110665576,64.14772859507536,45464986.47541612,2021-12-31T16:00:00
2022-01-03T16:00:00,2022-01-03T09:30:00,64.2385937145928,65.08006775432794,63.88969659614999,64.72850976972926,51554239.74452387,2022-01-03T16:00:00
2022-01-04T16:00:00,2022-01-04T09:30:00,64.83682669869893,66.55262821523195,64.18804352788611,65.89327381286107,60282415.629785836,2022-01-04T16:00:00
2022-01-05T16:00:00,2022-01-05T09:30:00,65.8885728908302,66.73573510942656,65.63058453520709,66.47544882639467,48070357.00387099,2022-01-05T16:00:00
2022-01-06T16:00:00,2022-01-06T09:30:00,66.39720115599505,67.087897180299,66.29570565624175,66.9855023967296,43425078.273454465,2022-01-06T16:00:00
2022-01-07T16:00:00,2022-01-07T09:30:00,67.03561627817315,67.76789871102596,66.97723020441802,67.7089262038916,46362519.593582936,2022-01-07T16:00:00
2022-01-10T16:00:00,2022-01-10T09:30:00,67.84373188194161,68.1267500169068,67.61348751764889,67.8963271576304,53055149.643112175,2022-01-10T16:00:00
2022-01-11T16:00:00,2022-01-11T09:30:00,68.01111977862638,68.5986813044825,67.19793947241146,67.78353484699518,39168370.481453076,2022-01-11T16:00:00
2022-01-12T16:00:00,2022-01-12T09:30:00,67.75194614354271,67.89313240999776,67.63375737073366,67.7749035894482,39786826.543179594,2022-01-12T16:00:00
2022-01-13T16:00:00,2022-01-13T09:30:00,67.73486609757342,67.90623647492376,67.46816518880618,67.63929376651356,40795736.005606584,2022-01-13T16:00:00
2022-01-14T16:00:00,2022-01-14T09:30:00,67.57933452065006,69.40052311034245,67.19644906205941,69.00953454161042,55437353.8835912,2022-01-14T16:00:00
2022-01-17T16:00:00,2022-01-17T09:30:00,69.06779642513605,69.92619826223451,68.78676169675157,69.64282376537986,36886770.743098244,2022-01-17T16:00:00
2022-01-18T16:00:00,2022-01-18T09:30:00,69.5473926356166,70.11201144175499,69.39523571265761,69.9589540978983,54103641.61537553,2022-01-18T16:00:00
2022-01-19T16:00:00,2022-01-19T09:30:00,69.98163785616576,70.66475616975139,69.977433455267,70.66051098308549,50340651.13253402,2022-01-19T16:00:00
2022-01-20T16:00:00,2022-01-20T09:30:00,70.8386705675424,71.70591648502608,70.59660615654585,71.46172302748577,40134511.70796182,2022-01-20T16:00:00
2022-01-21T16:00:00,2022-01-21T09:30:00,71.42507905215109,71.59649847405265,70.1292070401105,70.29792129551315,56788222.50641569,2022-01-21T16:00:00
2022-01-24T16:00:00,2022-01-24T09:30:00,70.26372258048431,70.51622751816784,69.60195274286792,69.85298161126522,54337199.33936223,2022-01-24T16:00:00
2022-01-25T16:00:00,2022-01-25T09:30:00,69.88242650552476,70.88496250620462,69.69226428146905,70.69259567108874,42789690.50858701,2022-01-25T16:00:00
2022-01-26T16:00:00,2022-01-26T09:30:00,70.71163432679352,71.5608646449709,70.59817409274572,71.44622572353175,48544571.55688543,2022-01-26T16:00:00
2022-01-27T16:00:00,2022-01-27T09:30:00,71.37118620729062,71.96538484122473,71.08305690410138,71.67602488794671,46827042.55652882,2022-01-27T16:00:00
2022-01-28T16:00:00,2022-01-28T09:30:00,71.67663596919463,71.97661927755999,70.88492567775647,71.18284234553705,55986463.63032827,2022-01-28T16:00:00
2022-01-31T16:00:00,2022-01-31T09:30:00,71.18239874668426,71.32530662263132,70.86325843511261,71.00581178989489,49704057.72206894,2022-01-31T16:00:00
2022-02-01T16:00:00,2022-02-01T09:30:00,71.15539586256676,71.79141398624246,70.91381220993856,71.54849569843941,57880185.7402077,2022-02-01T16:00:00
2022-02-02T16:00:00,2022-02-02T09:30:00,71.6492489909465,72.47318422740146,71.50643596569039,72.32901627346912,39443429.81982033,2022-02-02T16:00:00
2022-02-03T16:00:00,2022-02-03T09:30:00,72.25126972117113,72.69748334712436,72.0871020456663,72.53267626613177,57238086.614804074,2022-02-03T16:00:00
2022-02-04T16:00:00,2022-02-04T09:30:00,72.47634138117371,74.22650627721849,72.24759283298609,73.99297096951926,52838358.457812734,2022-02-04T16:00:00
2022-02-07T16:00:00,2022-02-07T09:30:00,73.94703642254795,75.1639863600558,73.60958912359467,74.82254380159563,38309710.700917535,2022-02-07T16:00:00
2022-02-08T16:00:00,2022-02-08T09:30:00,74.90583103016314,75.87657271696045,74.38233561289663,75.34997331635594,58255537.993907556,2022-02-08T16:00:00
2022-02-09T16:00:00,2022-02-09T09:30:00,75.2505656399743,75.4777906035901,75.21861263307846,75.44575471521935,49268557.58708082,2022-02-09T16:00:00
2022-02-10T16:00:00,2022-02-10T09:30:00,75.3991499988329,75.49822085871263,75.17518793582684,75.2740944787626,52772044.51947572,2022-02-10T16:00:00
2022-02-11T16:00:00,2022-02-11T09:30:00,75.302345861132,75.63129559754414,74.16911772741425,74.49453864986742,38282814.27708448,2022-02-11T16:00:00
2022-02-14T16:00:00,2022-02-14T09:30:00,74.56322926486615,74.56704220369356,74.15768896610544,74.16148136075583,41667877.47787742,2022-02-14T16:00:00
2022-02-15T16:00:00,2022-02-15T09:30:00,74.12569539555946,74.12606251227032,73.66770288660499,73.66806773685803,39217268.373937815,2022-02-15T16:00:00
2022-02-16T16:00:00,2022-02-16T09:30:00,73.65793026737738,74.74793615787401,73.53814255267439,74.62657316785456,51608218.077048294,2022-02-16T16:00:00
2022-02-17T16:00:00,2022-02-17T09:30:00,74.49715215731256,74.6557363596646,73.50954605953594,73.66636173473395,42561458.976788506,2022-02-17T16:00:00
2022-02-18T16:00:00,2022-02-18T09:30:00,73.35037461358272,74.03588370811086,73.2825701423622,73.9675087632573,51446404.73465456,2022-02-18T16:00:00
2022-02-21T16:00:00,2022-02-21T09:30:00,73.96434860383933,73.98151890903146,73.85812592291109,73.8752755504181,38241590.70427264,2022-02-21T16:00:00
2022-02-22T16:00:00,2022-02-22T09:30:00,73.81788648774301,74.5372028756818,73.35153215710939,74.06926045651673,44943494.06542817,2022-02-22T16:00:00
2022-02-23T16:00:00,2022-02-23T09:30:00,74.08782367927736,75.22738116190197,74.03169735852325,75.17043469324764,50680041.48293918,2022-02-23T16:00:00
2022-02-24T16:00:00,2022-02-24T09:30:00,75.1153694218507,75.21751539939642,74.35161477069833,74.45285983155742,55262900.03285824,2022-02-24T16:00:00
2022-02-25T16:00:00,2022-02-25T09:30:00,74.46334158452451,74.8196130673493,74.21763573293977,74.57354358346683,38260573.89390985,2022-02-25T16:00:00
2022-02-28T16:00:00,2022-02-28T09:30:00,74.57734827084299,74.64949039163587,73.9563670541898,74.02797774344393,46931575.0233598,2022-02-28T16:00:00
2022-03-01T16:00:00,2022-03-01T09:30:00,74.05514478174703,74.24959026362556,73.64618148462088,73.84006222746562,38648592.107985824,2022-03-01T16:00:00
2022-03-02T16:00:00,2022-03-02T09:30:00,73.89011810797966,74.5519614488874,73.45452444229691,74.11504182314266,43948944.06411844,2022-03-02T16:00:00
2022-03-03T16:00:00,2022-03-03T09:30:00,74.04267805751041,74.72740835006687,73.77994900041274,74.46318718100869,54445142.95096096,2022-03-03T16:00:00
2022-03-04T16:00:00,2022-03-04T09:30:00,74.49398031822638,75.37445562226303,74.22241141417408,75.10067500378564,40866268.438960806,2022-03-04T16:00:00
2022-03-07T16:00:00,2022-03-07T09:30:00,74.98755505999814,75.34797213959213,74.40491161549022,74.76425543702263,37976180.70736718,2022-03-07T16:00:00
2022-03-08T16:00:00,2022-03-08T09:30:00,74.76463465672292,75.02244029202679,73.31407198045616,73.56775048418369,56649937.976152115,2022-03-08T16:00:00
2022-03-09T16:00:00,2022-03-09T09:30:00,73.6531562647236,74.44370250263103,73.59702566225222,74.38701263288367,57016125.650917605,2022-03-09T16:00:00
2022-03-10T16:00:00,2022-03-10T09:30:00,74.4532503899024,74.55613634684735,73.3416309818079,73.44312105445269,43897502.14515182,2022-03-10T16:00:00
2022-03-11T16:00:00,2022-03-11T09:30:00,73.50294819519318,73.51636811256107,73.05462724120052,73.06796774132202,50270281.83287291,2022-03-11T16:00:00
2022-03-14T16:00:00,2022-03-14T09:30:00,73.05777095662876,74.28707536201864,72.9125325562091,74.13968612089047,44176401.736927114,2022-03-14T16:00:00
2022-03-15T16:00:00,2022-03-15T09:30:00,74.03304901587876,74.42776468287579,72.77692877589219,73.16702714826671,55052995.70322448,2022-03-15T16:00:00
2022-03-16T16:00:00,2022-03-16T09:30:00,73.31910268939521,73.32516550324942,73.2259358972696,73.23199150783219,48890785.08238271,2022-03-16T16:00:00
2022-03-17T16:00:00,2022-03-17T09:30:00,73.15322512324191,73.38848551118544,73.10191540339711,73.33704685865546,37475802.33658141,2022-03-17T16:00:00
2022-03-18T16:00:00,2022-03-18T09:30:00,73.25859916846547,73.75269856476555,71.83184509913673,72.31961140564245,55596492.10169165,2022-03-18T16:00:00
2022-03-21T16:00:00,2022-03-21T09:30:00,72.2735351894158,72.51561313522924,70.88160948319045,71.11982310646358,56569326.89113988,2022-03-21T16:00:00
2022-03-22T16:00:00,2022-03-22T09:30:00,70.99687920983648,71.77864119996363,70.73464613475487,71.51449626181473,37744488.14188446,2022-03-22T16:00:00
2022-03-23T16:00:00,2022-03-23T09:30:00,71.56113670661425,72.15684118950846,71.34873913731212,71.9433093099405,43350835.55989926,2022-03-23T16:00:00
2022-03-24T16:00:00,2022-03-24T09:30:00,71.98969008811045,72.14594367114395,70.79608648996637,70.95008360770171,47996651.46036986,2022-03-24T16:00:00
2022-03-25T16:00:00,2022-03-25T09:30:00,71.05922649045064,71.17941301508277,70.94463595794564,71.06481347297643,40781577.85272204,2022-03-25T16:00:00
2022-03-28T16:00:00,2022-03-28T09:30:00,70.94110342825132,71.29288749202563,70.12629184360662,70.47576839536072,52921289.13898764,2022-03-28T16:00:00
2022-03-29T16:00:00,2022-03-29T09:30:00,70.42942144853964,70.52388162605375,69.92539308696755,70.01930321252073,38943697.505752996,2022-03-29T16:00:00
2022-03-30T16:00:00,2022-03-30T09:30:00,69.9933894829156,70.41920881346583,69.67592717335198,70.1012572583695,39175798.7956325,2022-03-30T16:00:00
2022-03-31T16:00:00,2022-03-31T09:30:00,70.0653161057847,70.13672908067528,68.5302737684715,68.6001934400566,46379190.43011212,2022-03-31T16:00:00
2022-04-01T16:00:00,2022-04-01T09:30:00,68.61049856532716,68.7696671620172,68.22112973751933,68.37976305391953,52881617.259259485,2022-04-01T16:00:00
2022-04-04T16:00:00,2022-04-04T09:30:00,68.23420351054592,68.92012805166837,67.6858215469844,68.3706495043097,38534785.933197714,2022-04-04T16:00:00
2022-04-05T16:00:00,2022-04-05T09:30:00,68.31755823647072,68.38761410363394,67.6429198164331,67.71235508132455,56318259.30254872,2022-04-05T16:00:00
2022-04-06T16:00:00,2022-04-06T09:30:00,67.91910060389561,68.59899293619861,67.35060729059785,68.02957493575987,35261250.15126794,2022-04-06T16:00:00
2022-04-07T16:00:00,2022-04-07T09:30:00,68.06899408736858,68.0704753643889,67.66879804010301,67.67027064034048,40880369.87069376,2022-04-07T16:00:00
2022-04-08T16:00:00,2022-04-08T09:30:00,67.72396804389905,67.87971027978222,67.70805123405341,67.86376061522002,46868138.22021281,2022-04-08T16:00:00
2022-04-11T16:00:00,2022-04-11T09:30:00,67.96773410165956,68.21983856528517,67.28677039979132,67.53727822570116,51203082.70614626,2022-04-11T16:00:00
2022-04-12T16:00:00,2022-04-12T09:30:00,67.50252654652469,68.36761823270042,67.2467429073225,68.10953449142629,51553958.73925704,2022-04-12T16:00:00
2022-04-13T16:00:00,2022-04-13T09:30:00,68.03078984834721,68.61628104401987,67.62520071089527,68.20962571455573,40133912.39922612,2022-04-13T16:00:00
2022-04-14T16:00:00,2022-04-14T09:30:00,68.23695537985988,68.87220786086513,68.06453612743724,68.69862208178299,56254824.28454735,2022-04-14T16:00:00
2022-04-15T16:00:00,2022-04-15T09:30:00,68.70133259654894,68.96389229437672,68.49610123045363,68.7584901815316,47558847.36451255,2022-04-15T16:00:00
2022-04-18T16:00:00,2022-04-18T09:30:00,68.73821757091486,69.78347592276556,68.4143654659515,69.45624093436582,42143730.06312186,2022-04-18T16:00:00
2022-04-19T16:00:00,2022-04-19T09:30:00,69.45582298579306,69.7605404406462,67.78154301511981,68.08022543118537,61766952.70016384,2022-04-19T16:00:00
2022-04-20T16:00:00,2022-04-20T09:30:00,68.02348146800487,68.97319737977189,67.73610154050186,68.68303104227122,58600164.17046571,2022-04-20T16:00:00
2022-04-21T16:00:00,2022-04-21T09:30:00,68.70767964290974,69.93008851628032,68.45976185082732,69.67866711192764,40824683.81100649,2022-04-21T16:00:00
2022-04-22T16:00:00,2022-04-22T09:30:00,69.7526171989523,69.90257906481163,69.33697856189127,69.48636801590605,55351005.1241894,2022-04-22T16:00:00
2022-04-25T16:00:00,2022-04-25T09:30:00,69.47831576798673,69.53898401680466,67.42408609209036,67.48301204791777,64615726.52512304,2022-04-25T16:00:00
2022-04-26T16:00:00,2022-04-26T09:30:00,67.65750505453745,67.69138452372056,67.28698641405585,67.32069722685102,46983905.54005734,2022-04-26T16:00:00
2022-04-27T16:00:00,2022-04-27T09:30:00,67.35334039520372,68.0064456278431,67.25816999778775,67.91048797983589,57848928.17895009,2022-04-27T16:00:00
2022-04-28T16:00:00,2022-04-28T09:30:00,67.8747964236559,69.4167871196523,67.60908745056297,69.14610137827749,56564458.36454896,2022-04-28T16:00:00
2022-04-29T16:00:00,2022-04-29T09:30:00,69.13008704716125,69.2101479844735,68.06218704903064,68.14110262368948,52650813.9145841,2022-04-29T16:00:00
2022-05-02T16:00:00,2022-05-02T09:30:00,68.19387199299857,68.64779034715096,67.95199917038147,68.4051680908662,52767773.8892987,2022-05-02T16:00:00
2022-05-03T16:00:00,2022-05-03T09:30:00,68.47136479570382,68.87059456341319,67.38083322379573,67.77600864153365,38037989.360688195,2022-05-03T16:00:00
2022-05-04T16:00:00,2022-05-04T09:30:00,67.67457677112806,68.84942983618971,67.55674826570953,68.72976413936979,52877083.889366925,2022-05-04T16:00:00
2022-05-05T16:00:00,2022-05-05T09:30:00,68.74211789117032,69.03766083202446,68.62962139970577,68.92486527442591,55432802.340398125,2022-05-05T16:00:00
2022-05-06T16:00:00,2022-05-06T09:30:00,68.9454906546543,69.0213085874418,67.91803795996526,67.99280824757653,60176430.37773914,2022-05-06T16:00:00
2022-05-09T16:00:00,2022-05-09T09:30:00,68.14261752439891,68.31154623823707,67.13905900479644,67.3059134904724,39198369.24560978,2022-05-09T16:00:00
2022-05-10T16:00:00,2022-05-10T09:30:00,67.05269728394083,67.10761185564228,66.35808223844,66.41247248118437,53156023.37014525,2022-05-10T16:00:00
2022-05-11T16:00:00,2022-05-11T09:30:00,66.41599972091805,66.64565882005094,65.42752978958288,65.65455590114614,52752345.491554484,2022-05-11T16:00:00
2022-05-12T16:00:00,2022-05-12T09:30:00,65.65486650658143,66.01562920937552,64.58980039032848,64.94667167891785,47449159.72243498,2022-05-12T16:00:00
2022-05-13T16:00:00,2022-05-13T09:30:00,65.04014199745421,65.41175595330706,64.09229757555185,64.4606002563617,47164566.916447766,2022-05-13T16:00:00
2022-05-16T16:00:00,2022-05-16T09:30:00,64.31581206217841,64.7082298159982,63.96222162336738,64.3544270825498,38537412.10376458,2022-05-16T16:00:00
2022-05-17T16:00:00,2022-05-17T09:30:00,64.3652375065949,64.5460497391928,63.749733192271414,63.929320865399404,52322503.05369144,2022-05-17T16:00:00
2022-05-18T16:00:00,2022-05-18T09:30:00,63.955487340892155,64.14745601168822,62.93123097254377,63.12069392900111,55074720.83407686,2022-05-18T16:00:00
2022-05-19T16:00:00,2022-05-19T09:30:00,63.06246981514403,63.21825727017053,62.85309031664995,63.0087450517849,36901575.83997581,2022-05-19T16:00:00
2022-05-20T16:00:00,2022-05-20T09:30:00,62.927031775502854,63.23516453595732,61.80239241676259,62.10650734177095,50018795.28415211,2022-05-20T16:00:00
2022-05-23T16:00:00,2022-05-23T09:30:00,62.220292788851964,62.87065728179655,62.14140160865392,62.791042429132474,41650114.20123421,2022-05-23T16:00:00
2022-05-24T16:00:00,2022-05-24T09:30:00,62.88868737076973,63.1828883478054,62.177503245080274,62.46974435541188,48453118.40609192,2022-05-24T16:00:00
2022-05-25T16:00:00,2022-05-25T09:30:00,62.487648226618866,62.59581839896996,62.05932136118717,62.166936360494994,38157884.6555972,2022-05-25T16:00:00
2022-05-26T16:00:00,2022-05-26T09:30:00,62.14318045319049,62.45419091227784,61.941948003291465,62.2526041259322,36979105.41405739,2022-05-26T16:00:00
2022-05-27T16:00:00,2022-05-27T09:30:00,62.37450854435547,62.37916623811065,61.929973836047154,61.934598680398395,36360700.6647691,2022-05-27T16:00:00
2022-05-30T16:00:00,2022-05-30T09:30:00,61.88968705875581,62.61264735323988,61.55177495764888,62.272644339968444,52344363.64154145,2022-05-30T16:00:00
2022-05-31T16:00:00,2022-05-31T09:30:00,62.316599377423955,62.957803282633684,62.00608588647796,62.645650184970215,38579131.089342065,2022-05-31T16:00:00
2022-06-01T16:00:00,2022-06-01T09:30:00,62.512296380444056,62.6118911897903,62.298723626591475,62.398136556106095,38830285.67782242,2022-06-01T16:00:00
2022-06-02T16:00:00,2022-06-02T09:30:00,62.535585383504845,63.4492018518839,62.51802730384832,63.431392257056515,40263996.83114588,2022-06-02T16:00:00
2022-06-03T16:00:00,2022-06-03T09:30:00,63.46012924081099,63.60333488136015,63.24388734324941,63.38692779567232,51567820.24995788,2022-06-03T16:00:00
2022-06-06T16:00:00,2022-06-06T09:30:00,63.341854624901586,63.75828327424973,63.094097613815286,63.509869086938004,37841239.519385755,2022-06-06T16:00:00
2022-06-07T16:00:00,2022-06-07T09:30:00,63.37197328991432,63.556594161300055,62.5224889306909,62.70516720325299,49945759.61346176,2022-06-07T16:00:00
2022-06-08T16:00:00,2022-06-08T09:30:00,62.678853236257645,62.7857866668827,61.30289054436885,61.40765524414959,52270365.95000855,2022-06-08T16:00:00
2022-06-09T16:00:00,2022-06-09T09:30:00,61.364110502139816,61.38575601663112,61.07711359533027,61.098665477010954,53719216.2192519,2022-06-09T16:00:00
2022-06-10T16:00:00,2022-06-10T09:30:00,61.177024064595095,61.202385841281576,60.969552624216206,60.99483887352616,55534248.3356863,2022-06-10T16:00:00
2022-06-13T16:00:00,2022-06-13T09:30:00,61.041706017798724,61.894442539829875,60.48314886978945,61.33321793581129,49687092.22238228,2022-06-13T16:00:00
2022-06-14T16:00:00,2022-06-14T09:30:00,61.41353456981638,61.7305929306797,61.36774997887365,61.68460625226253,41935606.3627154,2022-06-14T16:00:00
2022-06-15T16:00:00,2022-06-15T09:30:00,61.71246785120903,61.7794009462847,61.31696692581531,61.383543270610325,57169809.16051903,2022-06-15T16:00:00
2022-06-16T16:00:00,2022-06-16T09:30:00,61.502902476295496,62.64354511101077,61.49615449878865,62.636672738460454,53092031.011995904,2022-06-16T16:00:00
2022-06-17T16:00:00,2022-06-17T09:30:00,62.664499143941725,62.67336399807982,62.34783365653767,62.356654961396465,52562046.69598092,2022-06-17T16:00:00
2022-06-20T16:00:00,2022-06-20T09:30:00,62.32555320571848,62.400139284024334,61.904490420856675,61.97866136763994,42220967.35934478,2022-06-20T16:00:00
2022-06-21T16:00:00,2022-06-21T09:30:00,61.9360853778616,62.50160207075575,61.87217618832989,62.43717582748515,56384323.70525556,2022-06-21T16:00:00
2022-06-22T16:00:00,2022-06-22T09:30:00,62.44289772698191,62.5732919571599,61.685098170998344,61.81417950200078,42100045.003649935,2022-06-22T16:00:00
2022-06-23T16:00:00,2022-06-23T09:30:00,61.88114026268787,61.99568917845681,61.51494368682245,61.62902591071166,42238200.84965426,2022-06-23T16:00:00
2022-06-24T16:00:00,2022-06-24T09:30:00,61.688609861957474,61.82176296961292,61.05581033062213,61.18788263281288,45340147.88958131,2022-06-24T16:00:00
2022-06-27T16:00:00,2022-06-27T09:30:00,61.1501036216614,61.99259614899984,60.65394389682098,61.49364896586652,38155028.88443399,2022-06-27T16:00:00
2022-06-28T16:00:00,2022-06-28T09:30:00,61.58688077505618,61.60774041183215,60.96069503260557,60.98134957438819,55936306.71448053,2022-06-28T16:00:00
2022-06-29T16:00:00,2022-06-29T09:30:00,61.090226776603515,62.152519468691274,60.79996404792311,61.85860588082732,54388463.80081101,2022-06-29T16:00:00
2022-06-30T16:00:00,2022-06-30T09:30:00,61.696372584332046,62.498447099068265,61.192220275583054,61.99188004915376,56600901.22765591,2022-06-30T16:00:00
2022-07-01T16:00:00,2022-07-01T09:30:00,62.03147384414296,62.37164767150049,61.52921940241965,61.868499496253754,44665426.03957271,2022-07-01T16:00:00
2022-07-04T16:00:00,2022-07-04T09:30:00,61.952084018340244,62.197755276149984,61.42429560625263,61.66884367324571,49885706.62602119,2022-07-04T16:00:00
2022-07-05T16:00:00,2022-07-05T09:30:00,61.69173514462797,62.62060067227676,61.36737100701703,62.293074798046874,53766882.0857573,2022-07-05T16:00:00
2022-07-06T16:00:00,2022-07-06T09:30:00,62.33671157066889,62.410051481959805,61.40871338186728,61.4810465927405,54572003.43217116,2022-07-06T16:00:00
2022-07-07T16:00:00,2022-07-07T09:30:00,61.44491443525531,61.61441462115979,61.15694010129323,61.326112563748325,45175250.98651875,2022-07-07T16:00:00
2022-07-08T16:00:00,2022-07-08T09:30:00,61.15252045163318,61.56021550597223,61.11202193150203,61.519473969293074,40055412.97757105,2022-07-08T16:00:00
2022-07-11T16:00:00,2022-07-11T09:30:00,61.452193331833456,61.581648378344376,60.99283317580903,61.12159177786084,36424163.29488968,2022-07-11T16:00:00
2022-07-12T16:00:00,2022-07-12T09:30:00,61.17195657718887,61.19369623851793,60.4845588436736,60.50606185529345,46343315.27853239,2022-07-12T16:00:00
2022-07-13T16:00:00,2022-07-13T09:30:00,60.41232375426478,60.809019627620145,60.28495328780365,60.68108252296984,42097306.87271136,2022-07-13T16:00:00
2022-07-14T16:00:00,2022-07-14T09:30:00,60.59870485825852,60.73700677285085,59.47401317316601,59.61005874166812,39774419.3647671,2022-07-14T16:00:00
2022-07-15T16:00:00,2022-07-15T09:30:00,59.592872446348494,59.69726989434063,59.054366338566446,59.158001961075,52025363.0116172,2022-07-15T16:00:00
2022-07-18T16:00:00,2022-07-18T09:30:00,59.10178905087759,59.15685452596901,59.093858477498074,59.14891762864143,41020780.02330581,2022-07-18T16:00:00
2022-07-19T16:00:00,2022-07-19T09:30:00,59.03986164334665,59.065743818603714,58.843919867331294,58.86972745835543,38378563.94787164,2022-07-19T16:00:00
2022-07-20T16:00:00,2022-07-20T09:30:00,58.89719081438112,58.94037004384465,58.82464727215446,58.86780495799904,41758960.85537277,2022-07-20T16:00:00
2022-07-21T16:00:00,2022-07-21T09:30:00,58.7077555836938,58.896391054531705,58.11164375499062,58.2989657321452,55347368.97286262,2022-07-21T16:00:00
2022-07-22T16:00:00,2022-07-22T09:30:00,58.439188559437426,58.60197386913874,58.41727580646997,58.58000831344493,47836231.188503996,2022-07-22T16:00:00
2022-07-25T16:00:00,2022-07-25T09:30:00,58.57046270204252,60.15681214430722,58.47427457158194,60.05818078880084,62424534.9344305,2022-07-25T16:00:00
2022-07-26T16:00:00,2022-07-26T09:30:00,60.112951899712556,60.35798639283724,59.58702076472963,59.83090557085601,48661339.57731658,2022-07-26T16:00:00
2022-07-27T16:00:00,2022-07-27T09:30:00,59.837308647515414,60.145988950469324,59.76550510501386,60.07390150139805,49993939.349617325,2022-07-27T16:00:00
2022-07-28T16:00:00,2022-07-28T09:30:00,60.12885720289568,60.69247055500131,60.110039038888495,60.67348194309007,53326609.42210998,2022-07-28T16:00:00
2022-07-29T16:00:00,2022-07-29T09:30:00,60.60940560152105,60.887182358978386,60.30577937489555,60.583437117138736,55817463.08494652,2022-07-29T16:00:00
2022-08-01T16:00:00,2022-08-01T09:30:00,60.48412428241238,60.635927871315815,60.23895745930754,60.39052613475396,50853204.38854316,2022-08-01T16:00:00
2022-08-02T16:00:00,2022-08-02T09:30:00,60.44949276227422,60.61798948014137,58.92733818546798,59.09205117510711,58866598.2393552,2022-08-02T16:00:00
2022-08-03T16:00:00,2022-08-03T09:30:00,59.04682464319275,59.47297021059823,59.0006165350778,59.426465008386415,42489732.499468006,2022-08-03T16:00:00
2022-08-04T16:00:00,2022-08-04T09:30:00,59.39826845051228,59.964251578193156,59.349092367841216,59.914647982679945,44041084.94950803,2022-08-04T16:00:00
2022-08-05T16:00:00,2022-08-05T09:30:00,60.09768550357609,60.269985187617635,59.9897950896593,60.16197935012574,43464502.41565825,2022-08-05T16:00:00
2022-08-08T16:00:00,2022-08-08T09:30:00,60.1982107495494,60.335340675868764,59.82221336762935,59.958797917872594,56687368.05297082,2022-08-08T16:00:00
2022-08-09T16:00:00,2022-08-09T09:30:00,60.04509949341223,60.286123306542315,59.44526914069716,59.6848468831479,40201835.86936196,2022-08-09T16:00:00
2022-08-10T16:00:00,2022-08-10T09:30:00,59.61268589856846,59.6239624083671,59.254941967905815,59.26615292651521,39280442.458108276,2022-08-10T16:00:00
2022-08-11T16:00:00,2022-08-11T09:30:00,59.39446751870973,60.87361831050106,59.37036169804654,60.8489221853058,59281304.09380848,2022-08-11T16:00:00
2022-08-12T16:00:00,2022-08-12T09:30:00,60.842516805569744,61.000914293156804,60.6291970291691,60.7874511587795,38008056.376582086,2022-08-12T16:00:00
2022-08-15T16:00:00,2022-08-15T09:30:00,60.67106986050751,60.83890110535684,60.27426547675503,60.44146156805195,44301603.767993666,2022-08-15T16:00:00
2022-08-16T16:00:00,2022-08-16T09:30:00,60.49709008592928,60.508767769449875,59.58226029446536,59.593763609918206,48947525.713506244,2022-08-16T16:00:00
2022-08-17T16:00:00,2022-08-17T09:30:00,59.59826025251475,59.929900185963014,58.09397816250573,58.41905630848126,48144842.29334946,2022-08-17T16:00:00
2022-08-18T16:00:00,2022-08-18T09:30:00,58.414709348790296,58.915327038896955,57.70884421751042,58.20768771938486,56236179.53125597,2022-08-18T16:00:00
2022-08-19T16:00:00,2022-08-19T09:30:00,58.17481489854224,58.75422508490687,58.101876124332605,58.68065209904708,43045017.546747155,2022-08-19T16:00:00
2022-08-22T16:00:00,2022-08-22T09:30:00,58.69759029955861,59.06724489908299,57.78682765077211,58.153052965909026,42909163.079732366,2022-08-22T16:00:00
2022-08-23T16:00:00,2022-08-23T09:30:00,58.14701996270346,58.79925843648919,58.05963438944938,58.71102525443644,42451794.5117386,2022-08-23T16:00:00
2022-08-24T16:00:00,2022-08-24T09:30:00,58.67538428643482,59.073268392505796,58.64902417595492,59.0467414485924,50626843.73126758,2022-08-24T16:00:00
2022-08-25T16:00:00,2022-08-25T09:30:00,59.08704974955414,59.22754415106634,58.05693834016747,58.19531241067206,50725953.00422451,2022-08-25T16:00:00
2022-08-26T16:00:00,2022-08-26T09:30:00,58.07348444298805,58.104274208932274,57.971734758043034,58.002486882053,42874904.763424955,2022-08-26T16:00:00
2022-08-29T16:00:00,2022-08-29T09:30:00,57.99857459577656,58.426712259494224,57.96793624922957,58.395864040691265,42081067.62898728,2022-08-29T16:00:00
2022-08-30T16:00:00,2022-08-30T09:30:00,58.28601343592821,58.44452855012848,57.82433771830436,57.98202610610044,53634618.734694175,2022-08-30T16:00:00
2022-08-31T16:00:00,2022-08-31T09:30:00,58.04754018000342,60.074457590872484,57.871272149985316,59.89258686445499,48477961.99323106,2022-08-31T16:00:00
2022-09-01T16:00:00,2022-09-01T09:30:00,60.01518747953923,60.157153844047436,58.94435705796295,59.08412097785821,55238641.45161995,2022-09-01T16:00:00
2022-09-02T16:00:00,2022-09-02T09:30:00,59.12671501752338,59.193741458512626,58.84388728070468,58.910668810263324,56125599.10752178,2022-09-02T16:00:00
2022-09-05T16:00:00,2022-09-05T09:30:00,58.816394877018865,59.031770858435955,58.49659201196848,58.711584193871964,35473210.27919191,2022-09-05T16:00:00
2022-09-06T16:00:00,2022-09-06T09:30:00,58.7013943596194,58.89869562546424,58.37987163656682,58.57675397359051,45377745.86108542,2022-09-06T16:00:00
2022-09-07T16:00:00,2022-09-07T09:30:00,58.49182984325544,58.67004103729153,58.464282072375134,58.642422342186975,41487952.68938143,2022-09-07T16:00:00
2022-09-08T16:00:00,2022-09-08T09:30:00,58.657977153709986,58.87666838388651,58.18631227947906,58.40405683283456,39154482.04661732,2022-09-08T16:00:00
2022-09-09T16:00:00,2022-09-09T09:30:00,58.343913670720276,58.40297144369417,57.764613594401986,57.82314422612505,41448221.77667407,2022-09-09T16:00:00
2022-09-12T16:00:00,2022-09-12T09:30:00,57.827492726851155,57.90087636201427,57.27491932283034,57.3476940889844,37498689.0086882,2022-09-12T16:00:00
2022-09-13T16:00:00,2022-09-13T09:30:00,57.42605163741229,57.462434511805256,56.773964136366374,56.809956677366976,40721620.03806441,2022-09-13T16:00:00
2022-09-14T16:00:00,2022-09-14T09:30:00,56.87079427870532,57.6289216572842,56.5798052357047,57.33555458950338,57312309.70880984,2022-09-14T16:00:00
2022-09-15T16:00:00,2022-09-15T09:30:00,57.254343983191625,57.42340948054629,57.23888073776717,57.40790476144776,40212138.538493395,2022-09-15T16:00:00
2022-09-16T16:00:00,2022-09-16T09:30:00,57.411848332239884,58.19891006611913,57.24090793807859,58.02614065278402,58376570.36137097,2022-09-16T16:00:00
2022-09-19T16:00:00,2022-09-19T09:30:00,58.00277257777746,58.20604946029112,57.875885791535964,58.078995927952654,46923057.98905139,2022-09-19T16:00:00
2022-09-20T16:00:00,2022-09-20T09:30:00,57.976888446764235,58.29915906214899,57.768940801422275,58.09080283625536,38247516.82876986,2022-09-20T16:00:00
2022-09-21T16:00:00,2022-09-21T09:30:00,58.16424826362889,58.40358034923034,57.426296451585294,57.66356835813211,48686664.452876754,2022-09-21T16:00:00
2022-09-22T16:00:00,2022-09-22T09:30:00,57.65292238732168,57.835823619271764,56.08721953012064,56.265719926370366,44206517.53111836,2022-09-22T16:00:00
2022-09-23T16:00:00,2022-09-23T09:30:00,56.259239353667134,56.72513552184534,56.08790257763121,56.55290439278199,47682221.58502543,2022-09-23T16:00:00
2022-09-26T16:00:00,2022-09-26T09:30:00,56.48503541796229,56.73143723810312,56.42169758940884,56.667894366061276,47127869.513243414,2022-09-26T16:00:00
2022-09-27T16:00:00,2022-09-27T09:30:00,56.58111315561865,56.91403739465513,56.21234734494611,56.54505944332184,51663257.70082152,2022-09-27T16:00:00
2022-09-28T16:00:00,2022-09-28T09:30:00,56.52797579763349,56.57360313391374,56.46730547611881,56.51292066043718,41588224.87839005,2022-09-28T16:00:00
2022-09-29T16:00:00,2022-09-29T09:30:00,56.47398779970396,56.938440539278524,56.39562585871388,56.85954361036107,53849676.52665033,2022-09-29T16:00:00
2022-09-30T16:00:00,2022-09-30T09:30:00,56.858857677628514,57.58271629672913,56.54779506157995,57.26940764983175,40223997.014089786,2022-09-30T16:00:00
2022-10-03T16:00:00,2022-10-03T09:30:00,57.08336023972367,57.309118296252805,54.6561509703893,54.87316797333433,50618667.805748075,2022-10-03T16:00:00
2022-10-04T16:00:00,2022-10-04T09:30:00,55.01679989593702,56.19403227545873,54.70955487484967,55.88195573338103,52193676.798057266,2022-10-04T16:00:00
2022-10-05T16:00:00,2022-10-05T09:30:00,55.87278830956689,56.47952294015391,55.83762181819235,56.44399692845513,42510612.9419294,2022-10-05T16:00:00
2022-10-06T16:00:00,2022-10-06T09:30:00,56.55012569401742,56.55658252429183,55.87538508967506,55.88176560734029,40659380.96654889,2022-10-06T16:00:00
2022-10-07T16:00:00,2022-10-07T09:30:00,55.94929172194857,56.16760214472969,55.86952474166184,56.087637924076944,45368451.58802334,2022-10-07T16:00:00
2022-10-10T16:00:00,2022-10-10T09:30:00,56.12539139709155,56.19414938511791,55.33152382654992,55.39939240911327,45360515.5037543,2022-10-10T16:00:00
2022-10-11T16:00:00,2022-10-11T09:30:00,55.45672561295004,55.54364546107592,55.364088678399234,55.450999551809076,42033254.10953652,2022-10-11T16:00:00
2022-10-12T16:00:00,2022-10-12T09:30:00,55.524451625396765,55.96964268583016,55.091013066131836,55.53611309405566,55119843.40535968,2022-10-12T16:00:00
2022-10-13T16:00:00,2022-10-13T09:30:00,55.532111607095686,55.63180371188145,54.93869651752974,55.03750068915337,49586483.76363274,2022-10-13T16:00:00
2022-10-14T16:00:00,2022-10-14T09:30:00,54.975226717850454,55.363501860134605,54.80478166935731,55.19238353920302,56331429.4506994,2022-10-14T16:00:00
2022-10-17T16:00:00,2022-10-17T09:30:00,55.254769777089656,55.33760592608117,54.75270757834868,54.834914293690964,44309181.561680265,2022-10-17T16:00:00
2022-10-18T16:00:00,2022-10-18T09:30:00,54.800587346511236,54.806027104048084,53.859229290476975,53.864576135249784,57623327.774687976,2022-10-18T16:00:00
2022-10-19T16:00:00,2022-10-19T09:30:00,53.90717213942142,54.8542815661883,53.71388727694118,54.658303512461316,47688235.98372385,2022-10-19T16:00:00
2022-10-20T16:00:00,2022-10-20T09:30:00,54.69088848265288,54.73666079690647,53.08877911549269,53.1332477972597,53975618.86031118,2022-10-20T16:00:00
2022-10-21T16:00:00,2022-10-21T09:30:00,53.110470855223255,53.127363760537555,52.04417965070741,52.060738666561065,41012298.76080536,2022-10-21T16:00:00
2022-10-24T16:00:00,2022-10-24T09:30:00,51.94308147633753,52.658736849294755,51.86188573566722,52.576550889778076,53056334.371165164,2022-10-24T16:00:00
2022-10-25T16:00:00,2022-10-25T09:30:00,52.58211397039025,52.81635087452735,51.65090016333056,51.88201836005974,48695429.947021045,2022-10-25T16:00:00
2022-10-26T16:00:00,2022-10-26T09:30:00,51.84076544771254,52.011943564925375,51.398417622252495,51.56869737115041,40893676.58322503,2022-10-26T16:00:00
2022-10-27T16:00:00,2022-10-27T09:30:00,51.60022951353474,51.69486980855031,51.16931460067788,51.2633369990822,54356958.822020225,2022-10-27T16:00:00
2022-10-28T16:00:00,2022-10-28T09:30:00,51.26819994579211,51.304678382081995,51.16586294086525,51.20229448398954,38388764.55388018,2022-10-28T16:00:00
2022-10-31T16:00:00,2022-10-31T09:30:00,51.17551402256695,51.92851645994749,50.967535081001195,51.718331490662536,43676220.79099438,2022-10-31T16:00:00
2022-11-01T16:00:00,2022-11-01T09:30:00,51.79199193575373,52.084772249614055,49.984584301600115,50.26875374457036,62755884.92921228,2022-11-01T16:00:00
2022-11-02T16:00:00,2022-11-02T09:30:00,50.30282413229314,50.50025480221958,49.90724817507952,50.10389809159583,44438355.14877641,2022-11-02T16:00:00
2022-11-03T16:00:00,2022-11-03T09:30:00,50.20349944896321,50.59957382300574,49.17961739583614,49.57069937099159,39650405.590808585,2022-11-03T16:00:00
2022-11-04T16:00:00,2022-11-04T09:30:00,49.54370578202136,49.67485681004741,49.425915632431284,49.557034970315094,56005336.59402209,2022-11-04T16:00:00
2022-11-07T16:00:00,2022-11-07T09:30:00,49.55929291901887,49.7575569078971,49.332641259295606,49.53079122597902,50323871.16335198,2022-11-07T16:00:00
2022-11-08T16:00:00,2022-11-08T09:30:00,49.67665179153646,49.74652447448628,49.60361705018444,49.67348527927718,41960269.06475221,2022-11-08T16:00:00
2022-11-09T16:00:00,2022-11-09T09:30:00,49.736417733517804,49.93792618419657,49.01171633561195,49.211096432737065,50931618.87179782,2022-11-09T16:00:00
2022-11-10T16:00:00,2022-11-10T09:30:00,49.20178326884026,49.49553475181043,49.1615311074196,49.45507537118118,37302659.21790304,2022-11-10T16:00:00
2022-11-11T16:00:00,2022-11-11T09:30:00,49.44877334071514,49.72024913410849,49.11352303377328,49.3846467696619,52080056.07316181,2022-11-11T16:00:00
2022-11-14T16:00:00,2022-11-14T09:30:00,49.36108084910224,49.482964934244144,48.6873859660031,48.80790412808572,50933223.36270227,2022-11-14T16:00:00
2022-11-15T16:00:00,2022-11-15T09:30:00,48.816541061664864,48.91925009496642,48.50545736035297,48.607727053125885,50086297.30358442,2022-11-15T16:00:00
2022-11-16T16:00:00,2022-11-16T09:30:00,48.5603682279091,48.591695488502175,48.24237749359416,48.273519702491086,47141341.97902164,2022-11-16T16:00:00
2022-11-17T16:00:00,2022-11-17T09:30:00,48.2615918603377,48.8858007176402,48.14574838899141,48.76873992647077,53122620.56683193,2022-11-17T16:00:00
2022-11-18T16:00:00,2022-11-18T09:30:00,48.80632701163492,49.10745509365344,48.71791224300773,49.0186556824716,45191825.34664861,2022-11-18T16:00:00
2022-11-21T16:00:00,2022-11-21T09:30:00,49.06822831063625,49.264072907962,47.86175985812595,48.053554617753434,54798997.29870516,2022-11-21T16:00:00
2022-11-22T16:00:00,2022-11-22T09:30:00,48.0760824646407,48.35062067909132,47.58274796928571,47.85602957286256,52336405.68410133,2022-11-22T16:00:00
2022-11-23T16:00:00,2022-11-23T09:30:00,47.92660612517441,47.93293764456285,46.71006635220701,46.71623797148877,60834022.43473355,2022-11-23T16:00:00
2022-11-24T16:00:00,2022-11-24T09:30:00,46.84318618578106,46.86984502020146,46.54073914010812,46.56724093186272,36890998.48356692,2022-11-24T16:00:00
2022-11-25T16:00:00,2022-11-25T09:30:00,46.57749339777193,46.689824570164845,46.51996691680738,46.63223048504688,44268348.60331697,2022-11-25T16:00:00
2022-11-28T16:00:00,2022-11-28T09:30:00,46.58670955153204,46.71544531771635,46.130201120182896,46.25802862322644,54561367.431974865,2022-11-28T16:00:00
2022-11-29T16:00:00,2022-11-29T09:30:00,46.23279068478858,46.39829610842135,46.04714779104315,46.21258086701091,43816351.65163157,2022-11-29T16:00:00
2022-11-30T16:00:00,2022-11-30T09:30:00,46.12323443430336,46.296439224347885,45.39006024703493,45.56115427931437,47813550.66292953,2022-11-30T16:00:00
2022-12-01T16:00:00,2022-12-01T09:30:00,45.49389482267445,45.95868453944011,45.368461862780514,45.83231849866701,36858401.22431228,2022-12-01T16:00:00
2022-12-02T16:00:00,2022-12-02T09:30:00,45.8850208214656,45.953926638680564,45.684092116582754,45.75279937604211,50595593.34447645,2022-12-02T16:00:00
2022-12-05T16:00:00,2022-12-05T09:30:00,45.71403211934418,46.510774564403,45.596410964893124,46.391410530860576,41757572.870471574,2022-12-05T16:00:00
2022-12-06T16:00:00,2022-12-06T09:30:00,46.39679017319348,46.500223288909005,45.608686800935224,45.71059015984819,61123601.047002845,2022-12-06T16:00:00
2022-12-07T16:00:00,2022-12-07T09:30:00,45.70114489293586,45.865832746743585,45.184097923221024,45.34751142960821,37437804.96284877,2022-12-07T16:00:00
2022-12-08T16:00:00,2022-12-08T09:30:00,45.3424740188946,45.559105941994986,45.341307858287934,45.5579342399787,43558340.72930589,2022-12-08T16:00:00
2022-12-09T16:00:00,2022-12-09T09:30:00,45.5320029526172,45.61684020180724,45.28724622754671,45.37178495144447,41084781.62698201,2022-12-09T16:00:00
2022-12-12T16:00:00,2022-12-12T09:30:00,45.38735709447987,45.58458295401483,45.33903138016569,45.536098868450686,55789637.01624501,2022-12-12T16:00:00
2022-12-13T16:00:00,2022-12-13T09:30:00,45.400395759461944,45.94079765624875,45.29874950151606,45.83817126934901,43100252.96828991,2022-12-13T16:00:00
2022-12-14T16:00:00,2022-12-14T09:30:00,45.82219724442437,45.93405953789898,45.72025839688796,45.83209866306432,46383505.31676027,2022-12-14T16:00:00
2022-12-15T16:00:00,2022-12-15T09:30:00,45.88658682114362,46.28290091509812,45.71251318375086,46.10798738083318,42148907.50805431,2022-12-15T16:00:00
2022-12-16T16:00:00,2022-12-16T09:30:00,46.00210005948125,46.3588769461264,45.807367139185665,46.16346096396817,41883179.0926503,2022-12-16T16:00:00
2022-12-19T16:00:00,2022-12-19T09:30:00,46.123760574296156,46.43751014688015,45.0449894829868,45.35349947650785,54138977.321250275,2022-12-19T16:00:00
2022-12-20T16:00:00,2022-12-20T09:30:00,45.42030617079741,45.583282713631284,45.34505707584225,45.50788851854454,49539973.972717635,2022-12-20T16:00:00
2022-12-21T16:00:00,2022-12-21T09:30:00,45.52259687007465,45.58509962010353,44.85897684655636,44.92065312485414,45989721.26341228,2022-12-21T16:00:00
2022-12-22T16:00:00,2022-12-22T09:30:00,45.01850044162686,45.0571075351881,45.015913243649806,45.0545182672788,55553285.092025526,2022-12-22T16:00:00
2022-12-23T16:00:00,2022-12-23T09:30:00,45.045552402209495,45.0937255422515,44.50346910050795,44.55111347190218,56848499.01412212,2022-12-23T16:00:00
2022-12-26T16:00:00,2022-12-26T09:30:00,44.575976115249475,45.83333592868353,44.555966993227344,45.812771637830906,56292184.1605959,2022-12-26T16:00:00
2022-12-27T16:00:00,2022-12-27T09:30:00,45.71517325245897,46.1253924935757,44.43851140037785,44.84088533101812,42797344.59279135,2022-12-27T16:00:00
2022-12-28T16:00:00,2022-12-28T09:30:00,44.94444186511297,45.18064216242175,42.68198919105663,42.90748449534786,71973998.27277482,2022-12-28T16:00:00
2022-12-29T16:00:00,2022-12-29T09:30:00,42.672997730267085,43.314965785351745,42.444329890818295,43.08409503685274,54856224.38891423,2022-12-29T16:00:00
2022-12-30T16:00:00,2022-12-30T09:30:00,43.108466209626556,43.31703221785744,42.88032116916036,43.088791990209465,39590555.37501601,2022-12-30T16:00:00
2023-01-02T16:00:00,2023-01-02T09:30:00,43.02420678584658,43.068913422421154,42.60305559984744,42.647370664402715,59194575.75934016,2023-01-02T16:00:00
2023-01-03T16:00:00,2023-01-03T09:30:00,42.907950173564736,42.974776709336055,42.27809759786624,42.3440458868363,59586416.82611568,2023-01-03T16:00:00
2023-01-04T16:00:00,2023-01-04T09:30:00,42.2526271179402,43.01877443699224,42.08724583269484,42.8510508574586,58536141.07061047,2023-01-04T16:00:00
2023-01-05T16:00:00,2023-01-05T09:30:00,42.842066864221614,43.228136872710294,42.84026123672317,43.22631505063624,39352969.44720868,2023-01-05T16:00:00
2023-01-06T16:00:00,2023-01-06T09:30:00,43.227279895148214,43.53599839014666,42.3870334403653,42.691928589323226,38442261.79447338,2023-01-06T16:00:00
2023-01-09T16:00:00,2023-01-09T09:30:00,42.668434125367924,43.163500575199336,42.55987649768249,43.053962081887484,40042334.82263861,2023-01-09T16:00:00
2023-01-10T16:00:00,2023-01-10T09:30:00,43.160935807994235,43.27198822416279,41.991534118394064,42.099856393742144,63380305.448720045,2023-01-10T16:00:00
2023-01-11T16:00:00,2023-01-11T09:30:00,42.170574402028045,42.6024104439725,41.81285410296992,42.24406673158694,49666861.073048934,2023-01-11T16:00:00
2023-01-12T16:00:00,2023-01-12T09:30:00,42.22914745333658,42.49268776805927,41.58612753547289,41.847284751728495,56841384.13500248,2023-01-12T16:00:00
2023-01-13T16:00:00,2023-01-13T09:30:00,41.8614907855902,42.44286750922113,40.88610532188929,41.46193294480698,48065181.78669943,2023-01-13T16:00:00
2023-01-16T16:00:00,2023-01-16T09:30:00,41.42785323139502,41.6082643031375,41.33087925282238,41.51109547181221,43895510.48766725,2023-01-16T16:00:00
2023-01-17T16:00:00,2023-01-17T09:30:00,41.6842729337298,41.77433281542071,40.72374561171064,40.81192075538298,45374572.49422779,2023-01-17T16:00:00
2023-01-18T16:00:00,2023-01-18T09:30:00,40.81601492314256,41.07872625294197,40.7872816026865,41.049828334455285,51293219.37672886,2023-01-18T16:00:00
2023-01-19T16:00:00,2023-01-19T09:30:00,41.00271484243606,42.96198419266201,40.93852542504772,42.89483268015144,55856570.27936312,2023-01-19T16:00:00
2023-01-20T16:00:00,2023-01-20T09:30:00,42.86568883097345,43.342969711587436,42.504814005379835,42.98112307580929,52365222.34612204,2023-01-20T16:00:00
2023-01-23T16:00:00,2023-01-23T09:30:00,43.01340102583941,43.63647399015641,41.6508968949178,42.263101352432585,45505909.460390545,2023-01-23T16:00:00
2023-01-24T16:00:00,2023-01-24T09:30:00,42.23595766922768,42.52220222350449,42.20452780174775,42.49058287679945,52754107.61780031,2023-01-24T16:00:00
2023-01-25T16:00:00,2023-01-25T09:30:00,42.52347636232881,42.7941795891562,41.777674963331776,42.045334351880115,53700930.82909536,2023-01-25T16:00:00
2023-01-26T16:00:00,2023-01-26T09:30:00,41.94917264539159,42.212139582510154,41.94361411054037,42.20654694391104,47737693.24254364,2023-01-26T16:00:00
2023-01-27T16:00:00,2023-01-27T09:30:00,42.22738635861741,43.083763435457016,41.82009118846769,42.67217812204745,41801844.57124166,2023-01-27T16:00:00
2023-01-30T16:00:00,2023-01-30T09:30:00,42.47200359066752,42.72663099457464,41.54328447671624,41.79384620346322,60027204.09515966,2023-01-30T16:00:00
2023-01-31T16:00:00,2023-01-31T09:30:00,41.96802139454453,42.34387895862948,40.53730711012973,40.903632208460365,61860068.17297898,2023-01-31T16:00:00
2023-02-01T16:00:00,2023-02-01T09:30:00,41.08265784080206,41.44018462667633,40.85519759090838,41.21200820921538,51875920.650418505,2023-02-01T16:00:00
2023-02-02T16:00:00,2023-02-02T09:30:00,41.0903658619166,41.67356578601413,40.907500734585014,41.4889269358159,43455335.2301301,2023-02-02T16:00:00
2023-02-03T16:00:00,2023-02-03T09:30:00,41.34894936074369,41.57739963289508,39.85765437948179,40.07908875387232,61431231.07703063,2023-02-03T16:00:00
2023-02-06T16:00:00,2023-02-06T09:30:00,40.132899773612685,40.29395882770032,39.21060251395745,39.36859430111124,51989994.50633866,2023-02-06T16:00:00
2023-02-07T16:00:00,2023-02-07T09:30:00,39.448114730418325,40.268730369586066,39.134100626159366,39.95071547281768,56183815.95157192,2023-02-07T16:00:00
2023-02-08T16:00:00,2023-02-08T09:30:00,39.94291934934277,40.19804776387683,38.311475685897044,38.55775661562323,58735242.95597641,2023-02-08T16:00:00
2023-02-09T16:00:00,2023-02-09T09:30:00,38.525256660900475,38.66549565319464,38.04612850797507,38.18512937463395,55696147.52866051,2023-02-09T16:00:00
2023-02-10T16:00:00,2023-02-10T09:30:00,38.208717049663456,39.589847255421745,38.0252864350919,39.400694252667975,47039692.643960975,2023-02-10T16:00:00
2023-02-13T16:00:00,2023-02-13T09:30:00,39.546562105095234,40.096522255269356,39.47318211201183,40.02225958930005,60193711.12432034,2023-02-13T16:00:00
2023-02-14T16:00:00,2023-02-14T09:30:00,40.0180166345112,40.47954320293521,39.9529415236841,40.41382445107602,51614656.27300786,2023-02-14T16:00:00
2023-02-15T16:00:00,2023-02-15T09:30:00,40.456532006515836,41.63916808107506,39.89946996942636,41.0736092624723,54429889.77291174,2023-02-15T16:00:00
2023-02-16T16:00:00,2023-02-16T09:30:00,41.15349872413484,41.58407144354252,40.158882706150344,40.58349166801998,56864248.83993715,2023-02-16T16:00:00
2023-02-17T16:00:00,2023-02-17T09:30:00,40.56633587459547,40.89853513900566,39.692128643898734,40.019852737151425,48586951.1129703,2023-02-17T16:00:00
2023-02-20T16:00:00,2023-02-20T09:30:00,40.06992975564704,40.91546443654098,39.90950365616289,40.75230633792079,56656436.532794714,2023-02-20T16:00:00
2023-02-21T16:00:00,2023-02-21T09:30:00,40.79974422865786,41.226606833242435,39.35678570935418,39.77290512863176,56846497.96729057,2023-02-21T16:00:00
2023-02-22T16:00:00,2023-02-22T09:30:00,39.95006456024644,41.292447383140576,39.85015611422776,41.18943946726227,63084682.249472775,2023-02-22T16:00:00
2023-02-23T16:00:00,2023-02-23T09:30:00,41.27168279361066,41.952962844953625,41.13649671810004,41.81599386956506,38667688.68202114,2023-02-23T16:00:00
2023-02-24T16:00:00,2023-02-24T09:30:00,41.816997309186966,41.91995124112502,41.367301548450946,41.469399691025224,47217351.82741225,2023-02-24T16:00:00
2023-02-27T16:00:00,2023-02-27T09:30:00,41.44992294570965,42.37822205673729,41.10748435854255,42.03098304091028,46909924.54413391,2023-02-27T16:00:00
2023-02-28T16:00:00,2023-02-28T09:30:00,42.2590934794441,42.962108994133764,41.89457967559887,42.5947003497508,57967335.951384366,2023-02-28T16:00:00
2023-03-01T16:00:00,2023-03-01T09:30:00,42.589357176343455,43.86615904046031,42.241127403473975,43.51039841941321,53408890.00361791,2023-03-01T16:00:00
2023-03-02T16:00:00,2023-03-02T09:30:00,43.427705669581314,43.56784901268189,43.28125852799338,43.42138146256672,42964459.557953164,2023-03-02T16:00:00
2023-03-03T16:00:00,2023-03-03T09:30:00,43.72846661632045,44.052941809830024,43.125619085080395,43.44801325066622,37533615.62274421,2023-03-03T16:00:00
2023-03-06T16:00:00,2023-03-06T09:30:00,43.550009041376306,44.077186659265166,43.34835383218688,43.87403108910556,47926532.05350939,2023-03-06T16:00:00
2023-03-07T16:00:00,2023-03-07T09:30:00,43.897568998175636,43.969939148218735,43.71055387571789,43.78273470833464,37085601.063421465,2023-03-07T16:00:00
2023-03-08T16:00:00,2023-03-08T09:30:00,43.8773262096097,44.22621059969986,43.085295214063784,43.430627744112506,49778580.75285119,2023-03-08T16:00:00
2023-03-09T16:00:00,2023-03-09T09:30:00,43.35383679258062,43.90325863520027,42.44765663052375,42.992499253605786,40220292.57446597,2023-03-09T16:00:00
2023-03-10T16:00:00,2023-03-10T09:30:00,42.88808364692562,43.43949817471123,42.84494424739459,43.395848035390514,50458118.141916774,2023-03-10T16:00:00
2023-03-13T16:00:00,2023-03-13T09:30:00,43.31484268267972,44.7329817525286,43.19318997407931,44.607697971115144,44675843.38453685,2023-03-13T16:00:00
2023-03-14T16:00:00,2023-03-14T09:30:00,44.60856345293069,44.856885293544984,44.50702993740454,44.75501843195844,47341354.5980554,2023-03-14T16:00:00
2023-03-15T16:00:00,2023-03-15T09:30:00,44.711669138893456,44.99122635121208,42.44281418311977,42.7098551654525,60182357.38977415,2023-03-15T16:00:00
2023-03-16T16:00:00,2023-03-16T09:30:00,42.65397607390036,42.738853008144744,42.460485629331295,42.545146003160724,46717178.01628589,2023-03-16T16:00:00
2023-03-17T16:00:00,2023-03-17T09:30:00,42.629976644627575,43.31342731116041,41.80379236485849,42.48491741846324,42443593.374154255,2023-03-17T16:00:00
2023-03-20T16:00:00,2023-03-20T09:30:00,42.488804673227065,42.709613830200084,41.53582474046529,41.752809017412936,57601309.22254022,2023-03-20T16:00:00
2023-03-21T16:00:00,2023-03-21T09:30:00,41.86171238521028,42.46600436179085,41.789715359600386,42.39309342577914,46631506.0481768,2023-03-21T16:00:00
2023-03-22T16:00:00,2023-03-22T09:30:00,42.54257486174939,43.150494939342764,42.086124309862676,42.69243648244105,53229047.77955539,2023-03-22T16:00:00
2023-03-23T16:00:00,2023-03-23T09:30:00,42.605814477415436,43.00050126644215,42.414620567947075,42.808398260738834,40399357.75422149,2023-03-23T16:00:00
2023-03-24T16:00:00,2023-03-24T09:30:00,42.78399153250014,43.88793887554,42.476598976866164,43.574864093238574,41303414.64309435,2023-03-24T16:00:00
2023-03-27T16:00:00,2023-03-27T09:30:00,43.689253804747636,44.877528902460384,43.61229717372994,44.798618176620835,64086857.0543531,2023-03-27T16:00:00
2023-03-28T16:00:00,2023-03-28T09:30:00,44.60314390728954,45.79553481974533,44.17298306723689,45.35809311211926,50586266.99250296,2023-03-28T16:00:00
2023-03-29T16:00:00,2023-03-29T09:30:00,45.46698415208942,45.656290268358866,45.32327231610911,45.51243477226576,52371394.41276174,2023-03-29T16:00:00
2023-03-30T16:00:00,2023-03-30T09:30:00,45.541914207884886,46.376328343660205,45.45594816294823,46.28895217136604,57939139.25000517,2023-03-30T16:00:00
2023-03-31T16:00:00,2023-03-31T09:30:00,46.21765482464689,46.39309552929708,45.579128758951,45.752804908537804,46176809.30616409,2023-03-31T16:00:00
2023-04-03T16:00:00,2023-04-03T09:30:00,45.89539367671219,47.08420534756493,45.64701159694318,46.8307611363626,51422398.23634203,2023-04-03T16:00:00
2023-04-04T16:00:00,2023-04-04T09:30:00,46.90522704939722,47.0492700364851,46.006745227520746,46.1484642438727,51586115.66244975,2023-04-04T16:00:00
2023-04-05T16:00:00,2023-04-05T09:30:00,46.24990538039106,46.540322496924595,46.228883201635604,46.51917792450131,50857058.20763644,2023-04-05T16:00:00
2023-04-06T16:00:00,2023-04-06T09:30:00,46.662941575966656,46.6826865213447,46.25945056449746,46.27903306292373,50638527.986869514,2023-04-06T16:00:00
2023-04-07T16:00:00,2023-04-07T09:30:00,46.286114225721654,46.56020012218961,45.53990475457664,45.81117829049654,43644763.811477646,2023-04-07T16:00:00
2023-04-10T16:00:00,2023-04-10T09:30:00,45.93921348436034,46.02863002924512,44.5240659561949,44.610897052683306,54417281.69712312,2023-04-10T16:00:00
2023-04-11T16:00:00,2023-04-11T09:30:00,44.439960813168966,44.762304473914284,44.194255669225086,44.51617793135411,54110874.76836515,2023-04-11T16:00:00
2023-04-12T16:00:00,2023-04-12T09:30:00,44.604013423987894,45.11358135743444,43.86086771392887,44.36773635626056,57986809.92041254,2023-04-12T16:00:00
2023-04-13T16:00:00,2023-04-13T09:30:00,44.26079956920087,44.94372176363487,43.49635038042802,44.17799494049261,36993827.32702427,2023-04-13T16:00:00
2023-04-14T16:00:00,2023-04-14T09:30:00,44.1700824429336,44.32187967628722,43.67335529204855,43.82396303319608,54954276.67753788,2023-04-14T16:00:00
2023-04-17T16:00:00,2023-04-17T09:30:00,43.86322335058068,44.526192785331915,43.767897944160154,44.429636426133534,58391028.81383969,2023-04-17T16:00:00
2023-04-18T16:00:00,2023-04-18T09:30:00,44.45162668512961,45.2128901233925,44.22142690698511,44.97995431705899,59636489.91473182,2023-04-18T16:00:00
2023-04-19T16:00:00,2023-04-19T09:30:00,44.97066659343503,45.91311451910933,44.57516888637668,45.51284855445916,58064971.277278446,2023-04-19T16:00:00
2023-04-20T16:00:00,2023-04-20T09:30:00,45.53533263961144,45.66201585894712,44.80477350681086,44.92977200427585,55067896.764483415,2023-04-20T16:00:00
2023-04-21T16:00:00,2023-04-21T09:30:00,45.08053154284765,45.26882232083438,44.68970461171943,44.87714589569125,42890758.145005345,2023-04-21T16:00:00
2023-04-24T16:00:00,2023-04-24T09:30:00,45.0353451324333,45.03944440344541,44.93763457010481,44.941725319521616,54248359.15900569,2023-04-24T16:00:00
2023-04-25T16:00:00,2023-04-25T09:30:00,44.921599642682814,45.0441223219444,44.886616995539626,45.0090715561432,35737821.20294683,2023-04-25T16:00:00
2023-04-26T16:00:00,2023-04-26T09:30:00,45.11260805957824,45.134437176432485,44.35264452507453,44.374116300076736,51310883.63150035,2023-04-26T16:00:00
2023-04-27T16:00:00,2023-04-27T09:30:00,44.455585878380795,44.5184867138151,43.83767450528511,43.89978893578671,54613177.81853095,2023-04-27T16:00:00
2023-04-28T16:00:00,2023-04-28T09:30:00,43.84297643911887,44.354389856756555,43.1925250543692,43.70229749999979,51165340.50510194,2023-04-28T16:00:00
2023-05-01T16:00:00,2023-05-01T09:30:00,43.75263223187916,44.20195172422273,43.49103476585275,43.93923853705934,39746442.84478941,2023-05-01T16:00:00
2023-05-02T16:00:00,2023-05-02T09:30:00,44.04776598997389,44.79413277405756,43.62167505411074,44.36497336954034,49909995.348489806,2023-05-02T16:00:00
2023-05-03T16:00:00,2023-05-03T09:30:00,44.36043383254615,44.412897248868255,43.597765598229905,43.649388087497805,44559960.81570232,2023-05-03T16:00:00
2023-05-04T16:00:00,2023-05-04T09:30:00,43.74498392309937,44.10853816411211,43.433358551222156,43.796545484050846,55493779.29921028,2023-05-04T16:00:00
2023-05-05T16:00:00,2023-05-05T09:30:00,43.774885486362045,44.006344462914896,42.53317701553309,42.75926592057915,55098016.55342753,2023-05-05T16:00:00
2023-05-08T16:00:00,2023-05-08T09:30:00,42.882563654994236,43.07092818849104,42.88088264090305,43.06923985661615,56534139.86405845,2023-05-08T16:00:00
2023-05-09T16:00:00,2023-05-09T09:30:00,43.411891222415704,43.91051963218105,43.328440854972776,43.82627270218867,57234722.086520806,2023-05-09T16:00:00
2023-05-10T16:00:00,2023-05-10T09:30:00,43.89140202392727,44.13265848937914,43.237274964284886,43.47624947399596,45030260.78487839,2023-05-10T16:00:00
2023-05-11T16:00:00,2023-05-11T09:30:00,43.42690966361981,44.27395082980117,43.3193967125607,44.16461153406987,56005420.62097498,2023-05-11T16:00:00
2023-05-12T16:00:00,2023-05-12T09:30:00,44.38694888043019,46.10370361640828,44.35608909548752,46.07167253650109,54522454.73007554,2023-05-12T16:00:00
2023-05-15T16:00:00,2023-05-15T09:30:00,46.238186503916914,46.439996452326966,45.833623912324526,46.03454505271965,48070309.59947295,2023-05-15T16:00:00
2023-05-16T16:00:00,2023-05-16T09:30:00,46.0339913238341,46.29029404648499,45.91530716714676,46.171255996046604,56222542.41297229,2023-05-16T16:00:00
2023-05-17T16:00:00,2023-05-17T09:30:00,46.116332453715934,46.641322188405454,45.84752958861562,46.3710347148401,39697125.87156066,2023-05-17T16:00:00
2023-05-18T16:00:00,2023-05-18T09:30:00,46.5136750659111,47.287455835376576,46.40481811530473,47.17704638266069,39003976.08365106,2023-05-18T16:00:00
2023-05-19T16:00:00,2023-05-19T09:30:00,47.11666712317427,47.571946941352664,46.91112687949798,47.36532197369888,39706150.28781311,2023-05-19T16:00:00
2023-05-22T16:00:00,2023-05-22T09:30:00,47.46707603031247,48.5009038678576,47.45338848459684,48.48692224058495,43712031.05092912,2023-05-22T16:00:00
2023-05-23T16:00:00,2023-05-23T09:30:00,48.48765928318559,49.00707534459215,48.158965097083346,48.6770969746638,44287089.422811575,2023-05-23T16:00:00
2023-05-24T16:00:00,2023-05-24T09:30:00,48.4768995329956,48.83509049135578,48.42076364263027,48.77860522803173,52845682.22261716,2023-05-24T16:00:00
2023-05-25T16:00:00,2023-05-25T09:30:00,48.79781547652103,48.889766364012935,47.93700772234769,48.027507099393326,56145387.64385902,2023-05-25T16:00:00
2023-05-26T16:00:00,2023-05-26T09:30:00,48.05411385340221,48.40416895192048,46.73497951609958,47.07792345600245,55079396.21570539,2023-05-26T16:00:00
2023-05-29T16:00:00,2023-05-29T09:30:00,47.052143399046784,47.081094225321905,46.86429947717891,46.89315247754824,48604419.22305139,2023-05-29T16:00:00
2023-05-30T16:00:00,2023-05-30T09:30:00,46.8796249566045,48.23128853474753,46.65503865201414,48.001328483031855,55418007.87723917,2023-05-30T16:00:00
2023-05-31T16:00:00,2023-05-31T09:30:00,47.993361525873446,48.640879574088075,46.67343059823783,47.31175249652046,41372928.78963427,2023-05-31T16:00:00
2023-06-01T16:00:00,2023-06-01T09:30:00,47.249658690062795,47.48112553852495,46.54885879622901,46.77801515514157,39510001.93896245,2023-06-01T16:00:00
2023-06-02T16:00:00,2023-06-02T09:30:00,46.89071424678221,47.257918291123346,46.75965204665337,47.12619790085404,35916064.35660098,2023-06-02T16:00:00
2023-06-05T16:00:00,2023-06-05T09:30:00,47.071256746601605,47.68501515084644,47.052283770048334,47.66580253116464,58411265.09853791,2023-06-05T16:00:00
2023-06-06T16:00:00,2023-06-06T09:30:00,47.38255291329759,47.622416709270254,46.890942584602435,47.129525484637846,42272914.92237179,2023-06-06T16:00:00
2023-06-07T16:00:00,2023-06-07T09:30:00,47.12049567959434,48.15459087840768,46.93578957862421,47.96656828490471,60897049.76394349,2023-06-07T16:00:00
2023-06-08T16:00:00,2023-06-08T09:30:00,47.825261005755124,48.009636251474426,46.95943174020795,47.14116968709563,56300933.18510365,2023-06-08T16:00:00
2023-06-09T16:00:00,2023-06-09T09:30:00,47.222026011061445,47.61438513465352,46.73855578516165,47.130151540687564,41031396.281145886,2023-06-09T16:00:00
2023-06-12T16:00:00,2023-06-12T09:30:00,47.163359300245936,47.676237769930175,45.786721336665124,46.29010357738199,54770872.75641292,2023-06-12T16:00:00
2023-06-13T16:00:00,2023-06-13T09:30:00,46.42758284398875,46.735135348239524,46.18109297281094,46.48832299994145,44595627.239151336,2023-06-13T16:00:00
2023-06-14T16:00:00,2023-06-14T09:30:00,46.72155079296756,47.58545072423516,46.4816799357638,47.34239243395003,44253627.384108044,2023-06-14T16:00:00
2023-06-15T16:00:00,2023-06-15T09:30:00,47.32499054528542,47.77523284265845,45.81655169582119,46.25662978187587,61466406.400544785,2023-06-15T16:00:00
2023-06-16T16:00:00,2023-06-16T09:30:00,46.24827309839288,46.571988365682245,46.18771934396841,46.51109049937442,42630740.81322571,2023-06-16T16:00:00
2023-06-19T16:00:00,2023-06-19T09:30:00,46.42811009185029,46.64673790002137,46.1023167601309,46.32043754328531,51053490.24147184,2023-06-19T16:00:00
2023-06-20T16:00:00,2023-06-20T09:30:00,46.24932705924176,46.37733892723211,45.955789384687606,46.083341828058096,39221541.49921244,2023-06-20T16:00:00
2023-06-21T16:00:00,2023-06-21T09:30:00,46.03741546739141,46.083036714957366,46.016943236140754,46.062553305241885,49942033.905640036,2023-06-21T16:00:00
2023-06-22T16:00:00,2023-06-22T09:30:00,46.13101630975399,47.39354954214311,45.729439130271075,46.98454229531472,46127267.1671677,2023-06-22T16:00:00
2023-06-23T16:00:00,2023-06-23T09:30:00,46.81959479741425,47.889309019350925,46.6443290381472,47.71070744448452,54380119.45179949,2023-06-23T16:00:00
2023-06-26T16:00:00,2023-06-26T09:30:00,47.71496771013892,47.833763847819974,46.939273512866826,47.05643008690754,57870943.60667647,2023-06-26T16:00:00
2023-06-27T16:00:00,2023-06-27T09:30:00,46.9200668188176,47.86516497579705,46.682330603498144,47.623862742977806,46093934.969617836,2023-06-27T16:00:00
2023-06-28T16:00:00,2023-06-28T09:30:00,47.59331376430093,48.03223982064665,46.9464726273245,47.38346335271096,53936092.668123245,2023-06-28T16:00:00
2023-06-29T16:00:00,2023-06-29T09:30:00,47.49879383194217,47.68037538219429,47.34612015598652,47.52760908639577,34257374.94869367,2023-06-29T16:00:00
2023-06-30T16:00:00,2023-06-30T09:30:00,47.47471517727325,47.694613936256175,47.23271856250147,47.45251448982761,38637412.29150454,2023-06-30T16:00:00
2023-07-03T16:00:00,2023-07-03T09:30:00,47.39887497409987,47.59533130579634,47.28275513482468,47.47901513564446,55422286.06683909,2023-07-03T16:00:00
2023-07-04T16:00:00,2023-07-04T09:30:00,47.42850209228687,47.524598470759294,46.929492716664356,47.024771083052215,38341856.89041236,2023-07-04T16:00:00
2023-07-05T16:00:00,2023-07-05T09:30:00,47.02392254714369,47.07318650245566,46.92811104844641,46.97732618773362,52712773.74094273,2023-07-05T16:00:00
2023-07-06T16:00:00,2023-07-06T09:30:00,46.836837149405106,47.07321440194541,46.67448648840424,46.910608028736995,46344901.57243652,2023-07-06T16:00:00
2023-07-07T16:00:00,2023-07-07T09:30:00,46.862346063230305,46.953182869999566,46.81803756484115,46.90883042050164,46164493.26268939,2023-07-07T16:00:00
2023-07-10T16:00:00,2023-07-10T09:30:00,46.89205961192723,47.37612801442154,46.537378536914495,47.02047562930916,54724981.10605749,2023-07-10T16:00:00
2023-07-11T16:00:00,2023-07-11T09:30:00,47.012658103767635,47.394554212598464,46.60997011490487,46.99169594262212,34746207.75813019,2023-07-11T16:00:00
2023-07-12T16:00:00,2023-07-12T09:30:00,47.00984704710921,47.50360887708234,46.87068469314366,47.36339990732522,55440528.25555533,2023-07-12T16:00:00
2023-07-13T16:00:00,2023-07-13T09:30:00,47.27254790414978,47.91884366118924,47.14128261435059,47.786152207143274,47906648.16319251,2023-07-13T16:00:00
2023-07-14T16:00:00,2023-07-14T09:30:00,47.700549597571246,47.70801793306834,47.04198988571818,47.04935626578045,39753582.27973319,2023-07-14T16:00:00
2023-07-17T16:00:00,2023-07-17T09:30:00,46.931137528954544,47.79230079781253,46.636394532475556,47.49402269713877,58710211.89466615,2023-07-17T16:00:00
2023-07-18T16:00:00,2023-07-18T09:30:00,47.52646190673751,48.070551509213374,47.45948387578451,48.002902041321846,49019185.35476309,2023-07-18T16:00:00
2023-07-19T16:00:00,2023-07-19T09:30:00,47.899706036528215,48.19092127180019,47.65234517090844,47.94333509952029,48393313.41531531,2023-07-19T16:00:00
2023-07-20T16:00:00,2023-07-20T09:30:00,47.97056758651527,48.09054807651182,47.26064141444777,47.379142675529884,45899021.034172624,2023-07-20T16:00:00
2023-07-21T16:00:00,2023-07-21T09:30:00,47.39545389060131,48.19807753204796,47.06082103324316,47.860163618568464,50566011.678070724,2023-07-21T16:00:00
2023-07-24T16:00:00,2023-07-24T09:30:00,47.830187186746635,48.66070777687281,47.361617892511305,48.18862702032209,38175683.76056996,2023-07-24T16:00:00
2023-07-25T16:00:00,2023-07-25T09:30:00,48.289351944799925,48.86623693289954,48.03829737306838,48.61349714216163,37519868.53629279,2023-07-25T16:00:00
2023-07-26T16:00:00,2023-07-26T09:30:00,48.51314606254712,49.112309079986474,48.30356108575918,48.90104830008024,46449152.42149799,2023-07-26T16:00:00
2023-07-27T16:00:00,2023-07-27T09:30:00,48.999162153109054,49.10756982940484,48.73096305913952,48.83901642271366,35543918.67209814,2023-07-27T16:00:00
2023-07-28T16:00:00,2023-07-28T09:30:00,48.93470301277822,49.016758152314985,48.80094239762172,48.88291069027911,39833322.99209876,2023-07-28T16:00:00
2023-07-31T16:00:00,2023-07-31T09:30:00,48.95777046415767,49.15284179630146,48.44215546342379,48.63594448590148,39549388.70467023,2023-07-31T16:00:00
2023-08-01T16:00:00,2023-08-01T09:30:00,48.65332006660601,48.95431219195069,47.61755875273435,47.913976956840706,55352956.76384748,2023-08-01T16:00:00
2023-08-02T16:00:00,2023-08-02T09:30:00,47.94895019878574,48.04391784394358,47.33408136095168,47.4280172468003,52085499.84506486,2023-08-02T16:00:00
2023-08-03T16:00:00,2023-08-03T09:30:00,47.37251478121878,48.020542880364516,47.27258778878244,47.91946216393382,52715951.566555835,2023-08-03T16:00:00
2023-08-04T16:00:00,2023-08-04T09:30:00,47.87434410755036,49.096532090804445,47.54313463913454,48.75920091029576,52528112.55362871,2023-08-04T16:00:00
2023-08-07T16:00:00,2023-08-07T09:30:00,48.81458164023303,49.61567620121639,48.679996372592676,49.47925837262973,54209088.2254696,2023-08-07T16:00:00
2023-08-08T16:00:00,2023-08-08T09:30:00,49.35709097700806,49.58511675473296,48.60827883084543,48.83388745049476,59517595.499029726,2023-08-08T16:00:00
2023-08-09T16:00:00,2023-08-09T09:30:00,48.69360549878311,48.77021053851937,48.107207036215165,48.18300880250707,46190566.21496759,2023-08-09T16:00:00
2023-08-10T16:00:00,2023-08-10T09:30:00,48.160384953267155,48.208105788074036,48.046403797272596,48.09405891138204,35402009.637051165,2023-08-10T16:00:00
2023-08-11T16:00:00,2023-08-11T09:30:00,48.07982456928195,48.885377133884546,47.74329545219331,48.54558796033424,50872037.615929574,2023-08-11T16:00:00
2023-08-14T16:00:00,2023-08-14T09:30:00,48.601458874332465,49.228792689719654,48.37362734068231,48.999097126984,53684624.10982246,2023-08-14T16:00:00
2023-08-15T16:00:00,2023-08-15T09:30:00,49.01344644163689,49.995247163641615,48.92311461408505,49.903275380524654,55580234.326678656,2023-08-15T16:00:00
2023-08-16T16:00:00,2023-08-16T09:30:00,49.95037842542247,50.773931249223644,49.60641835418603,50.42669127089891,39653400.49224544,2023-08-16T16:00:00
2023-08-17T16:00:00,2023-08-17T09:30:00,50.37888439415329,50.48368341003441,50.343533206191815,50.448283524255935,38399531.55450906,2023-08-17T16:00:00
2023-08-18T16:00:00,2023-08-18T09:30:00,50.49382919148981,50.67762203590584,49.95618080427296,50.13868094207524,58087621.968107864,2023-08-18T16:00:00
2023-08-21T16:00:00,2023-08-21T09:30:00,50.15261045993129,50.43049816946281,49.34471860232921,49.619653280131885,58611357.582364336,2023-08-21T16:00:00
2023-08-22T16:00:00,2023-08-22T09:30:00,49.544127186625474,49.636213924587324,49.232468207785054,49.32414607098206,55189426.33923558,2023-08-22T16:00:00
2023-08-23T16:00:00,2023-08-23T09:30:00,49.347401618359946,49.72216779757765,49.17636824286424,49.550430742550795,53084612.67810112,2023-08-23T16:00:00
2023-08-24T16:00:00,2023-08-24T09:30:00,49.52338555346751,49.63665478135828,48.66652558825821,48.77809018651144,60813730.86394116,2023-08-24T16:00:00
2023-08-25T16:00:00,2023-08-25T09:30:00,48.764935828182196,49.249743879005266,48.47504134736065,48.95869753672941,54467221.50744803,2023-08-25T16:00:00
2023-08-28T16:00:00,2023-08-28T09:30:00,49.05640978268156,49.15310863915301,49.00208933876034,49.09874132127631,36195124.50797664,2023-08-28T16:00:00
2023-08-29T16:00:00,2023-08-29T09:30:00,49.04740790644956,49.13872830891007,48.52383482242498,48.614348920892304,57979311.041485906,2023-08-29T16:00:00
2023-08-30T16:00:00,2023-08-30T09:30:00,48.602686196584706,48.69222410277494,48.20483424755568,48.293803116385575,55517424.9206239,2023-08-30T16:00:00
2023-08-31T16:00:00,2023-08-31T09:30:00,48.39098903426252,49.092437745504924,48.19806165476562,48.89749102102322,59871595.75049035,2023-08-31T16:00:00
2023-09-01T16:00:00,2023-09-01T09:30:00,48.928454516159185,49.0352910650179,48.890613799366406,48.99739702886067,55427452.6579703,2023-09-01T16:00:00
2023-09-04T16:00:00,2023-09-04T09:30:00,49.08213552196294,49.088566626189696,48.54570885283073,48.55207050402043,56212195.28774935,2023-09-04T16:00:00
2023-09-05T16:00:00,2023-09-05T09:30:00,48.56110775694597,49.366279266859806,48.18178697929962,48.98365786362105,52474056.20840685,2023-09-05T16:00:00
2023-09-06T16:00:00,2023-09-06T09:30:00,48.90574859230398,49.57666705665942,48.75730828703235,49.426645707665024,47973784.448172174,2023-09-06T16:00:00
2023-09-07T16:00:00,2023-09-07T09:30:00,49.411328492494775,49.599129837830525,48.91573597737253,49.102363014422814,57859172.026008755,2023-09-07T16:00:00
2023-09-08T16:00:00,2023-09-08T09:30:00,49.16759457395895,49.32573203611208,48.29486838232849,48.450700100757395,39187915.028633185,2023-09-08T16:00:00
2023-09-11T16:00:00,2023-09-11T09:30:00,48.497095299968805,48.56794512718791,48.22901079918749,48.29957206299626,44111315.232172586,2023-09-11T16:00:00
2023-09-12T16:00:00,2023-09-12T09:30:00,48.263070715577754,49.36106292830138,48.00143551030888,49.09491825856134,57278985.36505689,2023-09-12T16:00:00
2023-09-13T16:00:00,2023-09-13T09:30:00,49.087283588807715,50.031661141563966,48.96220198292807,49.90449715552803,46283434.47902022,2023-09-13T16:00:00
2023-09-14T16:00:00,2023-09-14T09:30:00,49.753219170273454,51.06394471044888,49.75221589055007,51.06291502054918,64345287.0758369,2023-09-14T16:00:00
2023-09-15T16:00:00,2023-09-15T09:30:00,51.196184654615024,51.736929140388085,51.15343791530392,51.693766940034635,55560932.21972314,2023-09-15T16:00:00
2023-09-18T16:00:00,2023-09-18T09:30:00,51.654146887440504,51.676637817914944,51.371319753932546,51.39369728104361,55190829.27647742,2023-09-18T16:00:00
2023-09-19T16:00:00,2023-09-19T09:30:00,51.46931020627553,51.883215510689304,51.21999438751868,51.633106268643225,42328275.377629854,2023-09-19T16:00:00
2023-09-20T16:00:00,2023-09-20T09:30:00,51.75479756266013,52.13635629221748,51.64550202603897,52.026487003121424,39111004.04154317,2023-09-20T16:00:00
2023-09-21T16:00:00,2023-09-21T09:30:00,52.173263354751505,53.06923552923605,52.10824133996623,53.003179214546265,60199863.50680158,2023-09-21T16:00:00
2023-09-22T16:00:00,2023-09-22T09:30:00,53.11774417003767,54.10983897261068,52.84506888749428,53.83348947430157,38685061.92895545,2023-09-22T16:00:00
2023-09-25T16:00:00,2023-09-25T09:30:00,53.76666171589814,53.784610021902836,53.73087314870933,53.74881549731624,43636549.45120289,2023-09-25T16:00:00
2023-09-26T16:00:00,2023-09-26T09:30:00,53.69828361279297,53.86364653571718,53.42957302225162,53.59461670475003,56866766.26708502,2023-09-26T16:00:00
2023-09-27T16:00:00,2023-09-27T09:30:00,53.58300307744017,54.442079958100265,53.47845010804911,54.336057603227566,48013576.189499274,2023-09-27T16:00:00
2023-09-28T16:00:00,2023-09-28T09:30:00,54.352183639288945,54.51934985274719,54.28518579807685,54.45222868985852,43578657.3973745,2023-09-28T16:00:00
2023-09-29T16:00:00,2023-09-29T09:30:00,54.379095418535364,54.53330933520282,53.889686782208734,54.04294741527034,39341460.867734835,2023-09-29T16:00:00
2023-10-02T16:00:00,2023-10-02T09:30:00,53.98008282858219,54.37491638899782,53.92070328735543,54.3151682448115,44701323.9087817,2023-10-02T16:00:00
2023-10-03T16:00:00,2023-10-03T09:30:00,54.437189762135105,55.600589274170126,54.317046320863305,55.47814842635167,45869931.65488177,2023-10-03T16:00:00
2023-10-04T16:00:00,2023-10-04T09:30:00,55.48353478451569,56.51705869688077,55.07374173352023,56.102692639006335,41126212.32897993,2023-10-04T16:00:00
2023-10-05T16:00:00,2023-10-05T09:30:00,56.24626117170509,58.0999168263834,55.70976111664217,57.550971901848584,44301606.533903055,2023-10-05T16:00:00
2023-10-06T16:00:00,2023-10-06T09:30:00,57.42723685605939,57.76374434395171,57.246427118745004,57.582445930644184,45061443.15744468,2023-10-06T16:00:00
2023-10-09T16:00:00,2023-10-09T09:30:00,57.50225165128606,58.02859356555049,57.06013178660104,57.58583108036258,37081891.439438514,2023-10-09T16:00:00
2023-10-10T16:00:00,2023-10-10T09:30:00,57.611257393633274,59.51762516027903,57.41177684853338,59.31225486518599,55943085.75074754,2023-10-10T16:00:00
2023-10-11T16:00:00,2023-10-11T09:30:00,59.248633701036404,59.61630448396312,58.9894742453335,59.35667245592962,45833687.98062836,2023-10-11T16:00:00
2023-10-12T16:00:00,2023-10-12T09:30:00,59.25361465212469,59.70413946120484,58.77891781922848,59.22925743231904,52172487.28130696,2023-10-12T16:00:00
2023-10-13T16:00:00,2023-10-13T09:30:00,59.27555940875636,59.3897441402304,59.08301137649141,59.19704486245254,48326194.84144741,2023-10-13T16:00:00
2023-10-16T16:00:00,2023-10-16T09:30:00,59.33539742456628,60.789903373967775,59.03939151247873,60.48814675267315,51838379.19746458,2023-10-16T16:00:00
2023-10-17T16:00:00,2023-10-17T09:30:00,60.557821109874304,60.88327074845361,59.85001418260138,60.17339785501707,41958031.43688155,2023-10-17T16:00:00
2023-10-18T16:00:00,2023-10-18T09:30:00,60.13914807054464,60.476862733620095,59.86554670597891,60.2029710083917,37037384.85668554,2023-10-18T16:00:00
2023-10-19T16:00:00,2023-10-19T09:30:00,60.27237065569326,61.45187606779945,59.56816828514079,60.74218454769362,57965002.471038125,2023-10-19T16:00:00
2023-10-20T16:00:00,2023-10-20T09:30:00,60.64283661137809,60.80108482253817,59.607667703078505,59.76362159207616,58942556.88567975,2023-10-20T16:00:00
2023-10-23T16:00:00,2023-10-23T09:30:00,59.773646241795106,60.693471262736416,59.54901100961726,60.46623322068185,52062624.76994627,2023-10-23T16:00:00
2023-10-24T16:00:00,2023-10-24T09:30:00,60.49086143899769,60.654664481477674,59.841593049928306,60.00407793264875,57475115.40039872,2023-10-24T16:00:00
2023-10-25T16:00:00,2023-10-25T09:30:00,60.05573114885766,60.105555109575874,59.810913093802675,59.86057514749287,35909434.236219615,2023-10-25T16:00:00
2023-10-26T16:00:00,2023-10-26T09:30:00,59.80625339478274,60.04892611477793,58.897946042130776,59.13790684714369,54564063.808239356,2023-10-26T16:00:00
2023-10-27T16:00:00,2023-10-27T09:30:00,59.2127296572483,59.235829516487875,58.8627674510215,58.88573974612133,53453947.20325575,2023-10-27T16:00:00
2023-10-30T16:00:00,2023-10-30T09:30:00,58.83071675461404,59.13549434753954,58.260340504029124,58.563734974859955,43075703.36672851,2023-10-30T16:00:00
2023-10-31T16:00:00,2023-10-31T09:30:00,58.54502610547315,58.99522963396077,58.27412378152366,58.72350146037678,56945460.91109146,2023-10-31T16:00:00
2023-11-01T16:00:00,2023-11-01T09:30:00,58.604061082080825,59.54496026342354,58.23488321712351,59.17220337078007,54624070.968355864,2023-11-01T16:00:00
2023-11-02T16:00:00,2023-11-02T09:30:00,59.240898237155186,59.56624296713022,59.042769979892284,59.36769065887725,35307076.65697553,2023-11-02T16:00:00
2023-11-03T16:00:00,2023-11-03T09:30:00,59.39476489799025,59.6781432999917,58.03097114840559,58.309170068198206,57294873.55843277,2023-11-03T16:00:00
2023-11-06T16:00:00,2023-11-06T09:30:00,58.453846111753606,59.173930801595965,58.25891684971343,58.97725609543789,55808174.655884214,2023-11-06T16:00:00
2023-11-07T16:00:00,2023-11-07T09:30:00,58.91221227597148,59.007027171723315,58.03808149161001,58.13164011357165,48275039.819277786,2023-11-07T16:00:00
2023-11-08T16:00:00,2023-11-08T09:30:00,58.240283510169476,58.554594601332575,57.99184574503798,58.30587703145335,38513469.81902936,2023-11-08T16:00:00
2023-11-09T16:00:00,2023-11-09T09:30:00,58.322493482008625,59.78520737402168,58.267705944166735,59.72909848621178,55730256.55580747,2023-11-09T16:00:00
2023-11-10T16:00:00,2023-11-10T09:30:00,59.819187809964404,60.730428391967244,59.78915431618931,60.6999526914763,50962455.89616406,2023-11-10T16:00:00
2023-11-13T16:00:00,2023-11-13T09:30:00,60.70535244613903,61.361500892029866,58.96632525168125,59.61064124750402,56196120.84465235,2023-11-13T16:00:00
2023-11-14T16:00:00,2023-11-14T09:30:00,59.593627222904416,60.3245519109335,59.222748401156494,59.951446215398576,48234589.031818695,2023-11-14T16:00:00
2023-11-15T16:00:00,2023-11-15T09:30:00,59.76100758605469,60.488830038095266,59.382805443561516,60.108429211071204,43198629.19583759,2023-11-15T16:00:00
2023-11-16T16:00:00,2023-11-16T09:30:00,59.964315999186454,60.03558711158761,59.415713428543704,59.48641652934891,57706327.33880839,2023-11-16T16:00:00
2023-11-17T16:00:00,2023-11-17T09:30:00,59.47271449704962,60.38138896641049,59.38634109326404,60.29382305037408,51501945.24931937,2023-11-17T16:00:00
2023-11-20T16:00:00,2023-11-20T09:30:00,60.28630597990011,62.04423275447546,60.116272770386075,61.869733600730356,54745818.05027603,2023-11-20T16:00:00
2023-11-21T16:00:00,2023-11-21T09:30:00,61.91998898663531,62.98517910017089,61.688341616102875,62.75042500556874,46984602.06244234,2023-11-21T16:00:00
2023-11-22T16:00:00,2023-11-22T09:30:00,62.92726734426664,63.42117655276093,62.43953666029852,62.933398349182525,39244356.298972994,2023-11-22T16:00:00
2023-11-23T16:00:00,2023-11-23T09:30:00,63.12985882855266,63.36300791317752,62.88427300836919,63.11737599179857,45816121.68151116,2023-11-23T16:00:00
2023-11-24T16:00:00,2023-11-24T09:30:00,63.07145619840257,63.12909258145245,62.888200471607426,62.94572195534417,56256472.25606483,2023-11-24T16:00:00
2023-11-27T16:00:00,2023-11-27T09:30:00,62.92544594338307,64.27373845072832,62.68122564880817,64.02524970173388,52786298.75085786,2023-11-27T16:00:00
2023-11-28T16:00:00,2023-11-28T09:30:00,64.00507192698409,64.07453824949712,63.412253503580644,63.4811512016866,42806178.47409497,2023-11-28T16:00:00
2023-11-29T16:00:00,2023-11-29T09:30:00,63.54213663615047,63.63885281014254,62.737926151556195,62.833563821499524,41799284.988749124,2023-11-29T16:00:00
2023-11-30T16:00:00,2023-11-30T09:30:00,62.81198300093812,63.440798948828174,62.6199650356995,63.24744974972245,36465406.570114456,2023-11-30T16:00:00
2023-12-01T16:00:00,2023-12-01T09:30:00,63.15953264594321,63.23892020861551,62.332224604626745,62.41067089514766,38211224.75299149,2023-12-01T16:00:00
2023-12-04T16:00:00,2023-12-04T09:30:00,62.31271372451714,63.45508140687782,62.23652668502367,63.377592386651386,60130737.01972955,2023-12-04T16:00:00
2023-12-05T16:00:00,2023-12-05T09:30:00,63.41031328329681,63.42489264536035,62.80257730285057,62.817020254393015,41008624.70482588,2023-12-05T16:00:00
2023-12-06T16:00:00,2023-12-06T09:30:00,62.62437119811492,62.64426658265973,61.909070923579215,61.92874531198085,42802577.564983815,2023-12-06T16:00:00
2023-12-07T16:00:00,2023-12-07T09:30:00,61.98085698769669,62.11936102268622,61.22446686560719,61.36158706391941,48348083.668795645,2023-12-07T16:00:00
2023-12-08T16:00:00,2023-12-08T09:30:00,61.25322742717272,62.11423651550383,60.960080608385674,61.81838495545681,44430466.3340724,2023-12-08T16:00:00
2023-12-11T16:00:00,2023-12-11T09:30:00,61.77481734462542,61.94385820350075,61.49572035494054,61.664459229425155,45224444.907483466,2023-12-11T16:00:00
2023-12-12T16:00:00,2023-12-12T09:30:00,61.62424955920132,61.78650579649921,61.52033004719226,61.682488074481405,47614627.026095666,2023-12-12T16:00:00
2023-12-13T16:00:00,2023-12-13T09:30:00,61.79306673524997,63.01680874296,61.43129885385484,62.650023801260254,57726045.677803524,2023-12-13T16:00:00
2023-12-14T16:00:00,2023-12-14T09:30:00,62.66250403189795,62.69558896166516,61.38915375296315,61.421583493961926,46234156.143464565,2023-12-14T16:00:00
2023-12-15T16:00:00,2023-12-15T09:30:00,61.50951765009549,62.99948340159437,60.9323799092047,62.41386030273822,40471619.06370897,2023-12-15T16:00:00
2023-12-18T16:00:00,2023-12-18T09:30:00,62.41063838645578,63.179349048351824,62.34845646177702,63.1164638847845,59695573.647982806,2023-12-18T16:00:00
2023-12-19T16:00:00,2023-12-19T09:30:00,63.19607743946672,63.4920188732114,61.13456117917137,61.422195687387216,60265876.83630065,2023-12-19T16:00:00
2023-12-20T16:00:00,2023-12-20T09:30:00,61.312520011972204,61.37288919381646,60.50351146668315,60.56314280103544,39262438.64033776,2023-12-20T16:00:00
2023-12-21T16:00:00,2023-12-21T09:30:00,60.61108547535028,60.662837471772654,60.50057736444576,60.55227914984281,42352944.89576908,2023-12-21T16:00:00
2023-12-22T16:00:00,2023-12-22T09:30:00,60.50132986175554,60.906133130497466,59.385635012205995,59.785649797287604,43328687.669521466,2023-12-22T16:00:00
2023-12-25T16:00:00,2023-12-25T09:30:00,59.78759232625693,59.95498295621701,59.39709403083467,59.56385826015188,41039364.36153949,2023-12-25T16:00:00
2023-12-26T16:00:00,2023-12-26T09:30:00,59.445685296652265,60.82065334992422,58.843190101967174,60.21040752596918,57255865.30670305,2023-12-26T16:00:00
2023-12-27T16:00:00,2023-12-27T09:30:00,60.164783806278415,62.01297732138161,60.010708263571416,61.85457440662508,58832851.99379435,2023-12-27T16:00:00
2023-12-28T16:00:00,2023-12-28T09:30:00,61.97980341638504,62.17148729628979,61.10334930620439,61.29290883897628,59753115.497216634,2023-12-28T16:00:00
2023-12-29T16:00:00,2023-12-29T09:30:00,61.252137304401046,61.64172902480794,60.494890572021454,60.882128868869465,50711317.68814979,2023-12-29T16:00:00
2024-01-01T16:00:00,2024-01-01T09:30:00,60.68730457772575,61.20710437381574,59.03254857866988,59.54254324813856,46157999.27392663,2024-01-01T16:00:00
2024-01-02T16:00:00,2024-01-02T09:30:00,59.56243237463775,59.785250737714996,59.047749791286556,59.2694722135006,50401408.97228873,2024-01-02T16:00:00
2024-01-03T16:00:00,2024-01-03T09:30:00,59.2377814655846,59.65890022970862,58.37486044274195,58.79281596684803,51863347.22575196,2024-01-03T16:00:00
2024-01-04T16:00:00,2024-01-04T09:30:00,58.76105581059728,58.833378410373165,58.581792540178334,58.65398335610237,40087312.510805115,2024-01-04T16:00:00
2024-01-05T16:00:00,2024-01-05T09:30:00,58.674090518208445,60.15573127669589,58.130603736086826,59.603634309744116,39456284.65028703,2024-01-05T16:00:00
2024-01-08T16:00:00,2024-01-08T09:30:00,59.59477810988011,59.69709175074223,58.73090946964818,58.83191340741769,52930037.05582123,2024-01-08T16:00:00
2024-01-09T16:00:00,2024-01-09T09:30:00,58.80174056667726,59.373387851313325,58.77467444401903,59.346071176224115,41137511.263706625,2024-01-09T16:00:00
2024-01-10T16:00:00,2024-01-10T09:30:00,59.30054294803516,59.945341298861926,59.28202786616431,59.926630737049486,39126166.10613333,2024-01-10T16:00:00
2024-01-11T16:00:00,2024-01-11T09:30:00,60.01733329869324,60.07760826289217,59.85896214691526,59.91913849479848,34907767.02633134,2024-01-11T16:00:00
2024-01-12T16:00:00,2024-01-12T09:30:00,59.865630720600976,60.40482579099903,59.76692770774507,60.30539771558491,52156633.88218388,2024-01-12T16:00:00
2024-01-15T16:00:00,2024-01-15T09:30:00,60.23958443538652,60.46575310347371,59.761964872816826,59.98718591422475,45344329.53443034,2024-01-15T16:00:00
2024-01-16T16:00:00,2024-01-16T09:30:00,60.00541321360542,60.012948260508466,58.3789909523018,58.386322685496694,44062360.74167796,2024-01-16T16:00:00
2024-01-17T16:00:00,2024-01-17T09:30:00,58.35735719743945,59.16572793338351,57.69579404429905,58.502519164111746,39010873.151870586,2024-01-17T16:00:00
2024-01-18T16:00:00,2024-01-18T09:30:00,58.602733673787036,58.82885627835091,56.77498483015521,56.994903513489625,64536177.14845497,2024-01-18T16:00:00
2024-01-19T16:00:00,2024-01-19T09:30:00,56.86983476141706,57.02519301965329,56.40629857621471,56.56081264106482,47267328.71182881,2024-01-19T16:00:00
2024-01-22T16:00:00,2024-01-22T09:30:00,56.64867883102645,56.709504874853586,55.6247809163742,55.684571758317226,45401023.883225515,2024-01-22T16:00:00
2024-01-23T16:00:00,2024-01-23T09:30:00,55.74973121490764,56.12353174161425,55.6923280120124,56.06580309252,41375908.4481993,2024-01-23T16:00:00
2024-01-24T16:00:00,2024-01-24T09:30:00,56.067947745479394,56.58129757202227,55.789336982423876,56.30152611998541,46465004.49379751,2024-01-24T16:00:00
2024-01-25T16:00:00,2024-01-25T09:30:00,56.209483678036314,57.06497769356871,56.12591560388031,56.98026368110764,53805941.45224612,2024-01-25T16:00:00
2024-01-26T16:00:00,2024-01-26T09:30:00,56.85560183102222,56.99680323948284,56.56298482788214,56.70380925809609,51007194.35704489,2024-01-26T16:00:00
2024-01-29T16:00:00,2024-01-29T09:30:00,56.69691312977978,57.08517370396708,56.463830548602886,56.85145579361615,55218428.4396273,2024-01-29T16:00:00
2024-01-30T16:00:00,2024-01-30T09:30:00,56.70503770252357,56.90986690384175,54.98506317198874,55.18439954388386,62895874.93828167,2024-01-30T16:00:00
2024-01-31T16:00:00,2024-01-31T09:30:00,55.27848158444892,55.297286426376374,53.810570855777996,53.82888256765579,59822259.79860645,2024-01-31T16:00:00
2024-02-01T16:00:00,2024-02-01T09:30:00,53.875347129829116,54.275893010699875,53.50246933850438,53.90282504142673,51154406.681913435,2024-02-01T16:00:00
2024-02-02T16:00:00,2024-02-02T09:30:00,53.98114065985481,54.388550923724594,53.31684599597352,53.722302740078696,43301848.44110324,2024-02-02T16:00:00
2024-02-05T16:00:00,2024-02-05T09:30:00,53.73881168519254,54.563705267162234,53.63664943871466,54.46017165141962,50148114.93763752,2024-02-05T16:00:00
2024-02-06T16:00:00,2024-02-06T09:30:00,54.498678513239526,54.684389690796074,53.900559230919484,54.08486027018814,41796990.08816491,2024-02-06T16:00:00
2024-02-07T16:00:00,2024-02-07T09:30:00,53.95998220029379,54.056000858059704,53.524150528653344,53.61956343096909,41978219.7558538,2024-02-07T16:00:00
2024-02-08T16:00:00,2024-02-08T09:30:00,53.60152044755987,53.86906791324372,52.88971844530522,53.155037328179034,38987843.5569788,2024-02-08T16:00:00
2024-02-09T16:00:00,2024-02-09T09:30:00,53.203019878004675,53.786447122389006,53.06622447543565,53.64850628685813,57596483.86489574,2024-02-09T16:00:00
2024-02-12T16:00:00,2024-02-12T09:30:00,53.557721074439556,54.042528366811226,52.77994804944153,53.26207917588466,45632309.14550318,2024-02-12T16:00:00
2024-02-13T16:00:00,2024-02-13T09:30:00,53.08895442209389,53.34489094020974,52.86040065064139,53.116219788365036,40915515.25521351,2024-02-13T16:00:00
2024-02-14T16:00:00,2024-02-14T09:30:00,53.10549141525813,54.50594362275993,53.07103969722352,54.47060629851418,52723759.22752576,2024-02-14T16:00:00
2024-02-15T16:00:00,2024-02-15T09:30:00,54.49407579344116,55.8290571081409,54.09430670607346,55.42247725830197,41759299.96459686,2024-02-15T16:00:00
2024-02-16T16:00:00,2024-02-16T09:30:00,55.17636846072894,55.419931661124494,55.1434535971978,55.386891212531495,51958635.74037149,2024-02-16T16:00:00
2024-02-19T16:00:00,2024-02-19T09:30:00,55.31571218645106,57.09403824473092,54.887639024977204,56.655596088350855,49842649.73722241,2024-02-19T16:00:00
2024-02-20T16:00:00,2024-02-20T09:30:00,56.73344964921672,56.87394597860183,56.10693057797369,56.246220318778015,54763939.10603329,2024-02-20T16:00:00
2024-02-21T16:00:00,2024-02-21T09:30:00,56.282028800704815,56.316801740981866,56.22669600381929,56.26145623366887,54673485.468865946,2024-02-21T16:00:00
2024-02-22T16:00:00,2024-02-22T09:30:00,56.30902262285913,57.41458539338221,56.28699715081883,57.39213625763815,42372449.74391011,2024-02-22T16:00:00
2024-02-23T16:00:00,2024-02-23T09:30:00,57.39922832602888,57.42380169937163,56.81257366648893,56.83690630229162,43889428.81327262,2024-02-23T16:00:00
2024-02-26T16:00:00,2024-02-26T09:30:00,56.829464641284126,56.885281868207514,56.3699294392706,56.425349749334586,39254417.15131235,2024-02-26T16:00:00
2024-02-27T16:00:00,2024-02-27T09:30:00,56.609087067076224,57.02327554198443,56.38625868982192,56.79969687398771,42780339.378550336,2024-02-27T16:00:00
2024-02-28T16:00:00,2024-02-28T09:30:00,56.95046024880236,57.87722907194611,56.639749135488536,57.56317510042081,45466152.54099964,2024-02-28T16:00:00
2024-02-29T16:00:00,2024-02-29T09:30:00,57.618244559692656,57.896887544246454,57.12377818057641,57.4013723668626,52949587.5481027,2024-02-29T16:00:00
2024-03-01T16:00:00,2024-03-01T09:30:00,57.62058269478738,57.89013161646024,56.957901804826896,57.2256030126722,52005766.57101388,2024-03-01T16:00:00
2024-03-04T16:00:00,2024-03-04T09:30:00,57.39824567167536,57.495000516344675,56.715473617295046,56.81123895884183,51391609.79659763,2024-03-04T16:00:00
2024-03-05T16:00:00,2024-03-05T09:30:00,56.8839390225137,56.9715955379617,55.6616828508027,55.747588282413744,51731302.258792244,2024-03-05T16:00:00
2024-03-06T16:00:00,2024-03-06T09:30:00,55.70424022520639,56.65309816817599,55.69667910860914,56.64540930027855,41902708.95507848,2024-03-06T16:00:00
2024-03-07T16:00:00,2024-03-07T09:30:00,56.76242872221503,57.66730016203658,56.727757188039455,57.63209741824586,54182356.392087765,2024-03-07T16:00:00
2024-03-08T16:00:00,2024-03-08T09:30:00,57.54556498544146,57.66665971857378,56.67153132033322,56.79103828193484,60859742.08671382,2024-03-08T16:00:00
2024-03-11T16:00:00,2024-03-11T09:30:00,56.79192488297245,57.0223431974064,56.0728092620546,56.301236738258446,48529704.752615325,2024-03-11T16:00:00
2024-03-12T16:00:00,2024-03-12T09:30:00,56.29645490294598,57.697531297530745,56.2617838727927,57.66201926374391,60401856.36485386,2024-03-12T16:00:00
2024-03-13T16:00:00,2024-03-13T09:30:00,57.65890402229396,58.38328918681628,57.59728267410597,58.320960284432786,58569167.00702099,2024-03-13T16:00:00
2024-03-14T16:00:00,2024-03-14T09:30:00,58.42471923416428,58.5002536667712,57.98852694102281,58.06359449329622,48957423.10749401,2024-03-14T16:00:00
2024-03-15T16:00:00,2024-03-15T09:30:00,58.00296423330829,58.370601452124475,57.79193643622602,58.15900594030356,56047239.049651064,2024-03-15T16:00:00
2024-03-18T16:00:00,2024-03-18T09:30:00,58.26758433254311,58.48090417030743,57.915935345055125,58.12874689368628,35866452.02713445,2024-03-18T16:00:00
2024-03-19T16:00:00,2024-03-19T09:30:00,58.2039174784064,58.46378293519241,57.99587111803392,58.25555201032837,55805202.781726,2024-03-19T16:00:00
2024-03-20T16:00:00,2024-03-20T09:30:00,58.23291006039958,58.58915495824302,56.13929703538959,56.48484801143845,56191141.61609428,2024-03-20T16:00:00
2024-03-21T16:00:00,2024-03-21T09:30:00,56.517263536610876,56.556903867172615,55.82901593924278,55.86820102744477,38737286.29746235,2024-03-21T16:00:00
2024-03-22T16:00:00,2024-03-22T09:30:00,55.66577001398689,57.78261401374637,55.40641346583295,57.51464324219586,59070171.328891546,2024-03-22T16:00:00
2024-03-25T16:00:00,2024-03-25T09:30:00,57.556393960717166,57.60432613970847,56.68940143201163,56.73665094020857,45232932.1707536,2024-03-25T16:00:00
2024-03-26T16:00:00,2024-03-26T09:30:00,56.84869361773341,56.862735356763025,56.607146342627345,56.62113187345897,43477514.27852147,2024-03-26T16:00:00
2024-03-27T16:00:00,2024-03-27T09:30:00,56.53890194887647,56.85180320897832,55.71097669694148,56.02101181586214,53865040.4745339,2024-03-27T16:00:00
2024-03-28T16:00:00,2024-03-28T09:30:00,56.02638069295684,56.06667303027852,55.08647547081095,55.126120370405175,59649970.09104257,2024-03-28T16:00:00
2024-03-29T16:00:00,2024-03-29T09:30:00,54.992228381308045,56.008724159962156,54.747362373331086,55.76043751765114,50587307.20233626,2024-03-29T16:00:00
2024-04-01T16:00:00,2024-04-01T09:30:00,55.761154259678044,56.316345517347195,55.751202746716636,56.306296714573946,40914653.10933851,2024-04-01T16:00:00
2024-04-02T16:00:00,2024-04-02T09:30:00,56.37259780033834,56.70804923111411,56.21910313541565,56.5540604688359,52737737.40553697,2024-04-02T16:00:00
2024-04-03T16:00:00,2024-04-03T09:30:00,56.62093273634642,56.87814737274177,56.134233373491284,56.390400761187216,38991586.99237418,2024-04-03T16:00:00
2024-04-04T16:00:00,2024-04-04T09:30:00,56.34489453652328,57.120514579445285,56.1212367322862,56.89467445557623,48604466.04727751,2024-04-04T16:00:00
2024-04-05T16:00:00,2024-04-05T09:30:00,56.92136662611345,57.96684041543596,56.72637411767758,57.7689444047312,45365405.410026744,2024-04-05T16:00:00
2024-04-08T16:00:00,2024-04-08T09:30:00,57.92600760123314,58.94532870218289,57.483702104431245,58.49865067583699,58401194.15711516,2024-04-08T16:00:00
2024-04-09T16:00:00,2024-04-09T09:30:00,58.57949277743293,58.88387834491539,57.58815014974674,57.8889475674236,52359604.03920736,2024-04-09T16:00:00
2024-04-10T16:00:00,2024-04-10T09:30:00,57.83175999014818,58.0726021429917,57.359846276185586,57.59972210006039,47426660.89271488,2024-04-10T16:00:00
2024-04-11T16:00:00,2024-04-11T09:30:00,57.61651586897939,58.55668940688589,57.317979705015865,58.254845778739075,55777659.95981837,2024-04-11T16:00:00
2024-04-12T16:00:00,2024-04-12T09:30:00,58.227634421198275,58.321514812072536,57.28792929462067,57.38044376034312,46408063.342710905,2024-04-12T16:00:00
2024-04-15T16:00:00,2024-04-15T09:30:00,57.40194753153487,57.79409175653813,57.18367353793751,57.57515911657023,48014257.26298806,2024-04-15T16:00:00
2024-04-16T16:00:00,2024-04-16T09:30:00,57.60532576383767,57.9868243763942,56.656018417268314,57.03373157444713,42993432.55366886,2024-04-16T16:00:00
2024-04-17T16:00:00,2024-04-17T09:30:00,56.96719827226383,57.08596073058893,56.88724831597208,57.0059563796791,45913174.32938609,2024-04-17T16:00:00
2024-04-18T16:00:00,2024-04-18T09:30:00,57.055166717409385,58.578390789803834,56.797319317671935,58.314850545434865,44712647.6837422,2024-04-18T16:00:00
2024-04-19T16:00:00,2024-04-19T09:30:00,58.341750960617986,59.605922662708984,58.101389444524614,59.361360469000985,55353353.872387834,2024-04-19T16:00:00
2024-04-22T16:00:00,2024-04-22T09:30:00,59.47486556979168,60.86575686843015,58.89870407422264,60.28177842176534,61088903.63568678,2024-04-22T16:00:00
2024-04-23T16:00:00,2024-04-23T09:30:00,60.24083602015149,60.60500923965384,59.17573877940746,59.53564893972276,53397083.17615947,2024-04-23T16:00:00
2024-04-24T16:00:00,2024-04-24T09:30:00,59.487595010979355,59.59824604436315,59.1250357484051,59.23521734190178,55470301.117260784,2024-04-24T16:00:00
2024-04-25T16:00:00,2024-04-25T09:30:00,59.314050101072844,59.756435751463286,59.167998799501966,59.609656566550065,52631455.80168312,2024-04-25T16:00:00
2024-04-26T16:00:00,2024-04-26T09:30:00,59.51758325287787,60.224225598178904,59.238527122410474,59.9431740285734,58672759.49634469,2024-04-26T16:00:00
2024-04-29T16:00:00,2024-04-29T09:30:00,59.947585905575174,60.01563458338254,59.519927359919684,59.587567367634286,54834138.54878607,2024-04-29T16:00:00
2024-04-30T16:00:00,2024-04-30T09:30:00,59.381730889706475,60.781887355115906,59.06049466848797,60.45484592388839,47936694.60405274,2024-04-30T16:00:00
2024-05-01T16:00:00,2024-05-01T09:30:00,60.52454347536727,61.02591928450251,60.24162404010242,60.74198343528175,56421837.8556872,2024-05-01T16:00:00
2024-05-02T16:00:00,2024-05-02T09:30:00,60.730259537552094,61.017324418079646,60.36525033182638,60.65194502877035,41085276.198683366,2024-05-02T16:00:00
2024-05-03T16:00:00,2024-05-03T09:30:00,60.92992134371048,61.14871733917548,60.495030173149175,60.71304738616402,56399703.60453112,2024-05-03T16:00:00
2024-05-06T16:00:00,2024-05-06T09:30:00,60.642369062041716,61.18925790435736,60.05216806242489,60.59866274971459,52500415.16824045,2024-05-06T16:00:00
2024-05-07T16:00:00,2024-05-07T09:30:00,60.8114706388041,62.18205329699971,60.425310462519136,61.789681364571734,50133712.086368375,2024-05-07T16:00:00
2024-05-08T16:00:00,2024-05-08T09:30:00,61.71507700036775,62.09511471088592,61.432563150944496,61.8121564596556,34688673.59017999,2024-05-08T16:00:00
2024-05-09T16:00:00,2024-05-09T09:30:00,61.85793721568623,62.258104958043404,60.08146300636598,60.47266925440932,44241212.99585668,2024-05-09T16:00:00
2024-05-10T16:00:00,2024-05-10T09:30:00,60.56093996506451,60.93010727102114,60.06609543331699,60.43449193753751,39058470.77328651,2024-05-10T16:00:00
2024-05-13T16:00:00,2024-05-13T09:30:00,60.419201875782825,60.544655395800085,60.09567131249115,60.22071269256039,38277964.84158814,2024-05-13T16:00:00
2024-05-14T16:00:00,2024-05-14T09:30:00,60.23628783876503,60.60093189799079,60.11099832050649,60.47514556343878,42508327.810734,2024-05-14T16:00:00
2024-05-15T16:00:00,2024-05-15T09:30:00,60.56391742443005,60.8127786676446,58.97884652140675,59.222194534290615,44474425.48631469,2024-05-15T16:00:00
2024-05-16T16:00:00,2024-05-16T09:30:00,59.22914130668762,60.23897720426504,58.65065739533336,59.65632107936357,43402906.86624258,2024-05-16T16:00:00
2024-05-17T16:00:00,2024-05-17T09:30:00,59.697674938284166,59.76976030792804,57.41230785623224,57.48171744134267,53351524.79880015,2024-05-17T16:00:00
2024-05-20T16:00:00,2024-05-20T09:30:00,57.58115121358198,58.893681722144365,57.202205298837924,58.508631986229815,54319549.27365306,2024-05-20T16:00:00
2024-05-21T16:00:00,2024-05-21T09:30:00,58.48046471715117,59.819908969112326,58.39765807905377,59.73532548464514,59213629.11619311,2024-05-21T16:00:00
2024-05-22T16:00:00,2024-05-22T09:30:00,59.574140909108515,59.59073629325539,59.04137972272212,59.05783128009278,37018140.739197575,2024-05-22T16:00:00
2024-05-23T16:00:00,2024-05-23T09:30:00,58.939620995880716,59.28638349103313,58.50392894292534,58.85016513784005,50063690.3801593,2024-05-23T16:00:00
2024-05-24T16:00:00,2024-05-24T09:30:00,58.9462007615089,59.43028391315046,58.11289941630501,58.594090940844076,48017954.67039451,2024-05-24T16:00:00
2024-05-27T16:00:00,2024-05-27T09:30:00,58.599267532631,59.62033797937976,58.14513611134831,59.16184669346647,51829924.6357347,2024-05-27T16:00:00
2024-05-28T16:00:00,2024-05-28T09:30:00,59.074332411633925,60.94633506802658,58.62129450314685,60.482498012556334,47516085.108122565,2024-05-28T16:00:00
2024-05-29T16:00:00,2024-05-29T09:30:00,60.40643012962814,60.69445756384481,59.57198714314855,59.857396698937336,40082610.3616203,2024-05-29T16:00:00
2024-05-30T16:00:00,2024-05-30T09:30:00,59.750887003322596,60.89881939495186,59.17244378399837,60.31491586057056,41188257.98266907,2024-05-30T16:00:00
2024-05-31T16:00:00,2024-05-31T09:30:00,60.38716050836476,60.581669939311176,59.11415877308276,59.30518311206792,45465938.23600777,2024-05-31T16:00:00
2024-06-03T16:00:00,2024-06-03T09:30:00,59.33057749928847,59.77530421111707,58.52515685858067,58.967159482656065,39375605.51699477,2024-06-03T16:00:00
2024-06-04T16:00:00,2024-06-04T09:30:00,58.98662238383949,59.12465211912589,58.47859671097167,58.61575861851534,54591166.13307272,2024-06-04T16:00:00
2024-06-05T16:00:00,2024-06-05T09:30:00,58.64537104067251,58.80999764517226,58.22565391393992,58.38956242418626,37123210.829362266,2024-06-05T16:00:00
2024-06-06T16:00:00,2024-06-06T09:30:00,58.43595499650929,58.88987676538328,58.33576329635957,58.78907961340627,36331669.99291812,2024-06-06T16:00:00
2024-06-07T16:00:00,2024-06-07T09:30:00,58.58056870430721,59.649642697413334,58.2147795525757,59.27948934109126,47990297.49235762,2024-06-07T16:00:00
2024-06-10T16:00:00,2024-06-10T09:30:00,59.0629213437051,60.132853374202604,58.191923018824916,59.25896401657647,43977876.92395526,2024-06-10T16:00:00
2024-06-11T16:00:00,2024-06-11T09:30:00,59.13539633124132,59.462349528247444,56.83716799924999,57.15316163546497,66431512.93303152,2024-06-11T16:00:00
2024-06-12T16:00:00,2024-06-12T09:30:00,57.03293407124626,57.44672766429229,56.62915999214192,57.04288314904798,44247472.369663574,2024-06-12T16:00:00
2024-06-13T16:00:00,2024-06-13T09:30:00,56.94961961542072,57.491918939038506,56.86394275863755,57.405556156519616,43695244.15307061,2024-06-13T16:00:00
2024-06-14T16:00:00,2024-06-14T09:30:00,57.26025198572426,57.39657102116752,55.818440887765234,55.95164453164579,50894355.609493956,2024-06-14T16:00:00
2024-06-17T16:00:00,2024-06-17T09:30:00,55.92939406758598,56.28976739649093,54.4151636607899,54.76805405566591,52466713.23650577,2024-06-17T16:00:00
2024-06-18T16:00:00,2024-06-18T09:30:00,54.75390854077987,54.898971366456635,54.274087272868385,54.418260846906264,55527667.7641072,2024-06-18T16:00:00
2024-06-19T16:00:00,2024-06-19T09:30:00,54.47799692133409,54.49799706918895,54.10185046219291,54.12171981238158,42908536.94271888,2024-06-19T16:00:00
2024-06-20T16:00:00,2024-06-20T09:30:00,54.08712502277145,54.28299371782309,52.33609917514548,52.526315624863976,51670880.81358816,2024-06-20T16:00:00
2024-06-21T16:00:00,2024-06-21T09:30:00,52.41117966446731,52.45856467157701,50.76802391581546,50.81396487922229,67126423.21549067,2024-06-21T16:00:00
2024-06-24T16:00:00,2024-06-24T09:30:00,50.822701545072924,51.69019936734507,50.66275256297859,51.528030576833594,55587120.47405521,2024-06-24T16:00:00
2024-06-25T16:00:00,2024-06-25T09:30:00,51.53607957702887,51.6213600967337,50.71358163570464,50.79764020577987,44698618.69573194,2024-06-25T16:00:00
2024-06-26T16:00:00,2024-06-26T09:30:00,50.78819280048426,50.98985404402745,50.604684153935516,50.80628004438256,43028655.92861917,2024-06-26T16:00:00
2024-06-27T16:00:00,2024-06-27T09:30:00,50.84372985386254,51.543391996536506,50.71242523480121,51.41062336732001,43437481.59939487,2024-06-27T16:00:00
2024-06-28T16:00:00,2024-06-28T09:30:00,51.47092142109727,52.166791920105496,51.37812907364104,52.072914293229054,58271693.14111623,2024-06-28T16:00:00
2024-07-01T16:00:00,2024-07-01T09:30:00,52.009140084020544,52.642407055127435,51.81105844011773,52.44267425603648,40198211.23253513,2024-07-01T16:00:00
2024-07-02T16:00:00,2024-07-02T09:30:00,52.41405630990712,52.53983519465294,51.51396490999328,51.63788119437438,45654357.437460855,2024-07-02T16:00:00
2024-07-03T16:00:00,2024-07-03T09:30:00,51.7551767053068,51.85125802735596,51.47265607115328,51.56839063266674,36927187.82856038,2024-07-03T16:00:00
2024-07-04T16:00:00,2024-07-04T09:30:00,51.61284836463508,51.62135425201264,51.53742371604683,51.54591857327811,37463881.89852636,2024-07-04T16:00:00
2024-07-05T16:00:00,2024-07-05T09:30:00,51.457004204393506,51.93040496628471,51.36827723629656,51.84101584947722,43662046.3633696,2024-07-05T16:00:00
2024-07-08T16:00:00,2024-07-08T09:30:00,51.75450973890486,51.872111829816426,50.93457867646195,51.05058122628321,44862819.20871179,2024-07-08T16:00:00
2024-07-09T16:00:00,2024-07-09T09:30:00,51.107622909543615,51.17268033924029,50.92893335990642,50.99384595727374,52843366.57675274,2024-07-09T16:00:00
2024-07-10T16:00:00,2024-07-10T09:30:00,50.970627690522996,51.235390783805045,50.104686009129985,50.36631001970695,40138761.12573661,2024-07-10T16:00:00
2024-07-11T16:00:00,2024-07-11T09:30:00,50.37249736245697,50.51369740468689,49.35263823051874,49.491368364400856,48060959.13436604,2024-07-11T16:00:00
2024-07-12T16:00:00,2024-07-12T09:30:00,49.580985274468276,49.781996507307134,48.801842839503415,49.00050067163809,47218365.06505,2024-07-12T16:00:00
2024-07-15T16:00:00,2024-07-15T09:30:00,48.97380274310805,49.09595235362943,48.01384948839167,48.13390423861111,42502339.8477573,2024-07-15T16:00:00
2024-07-16T16:00:00,2024-07-16T09:30:00,48.15681304765044,48.4732731399047,47.80996189347384,48.1262209512945,51409945.928442195,2024-07-16T16:00:00
2024-07-17T16:00:00,2024-07-17T09:30:00,48.13866265873811,48.208568203355284,48.05825461094203,48.12814488195429,41962108.66052352,2024-07-17T16:00:00
2024-07-18T16:00:00,2024-07-18T09:30:00,48.12160738420907,48.16963907839939,47.727309917395885,47.77499564747889,38057453.05570414,2024-07-18T16:00:00
2024-07-19T16:00:00,2024-07-19T09:30:00,47.80096867866742,47.8654435156826,46.98017304885298,47.04362636845198,43727916.82111176,2024-07-19T16:00:00
2024-07-22T16:00:00,2024-07-22T09:30:00,47.03090589181951,47.088202304061845,47.00951214046712,47.06679222847863,45627012.831310436,2024-07-22T16:00:00
2024-07-23T16:00:00,2024-07-23T09:30:00,47.02605637122198,47.09185635425001,46.858418955479465,46.92407624547598,56544470.801871866,2024-07-23T16:00:00
2024-07-24T16:00:00,2024-07-24T09:30:00,46.93141994845524,46.97718529541864,46.50424300150389,46.54963605049347,48603087.27957615,2024-07-24T16:00:00
2024-07-25T16:00:00,2024-07-25T09:30:00,46.51549753878538,46.61900330357942,46.10754773900167,46.21037454752871,36786171.2176101,2024-07-25T16:00:00
2024-07-26T16:00:00,2024-07-26T09:30:00,46.08271636589524,46.416325875184135,45.943457346905696,46.27648131093406,48226890.53119191,2024-07-26T16:00:00
2024-07-29T16:00:00,2024-07-29T09:30:00,46.354386421564676,46.62983651678596,46.211690851673744,46.48673353460513,35667043.18556581,2024-07-29T16:00:00
2024-07-30T16:00:00,2024-07-30T09:30:00,46.43692385557464,47.0126699288506,46.32968311014681,46.90434971704871,49050139.22420486,2024-07-30T16:00:00
2024-07-31T16:00:00,2024-07-31T09:30:00,46.911242676553705,47.21474482995579,46.76284128623339,47.06585433332502,49970618.604728684,2024-07-31T16:00:00
2024-08-01T16:00:00,2024-08-01T09:30:00,47.005355731937314,47.005366153427524,46.93117733654964,46.931187741596176,35613638.869537085,2024-08-01T16:00:00
2024-08-02T16:00:00,2024-08-02T09:30:00,46.778543760026245,46.856701048722144,46.020018178033396,46.097036809319015,41811459.48671176,2024-08-02T16:00:00
2024-08-05T16:00:00,2024-08-05T09:30:00,46.10980388507947,46.188147708886305,45.53407950995542,45.61157681066206,44702549.87874242,2024-08-05T16:00:00
2024-08-06T16:00:00,2024-08-06T09:30:00,45.67586497866777,45.736355043745526,45.54257477664773,45.60296830223569,55066663.757560626,2024-08-06T16:00:00
2024-08-07T16:00:00,2024-08-07T09:30:00,45.533516334744256,45.60343419518596,44.88344256391534,44.95246821033664,48561822.7812542,2024-08-07T16:00:00
2024-08-08T16:00:00,2024-08-08T09:30:00,44.92840184769732,44.95021383552049,44.51303939891466,44.534660231767276,44027374.62995384,2024-08-08T16:00:00
2024-08-09T16:00:00,2024-08-09T09:30:00,44.51618696387696,44.55327596676447,43.92085639074825,43.95747990255883,45711388.973152906,2024-08-09T16:00:00
2024-08-12T16:00:00,2024-08-12T09:30:00,44.01562749620831,44.1307980084628,43.00151447255126,43.11432665697414,56347671.7858128,2024-08-12T16:00:00
2024-08-13T16:00:00,2024-08-13T09:30:00,43.1317298188244,43.27349218058631,43.02718483587196,43.16885720629555,44081097.86237497,2024-08-13T16:00:00
2024-08-14T16:00:00,2024-08-14T09:30:00,43.125273391442065,43.56020592807797,42.92881907530166,43.36267016670902,52818379.53568927,2024-08-14T16:00:00
2024-08-15T16:00:00,2024-08-15T09:30:00,43.368238080455676,43.65260737559825,43.29909757115022,43.58312428052097,50125535.52725314,2024-08-15T16:00:00
2024-08-16T16:00:00,2024-08-16T09:30:00,43.57745991389402,43.65057913953445,43.224614466800226,43.29726354706251,48304776.681153156,2024-08-16T16:00:00
2024-08-19T16:00:00,2024-08-19T09:30:00,43.367359140218326,43.571408654008984,42.73603407088505,42.93806368930351,55906433.513146475,2024-08-19T16:00:00
2024-08-20T16:00:00,2024-08-20T09:30:00,42.94455560200648,43.854433884187515,42.76890128174702,43.67578863203829,45344668.95714155,2024-08-20T16:00:00
2024-08-21T16:00:00,2024-08-21T09:30:00,43.730005718762484,43.811663129261945,43.2202786265877,43.30113520353735,57871139.74923317,2024-08-21T16:00:00
2024-08-22T16:00:00,2024-08-22T09:30:00,43.376533982136635,43.73205180352419,43.12683155468341,43.481743723076306,44044179.99399089,2024-08-22T16:00:00
2024-08-23T16:00:00,2024-08-23T09:30:00,43.490645406698285,43.91763122185273,43.264590150055724,43.69053697076908,35827189.141895525,2024-08-23T16:00:00
2024-08-26T16:00:00,2024-08-26T09:30:00,43.73726887909949,44.200397056536204,43.63375891271149,44.09603801606882,59051235.93138764,2024-08-26T16:00:00
2024-08-27T16:00:00,2024-08-27T09:30:00,44.10156586405446,44.47069295018501,44.09569083123912,44.464769532841125,38429738.400065586,2024-08-27T16:00:00
2024-08-28T16:00:00,2024-08-28T09:30:00,44.42849994536803,45.010465174978776,44.40241871649068,44.98405781238315,39567381.14477741,2024-08-28T16:00:00
2024-08-29T16:00:00,2024-08-29T09:30:00,45.00241970641341,45.61633635044841,44.83339515831002,45.445647085028334,45646163.7120192,2024-08-29T16:00:00
2024-08-30T16:00:00,2024-08-30T09:30:00,45.43086381583705,45.71358790141127,44.78883251026456,45.06930656281813,42861533.83488972,2024-08-30T16:00:00
2024-09-02T16:00:00,2024-09-02T09:30:00,45.06036270258235,45.06251430354403,44.71118676052111,44.71332179052074,52057023.42976666,2024-09-02T16:00:00
2024-09-03T16:00:00,2024-09-03T09:30:00,44.666215300374105,45.22023891827871,44.50308574968173,45.05568694274912,44686458.46162468,2024-09-03T16:00:00
2024-09-04T16:00:00,2024-09-04T09:30:00,45.01699250420965,45.159844734672276,44.45947653137309,44.60100872227332,47918031.7692207,2024-09-04T16:00:00
2024-09-05T16:00:00,2024-09-05T09:30:00,44.6677974375907,45.31028845579821,44.64441548228154,45.2865825891348,42458013.18268316,2024-09-05T16:00:00
2024-09-06T16:00:00,2024-09-06T09:30:00,45.23280573382905,45.950952099132586,45.16772592264099,45.88493402233844,51241843.30712901,2024-09-06T16:00:00
2024-09-09T16:00:00,2024-09-09T09:30:00,45.897695552025255,46.518596124070996,45.8565260241288,46.476907052355756,42592679.00122693,2024-09-09T16:00:00
2024-09-10T16:00:00,2024-09-10T09:30:00,46.56283582415999,46.840170165349925,46.40699138825201,46.68392046273382,50811657.41245859,2024-09-10T16:00:00
2024-09-11T16:00:00,2024-09-11T09:30:00,46.65549902409086,47.205476394101574,46.47183598416347,47.020376983400936,39096495.72303886,2024-09-11T16:00:00
2024-09-12T16:00:00,2024-09-12T09:30:00,46.963746844314215,47.43514966016191,46.934182939535994,47.40530779064178,40972401.92334738,2024-09-12T16:00:00
2024-09-13T16:00:00,2024-09-13T09:30:00,47.40909955629545,48.194431722041436,47.2881985384389,48.07184060527672,56774678.116270125,2024-09-13T16:00:00
2024-09-16T16:00:00,2024-09-16T09:30:00,47.99550262493145,48.714807573729686,47.87031672613916,48.588076075122714,50869163.54494355,2024-09-16T16:00:00
2024-09-17T16:00:00,2024-09-17T09:30:00,48.572526982951544,48.589303652325455,48.389526094593535,48.40624533124845,46151841.57510097,2024-09-17T16:00:00
2024-09-18T16:00:00,2024-09-18T09:30:00,48.34747736057259,48.84661839369582,48.32787569584412,48.82682238665617,50580010.337885186,2024-09-18T16:00:00
2024-09-19T16:00:00,2024-09-19T09:30:00,48.7649153573004,48.77351483111283,48.18189155228808,48.19038971108308,49677839.45654275,2024-09-19T16:00:00
2024-09-20T16:00:00,2024-09-20T09:30:00,48.09190280631595,48.815072190698864,48.026313599721675,48.7485873776199,59684454.06045331,2024-09-20T16:00:00
2024-09-23T16:00:00,2024-09-23T09:30:00,48.752032652255096,48.8612801580776,48.73218648684413,48.84139761363361,48417400.969400555,2024-09-23T16:00:00
2024-09-24T16:00:00,2024-09-24T09:30:00,48.78109532315822,48.89993169645636,47.43692621751101,47.55277024928744,50690011.08074166,2024-09-24T16:00:00
2024-09-25T16:00:00,2024-09-25T09:30:00,47.490942279438734,47.93357674112726,47.42974621841167,47.87188979728274,50409571.381744616,2024-09-25T16:00:00
2024-09-26T16:00:00,2024-09-26T09:30:00,47.92340428528811,48.17712076617382,47.88804902023822,48.14160452492824,49340607.808045916,2024-09-26T16:00:00
2024-09-27T16:00:00,2024-09-27T09:30:00,48.15985786759301,48.36031900161692,48.108748973954455,48.30905177828117,38001058.81299989,2024-09-27T16:00:00
2024-09-30T16:00:00,2024-09-30T09:30:00,48.370392520383184,48.37096102405538,48.045617264207515,48.04618195738974,51891988.74771222,2024-09-30T16:00:00
2024-10-01T16:00:00,2024-10-01T09:30:00,48.04420115916971,48.04899372571799,47.75761133858114,47.762375792125276,53266623.38253514,2024-10-01T16:00:00
2024-10-02T16:00:00,2024-10-02T09:30:00,47.74466565031213,48.174907311442766,47.52281175776155,47.95208958749354,47066760.92470638,2024-10-02T16:00:00
2024-10-03T16:00:00,2024-10-03T09:30:00,47.99160619100309,48.355163033531895,47.94159893405623,48.30482939798185,41362562.66503163,2024-10-03T16:00:00
2024-10-04T16:00:00,2024-10-04T09:30:00,48.287345573298815,48.38891626288203,47.50818993652528,47.60833234627895,59667252.17612674,2024-10-04T16:00:00
2024-10-07T16:00:00,2024-10-07T09:30:00,47.65190967055586,47.69099669639467,47.45826839773042,47.4972285446003,35028390.11690781,2024-10-07T16:00:00
2024-10-08T16:00:00,2024-10-08T09:30:00,47.44256719432846,47.49241444939719,47.223250013816646,47.2729190218759,56348098.66864265,2024-10-08T16:00:00
2024-10-09T16:00:00,2024-10-09T09:30:00,47.295123584533435,47.55289534348974,47.291896658706555,47.54965105136388,37079100.85812426,2024-10-09T16:00:00
2024-10-10T16:00:00,2024-10-10T09:30:00,47.653779571861996,47.71444600653362,46.77671607933442,46.83634186136721,52597240.29536059,2024-10-10T16:00:00
2024-10-11T16:00:00,2024-10-11T09:30:00,46.842703081069104,46.934114240879914,46.42895883806445,46.519739751313736,56743714.06923462,2024-10-11T16:00:00
2024-10-14T16:00:00,2024-10-14T09:30:00,46.54471172656692,46.74051784893249,45.86490813303723,46.058669554091566,44641477.97435234,2024-10-14T16:00:00
2024-10-15T16:00:00,2024-10-15T09:30:00,46.02595005972471,47.33661637577911,45.75106206123527,47.05557896314222,46046935.16863961,2024-10-15T16:00:00
2024-10-16T16:00:00,2024-10-16T09:30:00,47.07390592868573,47.69353240768759,46.953072584151165,47.57142199618334,44819639.519177005,2024-10-16T16:00:00
2024-10-17T16:00:00,2024-10-17T09:30:00,47.5729755291917,48.40647619617435,47.31924593098812,48.14967080422877,47329181.39885639,2024-10-17T16:00:00
2024-10-18T16:00:00,2024-10-18T09:30:00,48.11268003991502,48.78750345409541,48.05519172094079,48.7292783812738,46073916.532977685,2024-10-18T16:00:00
2024-10-21T16:00:00,2024-10-21T09:30:00,48.80206803094772,49.137864676574374,47.95149762942558,48.28372768543134,46907136.17292324,2024-10-21T16:00:00
2024-10-22T16:00:00,2024-10-22T09:30:00,48.36924893929687,48.375290061401984,48.304357280183375,48.310391051178094,56318575.80630772,2024-10-22T16:00:00
2024-10-23T16:00:00,2024-10-23T09:30:00,48.33234068156525,48.42564713023807,47.6909358249162,47.78318211314459,39570052.984233946,2024-10-23T16:00:00
2024-10-24T16:00:00,2024-10-24T09:30:00,47.80107592639115,47.97739334156199,47.42027549190949,47.59583586560572,49213158.37933475,2024-10-24T16:00:00
2024-10-25T16:00:00,2024-10-25T09:30:00,47.555170598806946,47.96732214270814,47.354919806009555,47.766182795435334,48885090.0625903,2024-10-25T16:00:00
2024-10-28T16:00:00,2024-10-28T09:30:00,47.8164210609051,47.85707919617249,47.29632187635906,47.33657199764948,37854320.888832055,2024-10-28T16:00:00
2024-10-29T16:00:00,2024-10-29T09:30:00,47.32678377541031,47.89347373171128,47.04137260234893,47.606376433749155,44981217.264317274,2024-10-29T16:00:00
2024-10-30T16:00:00,2024-10-30T09:30:00,47.52929508042393,47.61028894486961,46.92900156011149,47.00910898426624,59105871.693870634,2024-10-30T16:00:00
2024-10-31T16:00:00,2024-10-31T09:30:00,47.010925849852875,47.031682752787226,46.981718076785775,47.002471246728845,45852022.605340734,2024-10-31T16:00:00
2024-11-01T16:00:00,2024-11-01T09:30:00,46.932949192632705,47.09720694157766,46.10628868119009,46.26821998517145,43779701.90702146,2024-11-01T16:00:00
2024-11-04T16:00:00,2024-11-04T09:30:00,46.30588466990572,46.69128870197832,46.07313037834588,46.45777096131462,43139289.59410439,2024-11-04T16:00:00
2024-11-05T16:00:00,2024-11-05T09:30:00,46.4341090649357,46.60052836317754,45.53707349033898,45.70086484997813,45719065.33474322,2024-11-05T16:00:00
2024-11-06T16:00:00,2024-11-06T09:30:00,45.730246555831506,46.24107225331444,45.54652594481579,46.05604276070864,39246632.75226795,2024-11-06T16:00:00
2024-11-07T16:00:00,2024-11-07T09:30:00,46.14824101727405,46.51195676521633,46.06387098605113,46.42707695515317,55150546.197099455,2024-11-07T16:00:00
2024-11-08T16:00:00,2024-11-08T09:30:00,46.507303518570545,46.753111293952465,45.72647797766957,45.96944296717482,53047315.569716334,2024-11-08T16:00:00
2024-11-11T16:00:00,2024-11-11T09:30:00,45.978129256394055,46.08015104941937,45.33996511864412,45.44079460904505,40922680.43329062,2024-11-11T16:00:00
2024-11-12T16:00:00,2024-11-12T09:30:00,45.36271395558124,45.45049834098273,44.71748111639226,44.804184654835545,59151753.43958625,2024-11-12T16:00:00
2024-11-13T16:00:00,2024-11-13T09:30:00,44.71370963849496,45.21001847804094,44.64630407726029,45.14196732175888,43769150.2805663,2024-11-13T16:00:00
2024-11-14T16:00:00,2024-11-14T09:30:00,45.164650389347095,45.5597740249528,45.11242829483031,45.507155904888364,52639031.61007941,2024-11-14T16:00:00
2024-11-15T16:00:00,2024-11-15T09:30:00,45.525993515927695,45.604140738827205,45.281343317106284,45.35920423941656,36137278.66662806,2024-11-15T16:00:00
2024-11-18T16:00:00,2024-11-18T09:30:00,45.32456724023666,45.42935638827584,45.22663856351657,45.331412920715564,48919291.501062006,2024-11-18T16:00:00
2024-11-19T16:00:00,2024-11-19T09:30:00,45.36139451239992,45.4490914927419,44.778176132550676,44.86491326793189,44854105.87645126,2024-11-19T16:00:00
2024-11-20T16:00:00,2024-11-20T09:30:00,44.8688480005095,45.12873702297042,44.72487605072546,44.98439431643342,34927200.60417556,2024-11-20T16:00:00
2024-11-21T16:00:00,2024-11-21T09:30:00,45.00118955889446,45.49987635619954,44.796539268170655,45.29389493974606,36619109.06736175,2024-11-21T16:00:00
2024-11-22T16:00:00,2024-11-22T09:30:00,45.359497958786044,45.84646889737284,45.29421987725164,45.78058481833873,55197147.05502014,2024-11-22T16:00:00
2024-11-25T16:00:00,2024-11-25T09:30:00,45.741397551654536,46.50200331839134,45.56729793650621,46.32567982456207,41032786.7935589,2024-11-25T16:00:00
2024-11-26T16:00:00,2024-11-26T09:30:00,46.38994818993882,46.43978928403878,46.17313807615351,46.22279958675349,57126844.56908887,2024-11-26T16:00:00
2024-11-27T16:00:00,2024-11-27T09:30:00,46.29262052342533,46.4231097556795,45.71159173452462,45.84080739991342,40318594.53734884,2024-11-27T16:00:00
2024-11-28T16:00:00,2024-11-28T09:30:00,45.7765368433779,45.85525598440898,45.574499978659155,45.65300669236284,35488239.1961446,2024-11-28T16:00:00
2024-11-29T16:00:00,2024-11-29T09:30:00,45.632294459653814,45.65273818167512,45.19120119576534,45.21145637813821,44176989.33821486,2024-11-29T16:00:00
2024-12-02T16:00:00,2024-12-02T09:30:00,45.2271678656038,45.31484836846153,45.14325792455935,45.23093144485046,50473211.32558067,2024-12-02T16:00:00
2024-12-03T16:00:00,2024-12-03T09:30:00,45.176237319755685,45.34172654083,45.018854829616124,45.18431590695282,33817671.70062384,2024-12-03T16:00:00
2024-12-04T16:00:00,2024-12-04T09:30:00,45.21956491327727,45.25347998027066,44.95995617910102,44.99370184683008,38540895.98113432,2024-12-04T16:00:00
2024-12-05T16:00:00,2024-12-05T09:30:00,44.95355885777152,45.37584921724615,44.810444991593,45.23184938709538,44396742.21196638,2024-12-05T16:00:00
2024-12-06T16:00:00,2024-12-06T09:30:00,45.246997692980734,45.73967406258591,45.18276089815095,45.67482987788091,50657810.64559234,2024-12-06T16:00:00
2024-12-09T16:00:00,2024-12-09T09:30:00,45.60820648744435,45.83556870743236,44.8609799822951,45.085737634213146,52546614.74830719,2024-12-09T16:00:00
2024-12-10T16:00:00,2024-12-10T09:30:00,45.15255770694495,45.94646484170625,44.97011443422353,45.76156083300313,38930496.926935144,2024-12-10T16:00:00
2024-12-11T16:00:00,2024-12-11T09:30:00,45.79021758304419,46.12843273595755,45.57878669691924,45.91641912919616,51700709.43058423,2024-12-11T16:00:00
2024-12-12T16:00:00,2024-12-12T09:30:00,45.88209941326387,45.910819946062915,45.77743440208479,45.80610736661437,50722346.579108365,2024-12-12T16:00:00
2024-12-13T16:00:00,2024-12-13T09:30:00,45.74455203513396,45.91489734346777,45.69859865153586,45.86881912547919,36320549.896359704,2024-12-13T16:00:00
2024-12-16T16:00:00,2024-12-16T09:30:00,45.885053193626064,46.927143145609094,45.63806923474776,46.675902309340884,40601177.27664213,2024-12-16T16:00:00
2024-12-17T16:00:00,2024-12-17T09:30:00,46.62670591807825,46.68582068262142,46.460651610172455,46.51963062137795,38114895.62663298,2024-12-17T16:00:00
2024-12-18T16:00:00,2024-12-18T09:30:00,46.5234915219828,46.82567989844738,46.03222623169026,46.33317844989603,42602826.589616604,2024-12-18T16:00:00
2024-12-19T16:00:00,2024-12-19T09:30:00,46.32002863718944,46.41774777215531,46.22965577188244,46.32736060179133,55007095.07292952,2024-12-19T16:00:00
2024-12-20T16:00:00,2024-12-20T09:30:00,46.274676114969836,46.37249766154294,45.37878417726516,45.4749150829173,46036540.68773973,2024-12-20T16:00:00
2024-12-23T16:00:00,2024-12-23T09:30:00,45.52385840695745,46.651386672649245,45.31536264476576,46.438701001895495,50235535.88437126,2024-12-23T16:00:00
2024-12-24T16:00:00,2024-12-24T09:30:00,46.48836351204147,47.4416049257584,46.30287767818089,47.25306796614054,60749716.38743561,2024-12-24T16:00:00
2024-12-25T16:00:00,2024-12-25T09:30:00,47.231542876838056,47.45597899649696,47.17222906867027,47.39645808628463,42465689.92017936,2024-12-25T16:00:00
2024-12-26T16:00:00,2024-12-26T09:30:00,47.48258068179793,48.06168447507411,47.482291543966426,48.061391812661746,41237923.20176906,2024-12-26T16:00:00
2024-12-27T16:00:00,2024-12-27T09:30:00,48.05408998168022,48.20469076706434,47.949747501596995,48.10024806141203,56259194.87597388,2024-12-27T16:00:00
2024-12-30T16:00:00,2024-12-30T09:30:00,48.09079437547599,48.20351996780308,48.02957419109666,48.14223429975501,46407650.357966505,2024-12-30T16:00:00
2024-12-31T16:00:00,2024-12-31T09:30:00,48.094995575929225,48.25321075635313,47.398790720118036,47.55523026745071,47008607.97147759,2024-12-31T16:00:00
2025-01-01T16:00:00,2025-01-01T09:30:00,47.51792115812804,47.72704329010771,47.45672368792967,47.66565555545422,45548151.61719132,2025-01-01T16:00:00
2025-01-02T16:00:00,2025-01-02T09:30:00,47.58741234722031,47.68222999787352,47.478104550365906,47.57289327184333,37877452.54923465,2025-01-02T16:00:00
2025-01-03T16:00:00,2025-01-03T09:30:00,47.612562623957935,47.61503310809294,47.28346632364219,47.28591985918792,44995901.72009339,2025-01-03T16:00:00
2025-01-06T16:00:00,2025-01-06T09:30:00,47.2892402824073,47.36562216455804,46.99774474564109,47.07377861273042,43349653.194776215,2025-01-06T16:00:00
2025-01-07T16:00:00,2025-01-07T09:30:00,47.051632241288885,47.415071626917836,47.05008254892996,47.41351001575407,45390341.43126287,2025-01-07T16:00:00
2025-01-08T16:00:00,2025-01-08T09:30:00,47.40030531228336,47.415259791722,47.099948472470885,47.11481288095605,45676321.3640309,2025-01-08T16:00:00
2025-01-09T16:00:00,2025-01-09T09:30:00,47.09240523389611,47.857237116736655,47.02472683220314,47.788558245373125,43189768.074417725,2025-01-09T16:00:00
2025-01-10T16:00:00,2025-01-10T09:30:00,47.840647534891076,47.93201428509729,47.560687380654585,47.65169326330104,39597884.75097394,2025-01-10T16:00:00
2025-01-13T16:00:00,2025-01-13T09:30:00,47.69357569150521,48.01415168200733,47.33472597111001,47.65504296093774,39949786.46415174,2025-01-13T16:00:00
2025-01-14T16:00:00,2025-01-14T09:30:00,47.57158246576322,47.7431032723853,47.4404840665486,47.61189378270768,41350144.545534484,2025-01-14T16:00:00
2025-01-15T16:00:00,2025-01-15T09:30:00,47.628399710597954,47.63459769287296,47.52105095862019,47.52723577622293,46236110.584936835,2025-01-15T16:00:00
2025-01-16T16:00:00,2025-01-16T09:30:00,47.59531364115583,47.93229548142269,47.49284893171107,47.82932698059602,36257852.97612979,2025-01-16T16:00:00
2025-01-17T16:00:00,2025-01-17T09:30:00,47.88294965268992,48.507537511339976,47.76431555714643,48.38765297024061,52078168.87924755,2025-01-17T16:00:00
2025-01-20T16:00:00,2025-01-20T09:30:00,48.32937306924187,48.802842101634,48.24519977679437,48.71799196754549,50181281.98059876,2025-01-20T16:00:00
2025-01-21T16:00:00,2025-01-21T09:30:00,48.75213185816795,49.21312419255003,48.63388223398269,49.094045248121226,44647150.653942235,2025-01-21T16:00:00
2025-01-22T16:00:00,2025-01-22T09:30:00,49.08570512251551,49.24560609101861,48.652861881846384,48.8118708111808,57087741.846009776,2025-01-22T16:00:00
2025-01-23T16:00:00,2025-01-23T09:30:00,48.83757785742654,49.67345409843103,48.729626332103805,49.56389710302003,53188556.70991279,2025-01-23T16:00:00
2025-01-24T16:00:00,2025-01-24T09:30:00,49.51819727634029,50.42126076906115,49.168240793915714,50.067422783730656,46779656.20007855,2025-01-24T16:00:00
2025-01-27T16:00:00,2025-01-27T09:30:00,50.08560185503193,50.39066034078738,50.026956968001805,50.33172726720348,37279733.168246455,2025-01-27T16:00:00
2025-01-28T16:00:00,2025-01-28T09:30:00,50.42412557037124,50.510352949394395,49.66274490333412,49.74781576409656,42431264.23587824,2025-01-28T16:00:00
2025-01-29T16:00:00,2025-01-29T09:30:00,49.69174769206315,49.85342329315173,48.69825955468832,48.85721996102511,52135620.52800186,2025-01-29T16:00:00
2025-01-30T16:00:00,2025-01-30T09:30:00,48.88545024879117,48.925649873881504,47.520066744426245,47.55917574362271,63464777.89326103,2025-01-30T16:00:00
2025-01-31T16:00:00,2025-01-31T09:30:00,47.56086012560844,48.559432035045035,47.34591714254014,48.34096351126171,45464573.07590016,2025-01-31T16:00:00
2025-02-03T16:00:00,2025-02-03T09:30:00,48.38354914095726,48.57419096985059,48.281131656421344,48.47158712798176,52674581.712051556,2025-02-03T16:00:00
2025-02-04T16:00:00,2025-02-04T09:30:00,48.49159950811981,48.70755067067565,47.66701169912172,47.88024025108863,53524538.99459039,2025-02-04T16:00:00
2025-02-05T16:00:00,2025-02-05T09:30:00,47.88512371137128,48.049472823314474,47.49800909637723,47.66159100969666,40080636.112399176,2025-02-05T16:00:00
2025-02-06T16:00:00,2025-02-06T09:30:00,47.65018845891928,47.77874209592078,46.960524023917436,47.08755976629863,53729944.87747219,2025-02-06T16:00:00
2025-02-07T16:00:00,2025-02-07T09:30:00,47.07916667231885,48.140448771738455,46.61622198613131,47.6716777324907,44062540.294167146,2025-02-07T16:00:00
2025-02-10T16:00:00,2025-02-10T09:30:00,47.61234005827152,47.72346138752585,47.391718506949466,47.50258367835026,37561935.92031255,2025-02-10T16:00:00
2025-02-11T16:00:00,2025-02-11T09:30:00,47.49918645624125,47.55942559420355,47.24349866175163,47.30348961421973,56032132.02970167,2025-02-11T16:00:00
2025-02-12T16:00:00,2025-02-12T09:30:00,47.32960462632876,47.56558725690134,46.259460398514946,46.49126310748249,43750705.04183549,2025-02-12T16:00:00
2025-02-13T16:00:00,2025-02-13T09:30:00,46.46677659134769,46.49585338028571,45.82781224480015,45.856507154965875,44806399.515206866,2025-02-13T16:00:00
2025-02-14T16:00:00,2025-02-14T09:30:00,45.801225306666346,45.87515495409132,45.80122024613289,45.875149885390016,44890484.57281692,2025-02-14T16:00:00
2025-02-17T16:00:00,2025-02-17T09:30:00,45.96859596651065,46.134439244820285,45.608237636159615,45.77337661151763,44454498.29932964,2025-02-17T16:00:00
2025-02-18T16:00:00,2025-02-18T09:30:00,45.80101571223092,45.9340164382616,45.67714417413112,45.81012027633324,47682979.39342417,2025-02-18T16:00:00
2025-02-19T16:00:00,2025-02-19T09:30:00,45.69550810550335,45.81175072010932,45.20424988236246,45.31953607973826,37687329.7973086,2025-02-19T16:00:00
2025-02-20T16:00:00,2025-02-20T09:30:00,45.4045274833834,45.764448655503706,45.18882934138337,45.548068608949194,45981242.61123547,2025-02-20T16:00:00
2025-02-21T16:00:00,2025-02-21T09:30:00,45.525345550609394,47.11474805567583,45.34178525647383,46.9255421044199,50925478.16347386,2025-02-21T16:00:00
2025-02-24T16:00:00,2025-02-24T09:30:00,46.96854724664631,47.17741487860614,46.86655344618415,47.075189500855906,53419335.82376998,2025-02-24T16:00:00
2025-02-25T16:00:00,2025-02-25T09:30:00,46.85465565077993,47.787034686179375,46.482117203114655,47.41008009337832,53442864.968187965,2025-02-25T16:00:00
2025-02-26T16:00:00,2025-02-26T09:30:00,47.511146264333995,48.995751846395855,47.25247240714848,48.73043956170291,45046593.5925013,2025-02-26T16:00:00
2025-02-27T16:00:00,2025-02-27T09:30:00,48.53868133989771,49.45476292576805,48.280036742432564,49.1926336593798,57248556.34541158,2025-02-27T16:00:00
2025-02-28T16:00:00,2025-02-28T09:30:00,49.1601583087178,49.210208242802075,49.14580403701098,49.195843551363375,51453218.04188048,2025-02-28T16:00:00
2025-03-03T16:00:00,2025-03-03T09:30:00,49.290015808614804,49.98135340849744,49.206618784775536,49.89692950740168,57173171.6642936,2025-03-03T16:00:00
2025-03-04T16:00:00,2025-03-04T09:30:00,49.842829028287596,50.625893962117345,49.75371352947918,50.535539944548326,51976965.54037723,2025-03-04T16:00:00
2025-03-05T16:00:00,2025-03-05T09:30:00,50.679700437999,51.07560118382578,49.936197883444486,50.32936184692449,42360943.72280348,2025-03-05T16:00:00
2025-03-06T16:00:00,2025-03-06T09:30:00,50.287776295363976,50.33895065490035,49.69823762916658,49.74886357484674,46853531.13364534,2025-03-06T16:00:00
2025-03-07T16:00:00,2025-03-07T09:30:00,49.70177391874001,49.76801584747323,49.01818760480338,49.08360564627017,48254810.42507974,2025-03-07T16:00:00
2025-03-10T16:00:00,2025-03-10T09:30:00,49.019738437958765,49.234224144443594,49.01290693357714,49.22736370492347,57460175.068296194,2025-03-10T16:00:00
2025-03-11T16:00:00,2025-03-11T09:30:00,49.16718515422782,49.19170745996543,48.8871213975171,48.91151618746239,52160104.443108,2025-03-11T16:00:00
2025-03-12T16:00:00,2025-03-12T09:30:00,48.94033263005024,51.10045916985038,48.45310563698422,50.59674174468389,66698295.227626994,2025-03-12T16:00:00
2025-03-13T16:00:00,2025-03-13T09:30:00,50.47155131945586,51.800852191901235,50.206729373405594,51.53047412579993,42818456.40128213,2025-03-13T16:00:00
2025-03-14T16:00:00,2025-03-14T09:30:00,51.38386653908996,51.55543443904234,50.34826970145129,50.516942991431534,47902218.87666237,2025-03-14T16:00:00
2025-03-17T16:00:00,2025-03-17T09:30:00,50.63316346688752,51.14312813649827,50.56528695875015,51.074659778554576,42462158.04228802,2025-03-17T16:00:00
2025-03-18T16:00:00,2025-03-18T09:30:00,50.95118337877464,51.28096856607074,50.58630987794932,50.91586647404759,37518615.90281873,2025-03-18T16:00:00
2025-03-19T16:00:00,2025-03-19T09:30:00,51.14788800660756,51.87447946120669,51.00338857210664,51.72834017385571,55190356.01653668,2025-03-19T16:00:00
2025-03-20T16:00:00,2025-03-20T09:30:00,51.84070953776698,52.49594653965998,51.7273444533508,52.381399077227954,39374847.961110644,2025-03-20T16:00:00
2025-03-21T16:00:00,2025-03-21T09:30:00,52.13423333674801,52.50380077386777,50.87073526283084,51.23392059260649,40562469.521995634,2025-03-21T16:00:00
2025-03-24T16:00:00,2025-03-24T09:30:00,51.1668719633942,51.401989367786946,50.8823017280944,51.11719084227127,34600761.0360887,2025-03-24T16:00:00
2025-03-25T16:00:00,2025-03-25T09:30:00,51.227267501541746,51.38678095046678,50.075038803030175,50.23145144135174,53602991.74462694,2025-03-25T16:00:00
2025-03-26T16:00:00,2025-03-26T09:30:00,50.196314057279174,51.81076970496003,50.082938006795665,51.69401087720583,45455031.765171036,2025-03-26T16:00:00
2025-03-27T16:00:00,2025-03-27T09:30:00,51.749988434643896,52.42595175590069,51.18873805731278,51.86347061660474,50846273.07396578,2025-03-27T16:00:00
2025-03-28T16:00:00,2025-03-28T09:30:00,51.79933886793983,52.6738172131143,51.787198033938715,52.66147431006137,50012961.51309216,2025-03-28T16:00:00
2025-03-31T16:00:00,2025-03-31T09:30:00,52.54663515728321,53.74133109384458,52.34656076295204,53.53748398450726,47733823.75953888,2025-03-31T16:00:00
2025-04-01T16:00:00,2025-04-01T09:30:00,53.542012228783236,54.159425779104446,52.03114108541713,52.63813164079162,55365876.49688387,2025-04-01T16:00:00
2025-04-02T16:00:00,2025-04-02T09:30:00,52.52481297684181,53.24413917808303,52.48699701663134,53.20583290822332,52664944.8032074,2025-04-02T16:00:00
2025-04-03T16:00:00,2025-04-03T09:30:00,53.25388382874631,54.23671715547907,52.5166577844143,53.49613744633651,52912494.65467064,2025-04-03T16:00:00
2025-04-04T16:00:00,2025-04-04T09:30:00,53.636931115716386,53.85833749619705,53.59676353273573,53.81803428881392,43179197.95124211,2025-04-04T16:00:00
2025-04-07T16:00:00,2025-04-07T09:30:00,53.856454017890165,54.593690797534165,53.83377949678874,54.57071555967194,53474405.54118845,2025-04-07T16:00:00
2025-04-08T16:00:00,2025-04-08T09:30:00,54.565130575586785,57.32158064837286,54.34676278979023,57.093096031308555,63351560.42242241,2025-04-08T16:00:00
2025-04-09T16:00:00,2025-04-09T09:30:00,57.10150825642533,58.958285754829056,56.95912693510927,58.811640257986944,52998552.50030093,2025-04-09T16:00:00
2025-04-10T16:00:00,2025-04-10T09:30:00,58.78431662148445,58.85448945520091,57.48553705970067,57.55424151101265,49025530.336958,2025-04-10T16:00:00
2025-04-11T16:00:00,2025-04-11T09:30:00,57.46797977139291,57.943929132423584,57.34077392568256,57.81595304501114,36499484.23718083,2025-04-11T16:00:00
2025-04-14T16:00:00,2025-04-14T09:30:00,57.67899320323478,58.616897206413746,56.714985632093224,57.652458155347595,54601696.850632735,2025-04-14T16:00:00
2025-04-15T16:00:00,2025-04-15T09:30:00,57.914601615810234,58.122610639305584,57.77852191513006,57.98636232526038,56444618.0556489,2025-04-15T16:00:00
2025-04-16T16:00:00,2025-04-16T09:30:00,57.738227584080704,57.74622650848902,56.82710349159931,56.83497728173884,45498013.679263934,2025-04-16T16:00:00
2025-04-17T16:00:00,2025-04-17T09:30:00,56.869776990834794,57.54541048197392,56.80959870593511,57.484581625006065,54753843.0388125,2025-04-17T16:00:00
2025-04-18T16:00:00,2025-04-18T09:30:00,57.323961313524485,58.384743586780466,56.44030762706986,57.49840089943304,39642127.65819509,2025-04-18T16:00:00
2025-04-21T16:00:00,2025-04-21T09:30:00,57.387639978373095,60.00678241641722,57.162284876599976,59.772063937717796,56787216.394959055,2025-04-21T16:00:00
2025-04-22T16:00:00,2025-04-22T09:30:00,59.6831519049935,60.00692314181212,59.49829265540398,59.821634962561795,55709230.936717644,2025-04-22T16:00:00
2025-04-23T16:00:00,2025-04-23T09:30:00,60.002445892108774,61.90920247550074,59.43366620936868,61.32785883900466,61461210.67841392,2025-04-23T16:00:00
2025-04-24T16:00:00,2025-04-24T09:30:00,61.12187885354494,61.39002602492651,59.637812709066004,59.90060202934703,53901839.46018118,2025-04-24T16:00:00
2025-04-25T16:00:00,2025-04-25T09:30:00,59.862341582249975,61.638436907726145,59.555654843030354,61.32426046590582,55505736.895297,2025-04-25T16:00:00
2025-04-28T16:00:00,2025-04-28T09:30:00,61.141311320921055,62.15718647224872,61.13603228218841,62.15182018456253,60960583.4105202,2025-04-28T16:00:00
2025-04-29T16:00:00,2025-04-29T09:30:00,62.2236445436571,64.1329105754835,61.777246741875004,63.67609278453675,46762516.942633025,2025-04-29T16:00:00
2025-04-30T16:00:00,2025-04-30T09:30:00,63.79987658268577,64.77476558893242,62.101842200111044,63.06550977194926,44852510.19917688,2025-04-30T16:00:00
2025-05-01T16:00:00,2025-05-01T09:30:00,63.0950871630685,63.7738025252238,62.84009054720002,63.51710035760326,41428062.12365531,2025-05-01T16:00:00
2025-05-02T16:00:00,2025-05-02T09:30:00,63.685851216286565,64.11569808418102,63.61600701731796,64.04545950322232,43266147.44955315,2025-05-02T16:00:00
2025-05-05T16:00:00,2025-05-05T09:30:00,64.08569479638328,65.1534854471247,64.06328698951276,65.13071224592926,47935035.13161276,2025-05-05T16:00:00
2025-05-06T16:00:00,2025-05-06T09:30:00,65.22822052579166,67.9235168232921,65.13437863414859,67.82593767361654,60577561.94468893,2025-05-06T16:00:00
2025-05-07T16:00:00,2025-05-07T09:30:00,67.95334083759181,71.6408582844838,67.12055833257959,70.77351396379542,63933931.52165067,2025-05-07T16:00:00
2025-05-08T16:00:00,2025-05-08T09:30:00,70.66987083191246,71.26608300652865,70.12453202459767,70.72035463044632,44760428.08195914,2025-05-08T16:00:00
2025-05-09T16:00:00,2025-05-09T09:30:00,70.69044269298367,71.88413825225986,70.48904472225716,71.6799212445494,54369603.348993614,2025-05-09T16:00:00
2025-05-12T16:00:00,2025-05-12T09:30:00,71.67901187670111,71.68477105475333,71.36946739494536,71.37520216286427,40491424.223830834,2025-05-12T16:00:00
2025-05-13T16:00:00,2025-05-13T09:30:00,71.30158220732164,73.49060682747205,70.7296078948088,72.90576392624877,47101455.272994936,2025-05-13T16:00:00
2025-05-14T16:00:00,2025-05-14T09:30:00,73.01313109963166,73.33051911738569,72.03687056514103,72.35138195995712,52584153.03068083,2025-05-14T16:00:00
2025-05-15T16:00:00,2025-05-15T09:30:00,72.18111548625538,73.22824065760524,70.5481894733595,71.58669138592877,51007419.68056565,2025-05-15T16:00:00
2025-05-16T16:00:00,2025-05-16T09:30:00,71.28433967724906,71.81393656053908,69.9046381777291,70.42787205639995,49294031.30333473,2025-05-16T16:00:00
2025-05-19T16:00:00,2025-05-19T09:30:00,70.37436331571516,70.4790606255388,70.23888597596513,70.34353742551204,53728239.85763996,2025-05-19T16:00:00
2025-05-20T16:00:00,2025-05-20T09:30:00,70.27955118121174,71.58954234976402,69.54229770630195,70.84634305883372,47478550.701937966,2025-05-20T16:00:00
2025-05-21T16:00:00,2025-05-21T09:30:00,70.72785299830448,71.95140347510022,70.37920062100198,71.59845945035848,60339642.97630975,2025-05-21T16:00:00
2025-05-22T16:00:00,2025-05-22T09:30:00,71.56741132907545,71.7787571567867,71.31541365317172,71.52663907628325,47288802.87710156,2025-05-22T16:00:00
2025-05-23T16:00:00,2025-05-23T09:30:00,71.53429892180117,71.91182963332493,70.43862990698551,70.81235045018047,39459984.5244767,2025-05-23T16:00:00
2025-05-26T16:00:00,2025-05-26T09:30:00,70.95304468352703,72.22765852775359,69.81146759799188,71.08397488126383,53174249.277787745,2025-05-26T16:00:00
2025-05-27T16:00:00,2025-05-27T09:30:00,71.14577486899844,71.83317039804095,69.71282036456314,70.39294218235763,37813142.35835948,2025-05-27T16:00:00
2025-05-28T16:00:00,2025-05-28T09:30:00,70.17030865057181,71.93997882896748,69.33094287832152,71.0896164469927,50738809.39975652,2025-05-28T16:00:00
2025-05-29T16:00:00,2025-05-29T09:30:00,71.18783258696538,71.57787724914061,69.85119627646593,70.23602590254313,59179426.30298514,2025-05-29T16:00:00
2025-05-30T16:00:00,2025-05-30T09:30:00,70.07178460277581,70.83249000382574,70.00461682159654,70.76465806412247,46284931.159975074,2025-05-30T16:00:00
2025-06-02T16:00:00,2025-06-02T09:30:00,70.98114299783141,71.53261246122251,70.51078396936973,71.06171948981644,36549800.861204416,2025-06-02T16:00:00
2025-06-03T16:00:00,2025-06-03T09:30:00,71.16566174976431,71.56129712178128,71.01641500809556,71.41153474178331,51842311.46331724,2025-06-03T16:00:00
2025-06-04T16:00:00,2025-06-04T09:30:00,71.69093349145811,72.91107202983974,71.53890080863822,72.75677904225512,60782843.861087464,2025-06-04T16:00:00
2025-06-05T16:00:00,2025-06-05T09:30:00,72.7274214244874,73.04688115764081,70.48552699143468,70.79650505403848,60938892.479902215,2025-06-05T16:00:00
2025-06-06T16:00:00,2025-06-06T09:30:00,70.88682351580803,71.54961910708263,69.6942430024456,70.35203832356963,41729222.62371567,2025-06-06T16:00:00
2025-06-09T16:00:00,2025-06-09T09:30:00,70.76094872762417,71.02367933341627,70.36710016105073,70.62934212043183,53612271.96726096,2025-06-09T16:00:00
2025-06-10T16:00:00,2025-06-10T09:30:00,70.77173990515904,70.84028005630923,70.16980093260877,70.23782400340092,47919522.851709716,2025-06-10T16:00:00
2025-06-11T16:00:00,2025-06-11T09:30:00,69.98327613485102,71.59235425203607,69.60128080784219,71.20369740177917,54954880.258786425,2025-06-11T16:00:00
2025-06-12T16:00:00,2025-06-12T09:30:00,71.32424736218921,72.13619689133301,70.86596507878178,71.67565668481056,46014919.66893024,2025-06-12T16:00:00
2025-06-13T16:00:00,2025-06-13T09:30:00,71.87442863605328,72.3068313905212,71.65156595718432,72.08332099435624,48778921.86792009,2025-06-13T16:00:00
2025-06-16T16:00:00,2025-06-16T09:30:00,71.89223116279308,73.58255174479963,71.19554848615181,72.87633248359045,46972884.59806847,2025-06-16T16:00:00
2025-06-17T16:00:00,2025-06-17T09:30:00,73.04213509090236,74.15983863306501,72.99327644895043,74.11026550759581,54437695.70897652,2025-06-17T16:00:00
2025-06-18T16:00:00,2025-06-18T09:30:00,74.04077579135868,75.5701618996758,73.99305615691968,75.5214879391692,42599227.40894291,2025-06-18T16:00:00
2025-06-19T16:00:00,2025-06-19T09:30:00,75.45978441483417,75.46325318017956,73.9219193150033,73.92531754336598,60732269.28465657,2025-06-19T16:00:00
2025-06-20T16:00:00,2025-06-20T09:30:00,73.76288609561763,74.08185355317964,72.95618015209138,73.27302935796273,48726428.07905712,2025-06-20T16:00:00
2025-06-23T16:00:00,2025-06-23T09:30:00,73.32161337056355,75.24186797244128,72.45195340131562,74.35989307645364,48228268.72862032,2025-06-23T16:00:00
2025-06-24T16:00:00,2025-06-24T09:30:00,74.40768039837216,74.93047466379078,73.49317734234485,74.0131999568865,48383119.860468484,2025-06-24T16:00:00
2025-06-25T16:00:00,2025-06-25T09:30:00,73.9544018476941,74.03736552590682,73.06343790757565,73.14549413528536,54243039.13919496,2025-06-25T16:00:00
2025-06-26T16:00:00,2025-06-26T09:30:00,73.00784914163572,73.11023791220751,72.30082588946688,72.40236550853615,57252524.13912556,2025-06-26T16:00:00
2025-06-27T16:00:00,2025-06-27T09:30:00,72.31435696531445,72.3720094136559,71.19285276670297,71.24965638505024,48880825.77035989,2025-06-27T16:00:00
2025-06-30T16:00:00,2025-06-30T09:30:00,71.45523540716388,72.5574856543227,71.393374406972,72.49472473617219,60863272.85436501,2025-06-30T16:00:00
2025-07-01T16:00:00,2025-07-01T09:30:00,72.37739581633525,73.49396014565542,70.74683374635009,71.85534440115367,39904813.44548753,2025-07-01T16:00:00
2025-07-02T16:00:00,2025-07-02T09:30:00,71.78245162040865,72.88341015446663,71.5278640931043,72.62583145061836,40234840.079500094,2025-07-02T16:00:00
2025-07-03T16:00:00,2025-07-03T09:30:00,72.63089747372271,72.81207405844549,71.82614493576632,72.00576213060967,44742474.86089433,2025-07-03T16:00:00
2025-07-04T16:00:00,2025-07-04T09:30:00,71.99745904701467,72.53407220244655,70.71332117871532,71.24432102814822,49211804.838357486,2025-07-04T16:00:00
2025-07-07T16:00:00,2025-07-07T09:30:00,71.18625982594052,72.60333917862103,69.92351495102578,71.33790434168921,53279616.42294161,2025-07-07T16:00:00
2025-07-08T16:00:00,2025-07-08T09:30:00,71.42184909609358,71.50946142178285,71.07689093990622,71.16418719483146,44158764.50256904,2025-07-08T16:00:00
2025-07-09T16:00:00,2025-07-09T09:30:00,71.33244872779454,71.36143023290845,70.13116627643603,70.15967129636357,50553156.19232241,2025-07-09T16:00:00
2025-07-10T16:00:00,2025-07-10T09:30:00,70.20378377710135,71.00450888809766,67.3774731378472,68.15482842583975,50780867.811379656,2025-07-10T16:00:00
2025-07-11T16:00:00,2025-07-11T09:30:00,67.98852291015837,68.27561162730534,67.68136776064264,67.96837138585036,54023849.51331474,2025-07-11T16:00:00
2025-07-14T16:00:00,2025-07-14T09:30:00,67.78894175850411,68.46331647206755,66.04039673387328,66.70397806341087,52041602.483384304,2025-07-14T16:00:00
2025-07-15T16:00:00,2025-07-15T09:30:00,66.66314181230135,66.90849073177124,64.7476449496357,64.98682430255766,53830187.19159502,2025-07-15T16:00:00
2025-07-16T16:00:00,2025-07-16T09:30:00,64.91550834030203,65.18330438473791,64.53583369632135,64.80316629595228,43226878.64585592,2025-07-16T16:00:00
2025-07-17T16:00:00,2025-07-17T09:30:00,65.07823047723679,65.1304591617846,64.0525271432591,64.10397393596398,59687933.63857171,2025-07-17T16:00:00
2025-07-18T16:00:00,2025-07-18T09:30:00,64.0490492325075,64.22452756612901,63.81874221469648,63.994069918785286,42204819.9207979,2025-07-18T16:00:00
2025-07-21T16:00:00,2025-07-21T09:30:00,63.80972873476959,63.884490880562375,61.49200104376112,61.564132154722095,52493412.3019053,2025-07-21T16:00:00
2025-07-22T16:00:00,2025-07-22T09:30:00,61.51047553609256,61.721924548234945,61.044424886012344,61.25499565802785,47616745.876102366,2025-07-22T16:00:00
2025-07-23T16:00:00,2025-07-23T09:30:00,61.3716831367967,61.62975577049294,61.109085119930235,61.36713864368446,45811783.83420398,2025-07-23T16:00:00
2025-07-24T16:00:00,2025-07-24T09:30:00,61.49794964630548,62.64836365537152,60.75136810319059,61.89693841177679,51742261.66106383,2025-07-24T16:00:00
2025-07-25T16:00:00,2025-07-25T09:30:00,61.9355755616868,62.22669529946575,61.7041935545924,61.99509095181351,46674079.2644913,2025-07-25T16:00:00
2025-07-28T16:00:00,2025-07-28T09:30:00,61.77755692945902,62.82416785534144,61.354331054366135,62.39670035061395,57780590.67076813,2025-07-28T16:00:00
2025-07-29T16:00:00,2025-07-29T09:30:00,62.36859922076055,62.88629747668379,60.97899274203093,61.48939303851896,54281263.68572605,2025-07-29T16:00:00
2025-07-30T16:00:00,2025-07-30T09:30:00,61.16450720254418,61.650803506909824,60.08238002029435,60.563901128594495,43879358.14961636,2025-07-30T16:00:00
2025-07-31T16:00:00,2025-07-31T09:30:00,60.42659461687471,60.448024805050224,60.206562281634255,60.22792201091071,37350206.88914973,2025-07-31T16:00:00
2025-08-01T16:00:00,2025-08-01T09:30:00,60.38794976576184,60.71083771545384,58.34309488638564,58.65672616748275,60764834.58230093,2025-08-01T16:00:00
2025-08-04T16:00:00,2025-08-04T09:30:00,58.78514252236258,59.21829078976709,58.20395623760399,58.63600561521825,52944715.35486986,2025-08-04T16:00:00
2025-08-05T16:00:00,2025-08-05T09:30:00,58.62271429482162,58.962721064786145,58.57407790372847,58.913843138368954,54298989.46932409,2025-08-05T16:00:00
2025-08-06T16:00:00,2025-08-06T09:30:00,58.96438719992349,59.70836984438845,58.78447236018044,59.52673913066953,53562294.018133,2025-08-06T16:00:00
2025-08-07T16:00:00,2025-08-07T09:30:00,59.29449303525851,59.73698783843868,57.277589751661836,57.708246935192804,47924403.265599996,2025-08-07T16:00:00
2025-08-08T16:00:00,2025-08-08T09:30:00,57.68203304255839,58.739449860142244,57.33875394531328,58.391945907520984,54409630.77209462,2025-08-08T16:00:00
2025-08-11T16:00:00,2025-08-11T09:30:00,58.58926940674406,59.1965693408848,57.3192993054207,57.91965846896418,43348117.51158721,2025-08-11T16:00:00
2025-08-12T16:00:00,2025-08-12T09:30:00,58.11314775196475,59.68150899198914,57.68884029078114,59.24890888206311,51254114.03122904,2025-08-12T16:00:00
2025-08-13T16:00:00,2025-08-13T09:30:00,59.262264233245745,60.16702923195857,58.59715223804628,59.49925741586666,57619141.84932662,2025-08-13T16:00:00
2025-08-14T16:00:00,2025-08-14T09:30:00,59.50221988517388,60.46303563767101,59.09440591181088,60.051457322372265,39431990.50578127,2025-08-14T16:00:00
2025-08-15T16:00:00,2025-08-15T09:30:00,60.17265111397992,61.06175180991389,59.9911944216579,60.87816756165734,43271527.06560859,2025-08-15T16:00:00
2025-08-18T16:00:00,2025-08-18T09:30:00,60.870534696423185,61.27580273501948,59.22367212127052,59.620618380928676,41776470.60043996,2025-08-18T16:00:00
2025-08-19T16:00:00,2025-08-19T09:30:00,59.46191863174226,59.745274259702384,57.63223742162787,57.90818901619952,51755197.70887441,2025-08-19T16:00:00
2025-08-20T16:00:00,2025-08-20T09:30:00,57.88081146240499,58.619669135126294,57.390678970881154,58.127448133729104,38089302.942339174,2025-08-20T16:00:00
2025-08-21T16:00:00,2025-08-21T09:30:00,58.03184145511269,58.544470262343054,56.8138506560186,57.32019306154232,52552983.68296624,2025-08-21T16:00:00
2025-08-22T16:00:00,2025-08-22T09:30:00,57.30886356665752,58.347097660808714,56.96664593982067,58.00074847045644,47168358.71205459,2025-08-22T16:00:00
2025-08-25T16:00:00,2025-08-25T09:30:00,58.026003555764426,58.19126236695067,57.64708880059351,57.81173737892737,42708438.349178694,2025-08-25T16:00:00
2025-08-26T16:00:00,2025-08-26T09:30:00,57.7401300859452,58.274140616771824,57.62392614487191,58.157097514815774,55558399.56652652,2025-08-26T16:00:00
2025-08-27T16:00:00,2025-08-27T09:30:00,58.04473191553254,58.17786429208361,57.63511664767429,57.7676134205693,52595345.43104756,2025-08-27T16:00:00
2025-08-28T16:00:00,2025-08-28T09:30:00,57.69447937096308,58.34184592209099,56.331465103165364,56.970710535252124,42274688.04006604,2025-08-28T16:00:00
2025-08-29T16:00:00,2025-08-29T09:30:00,57.015587194663574,57.731813156776425,57.00346869698189,57.71954503489767,41733162.32845987,2025-08-29T16:00:00
2025-09-01T16:00:00,2025-09-01T09:30:00,57.85884243035138,58.00356701907542,57.1709502902986,57.31431282579521,50328327.79384938,2025-09-01T16:00:00
2025-09-02T16:00:00,2025-09-02T09:30:00,57.34012386911234,59.498434558355,57.22871175543426,59.3830530243144,54339822.51303711,2025-09-02T16:00:00
2025-09-03T16:00:00,2025-09-03T09:30:00,59.40043362297399,59.80337824669182,59.39049566733961,59.793374550299916,51429201.594973594,2025-09-03T16:00:00
2025-09-04T16:00:00,2025-09-04T09:30:00,59.72248735472104,61.39390485954633,59.39807785269744,61.062218009012064,51087260.01342418,2025-09-04T16:00:00
2025-09-05T16:00:00,2025-09-05T09:30:00,60.99746742132397,61.69730057431676,60.93088235225095,61.63002500296477,37997750.71355234,2025-09-05T16:00:00
2025-09-08T16:00:00,2025-09-08T09:30:00,61.881863435909324,61.999662313785564,61.16123304856733,61.27788218223759,56263604.37570535,2025-09-08T16:00:00
2025-09-09T16:00:00,2025-09-09T09:30:00,61.13876655525562,62.257368255893574,61.0814769033819,62.19908504002942,47478060.97559503,2025-09-09T16:00:00
2025-09-10T16:00:00,2025-09-10T09:30:00,62.25057099086742,63.318541026686326,62.099941136544146,63.16569681084385,44546898.70197988,2025-09-10T16:00:00
2025-09-11T16:00:00,2025-09-11T09:30:00,63.15412395009213,64.166251024765,63.00476548012066,64.01485693536455,41816705.837229684,2025-09-11T16:00:00
2025-09-12T16:00:00,2025-09-12T09:30:00,63.93371830759642,65.14304158356046,63.5066867789075,64.71081957400284,51016766.088097185,2025-09-12T16:00:00
2025-09-15T16:00:00,2025-09-15T09:30:00,64.87728630451058,65.1053290717029,63.494244403616364,63.71821304427383,55415547.68349492,2025-09-15T16:00:00
2025-09-16T16:00:00,2025-09-16T09:30:00,63.608099247896256,65.08906173842101,63.25011171145077,64.72478944926499,56662631.87061729,2025-09-16T16:00:00
2025-09-17T16:00:00,2025-09-17T09:30:00,64.8010489578645,65.1660147658607,63.39087719393697,63.74992295810708,48792702.842809096,2025-09-17T16:00:00
2025-09-18T16:00:00,2025-09-18T09:30:00,63.81748815038965,64.88859752982522,63.63690808665239,64.7055047052332,57163999.749133244,2025-09-18T16:00:00
2025-09-19T16:00:00,2025-09-19T09:30:00,64.58193024980505,66.26522284633893,63.9443510132311,65.61742082319437,47358926.03103857,2025-09-19T16:00:00
2025-09-22T16:00:00,2025-09-22T09:30:00,65.35579308458867,66.65032660434262,65.30455160937362,66.5981111036437,42114897.023467764,2025-09-22T16:00:00
2025-09-23T16:00:00,2025-09-23T09:30:00,66.72373151698626,67.18860964217468,63.973437200579895,64.42228063847956,53189484.38951595,2025-09-23T16:00:00
2025-09-24T16:00:00,2025-09-24T09:30:00,64.66609796446205,64.72986954020026,63.90977931963858,63.972867254084946,41735776.62697493,2025-09-24T16:00:00
2025-09-25T16:00:00,2025-09-25T09:30:00,64.04335440034924,64.40808055469702,61.97745356097453,62.332436055356105,44547912.44381935,2025-09-25T16:00:00
2025-09-26T16:00:00,2025-09-26T09:30:00,62.3633463568607,62.99929177861831,61.944755439534426,62.57925167661654,41048110.82264772,2025-09-26T16:00:00
2025-09-29T16:00:00,2025-09-29T09:30:00,62.536333179971024,64.31887329254835,62.40885207817198,64.18802519579927,58519369.437303275,2025-09-29T16:00:00
2025-09-30T16:00:00,2025-09-30T09:30:00,64.29740700364002,64.98628401187533,63.22185303013813,63.90654234733569,49206870.23935659,2025-09-30T16:00:00
2025-10-01T16:00:00,2025-10-01T09:30:00,63.90950590705765,64.06598694287612,62.563410300348956,62.71697144145414,59912410.58314071,2025-10-01T16:00:00
2025-10-02T16:00:00,2025-10-02T09:30:00,62.82637417814504,62.89220308380144,62.46971386024669,62.535237715755514,38636512.26858533,2025-10-02T16:00:00
2025-10-03T16:00:00,2025-10-03T09:30:00,62.44833144552043,62.94806590732109,62.30972167559758,62.80865636336419,54816441.16050979,2025-10-03T16:00:00
2025-10-06T16:00:00,2025-10-06T09:30:00,62.99695313351221,63.99186300006783,62.74466147792175,63.73660915293595,46667615.50110847,2025-10-06T16:00:00
2025-10-07T16:00:00,2025-10-07T09:30:00,63.794403360419004,64.07830413881082,62.716311512048975,62.99666214591678,57776742.13828317,2025-10-07T16:00:00
2025-10-08T16:00:00,2025-10-08T09:30:00,63.11089653539157,64.25068296587725,62.50665142965061,63.64135903246575,50876119.24525432,2025-10-08T16:00:00
2025-10-09T16:00:00,2025-10-09T09:30:00,63.58570265081222,63.765133924026394,61.84486284997916,62.019875545755625,43107190.4235654,2025-10-09T16:00:00
2025-10-10T16:00:00,2025-10-10T09:30:00,61.9703538387902,63.339984597901235,61.34388655253857,62.706079751790874,41136435.25075103,2025-10-10T16:00:00
2025-10-13T16:00:00,2025-10-13T09:30:00,62.72449063331444,62.81592457943694,62.46639600486244,62.55758665384036,46316483.66318076,2025-10-13T16:00:00
2025-10-14T16:00:00,2025-10-14T09:30:00,62.7361121173498,63.156047768507484,62.521191854390736,62.940427565301604,52746294.834475,2025-10-14T16:00:00
2025-10-15T16:00:00,2025-10-15T09:30:00,62.72360644325481,63.301242416817644,62.14571126904363,62.72334483338157,41380091.126789525,2025-10-15T16:00:00
2025-10-16T16:00:00,2025-10-16T09:30:00,62.76152081808031,62.84228941464456,61.49548864445437,61.57472994480271,61478816.46425934,2025-10-16T16:00:00
2025-10-17T16:00:00,2025-10-17T09:30:00,61.47678810549361,61.65868157391039,61.3543584353819,61.53613371831723,45298582.8387333,2025-10-17T16:00:00
2025-10-20T16:00:00,2025-10-20T09:30:00,61.62329801477174,62.88001047130014,61.46144906587472,62.71529347859964,62323565.84819437,2025-10-20T16:00:00
2025-10-21T16:00:00,2025-10-21T09:30:00,62.646597765813254,65.330144488173,62.31183115009188,64.98289333555577,56555865.404982395,2025-10-21T16:00:00
2025-10-22T16:00:00,2025-10-22T09:30:00,64.72559612421271,65.4807109353446,64.31523658382619,65.06817942076954,51929133.86445265,2025-10-22T16:00:00
2025-10-23T16:00:00,2025-10-23T09:30:00,64.88607574614242,65.80404687561173,64.5774408529087,65.49252735535275,56897235.644272104,2025-10-23T16:00:00
2025-10-24T16:00:00,2025-10-24T09:30:00,65.6143947219067,68.69651685112578,64.94864462495217,68.00649553510324,66556276.94015804,2025-10-24T16:00:00
2025-10-27T16:00:00,2025-10-27T09:30:00,67.9113947092586,68.90543053852475,66.83654431589842,67.82937967082458,47494452.12586251,2025-10-27T16:00:00
2025-10-28T16:00:00,2025-10-28T09:30:00,67.70499180058431,68.18837451462342,67.4126245125365,67.89518592023636,49668117.13793843,2025-10-28T16:00:00
2025-10-29T16:00:00,2025-10-29T09:30:00,67.82975097757924,68.639384609826,67.6273661633639,68.43519332668549,47071835.63625956,2025-10-29T16:00:00
2025-10-30T16:00:00,2025-10-30T09:30:00,68.57850914211245,70.23669972780868,68.41463826212184,70.069266627757,62941903.38949544,2025-10-30T16:00:00
2025-10-31T16:00:00,2025-10-31T09:30:00,69.77404890377774,70.33572936614311,68.77714586750787,69.33529435976375,46517339.56720022,2025-10-31T16:00:00
2025-11-03T16:00:00,2025-11-03T09:30:00,69.47954502320614,70.00979054507211,68.98940581189385,69.5193703881526,42063512.77136534,2025-11-03T16:00:00
2025-11-04T16:00:00,2025-11-04T09:30:00,69.50953040101199,70.34200734629827,69.2450864214815,70.07541051680758,42242883.29288874,2025-11-04T16:00:00
2025-11-05T16:00:00,2025-11-05T09:30:00,69.93851663681039,70.3199380269888,68.83407615837629,69.21153282080421,46318658.630207665,2025-11-05T16:00:00
2025-11-06T16:00:00,2025-11-06T09:30:00,69.17197954790693,70.09272247725357,66.67877902666456,67.57830872558246,45306116.49919349,2025-11-06T16:00:00
2025-11-07T16:00:00,2025-11-07T09:30:00,67.54213650141914,67.67391265265408,67.27769484001838,67.40921165203247,35354275.888533466,2025-11-07T16:00:00
2025-11-10T16:00:00,2025-11-10T09:30:00,67.6044934481704,68.32986525200023,67.2405970117051,67.96403351004547,46680802.68416646,2025-11-10T16:00:00
2025-11-11T16:00:00,2025-11-11T09:30:00,68.23271913517378,68.95448894795337,68.00600415506104,68.7261345101385,42863088.39018263,2025-11-11T16:00:00
2025-11-12T16:00:00,2025-11-12T09:30:00,68.66386481809991,69.67435503886556,68.45271151551907,69.46075117242637,38779251.459029466,2025-11-12T16:00:00
2025-11-13T16:00:00,2025-11-13T09:30:00,69.54269591421593,69.82329979187418,69.2090881664907,69.48947730776092,37770313.597046524,2025-11-13T16:00:00
2025-11-14T16:00:00,2025-11-14T09:30:00,69.40744135430506,69.4651440571636,68.70921710470795,68.76638685927851,38844751.67925281,2025-11-14T16:00:00
2025-11-17T16:00:00,2025-11-17T09:30:00,68.64981458913884,68.99705155553409,68.16471781133055,68.51125392536605,40826282.61441002,2025-11-17T16:00:00
2025-11-18T16:00:00,2025-11-18T09:30:00,68.59182991312854,70.07389757991011,67.81436006542721,69.2885308158354,44649811.521363355,2025-11-18T16:00:00
2025-11-19T16:00:00,2025-11-19T09:30:00,69.20937320149595,70.4739984653376,69.19645720340857,70.46084891423328,52896000.18489126,2025-11-19T16:00:00
2025-11-20T16:00:00,2025-11-20T09:30:00,70.5563823743532,70.57248294963514,70.46533025792267,70.48141372577464,37597972.32203439,2025-11-20T16:00:00
2025-11-21T16:00:00,2025-11-21T09:30:00,70.45476997463938,71.63002659609326,68.59746491872892,69.76115128080959,39571382.09870389,2025-11-21T16:00:00
2025-11-24T16:00:00,2025-11-24T09:30:00,69.69409423609801,69.69440617990053,68.42222270133315,68.4225289537365,50799562.76118316,2025-11-24T16:00:00
2025-11-25T16:00:00,2025-11-25T09:30:00,68.02753000052272,68.14949057027574,66.81960233997496,66.9396124781767,57242105.2117328,2025-11-25T16:00:00
2025-11-26T16:00:00,2025-11-26T09:30:00,66.8960168490162,67.89262699091195,66.74414601004356,67.73884272452091,60780547.08847595,2025-11-26T16:00:00
2025-11-27T16:00:00,2025-11-27T09:30:00,67.79046242654637,67.89372645275233,67.33968507607334,67.44241893371165,48845149.72827996,2025-11-27T16:00:00
2025-11-28T16:00:00,2025-11-28T09:30:00,67.48164024345529,67.617885005046,66.27380805930335,66.407884919557,60147483.68755848,2025-11-28T16:00:00
2025-12-01T16:00:00,2025-12-01T09:30:00,66.51274869383553,69.00326840247594,66.23839832547957,68.71981437662647,62538493.91018064,2025-12-01T16:00:00
2025-12-02T16:00:00,2025-12-02T09:30:00,68.88563961465378,68.91638129550955,68.567921084363,68.59853463852069,57590874.50134907,2025-12-02T16:00:00
2025-12-03T16:00:00,2025-12-03T09:30:00,68.46775652177274,69.0832501289402,67.98095826360642,68.5955433206146,44422255.16312886,2025-12-03T16:00:00
2025-12-04T16:00:00,2025-12-04T09:30:00,68.44068314954157,69.46945160188622,68.42910402624995,69.45770041473197,57312429.43046267,2025-12-04T16:00:00
2025-12-05T16:00:00,2025-12-05T09:30:00,69.27877743422698,69.87152230714273,69.06985412117979,69.66144498740019,56890196.10457622,2025-12-05T16:00:00
2025-12-08T16:00:00,2025-12-08T09:30:00,69.67518449882458,69.9536990966246,69.62268879449148,69.90103323001205,57012234.598906524,2025-12-08T16:00:00
2025-12-09T16:00:00,2025-12-09T09:30:00,69.80333814226965,70.68542643764583,69.58661852747271,70.46664743517096,58545656.857289605,2025-12-09T16:00:00
2025-12-10T16:00:00,2025-12-10T09:30:00,70.39054089259047,72.50694661430191,70.19003902527955,72.30100294750233,57364987.01859077,2025-12-10T16:00:00
2025-12-11T16:00:00,2025-12-11T09:30:00,72.37669396322651,72.91326892985101,72.16129055262012,72.69691250299273,37866771.68295112,2025-12-11T16:00:00
2025-12-12T16:00:00,2025-12-12T09:30:00,72.74441741983911,75.85682606564099,72.31834440136883,75.41511046882383,53702772.292300984,2025-12-12T16:00:00
2025-12-15T16:00:00,2025-12-15T09:30:00,75.42606523403316,78.93258992481242,74.84750247372246,78.33173891993978,61077409.63793744,2025-12-15T16:00:00
2025-12-16T16:00:00,2025-12-16T09:30:00,78.2240348451748,79.25439864525251,77.87103488321101,78.89835568975153,43584614.07945785,2025-12-16T16:00:00
2025-12-17T16:00:00,2025-12-17T09:30:00,78.86717940811207,79.5394413740943,78.47969769709374,79.15056735202576,43972979.081030875,2025-12-17T16:00:00
2025-12-18T16:00:00,2025-12-18T09:30:00,79.30164779839183,79.42774165408117,79.1756059805551,79.30169975366688,42662251.47971503,2025-12-18T16:00:00
2025-12-19T16:00:00,2025-12-19T09:30:00,79.16594540601889,79.80134322124388,78.59924313140267,79.23415269093503,48583714.66494305,2025-12-19T16:00:00
2025-12-22T16:00:00,2025-12-22T09:30:00,79.14002784615414,79.50432578233655,77.45675282395725,77.81495115775125,54803164.3364637,2025-12-22T16:00:00
2025-12-23T16:00:00,2025-12-23T09:30:00,77.7966582028129,77.96400932418587,77.63360749633105,77.80094962349796,39184235.95486761,2025-12-23T16:00:00
2025-12-24T16:00:00,2025-12-24T09:30:00,77.92992644803046,79.93578932090294,77.40713287775523,79.40311286708346,47806337.13889523,2025-12-24T16:00:00
2025-12-25T16:00:00,2025-12-25T09:30:00,79.29395028592732,80.67868374900567,78.91211255034861,80.29203974237373,55052157.54021125,2025-12-25T16:00:00
2025-12-26T16:00:00,2025-12-26T09:30:00,80.25167441342803,80.32668457440609,79.8802673163512,79.95500017991237,50312391.10473968,2025-12-26T16:00:00
2025-12-29T16:00:00,2025-12-29T09:30:00,79.87818794788801,80.10005073440367,79.55976898352024,79.78136283693323,51150500.40776112,2025-12-29T16:00:00
2025-12-30T16:00:00,2025-12-30T09:30:00,79.73858014197339,80.12877710524154,78.78527023589069,79.17269808211499,49444402.211522706,2025-12-30T16:00:00
2025-12-31T16:00:00,2025-12-31T09:30:00,79.16838356378075,79.28524677208988,78.90983067540999,79.02648442145298,45080922.58065721,2025-12-31T16:00:00
