timestamp,open_at,open,high,low,close,volume,available_at
2018-01-02T16:00:00,2018-01-02T09:30:00,85.98496345804189,87.77089214499533,85.69220499213165,87.47306703831725,61792040.89140398,2018-01-02T16:00:00
2018-01-03T16:00:00,2018-01-03T09:30:00,87.29306780184201,87.55907558544199,87.05063681966699,87.3165793069334,40644588.494204715,2018-01-03T16:00:00
2018-01-04T16:00:00,2018-01-04T09:30:00,87.27817896311687,88.61394421783571,87.17206311721147,88.50633513693346,40220129.18293161,2018-01-04T16:00:00
2018-01-05T16:00:00,2018-01-05T09:30:00,88.6397697073791,88.71607497776186,88.18212844295655,88.25810515859818,45468834.04075157,2018-01-05T16:00:00
2018-01-08T16:00:00,2018-01-08T09:30:00,88.19241066237358,88.49201543782384,87.86123491499744,88.16073207283486,52817381.03760652,2018-01-08T16:00:00
2018-01-09T16:00:00,2018-01-09T09:30:00,88.11446627678012,88.32067667143163,87.94825354090237,88.15438862892543,50216810.219031855,2018-01-09T16:00:00
2018-01-10T16:00:00,2018-01-10T09:30:00,87.99711160100091,89.95019595785172,87.5500378815549,89.49550955279219,43699509.8533922,2018-01-10T16:00:00
2018-01-11T16:00:00,2018-01-11T09:30:00,89.24826206449244,89.46099370255992,88.96006709394818,89.17261842828462,38453661.304935604,2018-01-11T16:00:00
2018-01-12T16:00:00,2018-01-12T09:30:00,89.2487370633883,89.94535687681224,88.22418507360581,88.9182251175267,39569209.45264611,2018-01-12T16:00:00
2018-01-16T16:00:00,2018-01-16T09:30:00,88.84762319491747,89.31109982641203,88.84195644044698,89.30540387441638,52814594.48328451,2018-01-16T16:00:00
2018-01-17T16:00:00,2018-01-17T09:30:00,89.21142703736123,89.62150939432631,89.17020610936372,89.58011810936178,41956837.80108928,2018-01-17T16:00:00
2018-01-18T16:00:00,2018-01-18T09:30:00,89.60611926909874,90.15294900345293,87.24455380293689,87.78024094381956,45618412.28027059,2018-01-18T16:00:00
2018-01-19T16:00:00,2018-01-19T09:30:00,87.6809202254231,88.18015528769801,87.64005484644625,88.13907637623673,42733746.49592486,2018-01-19T16:00:00
2018-01-22T16:00:00,2018-01-22T09:30:00,88.19702083597852,88.24986968122282,86.46642334686796,86.51826625971268,52627988.81448399,2018-01-22T16:00:00
2018-01-23T16:00:00,2018-01-23T09:30:00,86.57372321693178,86.67831156217166,86.1969840504515,86.30124321691457,47136674.247051746,2018-01-23T16:00:00
2018-01-24T16:00:00,2018-01-24T09:30:00,86.31669308234238,88.0345134875805,85.80020477523098,87.51087959428058,60078306.446587965,2018-01-24T16:00:00
2018-01-25T16:00:00,2018-01-25T09:30:00,87.5751701179779,89.34409554411415,87.50986199272579,89.27751791355698,54960071.823345914,2018-01-25T16:00:00
2018-01-26T16:00:00,2018-01-26T09:30:00,89.29484066502789,89.53216836375528,88.75293469052485,88.98945072430827,35494826.56778372,2018-01-26T16:00:00
2018-01-29T16:00:00,2018-01-29T09:30:00,89.03608352572996,90.85736443184516,88.92804753841932,90.7472521201811,46732959.60207715,2018-01-29T16:00:00
2018-01-30T16:00:00,2018-01-30T09:30:00,90.6756995053832,92.80346656794083,90.44877969725222,92.5718016831826,51770315.74279454,2018-01-30T16:00:00
2018-01-31T16:00:00,2018-01-31T09:30:00,92.58054198183503,93.4886688173281,92.0706594051751,92.97660494425885,38702930.53160531,2018-01-31T16:00:00
2018-02-01T16:00:00,2018-02-01T09:30:00,92.94713954330578,95.72928001875663,92.83371671242715,95.61260453710584,44703773.23018039,2018-02-01T16:00:00
2018-02-02T16:00:00,2018-02-02T09:30:00,95.42001283003046,95.62328053920922,94.69329454239977,94.89544479477179,53319970.63963795,2018-02-02T16:00:00
2018-02-05T16:00:00,2018-02-05T09:30:00,94.95435512022537,94.97204947389284,94.53876778432861,94.55638797845548,41918670.304948345,2018-02-05T16:00:00
2018-02-06T16:00:00,2018-02-06T09:30:00,94.32109451272997,94.99680949762292,93.99344830619187,94.66795837896474,43236023.72631228,2018-02-06T16:00:00
2018-02-07T16:00:00,2018-02-07T09:30:00,94.6811631443144,96.45848041944684,94.49898811389671,96.27324208667714,50794633.613973424,2018-02-07T16:00:00
2018-02-08T16:00:00,2018-02-08T09:30:00,96.1756200131796,96.34195660586293,94.86588901106575,95.03024466687108,40937607.94085535,2018-02-08T16:00:00
2018-02-09T16:00:00,2018-02-09T09:30:00,95.07138669211768,96.29224784987815,94.66965910941406,95.88707355284538,49050572.11422121,2018-02-09T16:00:00
2018-02-12T16:00:00,2018-02-12T09:30:00,95.97613524479237,96.45368588991745,95.83509859112661,96.31215545552207,37875713.14977481,2018-02-12T16:00:00
2018-02-13T16:00:00,2018-02-13T09:30:00,96.49380004626539,96.72098927806093,95.0447526778867,95.26905832409565,57184612.40613093,2018-02-13T16:00:00
2018-02-14T16:00:00,2018-02-14T09:30:00,95.29574645298163,96.53884507064417,94.48077029081135,95.72023862054948,47504051.00106198,2018-02-14T16:00:00
2018-02-15T16:00:00,2018-02-15T09:30:00,95.71682525831481,97.39656146780055,95.37466444961952,97.049636233625,48224196.26110437,2018-02-15T16:00:00
2018-02-16T16:00:00,2018-02-16T09:30:00,97.20409418532182,97.66558166667926,96.03317502938411,96.49127833651005,58487006.41750699,2018-02-16T16:00:00
2018-02-20T16:00:00,2018-02-20T09:30:00,96.46425960120177,96.5502545796827,96.22635085816742,96.31221028927195,47977510.51078162,2018-02-20T16:00:00
2018-02-21T16:00:00,2018-02-21T09:30:00,96.07530562741222,97.11636377822221,95.99666740722918,97.03693845573859,58875143.84685942,2018-02-21T16:00:00
2018-02-22T16:00:00,2018-02-22T09:30:00,97.24562993528922,97.59706126801751,96.57586632245236,96.92614307689772,44484378.22601169,2018-02-22T16:00:00
2018-02-23T16:00:00,2018-02-23T09:30:00,96.74666712077854,98.51498248792174,96.11223540933516,97.87316359604098,39957106.36624336,2018-02-23T16:00:00
2018-02-26T16:00:00,2018-02-26T09:30:00,97.96387509480806,100.0569859093254,97.69712876026406,99.78528006191785,59654640.27374081,2018-02-26T16:00:00
2018-02-27T16:00:00,2018-02-27T09:30:00,99.97856827939005,100.13717507996931,99.06545000628138,99.22285794193537,48025654.75196254,2018-02-27T16:00:00
2018-02-28T16:00:00,2018-02-28T09:30:00,99.12780117543197,100.28669289913364,98.4726893419916,99.62827356386147,39360626.69627563,2018-02-28T16:00:00
2018-03-01T16:00:00,2018-03-01T09:30:00,99.62482293899883,100.3995794869548,99.05404013362423,99.82763470741828,35033009.60339178,2018-03-01T16:00:00
2018-03-02T16:00:00,2018-03-02T09:30:00,99.65899296703677,100.68411178622446,99.26513964912495,100.28777352139316,53687138.12255315,2018-03-02T16:00:00
2018-03-05T16:00:00,2018-03-05T09:30:00,100.27596225860952,101.19078158315968,100.15490620003158,101.06876842591451,56895480.57117942,2018-03-05T16:00:00
2018-03-06T16:00:00,2018-03-06T09:30:00,101.21664877412417,101.31994975211461,99.49591201597052,99.59756056427123,49011075.87679989,2018-03-06T16:00:00
2018-03-07T16:00:00,2018-03-07T09:30:00,99.67476021403614,100.72104179610767,99.18479428690267,100.2283545944682,45424817.07653819,2018-03-07T16:00:00
2018-03-08T16:00:00,2018-03-08T09:30:00,100.14181771995933,101.48723629445769,99.904358503113,101.2471560668869,45724692.2733939,2018-03-08T16:00:00
2018-03-09T16:00:00,2018-03-09T09:30:00,101.0716932000922,102.10145063807559,100.51091334295228,101.5380830924452,55909684.17300472,2018-03-09T16:00:00
2018-03-12T16:00:00,2018-03-12T09:30:00,101.57377296232852,102.84960250185829,101.21252170740435,102.48511003955149,41075517.818684034,2018-03-12T16:00:00
2018-03-13T16:00:00,2018-03-13T09:30:00,102.61383116849909,102.79812056205749,102.14777426796917,102.33155671048509,37543791.453041844,2018-03-13T16:00:00
2018-03-14T16:00:00,2018-03-14T09:30:00,102.51456677307628,103.90230590342334,102.16824891414271,103.55248172830112,58062474.774958886,2018-03-14T16:00:00
2018-03-15T16:00:00,2018-03-15T09:30:00,103.47807203945639,105.90760130867208,103.23357226285731,105.65795087669053,49199194.32896913,2018-03-15T16:00:00
2018-03-16T16:00:00,2018-03-16T09:30:00,105.39987650087579,105.95329181211959,104.10719894595655,104.65671217943796,57662913.51565296,2018-03-16T16:00:00
2018-03-19T16:00:00,2018-03-19T09:30:00,104.77806056952255,105.29317105294243,104.15643064607634,104.67101487083771,40974471.82947243,2018-03-19T16:00:00
2018-03-20T16:00:00,2018-03-20T09:30:00,104.72736368908174,105.21205139834662,104.11522214223992,104.59931724096414,49880792.95952073,2018-03-20T16:00:00
2018-03-21T16:00:00,2018-03-21T09:30:00,104.5291381701811,105.5362222034414,104.45930068535287,105.46575894822492,38335231.54781973,2018-03-21T16:00:00
2018-03-22T16:00:00,2018-03-22T09:30:00,105.29465613806777,105.80116660145988,103.56406300706149,104.0646566687466,45135398.02691637,2018-03-22T16:00:00
2018-03-23T16:00:00,2018-03-23T09:30:00,103.73619011841683,105.62240138734167,103.56526046930097,105.44865005973001,49095867.73847669,2018-03-23T16:00:00
2018-03-26T16:00:00,2018-03-26T09:30:00,105.52899465571046,105.72242109976172,104.39633315262586,104.58803489057183,42501744.81653158,2018-03-26T16:00:00
2018-03-27T16:00:00,2018-03-27T09:30:00,104.47224982739446,105.00099593151633,104.08095135287039,104.60918457097361,38371658.96456632,2018-03-27T16:00:00
2018-03-28T16:00:00,2018-03-28T09:30:00,104.87510136546463,105.00521157799008,104.2873899730968,104.41693177097916,36319196.4584002,2018-03-28T16:00:00
2018-03-29T16:00:00,2018-03-29T09:30:00,104.46689309069897,105.78953923776547,103.97704694390987,105.29580630986878,56251670.5478041,2018-03-29T16:00:00
2018-04-02T16:00:00,2018-04-02T09:30:00,105.14525949409209,105.37430627834682,104.11201545043193,104.33930655945386,58800441.94045508,2018-04-02T16:00:00
2018-04-03T16:00:00,2018-04-03T09:30:00,104.20250363224321,105.2381441411844,103.98652381550573,105.02046893336059,37622121.28171839,2018-04-03T16:00:00
2018-04-04T16:00:00,2018-04-04T09:30:00,105.21386732154568,105.56721418409002,104.62896843224999,104.9815350375363,50237634.974747814,2018-04-04T16:00:00
2018-04-05T16:00:00,2018-04-05T09:30:00,104.93837649633831,105.62157646266441,103.03061777785433,103.70579302515847,60330613.014124565,2018-04-05T16:00:00
2018-04-06T16:00:00,2018-04-06T09:30:00,103.94447024916435,106.36591053105539,103.66945321865884,106.08522946434887,56345127.87718512,2018-04-06T16:00:00
2018-04-09T16:00:00,2018-04-09T09:30:00,105.95834245869568,107.7704713730506,105.66598218503863,107.4739292919865,53655992.40903143,2018-04-09T16:00:00
2018-04-10T16:00:00,2018-04-10T09:30:00,107.45909427044306,107.7913883699449,105.69923580847427,106.02710177968748,41949647.77350116,2018-04-10T16:00:00
2018-04-11T16:00:00,2018-04-11T09:30:00,106.06321869041373,106.87943399531181,105.69682740289002,106.51149415752168,40836944.78257365,2018-04-11T16:00:00
2018-04-12T16:00:00,2018-04-12T09:30:00,106.51011997360057,107.48642827624705,106.05819521536932,107.03228794793087,54374350.461116016,2018-04-12T16:00:00
2018-04-13T16:00:00,2018-04-13T09:30:00,106.7945539055344,107.1404218320446,106.5805286031423,106.92613283437028,40218478.37721713,2018-04-13T16:00:00
2018-04-16T16:00:00,2018-04-16T09:30:00,106.95753344658664,107.13965357738276,105.54354445566798,105.72356346495157,55832765.64751848,2018-04-16T16:00:00
2018-04-17T16:00:00,2018-04-17T09:30:00,105.71874220128079,106.02157160989674,105.16784537711527,105.46996215984052,54729987.52864645,2018-04-17T16:00:00
2018-04-18T16:00:00,2018-04-18T09:30:00,105.54237177779032,106.87758864101735,105.26921221975763,106.60168741453174,42290114.37001713,2018-04-18T16:00:00
2018-04-19T16:00:00,2018-04-19T09:30:00,106.52942057453542,107.91024613324022,106.36276111245479,107.7416901416107,40656136.024530694,2018-04-19T16:00:00
2018-04-20T16:00:00,2018-04-20T09:30:00,107.86870051196578,107.93133939208927,105.77758679095177,105.83904706023957,61156190.502971016,2018-04-20T16:00:00
2018-04-23T16:00:00,2018-04-23T09:30:00,105.82627594572543,106.22259957979826,104.54698463819724,104.93998909257363,50559245.33931956,2018-04-23T16:00:00
2018-04-24T16:00:00,2018-04-24T09:30:00,105.0747368519892,105.38291893877597,103.64725581436021,103.9521453629206,54093476.87013625,2018-04-24T16:00:00
2018-04-25T16:00:00,2018-04-25T09:30:00,103.85345904933814,103.94921013011943,102.66298382026837,102.75772465301692,58301724.289370224,2018-04-25T16:00:00
2018-04-26T16:00:00,2018-04-26T09:30:00,102.73234069270843,103.38875575212072,102.68261594384883,103.33873749365708,37800789.958822206,2018-04-26T16:00:00
2018-04-27T16:00:00,2018-04-27T09:30:00,103.35592023290897,104.55748223428833,103.30086397007769,104.50181556893095,53389821.67870371,2018-04-27T16:00:00
2018-04-30T16:00:00,2018-04-30T09:30:00,104.3301086210235,104.91786746059954,103.39538691858449,103.98118001813168,37022052.77325231,2018-04-30T16:00:00
2018-05-01T16:00:00,2018-05-01T09:30:00,104.0494099351118,104.16998225409216,101.41623842975531,101.53389577424429,56062405.583999366,2018-05-01T16:00:00
2018-05-02T16:00:00,2018-05-02T09:30:00,101.54471721625521,101.80144818825549,101.17191414482087,101.42835091309556,55885845.09836479,2018-05-02T16:00:00
2018-05-03T16:00:00,2018-05-03T09:30:00,101.45596319219344,102.42275816735057,101.23887603246777,102.20407026937899,40187910.76930089,2018-05-03T16:00:00
2018-05-04T16:00:00,2018-05-04T09:30:00,102.0260074681787,102.43482541610899,101.86176627183515,102.27019113354828,52029919.9126978,2018-05-04T16:00:00
2018-05-07T16:00:00,2018-05-07T09:30:00,102.26373004345486,103.30077960503161,101.93623044970911,102.97101493144395,46288887.43346052,2018-05-07T16:00:00
2018-05-08T16:00:00,2018-05-08T09:30:00,103.11775276072935,103.58755007999721,101.9754929052233,102.44221251003039,54547885.910847746,2018-05-08T16:00:00
2018-05-09T16:00:00,2018-05-09T09:30:00,102.55749021407087,102.66897937896871,101.8359645828136,101.94678986180574,36273036.390385926,2018-05-09T16:00:00
2018-05-10T16:00:00,2018-05-10T09:30:00,101.86937481094078,102.23444171736331,101.30883755473681,101.6732014392151,48790969.90066582,2018-05-10T16:00:00
2018-05-11T16:00:00,2018-05-11T09:30:00,101.46037319683197,101.73253904026613,101.44444606622864,101.71657169192297,56055175.640383676,2018-05-11T16:00:00
2018-05-14T16:00:00,2018-05-14T09:30:00,101.69726290919436,102.39208651591727,101.67483799798275,102.36951336908511,58201191.20519326,2018-05-14T16:00:00
2018-05-15T16:00:00,2018-05-15T09:30:00,101.99082445246555,102.64002997076628,101.56227204160618,102.21055428323744,55705416.62373956,2018-05-15T16:00:00
2018-05-16T16:00:00,2018-05-16T09:30:00,102.03333452453865,102.46976940844311,101.21442444008458,101.64921630613773,35894104.36108492,2018-05-16T16:00:00
2018-05-17T16:00:00,2018-05-17T09:30:00,101.55730226065454,101.85887941405481,100.71200020994041,101.01195794866965,56089597.879574105,2018-05-17T16:00:00
2018-05-18T16:00:00,2018-05-18T09:30:00,100.80100495956417,101.41639219526434,98.40689400800565,99.0113554851444,57198124.64952742,2018-05-18T16:00:00
2018-05-21T16:00:00,2018-05-21T09:30:00,98.99745754348434,99.43847956809269,98.95001541727139,99.39084891862133,40249104.384647794,2018-05-21T16:00:00
2018-05-22T16:00:00,2018-05-22T09:30:00,99.60870107644489,100.36410484788729,99.53000048891565,100.28487002095298,57029366.50632866,2018-05-22T16:00:00
2018-05-23T16:00:00,2018-05-23T09:30:00,100.23508293012686,100.9843771270501,99.65632218416357,100.40463736804959,40507422.57581063,2018-05-23T16:00:00
2018-05-24T16:00:00,2018-05-24T09:30:00,100.45404466278663,100.9282210983409,99.07925635574733,99.54916144213291,43370026.507601336,2018-05-24T16:00:00
2018-05-25T16:00:00,2018-05-25T09:30:00,99.52640965830905,99.61382056205642,98.82938512176447,98.91626015046035,52892506.89914554,2018-05-25T16:00:00
2018-05-29T16:00:00,2018-05-29T09:30:00,99.09341822357828,99.37558568092518,98.85607266400858,99.13813302182253,48095093.79060306,2018-05-29T16:00:00
2018-05-30T16:00:00,2018-05-30T09:30:00,99.18264943613296,99.32011282881447,98.12179806694056,98.25797990269756,47647743.51833757,2018-05-30T16:00:00
2018-05-31T16:00:00,2018-05-31T09:30:00,98.34487492484588,99.06427811445899,98.26388879551389,98.98276668693751,36987707.030004054,2018-05-31T16:00:00
2018-06-01T16:00:00,2018-06-01T09:30:00,98.87961454120494,99.2740495045657,98.71934699649955,99.11340302728841,45050635.183840565,2018-06-01T16:00:00
2018-06-04T16:00:00,2018-06-04T09:30:00,99.18916894074083,99.37969984291867,98.76033290661053,98.95040517124866,53231227.66183898,2018-06-04T16:00:00
2018-06-05T16:00:00,2018-06-05T09:30:00,98.97511283089764,99.02984017685017,98.087122042144,98.14138838810669,57371192.21480917,2018-06-05T16:00:00
2018-06-06T16:00:00,2018-06-06T09:30:00,98.17422732103739,98.2022393295391,98.11364229860193,98.14164501040747,43334065.38918495,2018-06-06T16:00:00
2018-06-07T16:00:00,2018-06-07T09:30:00,98.26734761649945,98.57875893271641,97.5236021098799,97.83363899424145,45067569.96724857,2018-06-07T16:00:00
2018-06-08T16:00:00,2018-06-08T09:30:00,97.68431539411723,98.12725546144287,96.36188664916175,96.8008205948877,59480452.360073045,2018-06-08T16:00:00
2018-06-11T16:00:00,2018-06-11T09:30:00,96.88724029806009,97.23459640416148,95.05867212049665,95.40069873960144,58264445.64599474,2018-06-11T16:00:00
2018-06-12T16:00:00,2018-06-12T09:30:00,95.35997649498647,96.51658884691801,95.12475826372798,96.27910346514034,52458189.27286816,2018-06-12T16:00:00
2018-06-13T16:00:00,2018-06-13T09:30:00,96.22077901917774,96.51122690338019,95.3244502159771,95.61306367691718,36887705.48952767,2018-06-13T16:00:00
2018-06-14T16:00:00,2018-06-14T09:30:00,95.63786782875144,95.94539492572461,94.35600453297741,94.66038850908903,44231280.65171073,2018-06-14T16:00:00
2018-06-15T16:00:00,2018-06-15T09:30:00,94.68349271046179,94.7524454230859,94.44433152538748,94.51316019432986,44005430.004617065,2018-06-15T16:00:00
2018-06-18T16:00:00,2018-06-18T09:30:00,94.55222430270837,94.74653835069664,93.98002673770394,94.17356259893857,36940044.77104723,2018-06-18T16:00:00
2018-06-19T16:00:00,2018-06-19T09:30:00,94.20103114284555,94.60461849012658,93.06245387456272,93.46287874085822,52847051.64887909,2018-06-19T16:00:00
2018-06-20T16:00:00,2018-06-20T09:30:00,93.40189186727554,93.43030238189462,93.33812926351874,93.36652902164646,43214726.07084308,2018-06-20T16:00:00
2018-06-21T16:00:00,2018-06-21T09:30:00,93.50293814159252,93.8314889707817,92.96705159403894,93.29487131756534,52509172.17137164,2018-06-21T16:00:00
2018-06-22T16:00:00,2018-06-22T09:30:00,93.39503751360196,93.59860474817383,92.98093508398277,93.18404242595601,46816007.393976994,2018-06-22T16:00:00
2018-06-25T16:00:00,2018-06-25T09:30:00,93.05886689866175,93.28423697216665,93.01909741252291,93.24438820194511,55886052.75420054,2018-06-25T16:00:00
2018-06-26T16:00:00,2018-06-26T09:30:00,93.27976299262312,95.99421343500396,92.99422616565406,95.70126419886115,44569822.70613928,2018-06-26T16:00:00
2018-06-27T16:00:00,2018-06-27T09:30:00,95.77755281043076,96.36149646218095,93.5016954755254,94.0752604656898,53349708.73087206,2018-06-27T16:00:00
2018-06-28T16:00:00,2018-06-28T09:30:00,94.17094560385144,94.77296025996395,93.92619342847959,94.5272819592613,57414896.8415378,2018-06-28T16:00:00
2018-06-29T16:00:00,2018-06-29T09:30:00,94.46435050129217,94.81827713221108,92.99375239511079,93.3434794936418,47815106.4647784,2018-06-29T16:00:00
2018-07-02T16:00:00,2018-07-02T09:30:00,93.29297045444778,93.39977503619234,92.95152233315399,93.05805798007474,34934836.78516729,2018-07-02T16:00:00
2018-07-03T13:00:00,2018-07-03T09:30:00,92.93077136254166,93.2597751937627,92.01416866107151,92.34108481853981,50953908.8179664,2018-07-03T13:00:00
2018-07-05T16:00:00,2018-07-05T09:30:00,92.41650135848693,93.7788432959425,91.85862775337061,93.2161426441379,43616754.88721524,2018-07-05T16:00:00
2018-07-06T16:00:00,2018-07-06T09:30:00,93.10413978947739,93.60196565259395,92.46062928556826,92.95767198845556,47470210.35071238,2018-07-06T16:00:00
2018-07-09T16:00:00,2018-07-09T09:30:00,92.92737540541187,95.27231966454694,92.66074472655045,94.99974287193767,44641715.14833648,2018-07-09T16:00:00
2018-07-10T16:00:00,2018-07-10T09:30:00,94.9742582245372,95.07402667644763,94.55733633906179,94.6567712776415,53919260.9325743,2018-07-10T16:00:00
2018-07-11T16:00:00,2018-07-11T09:30:00,94.52781166313949,95.1331573018152,93.59982199552387,94.20308814071915,51796647.52748549,2018-07-11T16:00:00
2018-07-12T16:00:00,2018-07-12T09:30:00,93.89283772138528,94.2745451577448,93.31676883137985,93.69768289467272,47802946.74966597,2018-07-12T16:00:00
2018-07-13T16:00:00,2018-07-13T09:30:00,93.57522918043902,94.35114295660173,92.55030467215036,93.32413641940342,41768516.479515,2018-07-13T16:00:00
2018-07-16T16:00:00,2018-07-16T09:30:00,93.2202424637178,93.65931612754093,92.03153893207387,92.46706507933916,38398637.662872136,2018-07-16T16:00:00
2018-07-17T16:00:00,2018-07-17T09:30:00,92.51740654248115,93.63134551754104,92.34420445860206,93.45638556851951,57247563.18321916,2018-07-17T16:00:00
2018-07-18T16:00:00,2018-07-18T09:30:00,93.34575442040683,93.40503472067493,93.30781107967773,93.36708271038633,46490279.07303446,2018-07-18T16:00:00
2018-07-19T16:00:00,2018-07-19T09:30:00,93.31001037681402,93.82633471231841,93.1085993277814,93.62424538233985,43737575.74423627,2018-07-19T16:00:00
2018-07-20T16:00:00,2018-07-20T09:30:00,93.9439386529796,94.21259418085315,93.7539828343283,94.0224795515229,34464930.6633127,2018-07-20T16:00:00
2018-07-23T16:00:00,2018-07-23T09:30:00,93.98528809777625,94.40314457404432,93.60715125152748,94.02484856172418,55842076.51570813,2018-07-23T16:00:00
2018-07-24T16:00:00,2018-07-24T09:30:00,93.88096052355658,94.56550982008108,93.86134532381755,94.54575572007417,54445641.70911438,2018-07-24T16:00:00
2018-07-25T16:00:00,2018-07-25T09:30:00,94.45084837707307,95.19171697312102,94.05944865839535,94.79887504885417,48399547.103826486,2018-07-25T16:00:00
2018-07-26T16:00:00,2018-07-26T09:30:00,94.62002032489386,95.21660942719708,93.17322030840698,93.76441472813518,58121218.07924932,2018-07-26T16:00:00
2018-07-27T16:00:00,2018-07-27T09:30:00,93.72646336624969,94.47300228852771,93.40885255322786,94.15394287593489,36937424.85732793,2018-07-27T16:00:00
2018-07-30T16:00:00,2018-07-30T09:30:00,94.27086982219429,96.10347109085829,94.12115568864792,95.95108855622038,49177963.409289464,2018-07-30T16:00:00
2018-07-31T16:00:00,2018-07-31T09:30:00,95.92425892929779,97.62764363317709,95.19645102686526,96.89248945736625,56214156.18605671,2018-07-31T16:00:00
2018-08-01T16:00:00,2018-08-01T09:30:00,97.15381262460866,98.05523872627423,97.08800062379613,97.98886106357917,48632393.8869869,2018-08-01T16:00:00
2018-08-02T16:00:00,2018-08-02T09:30:00,98.01478768363943,99.43402048186987,97.91209294181307,99.32994778442882,43081916.06816677,2018-08-02T16:00:00
2018-08-03T16:00:00,2018-08-03T09:30:00,99.50472113228798,100.6329839860355,99.42429672626433,100.55171335154763,38074503.72014027,2018-08-03T16:00:00
2018-08-06T16:00:00,2018-08-06T09:30:00,100.61774804026768,100.92429666958091,99.9115781506508,100.2169055469381,39362185.158591025,2018-08-06T16:00:00
2018-08-07T16:00:00,2018-08-07T09:30:00,100.16374915452757,100.32168777402556,99.23163476585623,99.3883507338745,44497528.32384416,2018-08-07T16:00:00
2018-08-08T16:00:00,2018-08-08T09:30:00,99.2797216661592,99.60042525261389,96.73018901499806,97.04366947526864,62578912.94859563,2018-08-08T16:00:00
2018-08-09T16:00:00,2018-08-09T09:30:00,96.84529039769598,98.14164007767911,96.52388433044356,97.81700911132278,37652573.9143786,2018-08-09T16:00:00
2018-08-10T16:00:00,2018-08-10T09:30:00,97.8759080089421,98.18925853377347,97.36398957058817,97.67670233682115,45258597.80082906,2018-08-10T16:00:00
2018-08-13T16:00:00,2018-08-13T09:30:00,97.86662815344816,97.92980441003576,97.80769904665682,97.87087274741782,36172849.83007382,2018-08-13T16:00:00
2018-08-14T16:00:00,2018-08-14T09:30:00,98.02264525416317,98.31540478355426,97.34453919062538,97.63614437639728,56792035.536749646,2018-08-14T16:00:00
2018-08-15T16:00:00,2018-08-15T09:30:00,97.5871559915972,99.03803126542613,97.5131614012504,98.96299345859535,50271670.58721156,2018-08-15T16:00:00
2018-08-16T16:00:00,2018-08-16T09:30:00,99.01520290684985,99.41421758055844,98.81665446177014,99.2152679586515,51227218.67591737,2018-08-16T16:00:00
2018-08-17T16:00:00,2018-08-17T09:30:00,98.96326792858056,99.27804743416051,98.89859617844633,99.21321234723143,46402677.28509488,2018-08-17T16:00:00
2018-08-20T16:00:00,2018-08-20T09:30:00,99.28576057970818,99.8276068739345,98.55979318174231,99.10062913180238,38108213.510247,2018-08-20T16:00:00
2018-08-21T16:00:00,2018-08-21T09:30:00,99.21378233631918,100.7099861313079,98.49091313718554,99.98152319102546,43982194.26351471,2018-08-21T16:00:00
2018-08-22T16:00:00,2018-08-22T09:30:00,99.84774487207234,101.056702530606,99.78151510586673,100.98971528676607,46516285.51642821,2018-08-22T16:00:00
2018-08-23T16:00:00,2018-08-23T09:30:00,100.94852981310825,102.18323041695311,100.10809668563222,101.3395419714283,36693917.42869591,2018-08-23T16:00:00
2018-08-24T16:00:00,2018-08-24T09:30:00,101.29234698811737,101.48277625955814,99.7463305856155,99.93420655761771,46792121.78105062,2018-08-24T16:00:00
2018-08-27T16:00:00,2018-08-27T09:30:00,99.88930375174938,101.18774898188914,99.6584062772635,100.95438952592845,37617012.829004504,2018-08-27T16:00:00
2018-08-28T16:00:00,2018-08-28T09:30:00,100.92791413533945,102.7736212584686,100.5237281795937,102.36368547014025,59713144.83105186,2018-08-28T16:00:00
2018-08-29T16:00:00,2018-08-29T09:30:00,101.99461494828897,102.12784744199207,101.90257780350953,102.0357731571731,47711992.1111301,2018-08-29T16:00:00
2018-08-30T16:00:00,2018-08-30T09:30:00,102.29609579411385,102.5815533041396,101.75328407179595,102.03802142465112,36436589.76592211,2018-08-30T16:00:00
2018-08-31T16:00:00,2018-08-31T09:30:00,101.97174412496251,102.23115220482585,101.94115046675395,102.20048991809013,43731812.265572265,2018-08-31T16:00:00
2018-09-04T16:00:00,2018-09-04T09:30:00,102.26156317418973,104.2226246838506,101.80982759921889,103.7642510568726,53908996.733703785,2018-09-04T16:00:00
2018-09-05T16:00:00,2018-09-05T09:30:00,103.81426468526512,105.50924311544189,103.5945135971943,105.28637590413801,42500143.452115074,2018-09-05T16:00:00
2018-09-06T16:00:00,2018-09-06T09:30:00,105.3185753506783,107.47075288797407,105.15649994172504,107.30561960429225,47939707.96269652,2018-09-06T16:00:00
2018-09-07T16:00:00,2018-09-07T09:30:00,107.33404358259737,107.78091198131544,107.20351205533525,107.64999621641114,44765522.147699445,2018-09-07T16:00:00
2018-09-10T16:00:00,2018-09-10T09:30:00,107.59974754918142,108.525758472478,107.56027173211339,108.4859575258096,48443331.60496302,2018-09-10T16:00:00
2018-09-11T16:00:00,2018-09-11T09:30:00,108.29468258354302,109.64792468859673,108.1681080325262,109.51991808542518,52485871.3581538,2018-09-11T16:00:00
2018-09-12T16:00:00,2018-09-12T09:30:00,109.47656713490659,109.57326781215329,109.23810968282505,109.33468503558038,35827730.128388695,2018-09-12T16:00:00
2018-09-13T16:00:00,2018-09-13T09:30:00,108.96385096910683,109.00727407474525,107.04922078515929,107.0918979001307,61590070.40523789,2018-09-13T16:00:00
2018-09-14T16:00:00,2018-09-14T09:30:00,107.2281196669975,108.90669078628355,107.04034204775694,108.71630705694857,43451722.43012391,2018-09-14T16:00:00
2018-09-17T16:00:00,2018-09-17T09:30:00,108.7583286698685,108.7642551126508,108.71079053816013,108.71671471332085,35905283.59120689,2018-09-17T16:00:00
2018-09-18T16:00:00,2018-09-18T09:30:00,108.45583902081235,108.75954271276184,107.60372200430885,107.90588568827908,38647799.25543896,2018-09-18T16:00:00
2018-09-19T16:00:00,2018-09-19T09:30:00,107.95555722550166,108.20213745138997,106.35999031070773,106.60348227550828,52137618.64428864,2018-09-19T16:00:00
2018-09-20T16:00:00,2018-09-20T09:30:00,106.85055911316037,107.15360355326237,106.2154535890028,106.51755357473996,36711538.812053785,2018-09-20T16:00:00
2018-09-21T16:00:00,2018-09-21T09:30:00,106.6957397332329,106.90036410074856,106.10319143874082,106.30707040427691,54799279.0262721,2018-09-21T16:00:00
2018-09-24T16:00:00,2018-09-24T09:30:00,106.54158282393023,106.55392932209867,106.15802660053198,106.1703300763307,53769480.19268674,2018-09-24T16:00:00
2018-09-25T16:00:00,2018-09-25T09:30:00,106.14880274205461,106.44114976770481,105.65090126445472,105.94268060406039,40658507.36638535,2018-09-25T16:00:00
2018-09-26T16:00:00,2018-09-26T09:30:00,105.89968321565581,107.20289984798791,105.70107850043297,107.00222741669248,45989434.81467202,2018-09-26T16:00:00
2018-09-27T16:00:00,2018-09-27T09:30:00,106.90434163686537,107.00551566522216,106.12383812766335,106.22436863109762,41455472.31536283,2018-09-27T16:00:00
2018-09-28T16:00:00,2018-09-28T09:30:00,106.25906505350324,107.36326012527135,105.79105382479975,106.89245915292975,53752555.24172112,2018-09-28T16:00:00
2018-10-01T16:00:00,2018-10-01T09:30:00,106.87081870929767,108.66184699781088,106.12853206909276,107.91232641605177,54233830.58155536,2018-10-01T16:00:00
2018-10-02T16:00:00,2018-10-02T09:30:00,107.7154393362929,108.389202870095,107.14604970709188,107.81926441591631,55281043.48343581,2018-10-02T16:00:00
2018-10-03T16:00:00,2018-10-03T09:30:00,107.95276445578162,108.0439860976236,107.46490853552173,107.55579473222595,39452557.22264565,2018-10-03T16:00:00
2018-10-04T16:00:00,2018-10-04T09:30:00,107.45955270834796,107.64557741850746,107.40119019181068,107.58714560480355,43056946.60729191,2018-10-04T16:00:00
2018-10-05T16:00:00,2018-10-05T09:30:00,107.69178895045694,110.10566024752967,107.502911628035,109.91288740871117,44485440.05945426,2018-10-05T16:00:00
2018-10-08T16:00:00,2018-10-08T09:30:00,109.76191499088483,110.43447969242449,109.31397038042769,109.98562212046313,35507764.10174668,2018-10-08T16:00:00
2018-10-09T16:00:00,2018-10-09T09:30:00,110.10839604311764,110.84143304962099,109.32570075293967,110.05840494810478,51883363.62498285,2018-10-09T16:00:00
2018-10-10T16:00:00,2018-10-10T09:30:00,110.23095809382625,110.92640419946318,109.95454519823666,110.64894317303941,46044216.00199951,2018-10-10T16:00:00
2018-10-11T16:00:00,2018-10-11T09:30:00,110.64370561562922,110.9145431955762,109.46730853555609,109.73592401556243,47193590.43406068,2018-10-11T16:00:00
2018-10-12T16:00:00,2018-10-12T09:30:00,109.55274647461765,110.28463680137062,109.09891894837993,109.82966213866361,47303092.19836697,2018-10-12T16:00:00
2018-10-15T16:00:00,2018-10-15T09:30:00,109.69671669318967,109.87352443706182,109.223848100144,109.40017788661741,52808654.63100764,2018-10-15T16:00:00
2018-10-16T16:00:00,2018-10-16T09:30:00,109.15487062680837,109.17631553089632,108.57154627157138,108.59288076538988,50893024.606064305,2018-10-16T16:00:00
2018-10-17T16:00:00,2018-10-17T09:30:00,108.69732136465397,109.95810290927652,108.43939988875263,109.69780743885867,50229224.085287146,2018-10-17T16:00:00
2018-10-18T16:00:00,2018-10-18T09:30:00,109.64202198886677,110.31700355710636,109.18976062779421,109.86382727346955,48132451.151610106,2018-10-18T16:00:00
2018-10-19T16:00:00,2018-10-19T09:30:00,109.9197092864833,110.90530882381115,109.64684162166256,110.63067623537147,36804950.11281876,2018-10-19T16:00:00
2018-10-22T16:00:00,2018-10-22T09:30:00,110.58180161744603,111.45152578697997,110.28643292386974,111.15462705231312,53718285.520568125,2018-10-22T16:00:00
2018-10-23T16:00:00,2018-10-23T09:30:00,111.1282019953307,112.21669229129178,110.69381201433563,111.7797554474249,38645554.68349337,2018-10-23T16:00:00
2018-10-24T16:00:00,2018-10-24T09:30:00,111.91432658541369,113.38426751794555,111.80446728900647,113.27307442374791,39987021.07470719,2018-10-24T16:00:00
2018-10-25T16:00:00,2018-10-25T09:30:00,113.54349507734649,114.08756432958832,112.26595515520142,112.80649289534925,37987907.62771827,2018-10-25T16:00:00
2018-10-26T16:00:00,2018-10-26T09:30:00,112.86205903133238,113.75228314395464,111.09113172542249,111.97435386992217,37858447.600951195,2018-10-26T16:00:00
2018-10-29T16:00:00,2018-10-29T09:30:00,112.02486467176685,112.60053570715947,109.9126581547949,110.4803924887836,49451989.87187923,2018-10-29T16:00:00
2018-10-30T16:00:00,2018-10-30T09:30:00,110.65612409803954,112.24999082825995,110.13496966209509,111.72380794785249,44728574.39071977,2018-10-30T16:00:00
2018-10-31T16:00:00,2018-10-31T09:30:00,111.64674055353562,112.1046923018724,111.3282358992665,111.78579096604015,52874030.657948315,2018-10-31T16:00:00
2018-11-01T16:00:00,2018-11-01T09:30:00,111.74418802939832,111.8195013764513,111.72115972169517,111.79646229603668,50374307.6699909,2018-11-01T16:00:00
2018-11-02T16:00:00,2018-11-02T09:30:00,111.67161101668944,111.84839270734243,110.57369333759803,110.74901451229398,55335932.58997038,2018-11-02T16:00:00
2018-11-05T16:00:00,2018-11-05T09:30:00,110.60481197125233,111.36296151625125,110.05247712036272,110.80960398142606,47212324.81653549,2018-11-05T16:00:00
2018-11-06T16:00:00,2018-11-06T09:30:00,110.58814161979559,110.97026053605174,110.12356228391725,110.50539528398292,51193930.038298525,2018-11-06T16:00:00
2018-11-07T16:00:00,2018-11-07T09:30:00,110.48486219133852,111.34024294233974,110.24724353497875,111.10129852270447,41064163.594155274,2018-11-07T16:00:00
2018-11-08T16:00:00,2018-11-08T09:30:00,111.17074097306384,112.28707257388122,111.09336626098788,112.20897525190189,54936549.71225321,2018-11-08T16:00:00
2018-11-09T16:00:00,2018-11-09T09:30:00,111.96212402811192,113.24989690838943,111.69460380780059,112.97994472620034,49840654.631108455,2018-11-09T16:00:00
2018-11-12T16:00:00,2018-11-12T09:30:00,113.0854724938515,114.84677890703706,112.64430398288115,114.4004802938507,49473435.501317285,2018-11-12T16:00:00
2018-11-13T16:00:00,2018-11-13T09:30:00,114.33906117951352,115.04509479873116,114.23644452252742,114.9419370746041,57148518.92443253,2018-11-13T16:00:00
2018-11-14T16:00:00,2018-11-14T09:30:00,115.09862813120424,115.11639510595472,114.01593718944409,114.03353975390912,59138503.143726215,2018-11-14T16:00:00
2018-11-15T16:00:00,2018-11-15T09:30:00,113.80444854375598,114.8182062755755,113.51524344470157,114.52716457729547,36557617.61618826,2018-11-15T16:00:00
2018-11-16T16:00:00,2018-11-16T09:30:00,114.58078383046895,115.6178279126464,114.5295886892397,115.56619248698505,54056191.23843133,2018-11-16T16:00:00
2018-11-19T16:00:00,2018-11-19T09:30:00,115.64783125912385,115.927184813157,114.06356795014457,114.33976179205368,58582318.00805522,2018-11-19T16:00:00
2018-11-20T16:00:00,2018-11-20T09:30:00,114.01290651214833,115.3651708974214,113.67172067226066,115.02096841269307,55613556.04107435,2018-11-20T16:00:00
2018-11-21T16:00:00,2018-11-21T09:30:00,115.04616099192775,115.3874879087266,114.07922682113923,114.4186921198393,51004132.18659957,2018-11-21T16:00:00
2018-11-23T13:00:00,2018-11-23T09:30:00,114.2956018015727,115.36752298735195,113.91046777707295,114.98008251529157,43345973.739744976,2018-11-23T13:00:00
2018-11-26T16:00:00,2018-11-26T09:30:00,114.92277662788499,115.04965632518577,114.83706612562806,114.9639151414333,33913687.32340494,2018-11-26T16:00:00
2018-11-27T16:00:00,2018-11-27T09:30:00,114.83396009380476,117.26330283755345,114.69660126397606,117.12320572280855,41427995.71338083,2018-11-27T16:00:00
2018-11-28T16:00:00,2018-11-28T09:30:00,117.20245251781091,118.96916052093003,116.52250558502817,118.28294513874442,39904525.34645147,2018-11-28T16:00:00
2018-11-29T16:00:00,2018-11-29T09:30:00,118.38737540517415,120.0725805790401,117.80048883625933,119.4802761287538,46425545.59158883,2018-11-29T16:00:00
2018-11-30T16:00:00,2018-11-30T09:30:00,119.56961258664481,121.19232394740142,119.42315647476151,121.04406184066507,57046037.42119567,2018-11-30T16:00:00
2018-12-03T16:00:00,2018-12-03T09:30:00,120.80576421877737,121.02345508261016,119.32687846193647,119.54229256159117,42009931.621139474,2018-12-03T16:00:00
2018-12-04T16:00:00,2018-12-04T09:30:00,119.48624532921251,119.5030295389862,119.33974073423504,119.35650671965135,34241082.90444142,2018-12-04T16:00:00
2018-12-06T16:00:00,2018-12-06T09:30:00,119.45548303307952,119.84531279892165,118.30619440738515,118.6935376486807,36656402.97924894,2018-12-06T16:00:00
2018-12-07T16:00:00,2018-12-07T09:30:00,118.60338472420221,118.77669938803152,118.41139934646267,118.58468668692298,35581809.443797596,2018-12-07T16:00:00
2018-12-10T16:00:00,2018-12-10T09:30:00,118.53561549272997,118.66810846426895,118.29655701052084,118.42893073536369,34183625.85415816,2018-12-10T16:00:00
2018-12-11T16:00:00,2018-12-11T09:30:00,118.33846080291093,118.8872790006334,117.00179945937809,117.546946853405,40952908.476099744,2018-12-11T16:00:00
2018-12-12T16:00:00,2018-12-12T09:30:00,117.6052617443661,117.98107082611791,114.80986200629192,115.17791446953093,62676447.92990904,2018-12-12T16:00:00
2018-12-13T16:00:00,2018-12-13T09:30:00,115.13916364845396,115.59232395994593,113.56165114851792,114.0103687924383,45187007.73587021,2018-12-13T16:00:00
2018-12-14T16:00:00,2018-12-14T09:30:00,114.14221385110682,115.13272042667627,113.8432499228316,114.8319499257109,58423817.42876218,2018-12-14T16:00:00
2018-12-17T16:00:00,2018-12-17T09:30:00,115.03227315508771,116.31512326391888,114.13162155734973,115.41150246911799,47373117.15696527,2018-12-17T16:00:00
2018-12-18T16:00:00,2018-12-18T09:30:00,115.39708764055078,115.85176398571107,115.05097421187409,115.50532591521608,53581577.214879066,2018-12-18T16:00:00
2018-12-19T16:00:00,2018-12-19T09:30:00,115.44615164955577,116.42607626274484,114.11737029785192,115.0943084117617,40982143.12261446,2018-12-19T16:00:00
2018-12-20T16:00:00,2018-12-20T09:30:00,115.07558414488051,117.04570792475292,115.07223433452612,117.04230086395675,51888792.01723683,2018-12-20T16:00:00
2018-12-21T16:00:00,2018-12-21T09:30:00,117.16432838385114,117.5873523137781,116.73226924172693,117.1552604316482,48006935.813638836,2018-12-21T16:00:00
2018-12-24T13:00:00,2018-12-24T09:30:00,117.19094459438703,117.508081718249,117.18559616636914,117.5027190612879,37606728.173778646,2018-12-24T13:00:00
2018-12-26T16:00:00,2018-12-26T09:30:00,117.453333386904,117.72447004623831,116.85642810573904,117.12681100026685,41551373.54825994,2018-12-26T16:00:00
2018-12-27T16:00:00,2018-12-27T09:30:00,116.81618913753164,117.23446110134985,114.75939427919835,115.17177826662066,47517110.61127872,2018-12-27T16:00:00
2018-12-28T16:00:00,2018-12-28T09:30:00,115.32952362980566,115.554852834138,114.9370772303484,115.16207928426893,40417785.92183082,2018-12-28T16:00:00
2018-12-31T16:00:00,2018-12-31T09:30:00,115.25099393428599,115.42991773921075,112.79758376838242,112.97297100919133,59025528.288161024,2018-12-31T16:00:00
2019-01-02T16:00:00,2019-01-02T09:30:00,112.67349431668447,114.02566500688384,112.22261331224371,113.57119172272746,56320794.47410811,2019-01-02T16:00:00
2019-01-03T16:00:00,2019-01-03T09:30:00,113.50639352636875,114.25634773802679,112.6362354658719,113.38539018986216,47087683.86501934,2019-01-03T16:00:00
2019-01-04T16:00:00,2019-01-04T09:30:00,113.2634744133084,113.30171768556039,112.13795471705612,112.17583074776772,46047389.08536151,2019-01-04T16:00:00
2019-01-07T16:00:00,2019-01-07T09:30:00,112.33230128324352,112.63210763767992,112.0031323281852,112.30286010636338,34321824.01322443,2019-01-07T16:00:00
2019-01-08T16:00:00,2019-01-08T09:30:00,112.40537514519205,113.00555638601244,112.03798618620785,112.63740904077457,42391398.22324618,2019-01-08T16:00:00
2019-01-09T16:00:00,2019-01-09T09:30:00,112.7203131439689,112.80855767182257,111.23757767473876,111.3247296523425,55958726.55495427,2019-01-09T16:00:00
2019-01-10T16:00:00,2019-01-10T09:30:00,111.257755285477,111.37497645355575,109.34985643637276,109.46518895661399,58151940.770572916,2019-01-10T16:00:00
2019-01-11T16:00:00,2019-01-11T09:30:00,109.47563666630303,110.5413091606554,109.04763014962356,110.11081933053876,45188186.06805992,2019-01-11T16:00:00
2019-01-14T16:00:00,2019-01-14T09:30:00,110.08874357227454,110.31734882725513,109.23305100941461,109.46035137386704,41089205.77960509,2019-01-14T16:00:00
2019-01-15T16:00:00,2019-01-15T09:30:00,109.12085873912696,110.67964454686822,108.66429634467886,110.21848965740077,43464232.44107966,2019-01-15T16:00:00
2019-01-16T16:00:00,2019-01-16T09:30:00,110.16377510614704,110.37135470485997,107.64977601396939,107.85300146391691,51943897.95697599,2019-01-16T16:00:00
2019-01-17T16:00:00,2019-01-17T09:30:00,108.03235408093016,108.13283470423535,106.67484225833515,106.77415263160786,53973221.57700137,2019-01-17T16:00:00
2019-01-18T16:00:00,2019-01-18T09:30:00,107.05740709866407,108.34657902745627,106.16690708404091,107.45279022887343,49048897.32725569,2019-01-18T16:00:00
2019-01-22T16:00:00,2019-01-22T09:30:00,107.474924669559,109.92342899372782,107.29987987837232,109.74468743187586,50761087.334098555,2019-01-22T16:00:00
2019-01-23T16:00:00,2019-01-23T09:30:00,110.06081716357937,111.32418109555516,108.41270084401503,109.67159700331064,57302100.25281786,2019-01-23T16:00:00
2019-01-24T16:00:00,2019-01-24T09:30:00,109.96012585044852,112.50845067697428,108.32224475959559,110.85720735305095,58960158.29814482,2019-01-24T16:00:00
2019-01-25T16:00:00,2019-01-25T09:30:00,110.90011712329347,113.84389657463568,110.1238366870302,113.05254950730448,44516513.098332845,2019-01-25T16:00:00
2019-01-28T16:00:00,2019-01-28T09:30:00,112.66648285608082,112.70212335220872,109.82703731692071,109.86179058712821,46858960.464414604,2019-01-28T16:00:00
2019-01-29T16:00:00,2019-01-29T09:30:00,109.63761427125141,110.00104019480493,109.63252226836471,109.99593155025168,39864667.048781864,2019-01-29T16:00:00
2019-01-30T16:00:00,2019-01-30T09:30:00,109.72789721197206,111.37155127020213,108.83250825184659,110.47010582476264,47456540.5760199,2019-01-30T16:00:00
2019-01-31T16:00:00,2019-01-31T09:30:00,110.3599294268881,112.0153666368897,109.85106459400511,111.50123927395965,42752405.38501492,2019-01-31T16:00:00
2019-02-01T16:00:00,2019-02-01T09:30:00,111.42630692965089,115.67537017986517,111.23209854227265,115.47410675585925,68427007.75011197,2019-02-01T16:00:00
2019-02-04T16:00:00,2019-02-04T09:30:00,115.8463972004502,118.45332041546735,115.38292329090876,117.98130524609964,52324549.57153338,2019-02-04T16:00:00
2019-02-05T16:00:00,2019-02-05T09:30:00,117.95148643663823,119.32304621810906,115.23675617599294,116.59251359198154,44488925.6586398,2019-02-05T16:00:00
2019-02-06T16:00:00,2019-02-06T09:30:00,116.7877769397659,117.92441316902628,115.91386762680415,117.04855250294158,35125302.582554184,2019-02-06T16:00:00
2019-02-07T16:00:00,2019-02-07T09:30:00,117.29179457379584,117.98926687526611,116.6958418198931,117.39280091405116,34495996.608577386,2019-02-07T16:00:00
2019-02-08T16:00:00,2019-02-08T09:30:00,117.63974578869035,118.51847814194505,115.54783411809184,116.41743619844911,54619007.15083746,2019-02-08T16:00:00
2019-02-11T16:00:00,2019-02-11T09:30:00,116.83235441241713,117.42485949980252,114.05541266083932,114.63678309995974,45127095.932221286,2019-02-11T16:00:00
2019-02-12T16:00:00,2019-02-12T09:30:00,114.60629293773607,115.50763814001611,114.32432870815465,115.2241537961681,43459783.94762466,2019-02-12T16:00:00
2019-02-13T16:00:00,2019-02-13T09:30:00,115.21730082535628,115.46342413786759,114.20711308278966,114.45160073258477,57825618.672302194,2019-02-13T16:00:00
2019-02-14T16:00:00,2019-02-14T09:30:00,114.13136514517645,115.20079575784384,112.3941519986243,113.45726618757848,44820050.27916291,2019-02-14T16:00:00
2019-02-15T16:00:00,2019-02-15T09:30:00,113.07858484762745,113.8889789263049,109.3396394660581,110.1288941586039,54924118.4701417,2019-02-15T16:00:00
2019-02-19T16:00:00,2019-02-19T09:30:00,110.00475772353755,111.26849039875889,108.738278064893,110.00197881607545,40626701.767607436,2019-02-19T16:00:00
2019-02-20T16:00:00,2019-02-20T09:30:00,109.5749689643225,110.47922260118784,106.44452951690492,107.33025896710724,51546833.360962614,2019-02-20T16:00:00
2019-02-21T16:00:00,2019-02-21T09:30:00,106.95781861429573,107.14179438050944,106.50663197907983,106.6901473298673,48577572.1828278,2019-02-21T16:00:00
2019-02-22T16:00:00,2019-02-22T09:30:00,106.9599449457175,107.68331654944453,106.24280955091093,106.96613962113676,40878307.83530055,2019-02-22T16:00:00
2019-02-25T16:00:00,2019-02-25T09:30:00,106.95407388474004,107.0112713449598,105.2957919254248,105.35213269113666,46783288.20966544,2019-02-25T16:00:00
2019-02-26T16:00:00,2019-02-26T09:30:00,105.36852984334223,105.4395780774086,102.82660996366745,102.89599100622705,43993084.40285439,2019-02-26T16:00:00
2019-02-27T16:00:00,2019-02-27T09:30:00,102.78245159643768,105.44245689645633,102.32467827513231,104.97491874707177,44379928.33799889,2019-02-27T16:00:00
2019-02-28T16:00:00,2019-02-28T09:30:00,104.90663336058921,107.73036806647946,104.6941258697825,107.51258175262578,56153552.53806918,2019-02-28T16:00:00
2019-03-01T16:00:00,2019-03-01T09:30:00,107.90948067616706,107.94698309181307,107.73957484461774,107.77703122932951,51064919.93745548,2019-03-01T16:00:00
2019-03-04T16:00:00,2019-03-04T09:30:00,107.71820511077749,108.34559494003295,106.71177685066348,107.3369460893315,41687078.46005571,2019-03-04T16:00:00
2019-03-05T16:00:00,2019-03-05T09:30:00,107.01397826587134,109.03785782387544,106.20302034636482,108.21777744676979,44763590.18770322,2019-03-05T16:00:00
2019-03-06T16:00:00,2019-03-06T09:30:00,107.84195017032346,109.62281735463385,107.79763831779955,109.57779225111472,57008502.24675417,2019-03-06T16:00:00
2019-03-07T16:00:00,2019-03-07T09:30:00,109.83734235589925,114.37807203226748,107.7919902316421,112.28710136261554,61563598.91238591,2019-03-07T16:00:00
2019-03-08T16:00:00,2019-03-08T09:30:00,112.6031980762211,113.76912180135518,111.07351250785155,112.23563033800303,50480204.36033619,2019-03-08T16:00:00
2019-03-11T16:00:00,2019-03-11T09:30:00,112.24949997722517,114.26176419306012,112.01599044174615,114.02456204497284,42334897.51495192,2019-03-11T16:00:00
2019-03-12T16:00:00,2019-03-12T09:30:00,114.2819494852072,114.93068424253951,112.27736858579028,112.91836278487058,59096406.78813401,2019-03-12T16:00:00
2019-03-13T16:00:00,2019-03-13T09:30:00,112.99810951872048,115.97849063435727,111.94473344375659,114.90731679906071,49344320.66673363,2019-03-13T16:00:00
2019-03-14T16:00:00,2019-03-14T09:30:00,115.1519488472283,115.76125054074055,112.95548392325448,113.55634281167856,54769830.9927586,2019-03-14T16:00:00
2019-03-15T16:00:00,2019-03-15T09:30:00,113.56441323939512,115.2160402453578,112.5286661927445,114.17472692508805,38763826.45196748,2019-03-15T16:00:00
2019-03-18T16:00:00,2019-03-18T09:30:00,114.42486518473643,115.6608472725134,111.79861318508904,113.01941402307156,44207140.16748077,2019-03-18T16:00:00
2019-03-19T16:00:00,2019-03-19T09:30:00,112.77993099378914,114.39032795436528,111.37947667260183,112.98729862806023,44705545.67100243,2019-03-19T16:00:00
2019-03-20T16:00:00,2019-03-20T09:30:00,113.06546723923913,115.4118829901829,112.37496879634917,114.71133313314593,42047586.94678564,2019-03-20T16:00:00
2019-03-21T16:00:00,2019-03-21T09:30:00,114.78256648150673,114.9294210163234,112.06723494661314,112.21079912375133,56056941.22197978,2019-03-21T16:00:00
2019-03-22T16:00:00,2019-03-22T09:30:00,112.07221068755608,113.41894814169378,111.34994886039951,112.69268758217645,47989626.65590124,2019-03-22T16:00:00
2019-03-25T16:00:00,2019-03-25T09:30:00,112.76284950288174,115.31040503816538,111.23899879904229,113.77290468545955,49607975.06981113,2019-03-25T16:00:00
2019-03-26T16:00:00,2019-03-26T09:30:00,113.51579067420377,113.57851010630884,112.44488202484945,112.50704410707876,53625454.00948027,2019-03-26T16:00:00
2019-03-27T16:00:00,2019-03-27T09:30:00,112.59258602156542,113.12750702189923,109.42299054953324,109.94533460831032,52193467.69088818,2019-03-27T16:00:00
2019-03-28T16:00:00,2019-03-28T09:30:00,109.62863117065486,113.05746645616813,109.0782906690565,112.49274796356853,49241627.933762275,2019-03-28T16:00:00
2019-03-29T16:00:00,2019-03-29T09:30:00,112.0932793468856,113.42934530030631,111.48610570865874,112.81824475506916,58205796.25497361,2019-03-29T16:00:00
2019-04-01T16:00:00,2019-04-01T09:30:00,112.9952366036885,113.62849221694341,111.32496193034767,111.95237305657001,37674464.305464655,2019-04-01T16:00:00
2019-04-02T16:00:00,2019-04-02T09:30:00,112.08210334568177,114.39493125737198,111.33595750876147,113.63842477658511,58841258.32966335,2019-04-02T16:00:00
2019-04-03T16:00:00,2019-04-03T09:30:00,114.0382144808869,114.84051264187993,108.9077383205926,109.6793705112633,58756346.57501066,2019-04-03T16:00:00
2019-04-04T16:00:00,2019-04-04T09:30:00,109.57434218142657,110.46838544552594,107.90831466499289,108.79600730871611,45084496.95914883,2019-04-04T16:00:00
2019-04-05T16:00:00,2019-04-05T09:30:00,109.04966924275696,111.22848999973941,108.70087262428851,110.8738586903893,54256020.91319347,2019-04-05T16:00:00
2019-04-08T16:00:00,2019-04-08T09:30:00,111.38338163548212,113.44592945683645,108.25533268238506,110.29777777527262,44742835.988401465,2019-04-08T16:00:00
2019-04-09T16:00:00,2019-04-09T09:30:00,110.69720354222581,111.95176354858702,110.58841860404935,111.84185373375303,57283481.59885132,2019-04-09T16:00:00
2019-04-10T16:00:00,2019-04-10T09:30:00,111.50651980580218,111.99053900934749,109.961435470517,110.44082880185452,55681425.40842286,2019-04-10T16:00:00
2019-04-11T16:00:00,2019-04-11T09:30:00,110.68220208536002,111.82977356505403,110.51334294379457,111.65942355345607,43343469.20798336,2019-04-11T16:00:00
2019-04-12T16:00:00,2019-04-12T09:30:00,111.3367223059282,114.16539891362389,110.71127063219798,113.52763941597804,57408641.95972975,2019-04-12T16:00:00
2019-04-15T16:00:00,2019-04-15T09:30:00,113.54969680173811,114.89915344628356,112.64555993882183,113.99149874549796,51420339.926140256,2019-04-15T16:00:00
2019-04-16T16:00:00,2019-04-16T09:30:00,114.13183753254968,116.3220324350211,113.62575605250147,115.80851625430203,44985131.17176675,2019-04-16T16:00:00
2019-04-17T16:00:00,2019-04-17T09:30:00,115.72854506832529,117.35618323484594,114.67297081772453,116.29543828173132,36116883.094282955,2019-04-17T16:00:00
2019-04-18T16:00:00,2019-04-18T09:30:00,116.84151232022786,117.36882290363482,115.93642000292007,116.46201791234975,49212087.22117932,2019-04-18T16:00:00
2019-04-22T16:00:00,2019-04-22T09:30:00,116.56260273636856,117.53807739884861,116.22342126619394,117.19704977327187,52487800.08075531,2019-04-22T16:00:00
2019-04-23T16:00:00,2019-04-23T09:30:00,117.53987214746384,117.94851692702527,116.18164787941772,116.58697978751466,43338381.20730058,2019-04-23T16:00:00
2019-04-24T16:00:00,2019-04-24T09:30:00,116.86182659105464,117.94262168493935,114.09112531680505,115.15614544059972,60889906.51966434,2019-04-24T16:00:00
2019-04-25T16:00:00,2019-04-25T09:30:00,114.7233303306842,115.46564357060755,114.51590999489352,115.25725789120654,41637813.556021556,2019-04-25T16:00:00
2019-04-26T16:00:00,2019-04-26T09:30:00,115.1323979072418,117.56404605850267,113.28241258980908,115.70486219618982,42115750.62590142,2019-04-26T16:00:00
2019-04-29T16:00:00,2019-04-29T09:30:00,116.11474638780149,116.35614810609556,116.10464565266537,116.34602725200965,36145006.808750205,2019-04-29T16:00:00
2019-04-30T16:00:00,2019-04-30T09:30:00,116.62124212271314,116.90940038040054,114.99713954594404,115.2819886556697,42980173.76039226,2019-04-30T16:00:00
2019-05-01T16:00:00,2019-05-01T09:30:00,115.25787752459249,115.79096283325288,115.03520381023789,115.5676905721998,44923344.27444463,2019-05-01T16:00:00
2019-05-02T16:00:00,2019-05-02T09:30:00,115.75907587010924,115.92868988873607,114.35508669470194,114.52288941212983,39021503.59142357,2019-05-02T16:00:00
2019-05-03T16:00:00,2019-05-03T09:30:00,114.30149830516163,115.40609114704388,112.90446441718443,114.00620357428734,40352924.050826535,2019-05-03T16:00:00
2019-05-06T16:00:00,2019-05-06T09:30:00,113.96028187441482,117.62114484713507,113.3561953970947,117.0009402925137,46969403.56132024,2019-05-06T16:00:00
2019-05-07T16:00:00,2019-05-07T09:30:00,117.37767828411195,118.0057802149807,115.93720566368361,116.56093711532125,48183007.01229857,2019-05-07T16:00:00
2019-05-08T16:00:00,2019-05-08T09:30:00,116.2248709498938,117.3164069444679,112.87490904169977,113.94503374668732,46855906.775363505,2019-05-08T16:00:00
2019-05-09T16:00:00,2019-05-09T09:30:00,114.12603571737078,115.15560475306877,110.64993494126777,111.65723207582971,52302231.85227205,2019-05-09T16:00:00
2019-05-10T16:00:00,2019-05-10T09:30:00,111.79928608341014,113.56860983498368,110.82983490258209,112.59228230325348,56180253.027078554,2019-05-10T16:00:00
2019-05-13T16:00:00,2019-05-13T09:30:00,112.66448384802023,113.389469038438,110.92221038434782,111.64060702522465,57722527.331554696,2019-05-13T16:00:00
2019-05-14T16:00:00,2019-05-14T09:30:00,111.86070384105169,112.10004718926754,109.35155726627958,109.5860336042598,49419385.70541635,2019-05-14T16:00:00
2019-05-15T16:00:00,2019-05-15T09:30:00,109.82740522513316,110.31488754048335,107.71341193951714,108.19364260046126,46867534.59078581,2019-05-15T16:00:00
2019-05-16T16:00:00,2019-05-16T09:30:00,108.28179937507167,109.56668789539435,107.51617542672162,108.79741818101228,46921668.43554626,2019-05-16T16:00:00
2019-05-17T16:00:00,2019-05-17T09:30:00,108.4699845143789,112.9053904740918,108.31963130577174,112.7491058584969,48634689.2525949,2019-05-17T16:00:00
2019-05-20T16:00:00,2019-05-20T09:30:00,112.81605588117941,113.36728038395353,112.57984457870333,113.13041089318814,53453484.898108974,2019-05-20T16:00:00
2019-05-21T16:00:00,2019-05-21T09:30:00,112.95007016146134,113.34370309325062,111.32221979293831,111.71153641337266,51127319.36935752,2019-05-21T16:00:00
2019-05-22T16:00:00,2019-05-22T09:30:00,111.60275809120502,112.7054827563237,111.45067360994902,112.55210457167288,42316417.95838953,2019-05-22T16:00:00
2019-05-23T16:00:00,2019-05-23T09:30:00,112.64835345188541,114.02660155835243,112.26699241523555,113.64187703548933,41141918.32508429,2019-05-23T16:00:00
2019-05-24T16:00:00,2019-05-24T09:30:00,113.751747481997,114.1731986425139,111.36520966708169,111.77935309014536,44849572.481272176,2019-05-24T16:00:00
2019-05-28T16:00:00,2019-05-28T09:30:00,111.34737910184195,114.02398336598065,110.32960529679984,112.99118431383481,41078076.05630246,2019-05-28T16:00:00
2019-05-29T16:00:00,2019-05-29T09:30:00,113.08174108458103,114.67817843424017,111.75965825354706,113.35292508506899,56443714.20248813,2019-05-29T16:00:00
2019-05-30T16:00:00,2019-05-30T09:30:00,112.90389924761942,113.62375196394413,112.58223155320894,113.30095304748365,38564594.252293944,2019-05-30T16:00:00
2019-05-31T16:00:00,2019-05-31T09:30:00,113.33964459572373,113.85051040409856,111.5981599457153,112.1034537617661,45633073.65960231,2019-05-31T16:00:00
2019-06-03T16:00:00,2019-06-03T09:30:00,112.10656307571027,112.90206406660715,108.95317489459727,109.73182489547477,50045732.82089585,2019-06-03T16:00:00
2019-06-04T16:00:00,2019-06-04T09:30:00,109.31801206119954,109.53035140964256,108.32664950150262,108.53747273005024,41761678.56143845,2019-06-04T16:00:00
2019-06-05T16:00:00,2019-06-05T09:30:00,108.11778925977687,108.65133535569171,106.05743034247725,106.58340446506136,60432945.69434824,2019-06-05T16:00:00
2019-06-06T16:00:00,2019-06-06T09:30:00,106.62745907141428,107.69792313853888,106.2283937176607,107.29635436830513,57929955.87710113,2019-06-06T16:00:00
2019-06-07T16:00:00,2019-06-07T09:30:00,107.13118019280056,109.10744545084823,106.10359482169964,108.07084694457882,57666676.20187975,2019-06-07T16:00:00
2019-06-10T16:00:00,2019-06-10T09:30:00,107.74636816709858,108.18823147705645,105.78767733644115,106.22329458590208,39629784.36183598,2019-06-10T16:00:00
2019-06-11T16:00:00,2019-06-11T09:30:00,106.4106839216419,109.27381696499585,105.91392706544295,108.76606448878425,49373598.00158045,2019-06-11T16:00:00
2019-06-12T16:00:00,2019-06-12T09:30:00,109.04976695281766,109.86676302581989,107.11854349017287,107.92712880740889,43901111.55048109,2019-06-12T16:00:00
2019-06-13T16:00:00,2019-06-13T09:30:00,108.0920297325293,110.04550704869293,107.78203013255543,109.73080756037082,52159070.537605055,2019-06-13T16:00:00
2019-06-14T16:00:00,2019-06-14T09:30:00,109.82706552267926,110.4764861825644,108.42680882743204,109.07176329431438,36547095.2283218,2019-06-14T16:00:00
2019-06-17T16:00:00,2019-06-17T09:30:00,109.05255657201168,109.3389041541094,107.93841518866606,108.22258344728026,41225055.14594825,2019-06-17T16:00:00
2019-06-18T16:00:00,2019-06-18T09:30:00,108.0227737357694,108.35716108541159,107.96551237538417,108.29975290224701,50347144.80148149,2019-06-18T16:00:00
2019-06-19T16:00:00,2019-06-19T09:30:00,108.46076414433168,109.79281012240128,108.03455241325875,109.36305272225844,55904702.41913444,2019-06-19T16:00:00
2019-06-20T16:00:00,2019-06-20T09:30:00,109.43489637811633,109.88048012775926,106.6032586665791,107.03908745176219,50951746.11105917,2019-06-20T16:00:00
2019-06-21T16:00:00,2019-06-21T09:30:00,107.05548365758862,108.06355113742883,106.40227736499676,107.40819276629425,39399964.88645669,2019-06-21T16:00:00
2019-06-24T16:00:00,2019-06-24T09:30:00,107.48312775511353,108.90991591915244,106.72166535813753,108.14377319078393,51550451.77773281,2019-06-24T16:00:00
2019-06-25T16:00:00,2019-06-25T09:30:00,108.48455287926706,108.50886315501077,107.08556024951487,107.10956240399419,47412824.64620815,2019-06-25T16:00:00
2019-06-26T16:00:00,2019-06-26T09:30:00,107.5177216990779,108.23640723077668,104.22783767657324,104.9292207753964,48208712.18267236,2019-06-26T16:00:00
2019-06-27T16:00:00,2019-06-27T09:30:00,105.32437045444118,111.97661432489676,104.69908926369607,111.31576391478727,75238932.39803341,2019-06-27T16:00:00
2019-06-28T16:00:00,2019-06-28T09:30:00,111.32393708096843,113.18677754102822,110.11065300520359,111.96649048074609,42388506.797894545,2019-06-28T16:00:00
2019-07-01T16:00:00,2019-07-01T09:30:00,111.70466618999501,112.16247854177182,110.73095289258913,111.18664216567154,46180464.90469069,2019-07-01T16:00:00
2019-07-02T16:00:00,2019-07-02T09:30:00,110.77764705172945,111.76138615596099,108.98227831929758,109.95874532785149,52719734.934824996,2019-07-02T16:00:00
2019-07-03T13:00:00,2019-07-03T09:30:00,110.10332019440672,110.71675755812412,109.41646072600257,110.02948672876886,50638174.56512382,2019-07-03T13:00:00
2019-07-05T16:00:00,2019-07-05T09:30:00,110.27626572672779,113.08092399266663,109.14090870616768,111.92855570486496,54460803.255132325,2019-07-05T16:00:00
2019-07-08T16:00:00,2019-07-08T09:30:00,111.82429845062786,112.37123285219478,110.90856139347532,111.45368310958324,52327846.827470325,2019-07-08T16:00:00
2019-07-09T16:00:00,2019-07-09T09:30:00,110.90211001884106,111.6671640947502,109.19190332604201,109.95039201071461,41266760.359963305,2019-07-09T16:00:00
2019-07-10T16:00:00,2019-07-10T09:30:00,109.80512407649809,110.80101368959583,107.83985317370943,108.82687040789287,37275556.034000926,2019-07-10T16:00:00
2019-07-11T16:00:00,2019-07-11T09:30:00,108.625802948062,111.9464145435082,108.1798401099662,111.48869809980131,50512186.24541021,2019-07-11T16:00:00
2019-07-12T16:00:00,2019-07-12T09:30:00,111.31895595352927,112.35712595572356,109.87556914875604,110.90992448890206,38973061.51293302,2019-07-12T16:00:00
2019-07-15T16:00:00,2019-07-15T09:30:00,111.07789776540106,111.2500809219347,110.12460139364488,110.29557185758208,52683038.755805746,2019-07-15T16:00:00
2019-07-16T16:00:00,2019-07-16T09:30:00,110.59291578091842,111.37062590214265,107.74112332873594,108.50414482090058,48493886.7816801,2019-07-16T16:00:00
2019-07-17T16:00:00,2019-07-17T09:30:00,108.51649816030898,109.80933196974196,108.46924517259295,109.76153683591689,59426495.6602405,2019-07-17T16:00:00
2019-07-18T16:00:00,2019-07-18T09:30:00,109.60719331436938,110.42445169452631,107.01446164367763,107.81838220516308,60807511.52025004,2019-07-18T16:00:00
2019-07-19T16:00:00,2019-07-19T09:30:00,107.90910717422359,109.33812165967586,107.23593749738592,108.66026602652643,39502362.6338036,2019-07-19T16:00:00
2019-07-22T16:00:00,2019-07-22T09:30:00,108.81904599382592,109.97465140338062,108.49297651168847,109.64610369444311,56572260.780111924,2019-07-22T16:00:00
2019-07-23T16:00:00,2019-07-23T09:30:00,109.70671898252863,110.2410197403869,108.8774609174411,109.41031812467229,47202378.80819364,2019-07-23T16:00:00
2019-07-24T16:00:00,2019-07-24T09:30:00,109.53977775366647,109.85985692520846,108.82646952536258,109.14539630010849,49662143.11714328,2019-07-24T16:00:00
2019-07-25T16:00:00,2019-07-25T09:30:00,109.16916722071116,110.49501863774053,108.54611073045002,109.86797387831382,47306915.60086956,2019-07-25T16:00:00
2019-07-26T16:00:00,2019-07-26T09:30:00,109.71079982609537,110.28616512523968,108.09918356461243,108.66908571746043,44657524.30455905,2019-07-26T16:00:00
2019-07-29T16:00:00,2019-07-29T09:30:00,108.5141269084309,108.72159358363898,107.2762425678884,107.48173542794383,37176533.40323925,2019-07-29T16:00:00
2019-07-30T16:00:00,2019-07-30T09:30:00,107.17750382093577,107.21967060714807,105.6626172562304,105.70420440306536,61121040.6714104,2019-07-30T16:00:00
2019-07-31T16:00:00,2019-07-31T09:30:00,105.25224915082269,107.25283263121818,104.71922041940009,106.71240921443105,39513029.36050288,2019-07-31T16:00:00
2019-08-01T16:00:00,2019-08-01T09:30:00,106.98150011766951,107.37643336766904,103.87849741665623,104.26339650662092,64491618.863027535,2019-08-01T16:00:00
2019-08-02T16:00:00,2019-08-02T09:30:00,104.08564550708269,104.47170669291032,102.89588344856861,103.27895255189185,37534745.41166503,2019-08-02T16:00:00
2019-08-05T16:00:00,2019-08-05T09:30:00,103.29999817997697,104.05916778641051,102.17517582255773,102.93163828824628,39808113.09331682,2019-08-05T16:00:00
2019-08-06T16:00:00,2019-08-06T09:30:00,103.05277466877097,103.68766014817776,101.95751144899879,102.5895430603488,38962522.20044471,2019-08-06T16:00:00
2019-08-07T16:00:00,2019-08-07T09:30:00,102.60788251734411,102.75560725984428,101.77387060209367,101.92060587124072,58383919.92681121,2019-08-07T16:00:00
2019-08-08T16:00:00,2019-08-08T09:30:00,102.05100577768039,102.97232391094532,101.81203693222994,102.73176096771448,56916252.137566,2019-08-08T16:00:00
2019-08-09T16:00:00,2019-08-09T09:30:00,102.57524964515625,102.78602394074876,102.48138048275094,102.69204789336128,36147416.19796651,2019-08-09T16:00:00
2019-08-12T16:00:00,2019-08-12T09:30:00,102.91173444039374,103.36740560159471,102.65745019716549,103.11262497864097,38612610.623316355,2019-08-12T16:00:00
2019-08-13T16:00:00,2019-08-13T09:30:00,103.1548225662521,103.66504331297604,102.56087300011504,103.07067755173465,43768618.61098453,2019-08-13T16:00:00
2019-08-14T16:00:00,2019-08-14T09:30:00,102.69627545678061,103.43060068141972,102.55449549379517,103.28800379278432,52251297.32864973,2019-08-14T16:00:00
2019-08-15T16:00:00,2019-08-15T09:30:00,103.1798703233847,103.27118475218575,102.09273842015764,102.18317076749892,39680471.67499532,2019-08-15T16:00:00
2019-08-16T16:00:00,2019-08-16T09:30:00,102.08028549139041,102.28165127507201,101.06858959088581,101.26835374039733,44947483.99418594,2019-08-16T16:00:00
2019-08-19T16:00:00,2019-08-19T09:30:00,101.2178060830399,102.90180304828306,100.44383814563997,102.12092932562332,40060582.42943429,2019-08-19T16:00:00
2019-08-20T16:00:00,2019-08-20T09:30:00,101.85251563468182,101.93452781602196,101.3534944134123,101.43517054629201,35850279.5978033,2019-08-20T16:00:00
2019-08-21T16:00:00,2019-08-21T09:30:00,101.4964478767388,102.48070962418231,100.80396600046659,101.78625050562822,43503693.9702086,2019-08-21T16:00:00
2019-08-22T16:00:00,2019-08-22T09:30:00,101.61359380228829,101.61991962625675,101.54301777720352,101.54933960110907,38808716.83636874,2019-08-22T16:00:00
2019-08-23T16:00:00,2019-08-23T09:30:00,101.58698748165004,102.38719575029022,99.88089275663775,100.67390863517977,57167057.32870058,2019-08-23T16:00:00
2019-08-26T16:00:00,2019-08-26T09:30:00,100.4959944045755,100.8007130215312,99.71905855739294,100.02234098761315,44030225.51171648,2019-08-26T16:00:00
2019-08-27T16:00:00,2019-08-27T09:30:00,100.17438057265436,100.64985450145784,99.57369806915622,100.04857486590547,38445822.45622219,2019-08-27T16:00:00
2019-08-28T16:00:00,2019-08-28T09:30:00,100.14894092840971,100.7049028271086,99.43464284534649,99.98972085758521,41001628.31773738,2019-08-28T16:00:00
2019-08-29T16:00:00,2019-08-29T09:30:00,100.10848544929839,100.32648609244994,98.38328829462468,98.59799963740387,50920261.19699899,2019-08-29T16:00:00
2019-08-30T16:00:00,2019-08-30T09:30:00,98.90731524387445,99.01727129402816,97.50333131230528,97.61184718029429,53638963.019431,2019-08-30T16:00:00
2019-09-03T16:00:00,2019-09-03T09:30:00,97.47362724679964,97.6766401526305,96.55977294363502,96.76130225672172,55928521.17278508,2019-09-03T16:00:00
2019-09-04T16:00:00,2019-09-04T09:30:00,96.68554492683518,100.81072170651944,96.33086735054769,100.44226312804173,56685231.32845602,2019-09-04T16:00:00
2019-09-05T16:00:00,2019-09-05T09:30:00,100.5563817228608,101.9070006294037,100.41326701226762,101.76216980681727,46065724.425842114,2019-09-05T16:00:00
2019-09-06T16:00:00,2019-09-06T09:30:00,101.44181726533625,101.4735628392438,100.36605467227595,100.39747342539647,50983979.576456875,2019-09-06T16:00:00
2019-09-09T16:00:00,2019-09-09T09:30:00,100.4154395399265,101.27290152846125,100.29308555744672,101.14965292328345,41540154.49774273,2019-09-09T16:00:00
2019-09-10T16:00:00,2019-09-10T09:30:00,101.18516870298718,102.68245888431765,101.09690055198578,102.59296265443197,39267846.49856567,2019-09-10T16:00:00
2019-09-11T16:00:00,2019-09-11T09:30:00,102.51786628275705,104.35740263316751,101.50180200306811,103.33325693947413,42138610.19708007,2019-09-11T16:00:00
2019-09-12T16:00:00,2019-09-12T09:30:00,103.15705225814851,103.31791371411914,101.753432340264,101.91235283187424,43483723.97277608,2019-09-12T16:00:00
2019-09-13T16:00:00,2019-09-13T09:30:00,101.78157825747915,101.99684726135168,100.89682765365367,101.11067769647315,45120864.359957285,2019-09-13T16:00:00
2019-09-16T16:00:00,2019-09-16T09:30:00,101.13933623889547,101.70463853988302,99.86805755645597,100.42939173508378,46843526.57455776,2019-09-16T16:00:00
2019-09-17T16:00:00,2019-09-17T09:30:00,100.25300624518964,100.59122137311782,100.20449315528103,100.54256816229069,38763459.87393958,2019-09-17T16:00:00
2019-09-18T16:00:00,2019-09-18T09:30:00,100.48310879012578,100.89976641492629,99.15071640486663,99.56356108471111,58464539.93564157,2019-09-18T16:00:00
2019-09-19T16:00:00,2019-09-19T09:30:00,99.85985105004993,99.91658862937695,98.32092625122269,98.3768212144026,53433064.78288679,2019-09-19T16:00:00
2019-09-20T16:00:00,2019-09-20T09:30:00,98.22247739398365,98.57228307423148,97.2910787202363,97.63880573512068,53431460.8037731,2019-09-20T16:00:00
2019-09-23T16:00:00,2019-09-23T09:30:00,97.55408018154648,98.43070979528197,97.35939815366179,98.23466956156507,58009311.62923255,2019-09-23T16:00:00
2019-09-24T16:00:00,2019-09-24T09:30:00,98.26137859716366,98.48898455910275,97.87374118150046,98.10097559685937,41265792.56098403,2019-09-24T16:00:00
2019-09-25T16:00:00,2019-09-25T09:30:00,98.45098998719457,98.8138551491137,96.47385880255936,96.83075218244313,47507519.20978013,2019-09-25T16:00:00
2019-09-26T16:00:00,2019-09-26T09:30:00,96.6428194817161,97.55513179682552,95.16115633754168,96.06804273578983,36973203.41703258,2019-09-26T16:00:00
2019-09-27T16:00:00,2019-09-27T09:30:00,96.03002733419312,96.19704018418408,94.71770944474821,94.88272694064169,45367032.514037356,2019-09-27T16:00:00
2019-09-30T16:00:00,2019-09-30T09:30:00,95.14408833809054,96.19400844397414,94.69392217541596,95.74101795956,43621693.99656837,2019-09-30T16:00:00
2019-10-01T16:00:00,2019-10-01T09:30:00,95.66690268335174,97.07620231146583,95.38102206631203,96.78697459276808,38458317.91251685,2019-10-01T16:00:00
2019-10-02T16:00:00,2019-10-02T09:30:00,96.64638723766843,97.57985046125599,96.21874588476456,97.14998080535234,41069800.52286727,2019-10-02T16:00:00
2019-10-03T16:00:00,2019-10-03T09:30:00,97.03492074260244,98.02014102213859,96.66596220666341,97.6488481332728,56692257.51492129,2019-10-03T16:00:00
2019-10-04T16:00:00,2019-10-04T09:30:00,97.40751974962325,98.19553108693674,97.3719357789247,98.15967234714377,51863639.62437256,2019-10-04T16:00:00
2019-10-07T16:00:00,2019-10-07T09:30:00,98.12997871441992,98.30864180371361,97.4773244112524,97.65512294110624,48953560.917566076,2019-10-07T16:00:00
2019-10-08T16:00:00,2019-10-08T09:30:00,97.88935449963567,98.88732026461616,97.53465483065489,98.53029815207124,52485119.67714107,2019-10-08T16:00:00
2019-10-09T16:00:00,2019-10-09T09:30:00,98.63421913935,99.22040192467945,98.52609628991596,99.11175559968844,53645173.50626581,2019-10-09T16:00:00
2019-10-10T16:00:00,2019-10-10T09:30:00,99.338049634607,100.06475463641934,97.95464895897668,98.67651451728878,36706805.907918334,2019-10-10T16:00:00
2019-10-11T16:00:00,2019-10-11T09:30:00,98.89637736029843,99.4707050661327,97.71134091044534,98.2821012887766,48315888.13123139,2019-10-11T16:00:00
2019-10-14T16:00:00,2019-10-14T09:30:00,98.44447305316096,98.59900826956869,97.565715236855,97.71911180266771,38402122.222050466,2019-10-14T16:00:00
2019-10-15T16:00:00,2019-10-15T09:30:00,97.62062183655819,97.73414427864458,97.61678501071388,97.73030314194811,40453370.12172029,2019-10-15T16:00:00
2019-10-16T16:00:00,2019-10-16T09:30:00,97.74653036487177,100.67805107474967,97.18386141891659,100.10182409623525,62956860.79586577,2019-10-16T16:00:00
2019-10-17T16:00:00,2019-10-17T09:30:00,99.81516950427468,101.07452410425626,98.98490620003025,100.24072105909087,54813197.322324425,2019-10-17T16:00:00
2019-10-18T16:00:00,2019-10-18T09:30:00,100.3003479970004,102.11143091259646,99.91971305608536,101.72538801414626,39664587.07609091,2019-10-18T16:00:00
2019-10-21T16:00:00,2019-10-21T09:30:00,101.83370162728778,101.98204116536175,101.05247486288889,101.19989113927721,47714091.97006297,2019-10-21T16:00:00
2019-10-22T16:00:00,2019-10-22T09:30:00,101.1594634157305,101.86619710024017,100.842104172031,101.54762012450283,35933652.874443814,2019-10-22T16:00:00
2019-10-23T16:00:00,2019-10-23T09:30:00,101.52517902054649,104.29167426934872,101.23441430389504,103.99383939197132,52805129.3136506,2019-10-23T16:00:00
2019-10-24T16:00:00,2019-10-24T09:30:00,103.93195778897238,105.86540922659829,102.97384791721676,104.89839017589527,38264517.244743645,2019-10-24T16:00:00
2019-10-25T16:00:00,2019-10-25T09:30:00,104.82867554227782,106.14835228458341,104.70294648602798,106.02119295090638,39879360.11265562,2019-10-25T16:00:00
2019-10-28T16:00:00,2019-10-28T09:30:00,105.80971584031322,106.67521755926961,105.41831560172243,106.28207003741682,38004113.51482043,2019-10-28T16:00:00
2019-10-29T16:00:00,2019-10-29T09:30:00,106.45425417490794,106.75156634158515,105.69196124250753,105.98797114447828,45238192.997015886,2019-10-29T16:00:00
2019-10-30T16:00:00,2019-10-30T09:30:00,105.97364530484714,106.74354147048435,102.3330341624725,103.08192202307009,65136364.005658604,2019-10-30T16:00:00
2019-10-31T16:00:00,2019-10-31T09:30:00,103.10652111351996,105.07944062153977,101.79206662440107,103.75669735428004,37267012.63741053,2019-10-31T16:00:00
2019-11-01T16:00:00,2019-11-01T09:30:00,103.77962369336335,106.34264968236594,103.38100462871576,105.93574890897706,47856693.45064447,2019-11-01T16:00:00
2019-11-04T16:00:00,2019-11-04T09:30:00,106.04900128449262,107.3835337221859,106.03965969679595,107.3740754120683,49056993.801787585,2019-11-04T16:00:00
2019-11-05T16:00:00,2019-11-05T09:30:00,107.44209447096885,107.66320477164751,105.87737477167492,106.09571429123811,38377434.82944441,2019-11-05T16:00:00
2019-11-06T16:00:00,2019-11-06T09:30:00,106.08363528226465,108.1047439665631,105.05924059602783,107.07081658213724,37307302.78638956,2019-11-06T16:00:00
2019-11-07T16:00:00,2019-11-07T09:30:00,106.92689999666538,107.19598051753503,106.41841504205759,106.68689158405306,53042300.347955495,2019-11-07T16:00:00
2019-11-08T16:00:00,2019-11-08T09:30:00,106.82591514550164,107.28176415962915,106.3756629403182,106.83148846390134,49032360.08766641,2019-11-08T16:00:00
2019-11-11T16:00:00,2019-11-11T09:30:00,106.56282921990433,108.77485618934763,106.0011365051569,108.20451017364707,41866684.22842751,2019-11-11T16:00:00
2019-11-12T16:00:00,2019-11-12T09:30:00,108.23084130930032,110.25264596596442,107.3363727883794,109.34893699763964,37817876.33961973,2019-11-12T16:00:00
2019-11-13T16:00:00,2019-11-13T09:30:00,109.32437108032359,110.25107218675609,108.61498138471298,109.54028148045123,39744442.870681494,2019-11-13T16:00:00
2019-11-14T16:00:00,2019-11-14T09:30:00,109.22082555750377,109.7990940283357,107.00431415948434,107.57386280396314,53132850.54193953,2019-11-14T16:00:00
2019-11-15T16:00:00,2019-11-15T09:30:00,107.33558253155388,108.31501952532724,107.22929461972494,108.20786784230506,49576194.26019152,2019-11-15T16:00:00
2019-11-18T16:00:00,2019-11-18T09:30:00,108.0724737007186,109.69081826443248,107.97827486512023,109.59529209991194,57769862.20049388,2019-11-18T16:00:00
2019-11-19T16:00:00,2019-11-19T09:30:00,109.57184771322802,110.36746107644805,109.05653819572082,109.85083947819388,54226229.47817719,2019-11-19T16:00:00
2019-11-20T16:00:00,2019-11-20T09:30:00,109.60976573435542,110.03617355016767,109.12749479920473,109.55368444558937,36744365.713791765,2019-11-20T16:00:00
2019-11-21T16:00:00,2019-11-21T09:30:00,109.52027606918254,109.55047435068647,108.6981057741833,108.7280856231654,57306425.55718945,2019-11-21T16:00:00
2019-11-22T16:00:00,2019-11-22T09:30:00,108.52803080813771,109.56035566216981,106.23823645930509,107.25848532387185,42611596.13309383,2019-11-22T16:00:00
2019-11-25T16:00:00,2019-11-25T09:30:00,107.67008044423993,108.95810925136786,107.57388361769902,108.86084854420302,47855417.01257093,2019-11-25T16:00:00
2019-11-26T16:00:00,2019-11-26T09:30:00,109.04459485522435,109.85196945085391,106.45798249346451,107.25208520934227,39872575.37040389,2019-11-26T16:00:00
2019-11-27T16:00:00,2019-11-27T09:30:00,107.25823588537652,108.49090679312769,107.23951286439382,108.47197190212194,49613477.52949994,2019-11-27T16:00:00
2019-11-29T13:00:00,2019-11-29T09:30:00,108.66992987211208,109.36618372861597,107.09564932554966,107.78624134398686,47982485.113947146,2019-11-29T13:00:00
2019-12-02T16:00:00,2019-12-02T09:30:00,107.6588805821826,108.91357700423339,107.24347290060568,108.49494332880117,43612974.94904229,2019-12-02T16:00:00
2019-12-03T16:00:00,2019-12-03T09:30:00,108.69689470820941,109.80553648211409,108.02183720487965,109.12780284190227,48621442.686165,2019-12-03T16:00:00
2019-12-04T16:00:00,2019-12-04T09:30:00,109.05227500292905,109.38377260030401,107.29741313606485,107.62457079173977,55565128.30946156,2019-12-04T16:00:00
2019-12-05T16:00:00,2019-12-05T09:30:00,107.67157217044287,107.71041627931135,107.65217107199723,107.69101167810453,48786583.46981082,2019-12-05T16:00:00
2019-12-06T16:00:00,2019-12-06T09:30:00,107.88790472019234,109.12331020465601,107.67235499513689,108.90572696800126,44459552.61143257,2019-12-06T16:00:00
2019-12-09T16:00:00,2019-12-09T09:30:00,108.84547428880316,110.68783937294702,108.74560970394002,110.58637752756056,52597585.644172154,2019-12-09T16:00:00
2019-12-10T16:00:00,2019-12-10T09:30:00,110.5048149032076,113.35084954984745,110.15063674416304,112.98871027624645,50860925.11323727,2019-12-10T16:00:00
2019-12-11T16:00:00,2019-12-11T09:30:00,113.09679858561582,113.2502914332698,112.88291912546777,113.03632990616742,43311849.87772291,2019-12-11T16:00:00
2019-12-12T16:00:00,2019-12-12T09:30:00,112.87291894253768,112.89569056285507,112.67858199944538,112.70131900022099,43389306.87755664,2019-12-12T16:00:00
2019-12-13T16:00:00,2019-12-13T09:30:00,112.51236876698083,113.4256197265436,112.22233713962714,113.13398571026478,57655371.255120896,2019-12-13T16:00:00
2019-12-16T16:00:00,2019-12-16T09:30:00,113.25004793012639,113.46102861251356,111.72202323467731,111.93054573290414,54011738.50716335,2019-12-16T16:00:00
2019-12-17T16:00:00,2019-12-17T09:30:00,111.61170409929287,111.67110876918001,110.73483519649356,110.79380454417625,40386396.46254252,2019-12-17T16:00:00
2019-12-18T16:00:00,2019-12-18T09:30:00,110.75199453452545,111.83160571823534,109.94322741232757,111.0208750940952,53212382.70635207,2019-12-18T16:00:00
2019-12-19T16:00:00,2019-12-19T09:30:00,110.69360379898275,110.90011183440333,110.66919163920551,110.87565952439785,34704697.96263031,2019-12-19T16:00:00
2019-12-20T16:00:00,2019-12-20T09:30:00,111.10899251912137,111.83516959112461,110.22595985063417,110.95110501438866,38190322.99932062,2019-12-20T16:00:00
2019-12-23T16:00:00,2019-12-23T09:30:00,111.15625857448674,112.24553800938313,110.75641989792497,111.84322824350241,44253265.442981236,2019-12-23T16:00:00
2019-12-24T13:00:00,2019-12-24T09:30:00,112.32386653502043,112.69565752838714,112.19040567423659,112.56191382480968,49451063.324528225,2019-12-24T13:00:00
2019-12-26T16:00:00,2019-12-26T09:30:00,112.49915524360321,115.43811487254762,112.17857847133014,115.11009797690458,61242113.4352141,2019-12-26T16:00:00
2019-12-27T16:00:00,2019-12-27T09:30:00,115.05492062672256,115.25101681434475,114.81880745382227,115.01483532124101,40662508.16350706,2019-12-27T16:00:00
2019-12-30T16:00:00,2019-12-30T09:30:00,114.823116957304,116.38410601530116,114.7042933305946,116.26379152001941,43294597.58778028,2019-12-30T16:00:00
2019-12-31T16:00:00,2019-12-31T09:30:00,116.07813807600482,118.95259809496291,115.41157328035654,118.27342711511834,56389605.344181016,2019-12-31T16:00:00
2020-01-02T16:00:00,2020-01-02T09:30:00,118.22279651787292,118.29395475676752,117.54577773977456,117.61657109190487,37572746.48791772,2020-01-02T16:00:00
2020-01-03T16:00:00,2020-01-03T09:30:00,117.44756810486753,117.99599679338053,117.40940892368457,117.95767187745659,36034058.68403053,2020-01-03T16:00:00
2020-01-06T16:00:00,2020-01-06T09:30:00,118.00153596869347,118.44847859814695,116.8917342595583,117.33615669842105,46892321.47741878,2020-01-06T16:00:00
2020-01-07T16:00:00,2020-01-07T09:30:00,117.3895388458806,118.59054511229928,117.33762933796253,118.5381276998201,55425461.09902627,2020-01-07T16:00:00
2020-01-08T16:00:00,2020-01-08T09:30:00,118.59762275653237,119.18774856076317,117.70238615136583,118.29098617324017,44585476.821636796,2020-01-08T16:00:00
2020-01-09T16:00:00,2020-01-09T09:30:00,118.05372723524751,118.88107017653195,116.60205825867286,117.42499492451452,46399718.0512334,2020-01-09T16:00:00
2020-01-10T16:00:00,2020-01-10T09:30:00,117.11250436836723,118.45001659355833,114.37154505972046,115.69284370029554,52918508.526251025,2020-01-10T16:00:00
2020-01-13T16:00:00,2020-01-13T09:30:00,115.61867149796088,115.94196850933554,113.46325431790912,113.78141392478989,53736545.751000606,2020-01-13T16:00:00
2020-01-14T16:00:00,2020-01-14T09:30:00,113.71103237033657,114.10894480410087,111.32119611214999,111.71211366961673,50689542.825678036,2020-01-14T16:00:00
2020-01-15T16:00:00,2020-01-15T09:30:00,111.88785331696833,113.7372790047215,111.81127401909782,113.6594871491789,56871804.179585524,2020-01-15T16:00:00
2020-01-16T16:00:00,2020-01-16T09:30:00,113.96608565322408,114.22004280973427,112.09909032772424,112.34944503133732,46203402.645484634,2020-01-16T16:00:00
2020-01-17T16:00:00,2020-01-17T09:30:00,112.3095240076144,114.2584419994382,111.93458093012246,113.8782617227693,57557713.32067789,2020-01-17T16:00:00
2020-01-21T16:00:00,2020-01-21T09:30:00,113.92939770970932,114.7922605996156,113.17163394922305,114.03380242564388,52682425.97590023,2020-01-21T16:00:00
2020-01-22T16:00:00,2020-01-22T09:30:00,114.26447491850875,114.93002692962659,112.57934270005887,113.2389212068501,48084306.12460053,2020-01-22T16:00:00
2020-01-23T16:00:00,2020-01-23T09:30:00,112.9109881212726,113.76308761784617,112.29257354532004,113.14340011912948,53537845.82139752,2020-01-23T16:00:00
2020-01-24T16:00:00,2020-01-24T09:30:00,113.06765902299912,113.4541983431973,112.94449542808431,113.33074816761818,39453584.36796653,2020-01-24T16:00:00
2020-01-27T16:00:00,2020-01-27T09:30:00,113.29404737747822,114.3714527710733,113.07532924502297,114.15108010687197,41129628.872471556,2020-01-27T16:00:00
2020-01-28T16:00:00,2020-01-28T09:30:00,114.28289281154215,115.47645252711625,113.87975369033242,115.0705349553975,49988519.769151114,2020-01-28T16:00:00
2020-01-29T16:00:00,2020-01-29T09:30:00,115.14288109490464,115.58244532846854,113.23800483020511,113.6719537182191,40606124.72289807,2020-01-29T16:00:00
2020-01-30T16:00:00,2020-01-30T09:30:00,113.66765067827032,114.84461573143278,111.86993970229237,113.04041002876714,50920771.20256379,2020-01-30T16:00:00
2020-01-31T16:00:00,2020-01-31T09:30:00,112.99958606758608,114.65555195133729,111.74871141249479,113.40024214256937,43985900.94059405,2020-01-31T16:00:00
2020-02-03T16:00:00,2020-02-03T09:30:00,113.64361736164088,113.83890576928925,112.5706370307622,112.7644145914931,55175016.50163485,2020-02-03T16:00:00
2020-02-04T16:00:00,2020-02-04T09:30:00,113.02890810199149,113.265192583791,112.62139574812839,112.85732153192335,53563466.98647265,2020-02-04T16:00:00
2020-02-05T16:00:00,2020-02-05T09:30:00,112.95739006711403,113.69605823947602,111.88737501503024,112.62386213070285,48706127.59013428,2020-02-05T16:00:00
2020-02-06T16:00:00,2020-02-06T09:30:00,112.69587786599888,112.94649655676838,112.10808587657651,112.35795307340764,40397075.06999837,2020-02-06T16:00:00
2020-02-07T16:00:00,2020-02-07T09:30:00,112.39617638207237,113.0164161501003,109.3174413183923,109.92403900389276,59096854.87840404,2020-02-07T16:00:00
2020-02-10T16:00:00,2020-02-10T09:30:00,109.88875910612762,110.68919358935516,109.32829729068119,110.12751406032126,38588592.00877924,2020-02-10T16:00:00
2020-02-11T16:00:00,2020-02-11T09:30:00,109.95038217119576,110.20147985713754,109.10853952408516,109.35828501622343,54582593.541636735,2020-02-11T16:00:00
2020-02-12T16:00:00,2020-02-12T09:30:00,109.54058469912975,109.61913879273476,109.12653122879003,109.2048445553519,49523118.98790532,2020-02-12T16:00:00
2020-02-13T16:00:00,2020-02-13T09:30:00,109.18100587471999,110.6663345207516,108.84389363001328,110.32568790369531,57195605.96829711,2020-02-13T16:00:00
2020-02-14T16:00:00,2020-02-14T09:30:00,110.15432758306686,110.94051024278995,107.7661594895199,108.54082642709113,55122140.42894678,2020-02-14T16:00:00
2020-02-18T16:00:00,2020-02-18T09:30:00,108.60550837193338,109.15124798893238,107.52636112761799,108.06940684958472,57091601.27204615,2020-02-18T16:00:00
2020-02-19T16:00:00,2020-02-19T09:30:00,108.17610793599157,109.40155401732648,107.51574415155629,108.73776160388293,55481942.70874889,2020-02-19T16:00:00
2020-02-20T16:00:00,2020-02-20T09:30:00,108.48894110792473,111.02462214559637,107.70434888136286,110.22745696905025,56643984.7354985,2020-02-20T16:00:00
2020-02-21T16:00:00,2020-02-21T09:30:00,110.15211211473509,111.59677248442121,109.8374223124111,111.27886370401238,52716475.965156145,2020-02-21T16:00:00
2020-02-24T16:00:00,2020-02-24T09:30:00,111.28690620425155,113.5249963263336,111.09461735622071,113.32917870533214,52231400.7848996,2020-02-24T16:00:00
2020-02-25T16:00:00,2020-02-25T09:30:00,113.34829327925414,115.46926455586217,112.8734355663647,114.9875394375705,46253538.7612891,2020-02-25T16:00:00
2020-02-26T16:00:00,2020-02-26T09:30:00,114.90371479566998,115.86008200671006,114.34253137352182,115.29697790914928,35138497.57178,2020-02-26T16:00:00
2020-02-27T16:00:00,2020-02-27T09:30:00,115.06151939061284,116.21601970632948,114.7870381277851,115.9394441386916,58655496.73930579,2020-02-27T16:00:00
2020-02-28T16:00:00,2020-02-28T09:30:00,116.15386986004832,116.82529162092325,114.97520083965803,115.6436734350642,43915326.04956246,2020-02-28T16:00:00
2020-03-02T16:00:00,2020-03-02T09:30:00,115.18547362224636,115.37797244703916,114.29949179408936,114.4908297248067,57804931.027984716,2020-03-02T16:00:00
2020-03-03T16:00:00,2020-03-03T09:30:00,114.29297411403216,116.10795530017943,113.72862279904734,115.53745901699415,47992111.98866851,2020-03-03T16:00:00
2020-03-04T16:00:00,2020-03-04T09:30:00,115.37678912835224,116.72409979579504,114.91888753483174,116.26268231398838,51158336.5083051,2020-03-04T16:00:00
2020-03-05T16:00:00,2020-03-05T09:30:00,116.28454221168985,117.80207156696893,115.0086157950932,116.52352294602598,56941565.83676378,2020-03-05T16:00:00
2020-03-06T16:00:00,2020-03-06T09:30:00,116.52774330542042,116.60727314175836,115.7136180831913,115.79264621796531,50791366.461712725,2020-03-06T16:00:00
2020-03-09T16:00:00,2020-03-09T09:30:00,115.78463123659957,116.63701564062485,115.70876797342702,116.56064392607792,42608974.56886363,2020-03-09T16:00:00
2020-03-10T16:00:00,2020-03-10T09:30:00,116.68228298910859,117.208269277205,114.68466341882365,115.20398576403,59934769.534011394,2020-03-10T16:00:00
2020-03-11T16:00:00,2020-03-11T09:30:00,115.12585961101911,115.48897168513808,113.77510572285456,114.13509287468577,45884133.68673301,2020-03-11T16:00:00
2020-03-12T16:00:00,2020-03-12T09:30:00,113.97185699227992,114.2061933635131,112.66864667031265,112.90078081275138,57846186.94972411,2020-03-12T16:00:00
2020-03-13T16:00:00,2020-03-13T09:30:00,112.84370381124823,113.72272627157847,111.57509463864129,112.4510584963282,54309061.97245287,2020-03-13T16:00:00
2020-03-16T16:00:00,2020-03-16T09:30:00,112.14223647099914,113.60712142284954,112.06847263061535,113.53244314570686,43056909.241247684,2020-03-16T16:00:00
2020-03-17T16:00:00,2020-03-17T09:30:00,113.65146087388837,114.46378714325999,110.92434839686433,111.72289016547604,58676200.30509226,2020-03-17T16:00:00
2020-03-18T16:00:00,2020-03-18T09:30:00,111.83425981454094,112.39227468285776,109.56990218541652,110.11936028915672,61646806.42093902,2020-03-18T16:00:00
2020-03-19T16:00:00,2020-03-19T09:30:00,110.04862621301646,110.97137045766117,109.4615695185444,110.38253253295305,41215370.63388003,2020-03-19T16:00:00
2020-03-20T16:00:00,2020-03-20T09:30:00,110.3096094229285,111.3173686298177,109.56758811387296,110.57357172159702,54685138.195135854,2020-03-20T16:00:00
2020-03-23T16:00:00,2020-03-23T09:30:00,110.59426340204608,111.75683491405366,110.16712243870897,111.32686447369073,49008808.80113482,2020-03-23T16:00:00
2020-03-24T16:00:00,2020-03-24T09:30:00,111.6483583906403,113.03721976031235,110.76955788214208,112.15443584239948,36624832.38705007,2020-03-24T16:00:00
2020-03-25T16:00:00,2020-03-25T09:30:00,112.1117915429077,113.26385764668586,111.62974648193799,112.77894404207137,46744605.49965672,2020-03-25T16:00:00
2020-03-26T16:00:00,2020-03-26T09:30:00,113.03210268434312,113.58335014671675,112.77001730902748,113.32059584781896,50563379.85190993,2020-03-26T16:00:00
2020-03-27T16:00:00,2020-03-27T09:30:00,113.29968232920722,113.77284447341398,111.88592176851749,112.35513931208557,38978759.55450471,2020-03-27T16:00:00
2020-03-30T16:00:00,2020-03-30T09:30:00,112.2470010807119,114.68448030011301,110.94565549843755,113.37011381059519,45007656.73242384,2020-03-30T16:00:00
2020-03-31T16:00:00,2020-03-31T09:30:00,113.38617897603066,114.30371085118121,112.81977658699192,113.73556316969349,41777760.20825887,2020-03-31T16:00:00
2020-04-01T16:00:00,2020-04-01T09:30:00,113.53383547054766,113.87667148312018,113.33348654833242,113.67607156218247,39924460.945831746,2020-04-01T16:00:00
2020-04-02T16:00:00,2020-04-02T09:30:00,113.75052614087424,115.62159765435759,113.72703116011195,115.59772113856063,50941227.208459705,2020-04-02T16:00:00
2020-04-03T16:00:00,2020-04-03T09:30:00,115.82003148142155,116.45823279852408,114.80026546593926,115.43635260329036,35667460.3956606,2020-04-03T16:00:00
2020-04-06T16:00:00,2020-04-06T09:30:00,115.59371545879932,116.54671276663404,115.19429166051222,116.14538273117438,54195413.31945529,2020-04-06T16:00:00
2020-04-07T16:00:00,2020-04-07T09:30:00,116.38022174846108,116.63567639492243,114.64288379283502,114.89507854921187,47473657.48516436,2020-04-07T16:00:00
2020-04-08T16:00:00,2020-04-08T09:30:00,114.77659028856934,115.79049558324522,112.65525973913024,113.65929515134579,39487027.92003271,2020-04-08T16:00:00
2020-04-09T16:00:00,2020-04-09T09:30:00,114.02852702361685,114.05311637297223,113.80510049799122,113.82964696043506,36580846.469042026,2020-04-09T16:00:00
2020-04-13T16:00:00,2020-04-13T09:30:00,113.9215264092875,114.02721820913774,113.04459480044028,113.14957041063373,56617618.50357217,2020-04-13T16:00:00
2020-04-14T16:00:00,2020-04-14T09:30:00,113.20218955272146,114.41377761120388,112.71092453891137,113.91940010941602,44471431.99117198,2020-04-14T16:00:00
2020-04-15T16:00:00,2020-04-15T09:30:00,113.83060241409541,114.33105890760638,111.84979317827504,112.34371255726491,51285925.315457806,2020-04-15T16:00:00
2020-04-16T16:00:00,2020-04-16T09:30:00,112.3920961884692,112.52442147572611,112.13418837900267,112.26636563688812,50119520.39247678,2020-04-16T16:00:00
2020-04-17T16:00:00,2020-04-17T09:30:00,112.21857063795488,113.16769586116888,110.75704054117931,111.7017949653102,40558480.62844923,2020-04-17T16:00:00
2020-04-20T16:00:00,2020-04-20T09:30:00,111.49441039068877,113.0961142640015,111.34476464889192,112.94452220886072,52080594.33837301,2020-04-20T16:00:00
2020-04-21T16:00:00,2020-04-21T09:30:00,112.83857453867859,113.13668513110113,112.25424783854031,112.55160026762819,45216290.01387142,2020-04-21T16:00:00
2020-04-22T16:00:00,2020-04-22T09:30:00,112.52417482901559,114.89676654822321,111.8574239963535,114.21996746456534,58150166.64437825,2020-04-22T16:00:00
2020-04-23T16:00:00,2020-04-23T09:30:00,114.3053503636093,114.67844694335041,110.9937284917182,111.35720221489697,48544524.05092577,2020-04-23T16:00:00
2020-04-24T16:00:00,2020-04-24T09:30:00,111.4884596063153,111.89115649981316,110.32018799516419,110.72010960447612,43120649.47056027,2020-04-24T16:00:00
2020-04-27T16:00:00,2020-04-27T09:30:00,110.83204369012095,110.97861674463991,109.07759128945429,109.2220351414166,53050593.565255076,2020-04-27T16:00:00
2020-04-28T16:00:00,2020-04-28T09:30:00,109.16569393314757,109.24673961175822,108.6113825904624,108.69207665097169,39844614.61910261,2020-04-28T16:00:00
2020-04-29T16:00:00,2020-04-29T09:30:00,108.73243335112909,109.68867723813891,107.46071711670227,108.41416197634587,56841731.69349047,2020-04-29T16:00:00
2020-04-30T16:00:00,2020-04-30T09:30:00,108.50753040399398,109.26982116630302,107.8723038861306,108.6338551162909,41038869.01585381,2020-04-30T16:00:00
2020-05-01T16:00:00,2020-05-01T09:30:00,108.50457646011448,109.44419797009465,108.08599539738093,109.02361459977934,44340894.11689544,2020-05-01T16:00:00
2020-05-04T16:00:00,2020-05-04T09:30:00,109.10790934591085,109.70075038180778,108.2262839773272,108.81754732262681,52030360.712452896,2020-05-04T16:00:00
2020-05-05T16:00:00,2020-05-05T09:30:00,109.05159096422244,109.17968086525727,108.96313868855869,109.09119646537896,42692600.716266796,2020-05-05T16:00:00
2020-05-06T16:00:00,2020-05-06T09:30:00,109.19874594583459,110.42288653470541,108.1122168281638,109.33500167058256,43855021.73093396,2020-05-06T16:00:00
2020-05-07T16:00:00,2020-05-07T09:30:00,109.43367406985179,110.80396153656189,108.89980984552753,110.2660366916906,45204622.61596278,2020-05-07T16:00:00
2020-05-08T16:00:00,2020-05-08T09:30:00,110.26912839568372,110.73598513894302,109.36155869682901,109.82654161897273,42383070.53390915,2020-05-08T16:00:00
2020-05-11T16:00:00,2020-05-11T09:30:00,109.51646395422942,109.8313610529248,108.95327185111424,109.26745295846659,50987667.30336228,2020-05-11T16:00:00
2020-05-12T16:00:00,2020-05-12T09:30:00,109.46700341706651,110.25672533416315,107.72598467807944,108.50879383530999,53195711.343375415,2020-05-12T16:00:00
2020-05-13T16:00:00,2020-05-13T09:30:00,108.47133458015838,108.83781520857654,106.9679155581664,107.33054191102043,46210884.00920792,2020-05-13T16:00:00
2020-05-14T16:00:00,2020-05-14T09:30:00,107.28624205992793,107.59715807889097,105.48505092526513,105.79163556779513,39325089.36924965,2020-05-14T16:00:00
2020-05-15T16:00:00,2020-05-15T09:30:00,106.0114143481577,106.46100043665636,105.57320943746537,106.02274867480534,52563046.273264654,2020-05-15T16:00:00
2020-05-18T16:00:00,2020-05-18T09:30:00,105.85751518710823,107.27400518614357,105.58377476094141,106.99731730822683,41411216.214952074,2020-05-18T16:00:00
2020-05-19T16:00:00,2020-05-19T09:30:00,107.0452742116514,107.10783333140152,106.58750696581865,106.64983498400748,54441056.82564263,2020-05-19T16:00:00
2020-05-20T16:00:00,2020-05-20T09:30:00,106.91951895436851,107.8157303032033,105.13801650348341,106.02674451727991,38129910.57904183,2020-05-20T16:00:00
2020-05-21T16:00:00,2020-05-21T09:30:00,106.03814297447562,106.20466480954734,105.37310812422787,105.53884586530724,38000474.738492414,2020-05-21T16:00:00
2020-05-22T16:00:00,2020-05-22T09:30:00,105.47569654856406,107.00311029338235,105.42476712548178,106.9514682871581,54537611.79986241,2020-05-22T16:00:00
2020-05-26T16:00:00,2020-05-26T09:30:00,106.85663889395327,107.12360000782778,106.73773960108556,107.00453614980698,45096248.75129365,2020-05-26T16:00:00
2020-05-27T16:00:00,2020-05-27T09:30:00,107.06004861571733,107.71134634338566,106.75961490646485,107.40993078889355,40142338.47561009,2020-05-27T16:00:00
2020-05-28T16:00:00,2020-05-28T09:30:00,107.23223068523984,107.6629909533015,104.9678283550084,105.39119303063913,53865661.28093226,2020-05-28T16:00:00
2020-05-29T16:00:00,2020-05-29T09:30:00,105.18206266822685,105.21975357773022,104.52652254787004,104.5639919781035,45119253.34941408,2020-05-29T16:00:00
2020-06-01T16:00:00,2020-06-01T09:30:00,104.75116161262238,108.92380667937024,104.37670299516543,108.53581887993525,57815634.050763056,2020-06-01T16:00:00
2020-06-02T16:00:00,2020-06-02T09:30:00,108.90731197190536,111.15849274993926,108.08662485867676,110.32710656513323,60698331.65583362,2020-06-02T16:00:00
2020-06-03T16:00:00,2020-06-03T09:30:00,110.8097510643607,110.96611269243002,110.70232870424202,110.8586429350373,53817051.12830687,2020-06-03T16:00:00
2020-06-04T16:00:00,2020-06-04T09:30:00,110.75625314350023,111.43968992079347,110.51887512630717,111.20135793405353,45919381.12083083,2020-06-04T16:00:00
2020-06-05T16:00:00,2020-06-05T09:30:00,111.28085975523939,111.9262165715806,110.7869584042628,111.43164598133913,35626353.40145032,2020-06-05T16:00:00
2020-06-08T16:00:00,2020-06-08T09:30:00,111.51554424152715,112.5640689139903,111.36958631414551,112.4169311997629,45231348.14748409,2020-06-08T16:00:00
2020-06-09T16:00:00,2020-06-09T09:30:00,112.36096602627893,114.45646681382377,111.97645350430345,114.06611905639996,50945007.35618247,2020-06-09T16:00:00
2020-06-10T16:00:00,2020-06-10T09:30:00,114.0394798394983,114.2368953506439,112.18890217113176,112.38345090492051,39080397.05805142,2020-06-10T16:00:00
2020-06-11T16:00:00,2020-06-11T09:30:00,112.707349179906,113.52617890271065,112.32968926124975,113.1470456486081,36612329.06245311,2020-06-11T16:00:00
2020-06-12T16:00:00,2020-06-12T09:30:00,112.76021677638781,113.05990940127768,111.6068192057213,111.90423681830787,36673088.19768965,2020-06-12T16:00:00
2020-06-15T16:00:00,2020-06-15T09:30:00,112.12096708726305,113.26927549039837,111.82760342136262,112.97368070573776,46041393.0964102,2020-06-15T16:00:00
2020-06-16T16:00:00,2020-06-16T09:30:00,113.07436856364166,113.1413241831721,110.98740783890868,111.05316662816269,41761767.6498997,2020-06-16T16:00:00
2020-06-17T16:00:00,2020-06-17T09:30:00,111.12479473341192,111.35137444229967,110.629540172738,110.85557094339723,42328181.49753514,2020-06-17T16:00:00
2020-06-18T16:00:00,2020-06-18T09:30:00,110.72847354487011,111.15261736435544,110.64472838021427,111.06861494700914,52843274.9131549,2020-06-18T16:00:00
2020-06-19T16:00:00,2020-06-19T09:30:00,111.19561217762268,111.89501448380211,110.49002583492225,111.18938899831652,47512020.19610429,2020-06-19T16:00:00
2020-06-22T16:00:00,2020-06-22T09:30:00,110.90266327933799,112.77793285778306,110.56159888741085,112.43216471518177,59151652.23087037,2020-06-22T16:00:00
2020-06-23T16:00:00,2020-06-23T09:30:00,112.52895903546488,113.86590182067697,111.02702622910296,112.3619852188426,45446403.53750847,2020-06-23T16:00:00
2020-06-24T16:00:00,2020-06-24T09:30:00,112.5193751883396,112.96493155893383,111.23643034178541,111.6786576229093,41910477.33159617,2020-06-24T16:00:00
2020-06-25T16:00:00,2020-06-25T09:30:00,111.58930249457883,112.43962544333385,111.07342549098729,111.92220941208252,52093157.30839964,2020-06-25T16:00:00
2020-06-26T16:00:00,2020-06-26T09:30:00,111.7983819726204,114.93089262665922,111.13336974379848,114.25128972467633,48472294.09291119,2020-06-26T16:00:00
2020-06-29T16:00:00,2020-06-29T09:30:00,113.95681957935405,116.98120023586782,112.44471216901827,115.4492890597778,51925712.38912736,2020-06-29T16:00:00
2020-06-30T16:00:00,2020-06-30T09:30:00,115.34265800214317,117.49792849004338,114.12658737355602,116.27205908124732,44104051.68985292,2020-06-30T16:00:00
2020-07-01T16:00:00,2020-07-01T09:30:00,116.1473731691213,117.57214193884231,116.10771218567875,117.53200814242732,59210857.311455436,2020-07-01T16:00:00
2020-07-02T16:00:00,2020-07-02T09:30:00,117.60499576436445,119.74114770881783,117.31887372057491,119.45053563773794,60877614.130845316,2020-07-02T16:00:00
2020-07-06T16:00:00,2020-07-06T09:30:00,119.78219587121123,122.03515575968733,119.35141676944579,121.59784693513008,55858824.725496285,2020-07-06T16:00:00
2020-07-07T16:00:00,2020-07-07T09:30:00,122.16286848002085,124.07803736921605,121.8999842438215,123.81160519004433,39480404.5123459,2020-07-07T16:00:00
2020-07-08T16:00:00,2020-07-08T09:30:00,123.65374432636733,123.98457721899042,122.16397313071714,122.49169699107118,43878371.34952943,2020-07-08T16:00:00
2020-07-09T16:00:00,2020-07-09T09:30:00,122.53559749629075,123.03734196419597,122.33184673200994,122.83309652200033,49159913.416596904,2020-07-09T16:00:00
2020-07-10T16:00:00,2020-07-10T09:30:00,122.32417845734489,123.54082099203404,121.27351263617838,122.48874170557785,40218186.56663599,2020-07-10T16:00:00
2020-07-13T16:00:00,2020-07-13T09:30:00,122.68051601119566,123.62097299802123,122.38248615936872,123.32138626924059,55138318.46634064,2020-07-13T16:00:00
2020-07-14T16:00:00,2020-07-14T09:30:00,123.60308406471223,125.62049887624886,123.25477150404842,125.26749601523474,43190344.187856145,2020-07-14T16:00:00
2020-07-15T16:00:00,2020-07-15T09:30:00,125.45850931937194,126.17625457364028,125.37275807702308,126.09007165666578,46688656.0480318,2020-07-15T16:00:00
2020-07-16T16:00:00,2020-07-16T09:30:00,125.86792761299078,128.14629374368022,125.823123447993,128.10069479901694,49475450.9109726,2020-07-16T16:00:00
2020-07-17T16:00:00,2020-07-17T09:30:00,128.4131891294515,128.7019221281123,128.27585694782567,128.56442820303891,50893611.057544515,2020-07-17T16:00:00
2020-07-20T16:00:00,2020-07-20T09:30:00,128.22114073550716,130.5695544630485,127.81302626038911,130.15528381288553,56311666.12425081,2020-07-20T16:00:00
2020-07-21T16:00:00,2020-07-21T09:30:00,129.90975501831215,132.22719495623284,129.79222391231428,132.10767536208132,48435624.42724232,2020-07-21T16:00:00
2020-07-22T16:00:00,2020-07-22T09:30:00,132.33614449010074,133.22066017007955,131.9641833256626,132.84726239125,41346387.81052511,2020-07-22T16:00:00
2020-07-23T16:00:00,2020-07-23T09:30:00,133.0743178029238,135.1710965888461,133.07124797650548,135.16797846479295,51422877.00317602,2020-07-23T16:00:00
2020-07-24T16:00:00,2020-07-24T09:30:00,135.36382692541173,136.02883575076103,133.36144817234785,134.01985439481444,59661500.761094086,2020-07-24T16:00:00
2020-07-27T16:00:00,2020-07-27T09:30:00,134.27252246645233,134.88571763709734,131.55177442208208,132.15530067346648,41773786.86700242,2020-07-27T16:00:00
2020-07-28T16:00:00,2020-07-28T09:30:00,132.1092121996985,132.2882899288556,131.96043467510836,132.13947831944805,52841047.511818655,2020-07-28T16:00:00
2020-07-29T16:00:00,2020-07-29T09:30:00,131.93321825073147,133.91078326988261,131.77065843917572,133.74598987517342,56669318.868633494,2020-07-29T16:00:00
2020-07-30T16:00:00,2020-07-30T09:30:00,133.9316394469974,135.6384905564038,132.18946542422168,133.89586056047338,38501375.385851584,2020-07-30T16:00:00
2020-07-31T16:00:00,2020-07-31T09:30:00,133.811898676969,134.01953384135746,133.60468962134942,133.81232412692438,42750091.93467237,2020-07-31T16:00:00
2020-08-03T16:00:00,2020-08-03T09:30:00,133.74881005432022,135.86109210992223,133.50839586022002,135.6173192606323,41345547.45088564,2020-08-03T16:00:00
2020-08-04T16:00:00,2020-08-04T09:30:00,135.5901468432175,136.64436588873534,135.1877103392485,136.24000059511536,43464057.36603704,2020-08-04T16:00:00
2020-08-05T16:00:00,2020-08-05T09:30:00,136.37414667977373,136.54539781743276,135.20789940254676,135.37789950791174,52030987.98131134,2020-08-05T16:00:00
2020-08-06T16:00:00,2020-08-06T09:30:00,135.44319865377776,137.1150993233873,135.40226493030943,137.0736728370486,57505347.22471583,2020-08-06T16:00:00
2020-08-07T16:00:00,2020-08-07T09:30:00,136.93114843568802,138.37528117670186,136.54337029242424,137.984519968869,50842964.75333584,2020-08-07T16:00:00
2020-08-10T16:00:00,2020-08-10T09:30:00,137.85676792410015,139.0143057114587,137.7186937386107,138.8752114762028,49038034.86399031,2020-08-10T16:00:00
2020-08-11T16:00:00,2020-08-11T09:30:00,138.60642363841885,138.93941450750316,138.09218788956036,138.42474228369196,38966867.30853782,2020-08-11T16:00:00
2020-08-12T16:00:00,2020-08-12T09:30:00,138.328342624479,138.88182735245533,137.6184071388728,138.17126335518637,37600484.41856261,2020-08-12T16:00:00
2020-08-13T16:00:00,2020-08-13T09:30:00,138.1505047724813,138.48710132506383,137.74753171199035,138.0839661466559,51397962.072054565,2020-08-13T16:00:00
2020-08-14T16:00:00,2020-08-14T09:30:00,138.02228390292035,138.16534005252169,137.05307120555793,137.19527017908845,40300062.396922305,2020-08-14T16:00:00
2020-08-17T16:00:00,2020-08-17T09:30:00,137.2026631186868,137.65337162413843,136.23937944637646,136.6883986012953,35959356.17845595,2020-08-17T16:00:00
2020-08-18T16:00:00,2020-08-18T09:30:00,137.11208484139502,139.313940626746,136.7033392250077,138.8998654474203,50832085.67567554,2020-08-18T16:00:00
2020-08-19T16:00:00,2020-08-19T09:30:00,138.80451478104652,139.0318562924994,137.52710261794033,137.75272144561026,52696927.36066402,2020-08-19T16:00:00
2020-08-20T16:00:00,2020-08-20T09:30:00,137.71408176693868,138.54089675439727,137.31649028806348,138.14206964057874,54489239.16299378,2020-08-20T16:00:00
2020-08-21T16:00:00,2020-08-21T09:30:00,138.2366214099619,139.06967248981528,137.8839522089241,138.71578085742905,40524694.507157244,2020-08-21T16:00:00
2020-08-24T16:00:00,2020-08-24T09:30:00,138.4339676597318,139.10134540368085,137.45769502778933,138.12357640332573,53688268.213601634,2020-08-24T16:00:00
2020-08-25T16:00:00,2020-08-25T09:30:00,138.21236913425292,139.01590802031686,137.91324206551653,138.7156916324085,54660052.2054845,2020-08-25T16:00:00
2020-08-26T16:00:00,2020-08-26T09:30:00,138.8387691132816,139.19454172151075,138.3820977458483,138.73761113803192,55552598.945768245,2020-08-26T16:00:00
2020-08-27T16:00:00,2020-08-27T09:30:00,138.6358753243895,138.83496369665224,137.13589187257128,137.3331094047952,40425866.050926186,2020-08-27T16:00:00
2020-08-28T16:00:00,2020-08-28T09:30:00,137.29267588641082,137.81835928229904,136.5941900537902,137.1192092589252,54324962.32558577,2020-08-28T16:00:00
2020-08-31T16:00:00,2020-08-31T09:30:00,137.1523525756449,137.24833426600773,136.32551343095116,136.4209832958992,38372038.770100184,2020-08-31T16:00:00
2020-09-01T16:00:00,2020-09-01T09:30:00,136.23087673880934,136.76478632891803,135.6666010030272,136.2003911153264,38166594.5462571,2020-09-01T16:00:00
2020-09-02T16:00:00,2020-09-02T09:30:00,136.40111319405298,137.6361655914293,136.38840236988764,137.62334087141124,41564921.85043642,2020-09-02T16:00:00
2020-09-03T16:00:00,2020-09-03T09:30:00,137.69833741462406,140.22555615015509,137.03851255275794,139.5568257572782,45658479.8812725,2020-09-03T16:00:00
2020-09-04T16:00:00,2020-09-04T09:30:00,139.63216478588168,139.84611445173002,139.0892837788764,139.30272867029143,51165854.66468442,2020-09-04T16:00:00
2020-09-08T16:00:00,2020-09-08T09:30:00,139.26301518629813,139.47007991050748,138.6756204639611,138.88211884832015,37158155.76887097,2020-09-08T16:00:00
2020-09-09T16:00:00,2020-09-09T09:30:00,138.86234469815264,139.21362461543512,135.88589487109414,136.23051705695121,51204918.50647936,2020-09-09T16:00:00
2020-09-10T16:00:00,2020-09-10T09:30:00,136.36994003431985,136.45561218944655,135.80830856544432,135.89368151905057,51490181.19443582,2020-09-10T16:00:00
2020-09-11T16:00:00,2020-09-11T09:30:00,135.8336841626158,136.0081428635163,133.9566579838565,134.1289271712214,39577007.61267956,2020-09-11T16:00:00
2020-09-14T16:00:00,2020-09-14T09:30:00,134.09869394740468,134.20408582517337,132.6765036115808,132.78085976696642,42075785.05589835,2020-09-14T16:00:00
2020-09-15T16:00:00,2020-09-15T09:30:00,132.62362065955068,132.82084817127065,131.8564248539759,132.05280349089318,53176203.05006491,2020-09-15T16:00:00
2020-09-16T16:00:00,2020-09-16T09:30:00,132.33803425332536,132.6295003517024,132.05198542679497,132.34343984098751,36998311.59540122,2020-09-16T16:00:00
2020-09-17T16:00:00,2020-09-17T09:30:00,132.1073408643925,133.4867067598395,132.0982374940089,133.47750897269077,59331836.798275,2020-09-17T16:00:00
2020-09-18T16:00:00,2020-09-18T09:30:00,133.40806414864795,134.4449731920077,131.21689617181846,132.24476350570953,52132757.508715935,2020-09-18T16:00:00
2020-09-21T16:00:00,2020-09-21T09:30:00,131.9455376303575,132.43480238034076,130.56454706539324,131.0504929170207,46679337.62050524,2020-09-21T16:00:00
2020-09-22T16:00:00,2020-09-22T09:30:00,130.9942618688617,131.01643650106092,129.7627708241221,129.7847407092853,54453520.59236872,2020-09-22T16:00:00
2020-09-23T16:00:00,2020-09-23T09:30:00,129.712313184162,130.1624700129559,128.74049014315392,129.18883026383776,36092322.70231477,2020-09-23T16:00:00
2020-09-24T16:00:00,2020-09-24T09:30:00,129.37732413436757,130.46416134959364,128.99712085246577,130.081887555515,45378749.00367842,2020-09-24T16:00:00
2020-09-25T16:00:00,2020-09-25T09:30:00,130.11639704670384,130.87232901222356,129.62790540837776,130.3828370869641,34780793.526225194,2020-09-25T16:00:00
2020-09-28T16:00:00,2020-09-28T09:30:00,130.4275304561683,130.46195615537513,130.29522311814256,130.3296229751558,45812893.99094664,2020-09-28T16:00:00
2020-09-29T16:00:00,2020-09-29T09:30:00,130.48797570507426,131.31634295586085,130.31438947689625,131.14188683935214,39888647.27090492,2020-09-29T16:00:00
2020-09-30T16:00:00,2020-09-30T09:30:00,130.99866929497148,131.39074416357934,129.23721183324776,129.6251758795604,47692270.515991874,2020-09-30T16:00:00
2020-10-01T16:00:00,2020-10-01T09:30:00,129.60425781755112,129.76012933005615,128.81599263958307,128.97110267363368,42788357.54116969,2020-10-01T16:00:00
2020-10-02T16:00:00,2020-10-02T09:30:00,128.76948523825527,129.09987824174223,128.30641367065817,128.63646537564688,52159892.828529276,2020-10-02T16:00:00
2020-10-05T16:00:00,2020-10-05T09:30:00,128.56946380890207,129.39237468046227,127.91118160002479,128.73325385818302,42119856.43010423,2020-10-05T16:00:00
2020-10-06T16:00:00,2020-10-06T09:30:00,128.88008567457254,128.99980486890962,126.86077155473727,126.97872453808672,59835641.90760089,2020-10-06T16:00:00
2020-10-07T16:00:00,2020-10-07T09:30:00,127.00766895672358,127.51370572076242,126.1325913107053,126.63715182301144,38445428.198478974,2020-10-07T16:00:00
2020-10-08T16:00:00,2020-10-08T09:30:00,126.59513839867301,126.66178759250707,125.03908678059943,125.10495142803217,56163276.884279504,2020-10-08T16:00:00
2020-10-09T16:00:00,2020-10-09T09:30:00,124.87445131400025,124.98249297479464,123.54619383146817,123.65317884452962,43210635.51637619,2020-10-09T16:00:00
2020-10-12T16:00:00,2020-10-12T09:30:00,123.70483006715138,123.85403924172674,121.71436394668996,121.86134956860867,60948963.02222759,2020-10-12T16:00:00
2020-10-13T16:00:00,2020-10-13T09:30:00,122.14261598589603,122.43863510200174,120.95880751387395,121.25266979813391,42237943.42476934,2020-10-13T16:00:00
2020-10-14T16:00:00,2020-10-14T09:30:00,121.20982536668035,121.3054053510359,120.54909244389837,120.64422642531808,44781711.79246336,2020-10-14T16:00:00
2020-10-15T16:00:00,2020-10-15T09:30:00,120.46862894758094,120.9621110566084,119.32134113545841,119.81213400904204,50099053.17639904,2020-10-15T16:00:00
2020-10-16T16:00:00,2020-10-16T09:30:00,119.83216200162052,120.47406630435216,119.00903427727135,119.64996259340529,43284669.85165744,2020-10-16T16:00:00
2020-10-19T16:00:00,2020-10-19T09:30:00,119.82783893359444,120.02632595909554,117.70454766030983,117.899841082705,40480976.424055405,2020-10-19T16:00:00
2020-10-20T16:00:00,2020-10-20T09:30:00,117.77080130803701,118.5302896124269,116.34103722802162,117.09617495639252,50808988.94066737,2020-10-20T16:00:00
2020-10-21T16:00:00,2020-10-21T09:30:00,117.17474733171498,117.3644418209144,116.51601493644183,116.7049488677422,42059832.605943955,2020-10-21T16:00:00
2020-10-22T16:00:00,2020-10-22T09:30:00,116.74550853333858,117.20866982710866,114.88275387732318,115.34034048596007,41908793.86118644,2020-10-22T16:00:00
2020-10-23T16:00:00,2020-10-23T09:30:00,115.42754674184033,115.87799098778115,115.35195257431046,115.80215148943687,47985599.04802078,2020-10-23T16:00:00
2020-10-26T16:00:00,2020-10-26T09:30:00,116.05648994000158,116.8370076485688,115.77787349725827,116.5571891787707,45947916.18563193,2020-10-26T16:00:00
2020-10-27T16:00:00,2020-10-27T09:30:00,116.52125596534951,116.5839259946799,115.49682866357841,115.55898114105989,37772082.63801032,2020-10-27T16:00:00
2020-10-28T16:00:00,2020-10-28T09:30:00,115.81477427672479,116.24591747863417,115.54188826495812,115.97265945339643,35349679.8798204,2020-10-28T16:00:00
2020-10-29T16:00:00,2020-10-29T09:30:00,116.06851412835529,116.6563374331246,114.05117519418188,114.63172193526333,42704374.71228158,2020-10-29T16:00:00
2020-10-30T16:00:00,2020-10-30T09:30:00,114.72564450470672,115.28201302396923,113.62194977527379,114.17565107018477,55892621.138141856,2020-10-30T16:00:00
2020-11-02T16:00:00,2020-11-02T09:30:00,114.02409825373516,115.39871626590595,113.8500331771419,115.22282126199516,42307663.644554,2020-11-02T16:00:00
2020-11-03T16:00:00,2020-11-03T09:30:00,115.2757548953052,115.40364372894827,115.261864278034,115.38973937665702,40163217.19382314,2020-11-03T16:00:00
2020-11-04T16:00:00,2020-11-04T09:30:00,115.31172127294033,116.30279701275371,115.27920575021547,116.27001127205014,58287063.09499526,2020-11-04T16:00:00
2020-11-05T16:00:00,2020-11-05T09:30:00,116.18909225788533,118.2275346366398,115.46375897518845,117.49405486794019,59799233.65268428,2020-11-05T16:00:00
2020-11-06T16:00:00,2020-11-06T09:30:00,117.36505693922112,118.35502528706583,116.75373313716177,117.74173944462261,36437962.17372212,2020-11-06T16:00:00
2020-11-09T16:00:00,2020-11-09T09:30:00,117.61528308447217,119.17771415306576,117.5589351073058,119.12064497627904,38938850.10926958,2020-11-09T16:00:00
2020-11-10T16:00:00,2020-11-10T09:30:00,119.41841464291517,121.23122872141445,119.13724406859441,120.94646036450371,47208677.38364558,2020-11-10T16:00:00
2020-11-11T16:00:00,2020-11-11T09:30:00,120.79295644851734,121.24135906127222,120.6106027899016,121.05860437041183,47165756.363775134,2020-11-11T16:00:00
2020-11-12T16:00:00,2020-11-12T09:30:00,121.0588788254906,121.13380626017957,120.78020515390477,120.85500640505715,38392720.74270716,2020-11-12T16:00:00
2020-11-13T16:00:00,2020-11-13T09:30:00,120.98329063783174,121.16774128846056,118.65305310051679,118.83422729760184,60107954.15504958,2020-11-13T16:00:00
2020-11-16T16:00:00,2020-11-16T09:30:00,118.81437162302798,119.74384636402127,118.30226460915424,119.22994815557892,54840507.08020415,2020-11-16T16:00:00
2020-11-17T16:00:00,2020-11-17T09:30:00,119.24865474858419,119.5037673022284,118.85127833953078,119.10608589094734,42936113.15750203,2020-11-17T16:00:00
2020-11-18T16:00:00,2020-11-18T09:30:00,118.95458648262888,120.60736428405168,118.60454646236046,120.25350202844596,42420643.42918919,2020-11-18T16:00:00
2020-11-19T16:00:00,2020-11-19T09:30:00,120.11009076217117,120.12293091743311,119.9117641837874,119.9245845078337,52948199.50019312,2020-11-19T16:00:00
2020-11-20T16:00:00,2020-11-20T09:30:00,119.84345474137761,120.20273638084421,118.51961742692987,118.8759987061624,54251111.38561947,2020-11-20T16:00:00
2020-11-23T16:00:00,2020-11-23T09:30:00,119.02359541557061,119.5331550384462,118.89920283768677,119.40836033944854,35020870.70839532,2020-11-23T16:00:00
2020-11-24T16:00:00,2020-11-24T09:30:00,119.41106401048532,121.15994183631744,119.30632346473152,121.05376041137072,50754867.6768588,2020-11-24T16:00:00
2020-11-25T16:00:00,2020-11-25T09:30:00,120.9240574705225,121.07299015439175,120.39692865119791,120.54539496613911,48459056.731628254,2020-11-25T16:00:00
2020-11-27T13:00:00,2020-11-27T09:30:00,120.57929857895184,120.99630544967452,120.40492100702782,120.82157750242985,54098829.109934136,2020-11-27T13:00:00
2020-11-30T16:00:00,2020-11-30T09:30:00,120.87459178816967,122.95152168565434,119.65491206214189,121.72327832563053,43919269.54278493,2020-11-30T16:00:00
2020-12-01T16:00:00,2020-12-01T09:30:00,121.86775252195103,122.23906789986327,121.7064954979601,122.07753329118044,40761026.71526559,2020-12-01T16:00:00
2020-12-02T16:00:00,2020-12-02T09:30:00,121.89309839208474,122.20307664392618,121.42302110793561,121.732591184546,47986885.51326385,2020-12-02T16:00:00
2020-12-03T16:00:00,2020-12-03T09:30:00,121.77563441797403,122.36601894284613,121.73740424444225,122.32761548069288,53361341.6207586,2020-12-03T16:00:00
2020-12-04T16:00:00,2020-12-04T09:30:00,122.44916377987215,122.72858970837989,121.47809183754063,121.75593583722534,36476673.2443082,2020-12-04T16:00:00
2020-12-07T16:00:00,2020-12-07T09:30:00,122.07180479934487,122.46570981852425,120.12141203856584,120.51027827638215,58810451.27768299,2020-12-07T16:00:00
2020-12-08T16:00:00,2020-12-08T09:30:00,120.5814777706221,122.5785374677159,120.49291496005593,122.48857396276514,44161685.027943,2020-12-08T16:00:00
2020-12-09T16:00:00,2020-12-09T09:30:00,122.50135330842632,123.42999696959767,121.36817628044669,122.29525759579933,54470893.18716464,2020-12-09T16:00:00
2020-12-10T16:00:00,2020-12-10T09:30:00,122.23179553447072,122.26850840572816,122.0381937970433,122.0748595318643,43477081.93214639,2020-12-10T16:00:00
2020-12-11T16:00:00,2020-12-11T09:30:00,122.13015158621339,123.38823676742996,122.10867312883863,123.36654087206605,59084103.56963586,2020-12-11T16:00:00
2020-12-14T16:00:00,2020-12-14T09:30:00,123.38677540262651,124.37901451493248,123.33509408246252,124.32693940121598,42787903.25278528,2020-12-14T16:00:00
2020-12-15T16:00:00,2020-12-15T09:30:00,124.37775830095411,124.40617341690506,123.86231098839357,123.89061481243108,39930926.65335881,2020-12-15T16:00:00
2020-12-16T16:00:00,2020-12-16T09:30:00,123.95703085516696,124.4515901646197,123.86084764119516,124.35509807438443,55367047.5974208,2020-12-16T16:00:00
2020-12-17T16:00:00,2020-12-17T09:30:00,124.19837529653807,125.74990650332963,124.10673682942814,125.65719166388084,43145956.32683688,2020-12-17T16:00:00
2020-12-18T16:00:00,2020-12-18T09:30:00,125.45356104411523,126.1066144111269,125.0326869219197,125.68496397374294,54746022.48729055,2020-12-18T16:00:00
2020-12-21T16:00:00,2020-12-21T09:30:00,125.69470295543458,125.87830008868708,124.97445941467309,125.15727154375132,40259176.6191192,2020-12-21T16:00:00
2020-12-22T16:00:00,2020-12-22T09:30:00,125.3327271010917,125.3814814277725,125.03300123773285,125.08165789870256,56138454.02307678,2020-12-22T16:00:00
2020-12-23T16:00:00,2020-12-23T09:30:00,125.13562670067698,126.19034830060374,124.90682692955424,125.96004115828556,39776921.788101956,2020-12-23T16:00:00
2020-12-24T13:00:00,2020-12-24T09:30:00,125.95216220795146,126.77161223385062,125.8698093889781,126.68877778464419,47782539.44586978,2020-12-24T13:00:00
2020-12-28T16:00:00,2020-12-28T09:30:00,126.61032194450937,127.0056176964885,124.73076829330734,125.12141546373397,56400186.38892752,2020-12-28T16:00:00
2020-12-29T16:00:00,2020-12-29T09:30:00,125.34842636133722,126.58238305458018,125.15842939123847,126.39080609662562,39470609.85778043,2020-12-29T16:00:00
2020-12-30T16:00:00,2020-12-30T09:30:00,126.25946259501639,127.71770599690022,125.97660576641594,127.43222185658293,44180462.93139144,2020-12-30T16:00:00
2020-12-31T16:00:00,2020-12-31T09:30:00,127.57162590204166,127.5897846588375,127.29529668359055,127.31341868674313,55345264.28515407,2020-12-31T16:00:00
2021-01-04T16:00:00,2021-01-04T09:30:00,127.3230002553794,128.6129732364613,127.03508208599364,128.32279421204393,48038937.77474441,2021-01-04T16:00:00
2021-01-05T16:00:00,2021-01-05T09:30:00,128.25732006866983,130.8498675685109,127.40256224527141,129.98360509469083,49674830.91460691,2021-01-05T16:00:00
2021-01-06T16:00:00,2021-01-06T09:30:00,130.17849235097188,131.84910383655767,129.768419603601,131.43507275957992,39556043.279579684,2021-01-06T16:00:00
2021-01-07T16:00:00,2021-01-07T09:30:00,131.48203373954243,131.64299017191823,130.1612314816931,130.32076632470944,55621826.85678582,2021-01-07T16:00:00
2021-01-08T16:00:00,2021-01-08T09:30:00,130.34777300190163,132.62282143154212,130.18109589961128,132.45345177510842,60868693.33559825,2021-01-08T16:00:00
2021-01-11T16:00:00,2021-01-11T09:30:00,132.43956844425531,132.9380444494123,132.04937222534218,132.54753015146557,50172987.50974487,2021-01-11T16:00:00
2021-01-12T16:00:00,2021-01-12T09:30:00,132.42746909803773,133.10652333984348,131.4618289314461,132.1394060595569,55159464.89397131,2021-01-12T16:00:00
2021-01-13T16:00:00,2021-01-13T09:30:00,131.90316692438856,133.19289522294287,131.55290733984387,132.84014755222796,41532610.848910004,2021-01-13T16:00:00
2021-01-14T16:00:00,2021-01-14T09:30:00,132.85552441080625,134.70168361137289,132.7335047352833,134.57808187215002,41535465.64213065,2021-01-14T16:00:00
2021-01-15T16:00:00,2021-01-15T09:30:00,134.62673079097246,134.67310273385033,131.5682795423777,131.61361362229619,44837605.725218825,2021-01-15T16:00:00
2021-01-19T16:00:00,2021-01-19T09:30:00,131.84543055325594,133.46333422667698,130.7774310938115,132.39091612117682,50106350.290460385,2021-01-19T16:00:00
2021-01-20T16:00:00,2021-01-20T09:30:00,132.55957897417244,132.76663677866682,131.9053798191102,132.11173809702566,49560466.87938649,2021-01-20T16:00:00
2021-01-21T16:00:00,2021-01-21T09:30:00,131.88173370752176,132.16410415630364,129.36736502125714,129.6449463105143,60189929.646572955,2021-01-21T16:00:00
2021-01-22T16:00:00,2021-01-22T09:30:00,129.737360127885,129.9365178603049,127.93434771431978,128.1310396099786,53023315.254753746,2021-01-22T16:00:00
2021-01-25T16:00:00,2021-01-25T09:30:00,128.06017009768195,128.54028177140705,126.18062483397324,126.65547013291021,49334828.652810454,2021-01-25T16:00:00
2021-01-26T16:00:00,2021-01-26T09:30:00,126.81544998110851,126.87808454054344,126.4443696508656,126.50685179266073,55910137.332808994,2021-01-26T16:00:00
2021-01-27T16:00:00,2021-01-27T09:30:00,126.53289972568287,126.69928664862086,125.94101614988807,126.1068428209269,48024886.18500431,2021-01-27T16:00:00
2021-01-28T16:00:00,2021-01-28T09:30:00,126.01988474204052,126.24821176930308,125.37650272453396,125.60407637634118,57023702.31492028,2021-01-28T16:00:00
2021-01-29T16:00:00,2021-01-29T09:30:00,125.95793896244831,125.96268975481289,125.90441887879904,125.90916783164863,48196160.93326743,2021-01-29T16:00:00
2021-02-01T16:00:00,2021-02-01T09:30:00,125.93118962116975,126.02587381256485,124.28398207392956,124.37749808747303,38714606.95200476,2021-02-01T16:00:00
2021-02-02T16:00:00,2021-02-02T09:30:00,124.28077470369968,124.62060973102341,124.07222841464484,124.41184350519853,44777555.98203001,2021-02-02T16:00:00
2021-02-03T16:00:00,2021-02-03T09:30:00,124.46765409028092,126.24416548322112,124.23223515181478,126.00583721508974,55045410.786575735,2021-02-03T16:00:00
2021-02-04T16:00:00,2021-02-04T09:30:00,126.33246655194205,127.14714655194749,126.21225564411037,127.02627545437758,56938771.68891388,2021-02-04T16:00:00
2021-02-05T16:00:00,2021-02-05T09:30:00,126.8705003287624,127.75560131884383,126.48516763676773,127.36875532047173,52091874.33855367,2021-02-05T16:00:00
2021-02-08T16:00:00,2021-02-08T09:30:00,127.5369587719084,127.7402308563254,126.85668139213159,127.05919199808056,57259341.72359829,2021-02-08T16:00:00
2021-02-09T16:00:00,2021-02-09T09:30:00,127.06360431324347,128.25357412889502,126.72045470733588,127.90814374891299,46220022.810766876,2021-02-09T16:00:00
2021-02-10T16:00:00,2021-02-10T09:30:00,127.79037076899958,128.12326878168594,126.87283769941908,127.20420874123135,49294792.03269139,2021-02-10T16:00:00
2021-02-11T16:00:00,2021-02-11T09:30:00,126.9876802636169,127.25247257274359,126.85067162678718,127.11532621705766,50130036.11553644,2021-02-11T16:00:00
2021-02-12T16:00:00,2021-02-12T09:30:00,126.93790435401876,126.944678342402,126.86848294693486,126.8752535919863,49718175.542384915,2021-02-12T16:00:00
2021-02-16T16:00:00,2021-02-16T09:30:00,126.98280768303461,127.12765149514588,124.74886322185993,124.8913213657323,55040623.51625536,2021-02-16T16:00:00
2021-02-17T16:00:00,2021-02-17T09:30:00,124.74189674315684,125.27446789664195,124.46615030331438,124.99815498875029,52975117.70630453,2021-02-17T16:00:00
2021-02-18T16:00:00,2021-02-18T09:30:00,125.05493448493611,125.42454589419914,122.81116594915152,123.17522169364483,42232669.93618319,2021-02-18T16:00:00
2021-02-19T16:00:00,2021-02-19T09:30:00,123.19754845106696,123.64126296154929,122.761609564766,123.20529665794403,55978044.45324063,2021-02-19T16:00:00
2021-02-22T16:00:00,2021-02-22T09:30:00,123.10970051797142,124.02630620549043,122.5028638535237,123.41795010633342,41079039.17122772,2021-02-22T16:00:00
2021-02-23T16:00:00,2021-02-23T09:30:00,123.19795992214662,124.20223030385196,119.98738934554261,120.9735268600989,60191976.431619555,2021-02-23T16:00:00
2021-02-24T16:00:00,2021-02-24T09:30:00,120.85899598188762,123.489670704651,120.73128082939958,123.35931339534928,59088228.654487744,2021-02-24T16:00:00
2021-02-25T16:00:00,2021-02-25T09:30:00,123.44574185152784,123.82921452139908,122.31762222381992,122.69877450939359,43546931.46177391,2021-02-25T16:00:00
2021-02-26T16:00:00,2021-02-26T09:30:00,122.51714355816685,122.67096129923199,121.7251170186284,121.87813249451274,54266884.956063814,2021-02-26T16:00:00
2021-03-01T16:00:00,2021-03-01T09:30:00,121.74517900043381,121.9836452626188,120.78540551180696,121.02245615312376,56840872.135161914,2021-03-01T16:00:00
2021-03-02T16:00:00,2021-03-02T09:30:00,121.00187535210637,121.81174958625033,120.76702665703125,121.57578700428535,41349521.0707944,2021-03-02T16:00:00
2021-03-03T16:00:00,2021-03-03T09:30:00,121.50854320854526,121.88072211234692,121.30257419463501,121.6744718329861,46443462.98362582,2021-03-03T16:00:00
2021-03-04T16:00:00,2021-03-04T09:30:00,121.66740568339367,122.01587815471919,121.39685944684153,121.7451590216306,43615461.58144446,2021-03-04T16:00:00
2021-03-05T16:00:00,2021-03-05T09:30:00,121.60430436486297,121.84902952564646,120.57681233548264,120.81995902385357,48033162.66595959,2021-03-05T16:00:00
2021-03-08T16:00:00,2021-03-08T09:30:00,120.65853948993538,121.00116928340366,119.02502071280676,119.36397437543768,39095125.90709341,2021-03-08T16:00:00
2021-03-09T16:00:00,2021-03-09T09:30:00,119.3193298402974,119.42458500229849,119.0923079709925,119.19745562408961,34814248.85199225,2021-03-09T16:00:00
2021-03-10T16:00:00,2021-03-10T09:30:00,119.33179961652007,119.80374846143334,119.23994357390117,119.7116000661775,40284521.848952085,2021-03-10T16:00:00
2021-03-11T16:00:00,2021-03-11T09:30:00,119.95140278522948,120.37136405566852,118.9409559882498,119.35884264929102,40430923.834548295,2021-03-11T16:00:00
2021-03-12T16:00:00,2021-03-12T09:30:00,119.44942708083175,121.47628540267436,119.25689599774604,121.28080247045952,42034404.09017729,2021-03-12T16:00:00
2021-03-15T16:00:00,2021-03-15T09:30:00,121.45855893674269,121.46212281610903,121.24716952091464,121.2507273020127,56619230.392397046,2021-03-15T16:00:00
2021-03-16T16:00:00,2021-03-16T09:30:00,121.42802978544435,121.59649880508313,119.62781836453838,119.79402036258392,53439896.374649934,2021-03-16T16:00:00
2021-03-17T16:00:00,2021-03-17T09:30:00,119.94836495378449,120.6306420628129,117.9700566677091,118.64491966246021,39632763.45030628,2021-03-17T16:00:00
2021-03-18T16:00:00,2021-03-18T09:30:00,118.68531810893815,119.04058287031631,117.53866836069611,117.89155713059482,43496362.7561931,2021-03-18T16:00:00
2021-03-19T16:00:00,2021-03-19T09:30:00,117.86774701576758,118.43812365693553,116.27748298488446,116.8429002655667,49012284.18259127,2021-03-19T16:00:00
2021-03-22T16:00:00,2021-03-22T09:30:00,117.02300842071793,117.24928097456844,116.82781073396141,117.0540315403712,41382703.188620225,2021-03-22T16:00:00
2021-03-23T16:00:00,2021-03-23T09:30:00,116.87743059580023,117.15364053473385,116.14914004011412,116.42427907122325,52826070.47994079,2021-03-23T16:00:00
2021-03-24T16:00:00,2021-03-24T09:30:00,116.47695040857575,116.58531633799412,114.84069859486974,114.94764171095203,41142792.11859619,2021-03-24T16:00:00
2021-03-25T16:00:00,2021-03-25T09:30:00,114.91527034833244,116.7377537168557,114.36889726106874,116.18534198079648,39316392.80109562,2021-03-25T16:00:00
2021-03-26T16:00:00,2021-03-26T09:30:00,116.10108805205306,116.39115366990536,115.6563159234659,115.94599405626991,47640831.53809075,2021-03-26T16:00:00
2021-03-29T16:00:00,2021-03-29T09:30:00,115.78523271410843,116.32164036937762,114.16316391166805,114.69451852669953,58721444.37451905,2021-03-29T16:00:00
2021-03-30T16:00:00,2021-03-30T09:30:00,114.84350828949842,114.92777493845408,113.96118449573851,114.04486513871935,40629679.660530806,2021-03-30T16:00:00
2021-03-31T16:00:00,2021-03-31T09:30:00,114.0789565326144,114.57838704873777,112.88867435951168,113.3850670710966,57528279.94650406,2021-03-31T16:00:00
2021-04-01T16:00:00,2021-04-01T09:30:00,113.12221339510089,113.6433954120914,112.21285841812107,112.73224374849377,41369593.603909686,2021-04-01T16:00:00
2021-04-05T16:00:00,2021-04-05T09:30:00,112.75929013386526,112.76517971463382,112.24758257743581,112.25344573722008,53726425.39102831,2021-04-05T16:00:00
2021-04-06T16:00:00,2021-04-06T09:30:00,112.35160926446784,112.7372975229341,111.9024215875462,112.28789110999084,49861764.38024116,2021-04-06T16:00:00
2021-04-07T16:00:00,2021-04-07T09:30:00,112.04167733958445,112.3879241534464,110.72486361322372,111.06810174804203,57508116.44655119,2021-04-07T16:00:00
2021-04-08T16:00:00,2021-04-08T09:30:00,111.38309735605671,111.92906345715856,108.56803945877832,109.10282837415754,57665091.325356066,2021-04-08T16:00:00
2021-04-09T16:00:00,2021-04-09T09:30:00,109.20238533940146,110.97294461481992,108.66707809223442,110.43161173190991,40976770.00177264,2021-04-09T16:00:00
2021-04-12T16:00:00,2021-04-12T09:30:00,110.49628224807563,110.74774557398466,108.70014170977109,108.94808169850126,51385639.23474389,2021-04-12T16:00:00
2021-04-13T16:00:00,2021-04-13T09:30:00,109.29742012812748,111.93372750765586,108.63484037646552,111.25925477706565,46846245.831734434,2021-04-13T16:00:00
2021-04-14T16:00:00,2021-04-14T09:30:00,110.9835693520021,112.51836060541828,108.03514398915244,109.5501119672029,56267608.510763906,2021-04-14T16:00:00
2021-04-15T16:00:00,2021-04-15T09:30:00,109.53588115825625,111.3759439550509,109.39105438391822,111.22887872356301,43912092.6952996,2021-04-15T16:00:00
2021-04-16T16:00:00,2021-04-16T09:30:00,110.96036437258229,114.14129553492921,109.96222268971471,113.12369366773838,44212689.71516463,2021-04-16T16:00:00
2021-04-19T16:00:00,2021-04-19T09:30:00,113.11378462217604,113.18803934459551,111.69213837442885,111.7655080066167,56458260.7865224,2021-04-19T16:00:00
2021-04-20T16:00:00,2021-04-20T09:30:00,111.98147465399721,112.43748253023824,111.651534174567,112.10717169898498,39945686.96477522,2021-04-20T16:00:00
2021-04-21T16:00:00,2021-04-21T09:30:00,112.30231759465194,113.36044633289079,111.31889810771797,112.37637830417673,42838014.07050803,2021-04-21T16:00:00
2021-04-22T16:00:00,2021-04-22T09:30:00,112.47931032829254,114.99350878920896,112.40580454302112,114.91840904087269,59848284.12924982,2021-04-22T16:00:00
2021-04-23T16:00:00,2021-04-23T09:30:00,114.88223777471796,116.03754153609079,111.61212520312466,112.74594551737715,58679690.31189841,2021-04-23T16:00:00
2021-04-26T16:00:00,2021-04-26T09:30:00,112.44789646118869,112.94675768667842,111.80307204712382,112.30128283936081,44930205.82745119,2021-04-26T16:00:00
2021-04-27T16:00:00,2021-04-27T09:30:00,112.15227809315054,113.20900290176588,108.74746827435571,109.78185843851736,50529398.42001481,2021-04-27T16:00:00
2021-04-28T16:00:00,2021-04-28T09:30:00,109.71885704848422,111.24783953531504,107.89657580466903,109.42141327640803,40203029.88942051,2021-04-28T16:00:00
2021-04-29T16:00:00,2021-04-29T09:30:00,109.47508036347149,109.5890847073366,109.19242567905337,109.30625421199821,51136404.31402073,2021-04-29T16:00:00
2021-04-30T16:00:00,2021-04-30T09:30:00,109.4351823837763,109.6169841548733,104.87809118655572,105.05261231002177,56593445.9629827,2021-04-30T16:00:00
2021-05-03T16:00:00,2021-05-03T09:30:00,105.03398313306141,105.6104381688356,103.34109123771587,103.91138515076825,51841862.14988562,2021-05-03T16:00:00
2021-05-04T16:00:00,2021-05-04T09:30:00,104.09083172602914,104.45480919810942,103.73385516196376,104.09780870668617,35634521.48253427,2021-05-04T16:00:00
2021-05-05T16:00:00,2021-05-05T09:30:00,103.76881016708786,104.07889398181399,103.51690155514196,103.82684448606383,46689886.60451472,2021-05-05T16:00:00
2021-05-06T16:00:00,2021-05-06T09:30:00,103.81401517441707,107.15757089931098,102.33443481425883,105.65179805016535,42826268.33762746,2021-05-06T16:00:00
2021-05-07T16:00:00,2021-05-07T09:30:00,106.1066463082632,106.2594478727083,105.43470933072676,105.58676222292245,46232203.893658586,2021-05-07T16:00:00
2021-05-10T16:00:00,2021-05-10T09:30:00,106.10091758560158,106.23519101881388,106.02137141043528,106.15560384416517,47229131.61361796,2021-05-10T16:00:00
2021-05-11T16:00:00,2021-05-11T09:30:00,106.35248714716238,106.55838524061613,105.6960588390495,105.90108301546957,36743282.97425772,2021-05-11T16:00:00
2021-05-12T16:00:00,2021-05-12T09:30:00,106.04711593248079,108.24869822096474,105.89493631328573,108.09358188438215,60015805.600453064,2021-05-12T16:00:00
2021-05-13T16:00:00,2021-05-13T09:30:00,107.84285095234746,110.63339181232737,106.83541222379742,109.60944999362087,50920142.04374357,2021-05-13T16:00:00
2021-05-14T16:00:00,2021-05-14T09:30:00,109.4179177628244,109.81062317945302,105.98779718212712,106.36956192400895,44325894.84099088,2021-05-14T16:00:00
2021-05-17T16:00:00,2021-05-17T09:30:00,106.10539582440941,107.60867746591586,105.94561236282216,107.44687388079176,45518600.761606716,2021-05-17T16:00:00
2021-05-18T16:00:00,2021-05-18T09:30:00,107.46224728962697,110.8188843046803,107.35135865285936,110.70464988264892,51627799.68998926,2021-05-18T16:00:00
2021-05-19T16:00:00,2021-05-19T09:30:00,110.74251155828098,112.17532581052915,109.1280577656138,110.55849111544711,34975887.00668161,2021-05-19T16:00:00
2021-05-20T16:00:00,2021-05-20T09:30:00,110.6073884184883,112.95682799706518,110.59733738268413,112.94656439732786,47392620.263841555,2021-05-20T16:00:00
2021-05-21T16:00:00,2021-05-21T09:30:00,112.97974929675807,115.84747122102128,112.28948766240238,115.14398694961167,42955506.1219654,2021-05-21T16:00:00
2021-05-24T16:00:00,2021-05-24T09:30:00,115.30535332935378,116.00524172043924,112.10371189291216,112.78832223495563,56944801.17446658,2021-05-24T16:00:00
2021-05-25T16:00:00,2021-05-25T09:30:00,112.74073821995448,115.30506818083025,111.9378415673267,114.48971597392497,55102330.6373452,2021-05-25T16:00:00
2021-05-26T16:00:00,2021-05-26T09:30:00,114.90346911573351,115.14152985141853,113.04923325983357,113.28393859964505,59501626.42422739,2021-05-26T16:00:00
2021-05-27T16:00:00,2021-05-27T09:30:00,113.65786918564109,114.80291850768067,113.45715282787593,114.60053742632701,57858507.36844065,2021-05-27T16:00:00
2021-05-28T16:00:00,2021-05-28T09:30:00,113.95024391902923,114.14739806264,113.13741703381504,113.33350410810615,51599674.1468509,2021-05-28T16:00:00
2021-06-01T16:00:00,2021-06-01T09:30:00,113.5818761075081,113.75972382034396,111.35252371314957,111.52715412038663,60667455.97164167,2021-06-01T16:00:00
2021-06-02T16:00:00,2021-06-02T09:30:00,111.37666777834988,113.2072278508502,111.27268567572605,113.10163530544689,54367225.95638048,2021-06-02T16:00:00
2021-06-03T16:00:00,2021-06-03T09:30:00,112.66101529817753,112.94084166300456,111.49492544160242,111.77254503238187,57183782.77209541,2021-06-03T16:00:00
2021-06-04T16:00:00,2021-06-04T09:30:00,111.46799628851078,114.65369476640191,109.99753949246225,113.16090555195164,51373821.941700436,2021-06-04T16:00:00
2021-06-07T16:00:00,2021-06-07T09:30:00,113.30626119513789,116.34334032697278,111.82445249394782,114.84145451098398,53074470.52258056,2021-06-07T16:00:00
2021-06-08T16:00:00,2021-06-08T09:30:00,114.64474209526473,116.34690558445978,114.36244326850772,116.06111910044523,54029951.93010359,2021-06-08T16:00:00
2021-06-09T16:00:00,2021-06-09T09:30:00,116.4382522006405,117.32563379144258,114.22703848605929,115.10425360862315,56259510.089352496,2021-06-09T16:00:00
2021-06-10T16:00:00,2021-06-10T09:30:00,115.12195366669366,115.36052424357581,113.24900352953162,113.48418010056146,56888514.863575675,2021-06-10T16:00:00
2021-06-11T16:00:00,2021-06-11T09:30:00,113.68196385846737,116.64381519234239,113.40569017292948,116.36103074943676,60007506.81590495,2021-06-11T16:00:00
2021-06-14T16:00:00,2021-06-14T09:30:00,116.67233965057405,117.69767202466544,112.93081057633833,113.9320610093865,48564600.36735042,2021-06-14T16:00:00
2021-06-15T16:00:00,2021-06-15T09:30:00,113.91777899840326,114.08895867964499,113.38293624856003,113.55356864550019,45742437.44475245,2021-06-15T16:00:00
2021-06-16T16:00:00,2021-06-16T09:30:00,113.66747803856211,113.76509256770323,112.39657171016253,112.49317778228003,52990833.19809771,2021-06-16T16:00:00
2021-06-17T16:00:00,2021-06-17T09:30:00,112.12832180782739,115.50964595322911,110.89036591410456,114.24828455115423,50422456.88745012,2021-06-17T16:00:00
2021-06-18T16:00:00,2021-06-18T09:30:00,114.06717115612157,114.08767558217954,113.9571628938608,113.97765122804302,50943590.70830303,2021-06-18T16:00:00
2021-06-21T16:00:00,2021-06-21T09:30:00,113.63813087828609,114.07253892617074,112.48346757080319,112.91511171063358,38736219.51137302,2021-06-21T16:00:00
2021-06-22T16:00:00,2021-06-22T09:30:00,112.94919033497092,113.71334257703202,109.84916060430496,110.59740193658305,51852123.98147685,2021-06-22T16:00:00
2021-06-23T16:00:00,2021-06-23T09:30:00,110.60641282704431,112.47675188223275,109.82203478615872,111.68472685395943,51827353.99271779,2021-06-23T16:00:00
2021-06-24T16:00:00,2021-06-24T09:30:00,111.65318519489058,112.64792946860176,110.58666213421857,111.58076116535531,46977260.37735355,2021-06-24T16:00:00
2021-06-25T16:00:00,2021-06-25T09:30:00,111.2497673576803,112.63428795206431,109.69879392636436,111.0812168839841,35685891.44531071,2021-06-25T16:00:00
2021-06-28T16:00:00,2021-06-28T09:30:00,110.39186526993383,113.77769717731942,109.33438549491953,112.69812498634609,49360469.23329563,2021-06-28T16:00:00
2021-06-29T16:00:00,2021-06-29T09:30:00,112.50378128641786,112.81351578091001,111.83571950554888,112.1444647646575,45068909.112766035,2021-06-29T16:00:00
2021-06-30T16:00:00,2021-06-30T09:30:00,112.10700592522346,113.63666272296604,111.32909120416399,112.85356758255078,46399160.25671846,2021-06-30T16:00:00
2021-07-01T16:00:00,2021-07-01T09:30:00,112.92273023327196,114.3795674433829,112.54515324887751,113.9983937889404,45533419.09121952,2021-07-01T16:00:00
2021-07-02T16:00:00,2021-07-02T09:30:00,113.91725371178094,114.77381070771547,111.72543580063054,112.5718767517188,53787563.215043575,2021-07-02T16:00:00
2021-07-06T16:00:00,2021-07-06T09:30:00,112.7462828125601,113.81661157392584,111.33654651859621,112.40362231788029,38345046.18401234,2021-07-06T16:00:00
2021-07-07T16:00:00,2021-07-07T09:30:00,112.47550414473868,113.43689817752595,112.11555086648639,113.07502625972354,58062015.53244762,2021-07-07T16:00:00
2021-07-08T16:00:00,2021-07-08T09:30:00,112.80480980222839,115.18850235842145,112.07720907439739,114.45028815366308,50840950.47231097,2021-07-08T16:00:00
2021-07-09T16:00:00,2021-07-09T09:30:00,114.07003554917097,115.13486133014693,111.58961812373319,112.64110506412429,52969599.52073734,2021-07-09T16:00:00
2021-07-12T16:00:00,2021-07-12T09:30:00,112.71325420033963,112.77497915131073,110.83625280307898,110.89698311287306,61890067.81890492,2021-07-12T16:00:00
2021-07-13T16:00:00,2021-07-13T09:30:00,111.14100115533569,112.04690223926205,110.62668106424016,111.53077840097691,35816370.397887945,2021-07-13T16:00:00
2021-07-14T16:00:00,2021-07-14T09:30:00,111.29073308694907,115.73562409286046,111.2769929835327,115.72133698113518,63210348.844852805,2021-07-14T16:00:00
2021-07-15T16:00:00,2021-07-15T09:30:00,115.73845695350758,116.92436839796342,115.1389241406477,116.32181375851783,57503806.343162045,2021-07-15T16:00:00
2021-07-16T16:00:00,2021-07-16T09:30:00,116.2190491028799,117.26907833234391,116.08843736731917,117.13743447761999,55535849.51205341,2021-07-16T16:00:00
2021-07-19T16:00:00,2021-07-19T09:30:00,117.16608799287903,117.35356943009302,117.06290114763054,117.25030841287554,49864177.88478386,2021-07-19T16:00:00
2021-07-20T16:00:00,2021-07-20T09:30:00,116.76212572860366,117.61751527969143,113.19332417676789,114.02868879790093,53474070.798241206,2021-07-20T16:00:00
2021-07-21T16:00:00,2021-07-21T09:30:00,113.41642807148831,114.60000194775223,111.38186374992725,112.5564633372699,46584243.286644615,2021-07-21T16:00:00
2021-07-22T16:00:00,2021-07-22T09:30:00,112.8094412981697,113.35659119322366,112.60690287184214,113.15343515923415,37340963.95398579,2021-07-22T16:00:00
2021-07-23T16:00:00,2021-07-23T09:30:00,112.96037678459174,113.58763947442695,111.77029187229029,112.3944117899874,39119075.58256402,2021-07-23T16:00:00
2021-07-26T16:00:00,2021-07-26T09:30:00,113.10730632358734,113.75300281754717,108.51211078184869,109.13513129160457,52720747.32074493,2021-07-26T16:00:00
2021-07-27T16:00:00,2021-07-27T09:30:00,108.96826469564014,110.84615189440146,107.13923450545784,109.01631517781627,54931830.78703345,2021-07-27T16:00:00
2021-07-28T16:00:00,2021-07-28T09:30:00,108.86109405630975,109.17815691497617,108.24809899463666,108.56429741967904,35243495.009048305,2021-07-28T16:00:00
2021-07-29T16:00:00,2021-07-29T09:30:00,108.39247813891413,109.19334790362736,106.62776097522772,107.42145623766051,59349622.463694796,2021-07-29T16:00:00
2021-07-30T16:00:00,2021-07-30T09:30:00,107.70984290399001,109.51938593102554,105.15393354150757,106.95072323357152,42717042.073832996,2021-07-30T16:00:00
2021-08-02T16:00:00,2021-08-02T09:30:00,106.67081864335195,107.90294732222705,105.7480983893949,106.9775735871842,53576384.575271405,2021-08-02T16:00:00
2021-08-03T16:00:00,2021-08-03T09:30:00,106.902056674965,107.12391318258886,105.78995820736435,106.00996333139622,42628985.00160049,2021-08-03T16:00:00
2021-08-04T16:00:00,2021-08-04T09:30:00,105.62652041877986,105.63421471771481,104.40397611376713,104.41158191125353,48263073.74517577,2021-08-04T16:00:00
2021-08-05T16:00:00,2021-08-05T09:30:00,104.27082051934381,105.29041010879259,104.24208548246301,105.26140208664391,40448162.478999585,2021-08-05T16:00:00
2021-08-06T16:00:00,2021-08-06T09:30:00,105.129634192508,106.80563267639081,104.21813140750044,105.88755847977346,38344708.88767593,2021-08-06T16:00:00
2021-08-09T16:00:00,2021-08-09T09:30:00,105.77045670692137,106.68139555200315,105.65278076566072,106.56283803925248,46969842.38281789,2021-08-09T16:00:00
2021-08-10T16:00:00,2021-08-10T09:30:00,106.56675149698198,108.14474640420785,106.02595782383004,107.59871582767732,50431548.82137015,2021-08-10T16:00:00
2021-08-11T16:00:00,2021-08-11T09:30:00,107.37583658224612,110.0840887576046,107.01103976229871,109.71135727981874,46314456.81490988,2021-08-11T16:00:00
2021-08-12T16:00:00,2021-08-12T09:30:00,109.56954761482079,110.81395820354575,109.15016178000806,110.39142656411153,38485790.6856517,2021-08-12T16:00:00
2021-08-13T16:00:00,2021-08-13T09:30:00,110.11408170712001,110.48941248281743,107.6876189180401,108.0559343690404,61786752.10369503,2021-08-13T16:00:00
2021-08-16T16:00:00,2021-08-16T09:30:00,108.07160692094367,108.24348315748067,107.18230424507225,107.3530376747125,56249868.67979473,2021-08-16T16:00:00
2021-08-17T16:00:00,2021-08-17T09:30:00,107.60219364239593,107.88693859983664,105.83654685391339,106.11736254044783,41464728.33146743,2021-08-17T16:00:00
2021-08-18T16:00:00,2021-08-18T09:30:00,106.53782046127604,108.22818886238068,105.93590108839436,107.62015449839022,41382626.03814619,2021-08-18T16:00:00
2021-08-19T16:00:00,2021-08-19T09:30:00,107.35535736697648,107.56321463041638,105.94678434087366,106.15231231532078,50087068.13914155,2021-08-19T16:00:00
2021-08-20T16:00:00,2021-08-20T09:30:00,106.39206297601893,107.85344621263609,104.87738125056487,106.33802219218958,52216632.41156845,2021-08-20T16:00:00
2021-08-23T16:00:00,2021-08-23T09:30:00,106.37138757491824,106.71047594879863,103.6014686162692,103.93278326085789,58023608.06037292,2021-08-23T16:00:00
2021-08-24T16:00:00,2021-08-24T09:30:00,104.16889286296936,104.40789256040327,101.82276120388224,102.05691528966439,50155979.37415459,2021-08-24T16:00:00
2021-08-25T16:00:00,2021-08-25T09:30:00,102.30576992849399,103.06847991806437,102.23482543077682,102.99705604419579,57063842.62084997,2021-08-25T16:00:00
2021-08-26T16:00:00,2021-08-26T09:30:00,102.99766266224995,104.73391983351277,102.87946381436728,104.61386625031753,53361021.70915597,2021-08-26T16:00:00
2021-08-27T16:00:00,2021-08-27T09:30:00,104.89459040707555,107.93986506183177,103.91099110924696,106.9371129768326,58993596.11260772,2021-08-27T16:00:00
2021-08-30T16:00:00,2021-08-30T09:30:00,106.80122573036496,108.549851026924,105.95614766307722,107.69767965573935,52520862.61518613,2021-08-30T16:00:00
2021-08-31T16:00:00,2021-08-31T09:30:00,107.38161352137949,108.7354102575354,106.8993390531097,108.24923909180586,51717660.40306413,2021-08-31T16:00:00
2021-09-01T16:00:00,2021-09-01T09:30:00,107.90520350523411,112.53640270389084,106.79232907966006,111.38761264179904,60034466.39296456,2021-09-01T16:00:00
2021-09-02T16:00:00,2021-09-02T09:30:00,111.67256674532152,112.88057358448803,111.22812545710029,112.43310545793912,36302642.23438398,2021-09-02T16:00:00
2021-09-03T16:00:00,2021-09-03T09:30:00,112.49061167103694,113.83224985231253,108.69325248436202,110.00524856495093,44261334.76118788,2021-09-03T16:00:00
2021-09-07T16:00:00,2021-09-07T09:30:00,109.9214535665117,111.18850055141633,108.52698150453523,109.79254255283787,55559938.37776098,2021-09-07T16:00:00
2021-09-08T16:00:00,2021-09-08T09:30:00,109.55527304879381,110.23392968568452,107.52639224683507,108.19663258074804,41826345.87974231,2021-09-08T16:00:00
2021-09-09T16:00:00,2021-09-09T09:30:00,107.98380571690012,108.38672264719312,105.97104810371602,106.3679357840788,53013559.466189764,2021-09-09T16:00:00
2021-09-10T16:00:00,2021-09-10T09:30:00,106.3133890318218,108.26789960714723,105.90851769092671,107.85714919258139,55177848.068946846,2021-09-10T16:00:00
2021-09-13T16:00:00,2021-09-13T09:30:00,107.73706098262807,108.87954773884718,104.7231637845502,105.8455926563902,40755394.97374362,2021-09-13T16:00:00
2021-09-14T16:00:00,2021-09-14T09:30:00,105.78506364966653,107.08229091953962,105.74202546958342,107.03874268574702,53528604.67201729,2021-09-14T16:00:00
2021-09-15T16:00:00,2021-09-15T09:30:00,107.14618744641564,108.51147171627471,106.35687423055691,107.71794652602308,49394482.98635464,2021-09-15T16:00:00
2021-09-16T16:00:00,2021-09-16T09:30:00,107.95801503818275,108.55857084228009,107.76686117788302,108.36669336327142,35926851.62772874,2021-09-16T16:00:00
2021-09-17T16:00:00,2021-09-17T09:30:00,108.22789869755398,109.1336911126338,106.7745316808816,107.67570259776319,40049635.78930505,2021-09-17T16:00:00
2021-09-20T16:00:00,2021-09-20T09:30:00,107.3390943872115,107.35788738470323,106.70163312443339,106.7203177861209,46883838.8291953,2021-09-20T16:00:00
2021-09-21T16:00:00,2021-09-21T09:30:00,106.56131167596978,107.40172144961345,105.92822796628151,106.76741328454938,47308160.264444284,2021-09-21T16:00:00
2021-09-22T16:00:00,2021-09-22T09:30:00,106.46726511618773,107.56798962184237,105.42947954156466,106.52959647469795,55501886.51782205,2021-09-22T16:00:00
2021-09-23T16:00:00,2021-09-23T09:30:00,106.52213183599576,107.75446893939888,104.72249381984007,105.948191096797,46619284.04484429,2021-09-23T16:00:00
2021-09-24T16:00:00,2021-09-24T09:30:00,106.06269595582471,106.62179390510242,105.21035556345134,105.76789952545589,44262739.371957675,2021-09-24T16:00:00
2021-09-27T16:00:00,2021-09-27T09:30:00,105.67533779502935,106.16749081832172,104.49064673970086,104.97955937160414,48316658.813877635,2021-09-27T16:00:00
2021-09-28T16:00:00,2021-09-28T09:30:00,104.84175035296529,105.55358486779257,103.12977415142899,103.83477167453697,46931778.488961756,2021-09-28T16:00:00
2021-09-29T16:00:00,2021-09-29T09:30:00,104.22286484878984,107.15105200418195,103.03039464294166,105.938947171673,57620076.49127609,2021-09-29T16:00:00
2021-09-30T16:00:00,2021-09-30T09:30:00,105.79823804136598,108.1002489486135,105.39651282732027,107.69133547711975,59632958.49022245,2021-09-30T16:00:00
2021-10-01T16:00:00,2021-10-01T09:30:00,107.57520226068574,109.5760194123664,107.2930198957194,109.28934066145196,50369750.135000855,2021-10-01T16:00:00
2021-10-04T16:00:00,2021-10-04T09:30:00,108.97866030984288,109.31799277409748,107.448968814937,107.7845832198918,38176569.79055893,2021-10-04T16:00:00
2021-10-05T16:00:00,2021-10-05T09:30:00,107.65411521369994,107.77715326963964,105.96554681128782,106.08679357288327,49428228.86052131,2021-10-05T16:00:00
2021-10-06T16:00:00,2021-10-06T09:30:00,106.17762999623642,106.8848995390992,101.99309720548383,102.6770487054654,47799863.80885164,2021-10-06T16:00:00
2021-10-07T16:00:00,2021-10-07T09:30:00,102.36520066128979,102.47911553918738,99.97870784964078,100.09009092135271,49199691.33437064,2021-10-07T16:00:00
2021-10-08T16:00:00,2021-10-08T09:30:00,100.15639766956858,101.1916286310224,99.41968983697762,100.45274102285464,50161944.858269036,2021-10-08T16:00:00
2021-10-11T16:00:00,2021-10-11T09:30:00,100.55536522113276,102.25962059964526,100.01017363685364,101.7081786855339,58500368.37073655,2021-10-11T16:00:00
2021-10-12T16:00:00,2021-10-12T09:30:00,101.8225262469224,104.92747315139708,101.5743178485147,104.67231793819741,54002660.61097302,2021-10-12T16:00:00
2021-10-13T16:00:00,2021-10-13T09:30:00,104.33250498205179,105.06410468909135,104.11800483744948,104.84854360610271,53344670.10443869,2021-10-13T16:00:00
2021-10-14T16:00:00,2021-10-14T09:30:00,105.0997827166542,105.1987591352384,102.6148317081257,102.71155904664977,51433692.61368401,2021-10-14T16:00:00
2021-10-15T16:00:00,2021-10-15T09:30:00,102.46846502317818,102.5941897690462,101.74536645242752,101.8703573438754,37926494.57612373,2021-10-15T16:00:00
2021-10-18T16:00:00,2021-10-18T09:30:00,102.04970139582281,102.84208360066042,101.60204711717788,102.39292373262624,45692134.25987206,2021-10-18T16:00:00
2021-10-19T16:00:00,2021-10-19T09:30:00,102.38536964933617,103.16430497761448,102.04928445579047,102.82677086209361,48735128.67630157,2021-10-19T16:00:00
2021-10-20T16:00:00,2021-10-20T09:30:00,102.53586995634248,103.08755765945688,101.9268190377953,102.47819643219448,50223606.79661759,2021-10-20T16:00:00
2021-10-21T16:00:00,2021-10-21T09:30:00,102.13637635649816,102.38555795968747,101.11942764659983,101.36673155123252,53448660.857950374,2021-10-21T16:00:00
2021-10-22T16:00:00,2021-10-22T09:30:00,101.24444206272489,101.8346429561174,97.74564045779411,98.31878634467593,60512065.72452295,2021-10-22T16:00:00
2021-10-25T16:00:00,2021-10-25T09:30:00,98.32098493369745,99.14988471935818,97.51816015119799,98.34684874987146,49210811.28248759,2021-10-25T16:00:00
2021-10-26T16:00:00,2021-10-26T09:30:00,98.25230279077842,100.77471254666393,97.97659981538403,100.49272279281095,62981085.40828715,2021-10-26T16:00:00
2021-10-27T16:00:00,2021-10-27T09:30:00,100.4821285355374,102.40678397881838,100.05375857330799,101.97206221212318,43413779.8822101,2021-10-27T16:00:00
2021-10-28T16:00:00,2021-10-28T09:30:00,102.13537334352185,103.1699644110757,98.80678425880211,99.81790023739902,60252354.52900812,2021-10-28T16:00:00
2021-10-29T16:00:00,2021-10-29T09:30:00,99.7237957880973,100.0954194990861,99.26106661157684,99.6323495454041,43901224.336549446,2021-10-29T16:00:00
2021-11-01T16:00:00,2021-11-01T09:30:00,99.7905431714658,100.07707572644185,98.5593610768769,98.84317341138681,59438276.3228474,2021-11-01T16:00:00
2021-11-02T16:00:00,2021-11-02T09:30:00,98.8642506163802,99.42261239505477,97.898266416913,98.45431296521234,45891094.41743778,2021-11-02T16:00:00
2021-11-03T16:00:00,2021-11-03T09:30:00,98.59667993886173,99.46839916910109,97.0478223994096,97.91350146875872,47826162.35789832,2021-11-03T16:00:00
2021-11-04T16:00:00,2021-11-04T09:30:00,97.96811146862916,98.23741562919841,95.44395867456885,95.70704740492779,57094333.67841904,2021-11-04T16:00:00
2021-11-05T16:00:00,2021-11-05T09:30:00,95.62112862447722,98.07121558722717,95.24096061485979,97.68285063656758,45582617.69354852,2021-11-05T16:00:00
2021-11-08T16:00:00,2021-11-08T09:30:00,97.4735090905995,98.06219365031721,95.85800998627087,96.44045548975834,56472213.86650694,2021-11-08T16:00:00
2021-11-09T16:00:00,2021-11-09T09:30:00,96.67767157944317,97.74756379580127,96.45531481938549,97.52326219381396,38638598.12982675,2021-11-09T16:00:00
2021-11-10T16:00:00,2021-11-10T09:30:00,97.46251904372716,98.36808170645192,97.11769663862749,98.02128239653707,57664339.48810291,2021-11-10T16:00:00
2021-11-11T16:00:00,2021-11-11T09:30:00,98.35957991799997,99.19490671086173,98.15930115249498,98.993337494694,53257290.59455691,2021-11-11T16:00:00
2021-11-12T16:00:00,2021-11-12T09:30:00,98.91842483452072,101.61425482157388,98.9035678200555,101.59899519988194,46848531.125791974,2021-11-12T16:00:00
2021-11-15T16:00:00,2021-11-15T09:30:00,101.68614512944905,102.3078996922247,99.69778374559988,100.31113085623775,48338290.69764263,2021-11-15T16:00:00
2021-11-16T16:00:00,2021-11-16T09:30:00,100.2994017971516,100.32443471270439,98.9029768449938,98.92766740046571,50241375.40219494,2021-11-16T16:00:00
2021-11-17T16:00:00,2021-11-17T09:30:00,98.79268570183459,101.9821414909648,98.58277179684659,101.76591010265354,66324528.00996226,2021-11-17T16:00:00
2021-11-18T16:00:00,2021-11-18T09:30:00,101.7254579587034,101.90694903899949,99.96385866357271,100.14252559236367,44464693.63089666,2021-11-18T16:00:00
2021-11-19T16:00:00,2021-11-19T09:30:00,100.07134979855275,100.99488489538363,98.30212423892327,99.21778195766166,54395460.47555072,2021-11-19T16:00:00
2021-11-22T16:00:00,2021-11-22T09:30:00,99.47009391665183,99.70470098870973,98.34133768036405,98.57383085421806,54672492.08571533,2021-11-22T16:00:00
2021-11-23T16:00:00,2021-11-23T09:30:00,98.1253741206407,99.58863761642043,97.983272075682,99.44462507420255,56851829.50240339,2021-11-23T16:00:00
2021-11-24T16:00:00,2021-11-24T09:30:00,99.51734219447096,101.53531736891762,99.46226437573179,101.47915378662317,41741594.90801029,2021-11-24T16:00:00
2021-11-26T13:00:00,2021-11-26T09:30:00,101.30348296489794,101.8498883279878,98.60085940381909,99.13557160137245,49727232.28866538,2021-11-26T13:00:00
2021-11-29T16:00:00,2021-11-29T09:30:00,99.30948293196556,99.52688123540082,96.95248412173122,97.16518835175032,48160911.14495263,2021-11-29T16:00:00
2021-11-30T16:00:00,2021-11-30T09:30:00,97.24190667652147,98.23992195835231,96.73565039073974,97.73111875940826,44560369.973026715,2021-11-30T16:00:00
2021-12-01T16:00:00,2021-12-01T09:30:00,98.19748103106234,98.75235951094568,97.15426017831145,97.70636353067422,47199479.37566689,2021-12-01T16:00:00
2021-12-02T16:00:00,2021-12-02T09:30:00,97.62724906893679,98.91519046098634,97.20361703470161,98.4878241499416,46582887.02788623,2021-12-02T16:00:00
2021-12-03T16:00:00,2021-12-03T09:30:00,98.77882046738551,101.77620309668305,98.69821181327214,101.69321614414551,50007021.36592392,2021-12-03T16:00:00
2021-12-06T16:00:00,2021-12-06T09:30:00,101.83040143330093,102.4236061795828,99.34151506001164,99.92361195882854,54681279.62314702,2021-12-06T16:00:00
2021-12-07T16:00:00,2021-12-07T09:30:00,100.15303846972924,101.55904754543111,100.00338374464638,101.40751830074207,52800653.353622355,2021-12-07T16:00:00
2021-12-08T16:00:00,2021-12-08T09:30:00,101.36548742431832,101.58662200591476,100.98762582544884,101.20841775061005,52786264.37124929,2021-12-08T16:00:00
2021-12-09T16:00:00,2021-12-09T09:30:00,101.26018861418466,101.77052410215737,97.83819469845112,98.33378155326523,63163865.15310343,2021-12-09T16:00:00
2021-12-10T16:00:00,2021-12-10T09:30:00,98.11512166517326,98.69227378716211,97.21692319878585,97.79217562386904,42242019.73021503,2021-12-10T16:00:00
2021-12-13T16:00:00,2021-12-13T09:30:00,98.20832775220623,98.80362806981398,95.03915337905423,95.61875673404319,56941114.30817638,2021-12-13T16:00:00
2021-12-14T16:00:00,2021-12-14T09:30:00,95.55396048834145,96.33068496155855,93.902858226345,94.67241694272073,52630354.98939675,2021-12-14T16:00:00
2021-12-15T16:00:00,2021-12-15T09:30:00,94.64521042555508,97.06832417159958,93.79435712519316,96.20346230442307,41867636.83610892,2021-12-15T16:00:00
2021-12-16T16:00:00,2021-12-16T09:30:00,95.93062153316696,96.08624539773895,95.6511295958721,95.80655218841441,47608577.49586277,2021-12-16T16:00:00
2021-12-17T16:00:00,2021-12-17T09:30:00,95.80569558201897,95.98735429404415,95.76050883924874,95.94210321463328,56733654.783197336,2021-12-17T16:00:00
2021-12-20T16:00:00,2021-12-20T09:30:00,96.00837801905462,96.1929356179907,93.21984692265454,93.39938924361194,57063412.78745363,2021-12-20T16:00:00
2021-12-21T16:00:00,2021-12-21T09:30:00,93.44504214070723,93.72799837131011,91.76817326839021,92.04689584253258,47572233.71793741,2021-12-21T16:00:00
2021-12-22T16:00:00,2021-12-22T09:30:00,92.30834137702566,92.74931260468655,91.5695841048971,92.00912593409589,40606792.79464362,2021-12-22T16:00:00
2021-12-23T16:00:00,2021-12-23T09:30:00,91.88156779925681,92.35839349262622,91.57397831532913,92.05023935142367,38968586.88042148,2021-12-23T16:00:00
2021-12-27T16:00:00,2021-12-27T09:30:00,91.90379777249656,93.22413074186008,91.23727433317562,92.5528997529604,39939327.92379656,2021-12-27T16:00:00
2021-12-28T16:00:00,2021-12-28T09:30:00,92.79506141876195,94.70937706730972,92.24611739929149,94.15240347393554,60855161.740389384,2021-12-28T16:00:00
2021-12-29T16:00:00,2021-12-29T09:30:00,94.05003030925083,94.35394276048746,90.78672843109645,91.08104693524014,59883134.70746222,2021-12-29T16:00:00
2021-12-30T16:00:00,2021-12-30T09:30:00,90.98736717207399,92.26190639681458,90.31791442080356,91.5880341511218,43226882.16999926,2021-12-30T16:00:00
2021-12-31T16:00:00,2021-12-31T09:30:00,91.56865924593515,91.88976248228548,91.30700410609772,91.62793795502832,38155109.096517384,2021-12-31T16:00:00
2022-01-03T16:00:00,2022-01-03T09:30:00,91.55472303789243,92.78889221584333,91.01218733677848,92.242282171384,56789438.98036142,2022-01-03T16:00:00
2022-01-04T16:00:00,2022-01-04T09:30:00,92.42176925384015,92.60956270033061,90.09821520657502,90.28166012704145,43409177.91437159,2022-01-04T16:00:00
2022-01-05T16:00:00,2022-01-05T09:30:00,90.08455130133478,90.9116501096416,88.739822818599,89.56212504270017,38459770.44561665,2022-01-05T16:00:00
2022-01-06T16:00:00,2022-01-06T09:30:00,89.50610884421556,90.18861377492067,87.41008359923694,88.081727288767,50952917.265565164,2022-01-06T16:00:00
2022-01-07T16:00:00,2022-01-07T09:30:00,87.96941902153826,89.8321149239734,87.6950410582489,89.55279837626126,51822532.88420889,2022-01-07T16:00:00
2022-01-10T16:00:00,2022-01-10T09:30:00,89.51834641917749,90.75089795874597,89.15511528921277,90.38415371471169,45963178.82027063,2022-01-10T16:00:00
2022-01-11T16:00:00,2022-01-11T09:30:00,90.00754224100248,90.60229510041086,89.6576439667683,90.25144865637128,51866268.31833308,2022-01-11T16:00:00
2022-01-12T16:00:00,2022-01-12T09:30:00,90.23978443737961,92.70519020500068,89.37315447601394,91.82335223633551,56622807.66254781,2022-01-12T16:00:00
2022-01-13T16:00:00,2022-01-13T09:30:00,92.32318748411929,92.91941016532817,90.24826152016564,90.83487267178947,53835274.65999915,2022-01-13T16:00:00
2022-01-14T16:00:00,2022-01-14T09:30:00,90.97672735449808,92.22107612396533,90.25841926238004,91.49864720596526,38052564.59593529,2022-01-14T16:00:00
2022-01-18T16:00:00,2022-01-18T09:30:00,91.4333604910906,92.78136428015036,90.73322983951837,92.0763103825765,56269048.23659483,2022-01-18T16:00:00
2022-01-19T16:00:00,2022-01-19T09:30:00,92.30180237055596,92.32923506820829,91.38504354417111,91.41221184971877,49663871.7130914,2022-01-19T16:00:00
2022-01-20T16:00:00,2022-01-20T09:30:00,91.33963622309305,92.57857450917996,89.0885287218521,90.31354907809646,47597132.04001332,2022-01-20T16:00:00
2022-01-21T16:00:00,2022-01-21T09:30:00,90.22191272834615,90.86619525068755,89.76080436056164,90.40415547221109,37744032.7273226,2022-01-21T16:00:00
2022-01-24T16:00:00,2022-01-24T09:30:00,90.4886676700481,90.80983633014483,89.94113439638053,90.26149676573579,39876874.207193226,2022-01-24T16:00:00
2022-01-25T16:00:00,2022-01-25T09:30:00,90.17086965632147,90.7603312573804,89.8959711397589,90.48447666595615,49210330.36266776,2022-01-25T16:00:00
2022-01-26T16:00:00,2022-01-26T09:30:00,90.47080650011954,91.02222550886603,90.27642274388516,90.82707627854732,43163191.590506144,2022-01-26T16:00:00
2022-01-27T16:00:00,2022-01-27T09:30:00,90.77208600378468,93.65411870491845,90.19027672099894,93.0576598953328,50603833.67598284,2022-01-27T16:00:00
2022-01-28T16:00:00,2022-01-28T09:30:00,92.7197232139253,92.78282977387454,92.22696939114033,92.28978332697132,41633606.78956083,2022-01-28T16:00:00
2022-01-31T16:00:00,2022-01-31T09:30:00,92.57706622134313,93.94947709149088,91.75471118552055,93.1222789722824,51128191.74706812,2022-01-31T16:00:00
2022-02-01T16:00:00,2022-02-01T09:30:00,93.02938744222773,95.34455120813884,92.4038341876285,94.70771246933032,46299573.82893718,2022-02-01T16:00:00
2022-02-02T16:00:00,2022-02-02T09:30:00,94.36532372079324,96.03645480919839,93.79850834813197,95.46304585158336,44634937.67990735,2022-02-02T16:00:00
2022-02-03T16:00:00,2022-02-03T09:30:00,95.43449527332488,97.06410610853877,94.99693280771974,96.62110310440731,50600014.40999087,2022-02-03T16:00:00
2022-02-04T16:00:00,2022-02-04T09:30:00,96.48949604935424,99.08311151575647,95.23331865216689,97.80974604861731,58749542.42042452,2022-02-04T16:00:00
2022-02-07T16:00:00,2022-02-07T09:30:00,97.8833045405417,98.22991594605743,95.8563009258113,96.19694080321045,60038924.476187296,2022-02-07T16:00:00
2022-02-08T16:00:00,2022-02-08T09:30:00,95.7465101020491,96.18984800025424,95.42707743744717,95.87000333346101,46744936.78957963,2022-02-08T16:00:00
2022-02-09T16:00:00,2022-02-09T09:30:00,95.96371477439348,96.61167087595548,95.33866992254974,95.9864777609107,48427702.73580042,2022-02-09T16:00:00
2022-02-10T16:00:00,2022-02-10T09:30:00,95.99978985332548,96.59237137321145,94.93919774370235,95.52887241376604,43762121.33437403,2022-02-10T16:00:00
2022-02-11T16:00:00,2022-02-11T09:30:00,95.50756823906696,95.71789189798406,94.95476238868845,95.16433017992082,40622454.7948367,2022-02-11T16:00:00
2022-02-14T16:00:00,2022-02-14T09:30:00,95.00763009965769,95.13333035572174,94.23858850213368,94.36343645500901,42880914.97173573,2022-02-14T16:00:00
2022-02-15T16:00:00,2022-02-15T09:30:00,94.42438389002417,95.45652987343142,94.2544015486081,95.28499825798997,52367857.62100934,2022-02-15T16:00:00
2022-02-16T16:00:00,2022-02-16T09:30:00,95.25468039792287,96.84335061291826,95.22502279783386,96.81320776442811,47450079.1197985,2022-02-16T16:00:00
2022-02-17T16:00:00,2022-02-17T09:30:00,96.53799419387418,97.25506095427784,96.43781150978295,97.15423875995849,51019101.25053078,2022-02-17T16:00:00
2022-02-18T16:00:00,2022-02-18T09:30:00,96.95140991452509,98.15815164543827,96.917716451429,98.124050655236,59583425.99578967,2022-02-18T16:00:00
2022-02-22T16:00:00,2022-02-22T09:30:00,98.29339976498176,99.49309054025373,98.01834796113845,99.21545856382023,44596339.547316544,2022-02-22T16:00:00
2022-02-23T16:00:00,2022-02-23T09:30:00,99.09427389572033,101.00517041178817,98.65702189349294,100.56144454102079,54817982.69716511,2022-02-23T16:00:00
2022-02-24T16:00:00,2022-02-24T09:30:00,100.66065361550675,101.3823903900997,100.28354355207497,101.00399405313837,57422171.03097041,2022-02-24T16:00:00
2022-02-25T16:00:00,2022-02-25T09:30:00,100.81092294538561,102.21448487410439,100.42798301942719,101.82768268908124,38726090.85264881,2022-02-25T16:00:00
2022-02-28T16:00:00,2022-02-28T09:30:00,101.82126422730498,103.76319067915801,101.51387362370608,103.45088038909275,61537160.02630625,2022-02-28T16:00:00
2022-03-01T16:00:00,2022-03-01T09:30:00,103.52968339425047,104.08296948044416,103.2001768913823,103.75275300835722,43239975.14131781,2022-03-01T16:00:00
2022-03-02T16:00:00,2022-03-02T09:30:00,104.17571191737335,105.32671710732383,103.55906743467212,104.70692821034262,44965837.077067606,2022-03-02T16:00:00
2022-03-03T16:00:00,2022-03-03T09:30:00,104.75652169890687,104.93238834505084,104.60067375032197,104.77651065857177,51154797.46439774,2022-03-03T16:00:00
2022-03-04T16:00:00,2022-03-04T09:30:00,104.69942010853417,105.0659337107592,104.48734533554361,104.85354674528975,56211751.71327257,2022-03-04T16:00:00
2022-03-07T16:00:00,2022-03-07T09:30:00,104.78156990952276,105.171628722361,103.81221673981398,104.20011101966722,44598554.49096758,2022-03-07T16:00:00
2022-03-08T16:00:00,2022-03-08T09:30:00,104.17226550245486,105.33747446470079,103.56753965676056,104.72951376159844,40607468.109127305,2022-03-08T16:00:00
2022-03-09T16:00:00,2022-03-09T09:30:00,104.71181175590185,108.16755872634954,104.41618279082397,107.8630330353917,58994263.32845891,2022-03-09T16:00:00
2022-03-10T16:00:00,2022-03-10T09:30:00,108.08040782389314,109.5211441644076,107.61128775702977,109.04782504942199,45045120.74465988,2022-03-10T16:00:00
2022-03-11T16:00:00,2022-03-11T09:30:00,108.93949255453956,109.6716999358048,107.5012030211564,108.22863254885351,38372665.92018661,2022-03-11T16:00:00
2022-03-14T16:00:00,2022-03-14T09:30:00,108.39178935157413,109.27081989643087,108.15234851977887,109.02996930528145,39827005.912466146,2022-03-14T16:00:00
2022-03-15T16:00:00,2022-03-15T09:30:00,109.1402338281967,110.25190821315005,109.06061228618006,110.17153430208369,39806595.16445108,2022-03-15T16:00:00
2022-03-16T16:00:00,2022-03-16T09:30:00,110.20438233864255,110.65683253350926,109.37258742981744,109.82347378351616,50606162.04469038,2022-03-16T16:00:00
2022-03-17T16:00:00,2022-03-17T09:30:00,109.74671031641125,110.48257924967915,108.99158881307893,109.72732778341823,38984703.43325839,2022-03-17T16:00:00
2022-03-18T16:00:00,2022-03-18T09:30:00,109.90248826246831,110.73554888395799,109.60081804932919,110.43242405549434,40226398.014866814,2022-03-18T16:00:00
2022-03-21T16:00:00,2022-03-21T09:30:00,110.54736087172218,111.5707073531156,110.4708625244526,111.4935542436827,53175995.55376073,2022-03-21T16:00:00
2022-03-22T16:00:00,2022-03-22T09:30:00,111.52156078133557,113.40572969606485,111.50678260128036,113.39070382818768,45767056.071767814,2022-03-22T16:00:00
2022-03-23T16:00:00,2022-03-23T09:30:00,113.25889827799297,113.69603161715148,111.436393220956,111.8681588709515,55793031.78495149,2022-03-23T16:00:00
2022-03-24T16:00:00,2022-03-24T09:30:00,112.00459270148923,112.74876482010146,111.66100640080374,112.40395343681553,45603764.6776324,2022-03-24T16:00:00
2022-03-25T16:00:00,2022-03-25T09:30:00,112.25021548684342,113.05071945610587,112.1685981041377,112.96857974913856,44198026.58516375,2022-03-25T16:00:00
2022-03-28T16:00:00,2022-03-28T09:30:00,112.89015363066723,114.44428805166523,112.31453497259304,113.86370532452422,46527185.76075645,2022-03-28T16:00:00
2022-03-29T16:00:00,2022-03-29T09:30:00,113.74691615962323,114.04145906921862,113.40007339441918,113.69448052411678,50298020.07336994,2022-03-29T16:00:00
2022-03-30T16:00:00,2022-03-30T09:30:00,113.6855458588937,116.71803760183302,113.4252144358872,116.45137264172885,57589272.3498525,2022-03-30T16:00:00
2022-03-31T16:00:00,2022-03-31T09:30:00,116.68548142283231,118.20847329586732,116.62378776784561,118.14600743523164,41394006.83437741,2022-03-31T16:00:00
2022-04-01T16:00:00,2022-04-01T09:30:00,118.16263692869529,118.34880487659763,117.39703993173582,117.58229353529516,43126429.254481606,2022-04-01T16:00:00
2022-04-04T16:00:00,2022-04-04T09:30:00,117.59877167761701,117.76947545587194,117.32122291032367,117.49177136929553,56009146.79336549,2022-04-04T16:00:00
2022-04-05T16:00:00,2022-04-05T09:30:00,117.45098394839535,117.84720083237906,115.98691759737586,116.3795199340925,43311714.487284236,2022-04-05T16:00:00
2022-04-06T16:00:00,2022-04-06T09:30:00,116.39473692628864,116.76882631416204,114.76970783558279,115.13976377529303,45558028.26223773,2022-04-06T16:00:00
2022-04-07T16:00:00,2022-04-07T09:30:00,115.2370647015393,115.42041715695818,112.93594528453859,113.11592281389179,58793749.246331334,2022-04-07T16:00:00
2022-04-08T16:00:00,2022-04-08T09:30:00,113.0237745667628,113.22868392650776,112.19689374200881,112.40067343452623,40775732.375753894,2022-04-08T16:00:00
2022-04-11T16:00:00,2022-04-11T09:30:00,112.32834225708086,112.98751687478844,112.29920801288961,112.95821926140572,48004605.83281942,2022-04-11T16:00:00
2022-04-12T16:00:00,2022-04-12T09:30:00,112.8710778578213,112.99438687925162,111.12056785634351,111.24209725443768,55112269.63668421,2022-04-12T16:00:00
2022-04-13T16:00:00,2022-04-13T09:30:00,111.22513719443633,111.79776050183499,110.11583498519339,110.68568099601748,56126541.005896695,2022-04-13T16:00:00
2022-04-14T16:00:00,2022-04-14T09:30:00,110.77620811967684,110.81807996509754,110.5217075014608,110.56349894581163,42985935.69915866,2022-04-14T16:00:00
2022-04-18T16:00:00,2022-04-18T09:30:00,110.57714280682809,112.25060421406738,110.13084186682802,111.79937023603881,43545548.371098846,2022-04-18T16:00:00
2022-04-19T16:00:00,2022-04-19T09:30:00,111.82259082069302,114.28430559431497,111.01576995293121,113.46562989292522,50810259.03180867,2022-04-19T16:00:00
2022-04-20T16:00:00,2022-04-20T09:30:00,113.30974713650477,113.39615377359716,112.2964060036034,112.38210524863126,42034192.551606424,2022-04-20T16:00:00
2022-04-21T16:00:00,2022-04-21T09:30:00,112.43323838859484,114.33149000430237,111.3189385300399,113.20949682763947,38916494.41528539,2022-04-21T16:00:00
2022-04-22T16:00:00,2022-04-22T09:30:00,113.231948710044,113.3577388826238,112.18957401123625,112.31434481115564,57893333.15423699,2022-04-22T16:00:00
2022-04-25T16:00:00,2022-04-25T09:30:00,112.5538482479865,113.33933943980807,112.49035624306255,113.27544038233054,49406945.139410265,2022-04-25T16:00:00
2022-04-26T16:00:00,2022-04-26T09:30:00,113.06830980977811,113.99443324644906,112.63072927580473,113.55496931361782,54290309.8187291,2022-04-26T16:00:00
2022-04-27T16:00:00,2022-04-27T09:30:00,113.41978911219555,114.70660764006126,113.37780525572369,114.66416316184159,44434369.07773981,2022-04-27T16:00:00
2022-04-28T16:00:00,2022-04-28T09:30:00,114.79356075379958,116.66224940779666,114.64110926147518,116.50752169108338,46411552.68744077,2022-04-28T16:00:00
2022-04-29T16:00:00,2022-04-29T09:30:00,116.45113533036826,116.63398210612384,114.90020064784493,115.08089593013817,45039497.83820938,2022-04-29T16:00:00
2022-05-02T16:00:00,2022-05-02T09:30:00,115.10901060803359,115.17119525775983,113.28929131195989,113.35052598609614,60774724.50271538,2022-05-02T16:00:00
2022-05-03T16:00:00,2022-05-03T09:30:00,113.38998457131257,115.24831095012986,112.99790208824967,114.85117592616747,57375539.02198075,2022-05-03T16:00:00
2022-05-04T16:00:00,2022-05-04T09:30:00,114.61848858336802,114.78431041724029,112.51823011712455,112.68124929170543,55296276.62311469,2022-05-04T16:00:00
2022-05-05T16:00:00,2022-05-05T09:30:00,112.66970835624443,112.92802084332463,112.24402319386591,112.50195107179069,44217235.51683101,2022-05-05T16:00:00
2022-05-06T16:00:00,2022-05-06T09:30:00,112.51284198460874,113.84465509102412,112.31364728566443,113.64345872846576,57426032.200905114,2022-05-06T16:00:00
2022-05-09T16:00:00,2022-05-09T09:30:00,113.72539990805421,114.11484841163605,112.24055144531728,112.62623590166054,56787908.13503486,2022-05-09T16:00:00
2022-05-10T16:00:00,2022-05-10T09:30:00,112.41548331181664,113.4881374950801,112.13633067779337,113.20701930124368,45893347.51922646,2022-05-10T16:00:00
2022-05-11T16:00:00,2022-05-11T09:30:00,113.19466952668829,113.93087906840043,113.00542309959432,113.74071971803757,47704295.305773884,2022-05-11T16:00:00
2022-05-12T16:00:00,2022-05-12T09:30:00,113.69402248900069,114.23394954509021,112.7787033099385,113.31683914174171,44339036.551638335,2022-05-12T16:00:00
2022-05-13T16:00:00,2022-05-13T09:30:00,113.15185830925829,113.34757723715451,111.57050915671937,111.76382720526973,59324548.2640039,2022-05-13T16:00:00
2022-05-16T16:00:00,2022-05-16T09:30:00,111.78759346425203,111.83557316115584,111.12501447063717,111.17273026571621,38674357.84699027,2022-05-16T16:00:00
2022-05-17T16:00:00,2022-05-17T09:30:00,111.1912810708145,112.41029525507037,111.14113750903877,112.35962480920934,51951924.14597648,2022-05-17T16:00:00
2022-05-18T16:00:00,2022-05-18T09:30:00,112.26863684935194,112.79734919176556,110.47163241842986,110.99434366782378,55219566.735203505,2022-05-18T16:00:00
2022-05-19T16:00:00,2022-05-19T09:30:00,111.06503441870652,111.32838398953308,111.06319334822467,111.32653858422522,46065948.553647794,2022-05-19T16:00:00
2022-05-20T16:00:00,2022-05-20T09:30:00,111.27486468440604,111.45974711975651,110.59667658219766,110.78073802945168,42034683.66829068,2022-05-20T16:00:00
2022-05-23T16:00:00,2022-05-23T09:30:00,110.70712114181724,111.63385399185995,110.65222868699044,111.57852946237185,45598931.49500799,2022-05-23T16:00:00
2022-05-24T16:00:00,2022-05-24T09:30:00,111.75611530219297,113.10511890073315,111.4323571338771,112.77839916962918,41989810.15733803,2022-05-24T16:00:00
2022-05-25T16:00:00,2022-05-25T09:30:00,112.79645670814106,113.00939062038533,111.22928708266298,111.43965967242097,56171642.758530214,2022-05-25T16:00:00
2022-05-26T16:00:00,2022-05-26T09:30:00,111.30923746289257,111.8797223637487,111.03989580762949,111.60965377307488,40145337.715247124,2022-05-26T16:00:00
2022-05-27T16:00:00,2022-05-27T09:30:00,111.56550120669286,112.29272005393571,110.8462027012577,111.5733708106443,35452212.82634403,2022-05-27T16:00:00
2022-05-31T16:00:00,2022-05-31T09:30:00,111.42868752345088,112.09625597680916,110.08102518085765,110.74449463964469,49381677.77892975,2022-05-31T16:00:00
2022-06-01T16:00:00,2022-06-01T09:30:00,110.65612144372272,111.53825592599829,110.58150506725964,111.46309540004094,54588307.99182777,2022-06-01T16:00:00
2022-06-02T16:00:00,2022-06-02T09:30:00,111.41989021473357,111.81097021172104,111.33518100491388,111.72602825430685,56590754.65542645,2022-06-02T16:00:00
2022-06-03T16:00:00,2022-06-03T09:30:00,111.78243676901288,112.9064419678937,111.27190211471795,112.39311819894243,46331128.34581211,2022-06-03T16:00:00
2022-06-06T16:00:00,2022-06-06T09:30:00,112.52154595325224,112.92093239508002,112.01487744351758,112.41388173962535,36480954.34162974,2022-06-06T16:00:00
2022-06-07T16:00:00,2022-06-07T09:30:00,112.32625351800833,113.605867706118,112.00399772012597,113.28087317432983,54374580.870184444,2022-06-07T16:00:00
2022-06-08T16:00:00,2022-06-08T09:30:00,113.17982695859772,114.13073491763112,112.95390454236669,113.90336821408252,41418876.600435436,2022-06-08T16:00:00
2022-06-09T16:00:00,2022-06-09T09:30:00,113.80574706000138,114.32819077157144,113.20089786117892,113.72296153237814,45474252.64555325,2022-06-09T16:00:00
2022-06-10T16:00:00,2022-06-10T09:30:00,113.90195828443073,114.71690239932059,113.75604585480883,114.57013401300192,52085131.6364586,2022-06-10T16:00:00
2022-06-13T16:00:00,2022-06-13T09:30:00,114.3892324217886,114.87305095799701,113.38076546524442,113.86235553291834,46282064.50638609,2022-06-13T16:00:00
2022-06-14T16:00:00,2022-06-14T09:30:00,113.91639837236191,114.2194716406999,110.47841538047285,110.77312600882128,50149964.140479684,2022-06-14T16:00:00
2022-06-15T16:00:00,2022-06-15T09:30:00,110.56009239836605,111.76753281525885,110.12557176997029,111.32998636801442,43788680.618214145,2022-06-15T16:00:00
2022-06-16T16:00:00,2022-06-16T09:30:00,111.58481476418319,112.56706095444223,111.10643596838995,112.08653123407021,36881827.58627003,2022-06-16T16:00:00
2022-06-17T16:00:00,2022-06-17T09:30:00,111.98131033871061,111.98377304447783,110.91346701191128,110.9159062871909,37722615.6567762,2022-06-17T16:00:00
2022-06-21T16:00:00,2022-06-21T09:30:00,111.05840148732676,111.28034542088444,107.70893561786143,107.92461686009837,57566338.38437328,2022-06-21T16:00:00
2022-06-22T16:00:00,2022-06-22T09:30:00,108.10109702313979,108.56083647827487,107.09551081094187,107.55291893826438,39519953.926362574,2022-06-22T16:00:00
2022-06-23T16:00:00,2022-06-23T09:30:00,107.52458653931731,107.99003797829326,107.43498542202937,107.90012392263269,47131798.19756462,2022-06-23T16:00:00
2022-06-24T16:00:00,2022-06-24T09:30:00,107.71368751181448,110.22710689479648,107.48997838637722,109.9986521566691,46708131.81367473,2022-06-24T16:00:00
2022-06-27T16:00:00,2022-06-27T09:30:00,110.01000049521899,110.31597896845426,106.87098399584352,107.16906076562363,53562874.235467084,2022-06-27T16:00:00
2022-06-28T16:00:00,2022-06-28T09:30:00,107.07925683897813,107.26482877714953,106.67016975996046,106.85535366643536,54276018.869671054,2022-06-28T16:00:00
2022-06-29T16:00:00,2022-06-29T09:30:00,107.00018267133618,107.15261658955224,106.20328146353822,106.35479595504422,53835586.9549476,2022-06-29T16:00:00
2022-06-30T16:00:00,2022-06-30T09:30:00,106.40827530116451,106.6395811428316,106.32061645794064,106.55180406101192,54564040.543889195,2022-06-30T16:00:00
2022-07-01T16:00:00,2022-07-01T09:30:00,106.53946877250058,106.92303122310213,105.60059107351363,105.98214705942651,38471925.71512312,2022-07-01T16:00:00
2022-07-05T16:00:00,2022-07-05T09:30:00,106.1954072035958,106.5845321548238,104.83351985638186,105.2190672684332,56668396.6229092,2022-07-05T16:00:00
2022-07-06T16:00:00,2022-07-06T09:30:00,105.42666706124626,105.60800892638365,105.13671173732202,105.31786645716666,35987333.539592214,2022-07-06T16:00:00
2022-07-07T16:00:00,2022-07-07T09:30:00,105.23913920941936,105.6518234845914,103.08306803476253,103.48888888638933,58442650.09978117,2022-07-07T16:00:00
2022-07-08T16:00:00,2022-07-08T09:30:00,103.69991227762165,104.41028812038427,103.5564489794966,104.26604161251714,35878205.6387701,2022-07-08T16:00:00
2022-07-11T16:00:00,2022-07-11T09:30:00,104.28736440462205,104.3085213286836,103.11659417081704,103.13751782388809,39616549.264388084,2022-07-11T16:00:00
2022-07-12T16:00:00,2022-07-12T09:30:00,103.19036714020294,103.530896190725,102.66331586681768,103.00322735452552,55818990.28816412,2022-07-12T16:00:00
2022-07-13T16:00:00,2022-07-13T09:30:00,103.11780004887314,103.43853309262333,102.79564218163256,103.1163707798476,54310904.91041675,2022-07-13T16:00:00
2022-07-14T16:00:00,2022-07-14T09:30:00,103.17072318830367,103.32915596499642,102.8943863006125,103.0526377409267,49230389.979188494,2022-07-14T16:00:00
2022-07-15T16:00:00,2022-07-15T09:30:00,103.2039820454143,103.80865211442068,101.86876142676334,102.46912598881497,45705196.89505638,2022-07-15T16:00:00
2022-07-18T16:00:00,2022-07-18T09:30:00,102.65971292297652,102.81549990116636,101.84401104352162,101.99879507331332,49099025.969266824,2022-07-18T16:00:00
2022-07-19T16:00:00,2022-07-19T09:30:00,102.01532537204184,102.03978066776162,101.06902739415968,101.09326165111997,53186195.8809998,2022-07-19T16:00:00
2022-07-20T16:00:00,2022-07-20T09:30:00,101.08049563659091,101.2304669426998,100.58299328214864,100.73244819655565,41055647.34473429,2022-07-20T16:00:00
2022-07-21T16:00:00,2022-07-21T09:30:00,100.72904794273354,100.95718635955606,99.57001571387559,99.79604098921997,58572272.899418585,2022-07-21T16:00:00
2022-07-22T16:00:00,2022-07-22T09:30:00,100.06386743075358,100.19667094900535,98.77978260544741,98.91105612689852,60373492.81294793,2022-07-22T16:00:00
2022-07-25T16:00:00,2022-07-25T09:30:00,98.98462985486617,99.98216270647787,98.37159797000615,99.36676418621435,48205464.783966124,2022-07-25T16:00:00
2022-07-26T16:00:00,2022-07-26T09:30:00,99.36536745238672,99.43776835353292,99.03705173273437,99.1092660298932,36670704.99077623,2022-07-26T16:00:00
2022-07-27T16:00:00,2022-07-27T09:30:00,99.06892416804241,100.93725429723733,98.5809289360396,100.4424931181516,40700320.38881117,2022-07-27T16:00:00
2022-07-28T16:00:00,2022-07-28T09:30:00,100.39234902173459,101.66644303966251,100.03223113934804,101.303058347434,58397520.60548358,2022-07-28T16:00:00
2022-07-29T16:00:00,2022-07-29T09:30:00,101.31602819414152,102.2831203967561,101.28016994158716,102.2469326740425,37806791.955036566,2022-07-29T16:00:00
2022-08-01T16:00:00,2022-08-01T09:30:00,102.43861533284205,104.68781017899595,102.20123747838645,104.445781180819,44098180.17637431,2022-08-01T16:00:00
2022-08-02T16:00:00,2022-08-02T09:30:00,104.57431790165512,104.70449435647187,104.27601999562495,104.4059869082482,50198913.18704566,2022-08-02T16:00:00
2022-08-03T16:00:00,2022-08-03T09:30:00,104.33892672357798,104.99550653313135,104.19057944337,104.84643768262535,37280644.78576676,2022-08-03T16:00:00
2022-08-04T16:00:00,2022-08-04T09:30:00,104.71229967795361,104.83640526391318,103.97795966355729,104.10134113813918,52780374.167787574,2022-08-04T16:00:00
2022-08-05T16:00:00,2022-08-05T09:30:00,104.02197757784472,104.30396777434709,101.64207894844677,101.91836652606351,52640416.70055153,2022-08-05T16:00:00
2022-08-08T16:00:00,2022-08-08T09:30:00,101.91515177012667,102.03690176062065,101.43724283977336,101.55856684639427,55151095.61964576,2022-08-08T16:00:00
2022-08-09T16:00:00,2022-08-09T09:30:00,101.60554612726673,102.16777985152346,101.45373918464946,102.01536061276238,56671259.09308429,2022-08-09T16:00:00
2022-08-10T16:00:00,2022-08-10T09:30:00,101.92043121505486,102.39190788444041,101.88280663876515,102.35412320798943,48814916.666224614,2022-08-10T16:00:00
2022-08-11T16:00:00,2022-08-11T09:30:00,102.43053345485056,102.88213220141297,102.08275295666819,102.53400040381001,35573769.96585251,2022-08-11T16:00:00
2022-08-12T16:00:00,2022-08-12T09:30:00,102.48806854861817,102.48852840945038,101.60546663873184,101.60592254140185,55592157.07245839,2022-08-12T16:00:00
2022-08-15T16:00:00,2022-08-15T09:30:00,101.60696599913533,103.24349506345857,101.52459436918348,103.15986451606211,57965109.0121847,2022-08-15T16:00:00
2022-08-16T16:00:00,2022-08-16T09:30:00,103.12430305601033,103.64100456886753,101.67944848040229,102.1914760891386,57277264.89248495,2022-08-16T16:00:00
2022-08-17T16:00:00,2022-08-17T09:30:00,102.2993843559995,102.6169247543672,101.59459536751615,101.91092999173031,37698052.99865843,2022-08-17T16:00:00
2022-08-18T16:00:00,2022-08-18T09:30:00,101.87064373803642,103.01387427308106,101.55000034347977,102.69064986461954,57416454.22658843,2022-08-18T16:00:00
2022-08-19T16:00:00,2022-08-19T09:30:00,102.57171570367305,102.71025461260027,101.8700290390667,102.00780630144465,39470166.89362223,2022-08-19T16:00:00
2022-08-22T16:00:00,2022-08-22T09:30:00,101.89116200307942,102.0636051306695,101.39093368372131,101.56282111906253,53931609.93406824,2022-08-22T16:00:00
2022-08-23T16:00:00,2022-08-23T09:30:00,101.50370704451161,101.87519782688435,101.28507066527006,101.65623291084225,53811090.15046504,2022-08-23T16:00:00
2022-08-24T16:00:00,2022-08-24T09:30:00,101.66556864384283,102.4229241518689,101.31345964464724,102.06941646427,52212232.70513223,2022-08-24T16:00:00
2022-08-25T16:00:00,2022-08-25T09:30:00,101.97753348056133,101.98933835787061,101.32928288036003,101.34101407444481,55559628.803995356,2022-08-25T16:00:00
2022-08-26T16:00:00,2022-08-26T09:30:00,101.24243369225586,101.82152247069345,101.13703151420987,101.71562765657917,44081584.09848389,2022-08-26T16:00:00
2022-08-29T16:00:00,2022-08-29T09:30:00,101.90114343585289,102.5087426972685,101.81640892235713,102.42357376392042,42714017.60500204,2022-08-29T16:00:00
2022-08-30T16:00:00,2022-08-30T09:30:00,102.44755898822818,102.75377822893657,102.29276078802206,102.59875157681974,36234752.16797904,2022-08-30T16:00:00
2022-08-31T16:00:00,2022-08-31T09:30:00,102.57290800662827,103.02469781308041,102.1695035443002,102.62110380362967,37053491.289262205,2022-08-31T16:00:00
2022-09-01T16:00:00,2022-09-01T09:30:00,102.6442442222292,102.78048961619012,102.48730761558579,102.62352550844965,39456786.90720247,2022-09-01T16:00:00
2022-09-02T16:00:00,2022-09-02T09:30:00,102.61912598727801,102.66653413374728,101.14524137073583,101.19199020675528,57776432.358601734,2022-09-02T16:00:00
2022-09-06T16:00:00,2022-09-06T09:30:00,101.20005729000282,101.2781691854983,100.63140164198316,100.70913461575019,35650778.09024895,2022-09-06T16:00:00
2022-09-07T16:00:00,2022-09-07T09:30:00,100.75755194234942,101.62492784347786,100.38629910652975,101.25185369576475,39703846.544591464,2022-09-07T16:00:00
2022-09-08T16:00:00,2022-09-08T09:30:00,101.21970262705834,101.39314418951331,99.06298738782186,99.23302474628498,63235424.85044527,2022-09-08T16:00:00
2022-09-09T16:00:00,2022-09-09T09:30:00,99.09228423577008,99.45879620847694,97.33989347171226,97.70126047408252,47015560.29832125,2022-09-09T16:00:00
2022-09-12T16:00:00,2022-09-12T09:30:00,97.71698769307599,98.33062756180009,97.6064118150811,98.21948306346518,43582827.65896366,2022-09-12T16:00:00
2022-09-13T16:00:00,2022-09-13T09:30:00,98.1524472339592,98.50968727863996,97.12959752380542,97.48440613617505,53414575.84278293,2022-09-13T16:00:00
2022-09-14T16:00:00,2022-09-14T09:30:00,97.45071905110034,98.36528986360966,95.98548830166025,96.89484223411871,42958834.28154082,2022-09-14T16:00:00
2022-09-15T16:00:00,2022-09-15T09:30:00,96.80873743757817,97.40277087480503,96.26182915481749,96.85559786022408,56415960.420382015,2022-09-15T16:00:00
2022-09-16T16:00:00,2022-09-16T09:30:00,96.90903777256835,98.4141337109946,95.87029943931581,97.3704496450184,37138686.62058331,2022-09-16T16:00:00
2022-09-19T16:00:00,2022-09-19T09:30:00,97.41306632722184,97.77451982968145,97.31529056346804,97.67647967181789,55091269.086794555,2022-09-19T16:00:00
2022-09-20T16:00:00,2022-09-20T09:30:00,97.7220566182703,97.9210127493986,96.70548879419056,96.90277692195983,42336724.144116476,2022-09-20T16:00:00
2022-09-21T16:00:00,2022-09-21T09:30:00,96.79334158345469,96.86025940566891,95.39277911312936,95.45877428575118,40337681.905294135,2022-09-21T16:00:00
2022-09-22T16:00:00,2022-09-22T09:30:00,95.41044098903342,96.14822484498667,95.08440996835347,95.8207915980252,52746602.88939001,2022-09-22T16:00:00
2022-09-23T16:00:00,2022-09-23T09:30:00,95.47920577205947,95.73163000771112,94.20329566634966,94.45300687700686,43949384.773049116,2022-09-23T16:00:00
2022-09-26T16:00:00,2022-09-26T09:30:00,94.50333134507495,95.69215709836848,93.78536929782906,94.97064477094548,45137698.47289182,2022-09-26T16:00:00
2022-09-27T16:00:00,2022-09-27T09:30:00,94.72575570473508,95.8611266148362,94.53596851074612,95.66944869068143,57998007.08823115,2022-09-27T16:00:00
2022-09-28T16:00:00,2022-09-28T09:30:00,95.79794612563892,96.64852659533288,95.37770485171504,96.22640577766849,39399471.709139675,2022-09-28T16:00:00
2022-09-29T16:00:00,2022-09-29T09:30:00,96.2077796604676,96.43647345340482,94.97283686743344,95.19913302448582,57042606.73391169,2022-09-29T16:00:00
2022-09-30T16:00:00,2022-09-30T09:30:00,95.05252595324067,95.19021709264288,94.02408557192052,94.16048451839754,58506071.37000479,2022-09-30T16:00:00
2022-10-03T16:00:00,2022-10-03T09:30:00,94.08565629885202,94.34083059645512,93.91434251572592,94.16936439529589,44226061.32322981,2022-10-03T16:00:00
2022-10-04T16:00:00,2022-10-04T09:30:00,94.0490668887893,94.18003376742115,93.66811341626513,93.79873169368064,53236609.64244554,2022-10-04T16:00:00
2022-10-05T16:00:00,2022-10-05T09:30:00,93.73762393983283,94.59792523272891,93.66808343146812,94.52779852279554,45106105.04513667,2022-10-05T16:00:00
2022-10-06T16:00:00,2022-10-06T09:30:00,94.54746988249423,94.5722204097454,94.39430738993902,94.41902429285238,41132588.228278466,2022-10-06T16:00:00
2022-10-07T16:00:00,2022-10-07T09:30:00,94.25243029462357,94.46367124301254,94.18043439533456,94.3915690608344,54837716.02200891,2022-10-07T16:00:00
2022-10-10T16:00:00,2022-10-10T09:30:00,94.60709785109505,95.01974202912129,94.25185969083451,94.66428912258347,44207317.14422858,2022-10-10T16:00:00
2022-10-11T16:00:00,2022-10-11T09:30:00,94.54879695620565,95.25932086332773,93.8867507731512,94.59693759164846,45337015.71477627,2022-10-11T16:00:00
2022-10-12T16:00:00,2022-10-12T09:30:00,94.51639606622243,95.13555942031542,93.93359778209862,94.55253827941009,34327397.00446691,2022-10-12T16:00:00
2022-10-13T16:00:00,2022-10-13T09:30:00,94.49758019798821,94.57781153875993,93.93388089785003,94.01370141070645,44490377.32994385,2022-10-13T16:00:00
2022-10-14T16:00:00,2022-10-14T09:30:00,94.02335031226932,94.39009738238168,92.85280429100658,93.21640378903017,40246721.03326012,2022-10-14T16:00:00
2022-10-17T16:00:00,2022-10-17T09:30:00,92.97229058895621,93.01456145128024,90.84752605941217,90.88884966267658,63909841.09942603,2022-10-17T16:00:00
2022-10-18T16:00:00,2022-10-18T09:30:00,91.03847542898322,91.2209559680262,89.61548134308043,89.79547036154742,53130726.366081394,2022-10-18T16:00:00
2022-10-19T16:00:00,2022-10-19T09:30:00,89.66909315778334,90.13298221183005,89.33468651526059,89.79809447936525,50453631.23109176,2022-10-19T16:00:00
2022-10-20T16:00:00,2022-10-20T09:30:00,89.63436198597394,89.9207179396862,88.58927828032795,88.87320254900703,51223869.255366676,2022-10-20T16:00:00
2022-10-21T16:00:00,2022-10-21T09:30:00,88.79182190612887,90.15776835423142,88.76159821963161,90.12709015820644,48141925.76276583,2022-10-21T16:00:00
2022-10-24T16:00:00,2022-10-24T09:30:00,90.19900565854385,91.44002236987937,89.86995646265288,91.10765837640308,55543214.50580054,2022-10-24T16:00:00
2022-10-25T16:00:00,2022-10-25T09:30:00,91.19205700674827,91.4448421736958,89.95897263228292,90.20903284780059,53968597.64472054,2022-10-25T16:00:00
2022-10-26T16:00:00,2022-10-26T09:30:00,90.27639054266926,90.93050276958105,90.13108642340329,90.7843810156287,48597862.64293699,2022-10-26T16:00:00
2022-10-27T16:00:00,2022-10-27T09:30:00,90.67967989460308,90.68048317333567,90.39741944620579,90.39822023165036,39572673.185175605,2022-10-27T16:00:00
2022-10-28T16:00:00,2022-10-28T09:30:00,90.44462303610287,90.6795741030823,89.6342333573516,89.86768569461763,38040007.3357801,2022-10-28T16:00:00
2022-10-31T16:00:00,2022-10-31T09:30:00,89.93092525403675,90.71636916784185,89.69131100892062,90.47530446490711,56477796.34066393,2022-10-31T16:00:00
2022-11-01T16:00:00,2022-11-01T09:30:00,90.35785910412623,90.4316102242218,89.18081888609991,89.25366875337724,59385287.07691215,2022-11-01T16:00:00
2022-11-02T16:00:00,2022-11-02T09:30:00,89.17124128781478,89.34301852119181,88.32289969574171,88.49337109705588,40796058.01540203,2022-11-02T16:00:00
2022-11-03T16:00:00,2022-11-03T09:30:00,88.30602700177052,88.87435339145186,86.82238066530657,87.384778013343,47839646.174580485,2022-11-03T16:00:00
2022-11-04T16:00:00,2022-11-04T09:30:00,87.20151402796496,87.52835997053492,86.75702474055971,87.0834280771229,41558666.68808908,2022-11-04T16:00:00
2022-11-07T16:00:00,2022-11-07T09:30:00,87.06728077869309,87.6002410705551,86.29521266383124,86.82670030328879,45424635.16474407,2022-11-07T16:00:00
2022-11-08T16:00:00,2022-11-08T09:30:00,86.72871457645574,87.60107826062679,86.43974987856227,87.31017623559212,54805470.82586025,2022-11-08T16:00:00
2022-11-09T16:00:00,2022-11-09T09:30:00,87.23677802954592,87.50455137180087,85.77046103703033,86.03454412158689,48865542.100420944,2022-11-09T16:00:00
2022-11-10T16:00:00,2022-11-10T09:30:00,85.9701258707312,86.2806160784329,85.3447002604234,85.6540489227775,57309251.40257726,2022-11-10T16:00:00
2022-11-11T16:00:00,2022-11-11T09:30:00,85.53420885078799,85.85944206221693,84.76975991936301,85.09331669309213,56583496.382051446,2022-11-11T16:00:00
2022-11-14T16:00:00,2022-11-14T09:30:00,85.10648668375951,86.51043736083464,84.81495378666325,86.21510687709913,57932365.69801422,2022-11-14T16:00:00
2022-11-15T16:00:00,2022-11-15T09:30:00,86.28749736019797,87.67292983136599,85.66632012421299,87.04629010320996,37946365.80481886,2022-11-15T16:00:00
2022-11-16T16:00:00,2022-11-16T09:30:00,87.11820181026887,87.48789337010554,86.8057631636462,87.17525012675766,56457252.74218316,2022-11-16T16:00:00
2022-11-17T16:00:00,2022-11-17T09:30:00,87.12322021317132,87.59761645453126,86.74326741472794,87.21725356752543,42942524.25660937,2022-11-17T16:00:00
2022-11-18T16:00:00,2022-11-18T09:30:00,87.20355811795048,89.26603092850645,86.68693844694934,88.74030710199055,53220831.81239995,2022-11-18T16:00:00
2022-11-21T16:00:00,2022-11-21T09:30:00,88.66253798416827,88.83291069101305,87.91133756662713,88.08059201414385,50970694.23934405,2022-11-21T16:00:00
2022-11-22T16:00:00,2022-11-22T09:30:00,88.11051689705603,88.2061202600066,86.24746322176907,86.3411467487859,57167891.081305,2022-11-22T16:00:00
2022-11-23T16:00:00,2022-11-23T09:30:00,86.37837449632698,87.45418079882556,86.23100644061427,87.3052314548714,57455663.44389155,2022-11-23T16:00:00
2022-11-25T13:00:00,2022-11-25T09:30:00,87.11523061922786,87.32154525416753,86.83631157476388,87.04245385279316,52710489.97403137,2022-11-25T13:00:00
2022-11-28T16:00:00,2022-11-28T09:30:00,87.00304523563229,87.00319504057137,85.97723564755113,85.97738368646966,56526520.725089,2022-11-28T16:00:00
2022-11-29T16:00:00,2022-11-29T09:30:00,86.0984824831949,86.29756534290233,85.67154489417923,85.8700996713703,54694280.9708094,2022-11-29T16:00:00
2022-11-30T16:00:00,2022-11-30T09:30:00,85.75709373618795,86.20759270444435,84.83831650414315,85.2863425232065,41777129.174347445,2022-11-30T16:00:00
2022-12-01T16:00:00,2022-12-01T09:30:00,85.25506787094271,85.92851968222816,84.94175818511276,85.6138913314965,47936658.35553067,2022-12-01T16:00:00
2022-12-02T16:00:00,2022-12-02T09:30:00,85.76638480798992,85.76680981332503,83.72037883596388,83.72079370461041,58817988.88402994,2022-12-02T16:00:00
2022-12-05T16:00:00,2022-12-05T09:30:00,83.78267739192685,84.4331416317236,83.68634554335485,84.33617338319786,52332064.74051137,2022-12-05T16:00:00
2022-12-06T16:00:00,2022-12-06T09:30:00,84.29164307324648,84.54070354252327,83.63980991952425,83.88767677062927,52587967.75909537,2022-12-06T16:00:00
2022-12-07T16:00:00,2022-12-07T09:30:00,83.81385628368767,84.41153831726065,82.62732826512485,83.22078104075678,37582736.63411105,2022-12-07T16:00:00
2022-12-08T16:00:00,2022-12-08T09:30:00,83.25116450185683,83.62882824768981,82.5581828031586,82.93440961006513,42646737.25239644,2022-12-08T16:00:00
2022-12-09T16:00:00,2022-12-09T09:30:00,83.02477179830012,83.2029527371806,82.08192087891578,82.25845721644758,38572654.67764709,2022-12-09T16:00:00
2022-12-12T16:00:00,2022-12-12T09:30:00,82.34128728456258,82.38037996303375,81.43203526001736,81.47071462193362,40231511.108254656,2022-12-12T16:00:00
2022-12-13T16:00:00,2022-12-13T09:30:00,81.36874636375941,82.10287273912601,81.15114218503933,81.8838909109873,43479811.213937216,2022-12-13T16:00:00
2022-12-14T16:00:00,2022-12-14T09:30:00,81.76061572740727,81.79300083493068,80.64354276291239,80.67549805894213,39871656.1641235,2022-12-14T16:00:00
2022-12-15T16:00:00,2022-12-15T09:30:00,80.74905830909535,81.07857113231798,80.07077868117607,80.39886245958418,41279703.80207291,2022-12-15T16:00:00
2022-12-16T16:00:00,2022-12-16T09:30:00,80.49686710975787,81.09262634584047,79.02849154313276,79.6177443708274,58581868.27383498,2022-12-16T16:00:00
2022-12-19T16:00:00,2022-12-19T09:30:00,79.53644070078128,79.5712575889715,78.55471179938584,78.58911399755956,51932641.79532897,2022-12-19T16:00:00
2022-12-20T16:00:00,2022-12-20T09:30:00,78.68018289308597,78.72619737312773,78.47168967536433,78.51760907746754,50462281.31209861,2022-12-20T16:00:00
2022-12-21T16:00:00,2022-12-21T09:30:00,78.43712856821527,78.55899431721072,76.9386793499346,77.05840300849326,51907780.775494,2022-12-21T16:00:00
2022-12-22T16:00:00,2022-12-22T09:30:00,76.9584472765327,77.17628953176079,74.63010668670445,74.84195790606911,50075937.13090879,2022-12-22T16:00:00
2022-12-23T16:00:00,2022-12-23T09:30:00,74.71528818750697,74.90975578799366,74.68071289180358,74.87510653464726,44258564.26187093,2022-12-23T16:00:00
2022-12-27T16:00:00,2022-12-27T09:30:00,74.96608488648009,75.38717512552265,73.67773426849905,74.09392552160692,42914260.428074315,2022-12-27T16:00:00
2022-12-28T16:00:00,2022-12-28T09:30:00,74.04085073284729,74.43371419006105,73.2198314189404,73.61041094693478,52500478.300107405,2022-12-28T16:00:00
2022-12-29T16:00:00,2022-12-29T09:30:00,73.70462006939998,74.51284401701042,73.22507577299362,74.03117505621744,56264384.00368928,2022-12-29T16:00:00
2022-12-30T16:00:00,2022-12-30T09:30:00,74.09933961559257,74.50418218443761,73.2382420081358,73.64057812847679,38972998.043216735,2022-12-30T16:00:00
2023-01-03T16:00:00,2023-01-03T09:30:00,73.7141518729404,74.23930668203546,73.29699418368018,73.82154126266468,52543653.48386622,2023-01-03T16:00:00
2023-01-04T16:00:00,2023-01-04T09:30:00,73.81249808462537,73.81394166077814,72.52790057863493,72.52931905921866,58895364.47354701,2023-01-04T16:00:00
2023-01-05T16:00:00,2023-01-05T09:30:00,72.52640463934978,72.70145969452892,71.8666087259352,72.04049094414344,42686525.466737084,2023-01-05T16:00:00
2023-01-06T16:00:00,2023-01-06T09:30:00,72.06220863964705,72.29985784335803,71.82346350802015,72.06110908558432,39036140.56056934,2023-01-06T16:00:00
2023-01-09T16:00:00,2023-01-09T09:30:00,72.04047847223265,72.95691469555611,71.96418550017246,72.87973292849982,44505575.721495345,2023-01-09T16:00:00
2023-01-10T16:00:00,2023-01-10T09:30:00,72.77195784617359,73.06704474021768,71.85071788540691,72.14325542044546,50560245.31767823,2023-01-10T16:00:00
2023-01-11T16:00:00,2023-01-11T09:30:00,72.18634650474087,72.26669731248984,71.39147736479843,71.47103195408334,56209436.14130449,2023-01-11T16:00:00
2023-01-12T16:00:00,2023-01-12T09:30:00,71.44628436031547,71.48573099014402,70.86395967833033,70.90310641097471,49019910.245373935,2023-01-12T16:00:00
2023-01-13T16:00:00,2023-01-13T09:30:00,70.94661483895877,71.23506544391883,70.89384162860722,71.18211705666698,43234450.085260294,2023-01-13T16:00:00
2023-01-17T16:00:00,2023-01-17T09:30:00,71.22583254388138,71.3272073650621,71.14606626987667,71.2474169185755,55907682.30315118,2023-01-17T16:00:00
2023-01-18T16:00:00,2023-01-18T09:30:00,71.11867813575815,71.41745442079683,70.27411188618153,70.57058558262923,43688488.393675596,2023-01-18T16:00:00
2023-01-19T16:00:00,2023-01-19T09:30:00,70.3004667084364,70.32840956358262,70.01337961747821,70.04121942765826,38757782.94139947,2023-01-19T16:00:00
2023-01-20T16:00:00,2023-01-20T09:30:00,70.0437665203295,70.35175940908374,68.96458798736174,69.26917488114442,48317677.73455369,2023-01-20T16:00:00
2023-01-23T16:00:00,2023-01-23T09:30:00,69.13684130560193,70.10205460760656,69.09702626973284,70.06170695326315,43198856.57129908,2023-01-23T16:00:00
2023-01-24T16:00:00,2023-01-24T09:30:00,70.04720199204024,70.36795396612659,69.88498434625677,70.20537002952851,48889203.60308318,2023-01-24T16:00:00
2023-01-25T16:00:00,2023-01-25T09:30:00,70.1814220137966,70.31227912785715,69.15631783201496,69.28550445861111,44231537.26747521,2023-01-25T16:00:00
2023-01-26T16:00:00,2023-01-26T09:30:00,69.27324638105624,69.28716157501594,69.2571092298513,69.27102397738788,33886147.801336855,2023-01-26T16:00:00
2023-01-27T16:00:00,2023-01-27T09:30:00,69.45960574439832,69.64705617798212,68.72184219666909,68.90780348311446,45278207.55248618,2023-01-27T16:00:00
2023-01-30T16:00:00,2023-01-30T09:30:00,68.96274350910552,69.41454555843998,67.92501811450144,68.37295623549824,57880380.42589344,2023-01-30T16:00:00
2023-01-31T16:00:00,2023-01-31T09:30:00,68.33247784966785,68.48581324024825,67.36511943892168,67.51662408576965,42711733.15449152,2023-01-31T16:00:00
2023-02-01T16:00:00,2023-02-01T09:30:00,67.4715771676878,67.75805340818015,66.30640072274406,66.58913019903397,53214684.51728953,2023-02-01T16:00:00
2023-02-02T16:00:00,2023-02-02T09:30:00,66.57066067424455,66.63422146638278,65.59509027286286,65.65777945801021,41184724.168841235,2023-02-02T16:00:00
2023-02-03T16:00:00,2023-02-03T09:30:00,65.72360154328251,65.91746293924349,64.97703856584593,65.16926486452293,53983542.67639802,2023-02-03T16:00:00
2023-02-06T16:00:00,2023-02-06T09:30:00,65.16220000243504,66.5357789096273,65.11466147420577,66.48727368517429,46717174.286166936,2023-02-06T16:00:00
2023-02-07T16:00:00,2023-02-07T09:30:00,66.4733467147766,66.8437899132124,65.60529271053021,65.97294727898648,45673274.861310884,2023-02-07T16:00:00
2023-02-08T16:00:00,2023-02-08T09:30:00,65.8223170870429,66.47047802330465,65.67677838643226,66.32383043433919,47120934.49715523,2023-02-08T16:00:00
2023-02-09T16:00:00,2023-02-09T09:30:00,66.28978439655987,66.49815582905974,64.87150070558057,65.07605697827695,54034613.15398096,2023-02-09T16:00:00
2023-02-10T16:00:00,2023-02-10T09:30:00,65.18295596247158,65.21156586200642,65.04624186858076,65.07480429852491,42611119.37516805,2023-02-10T16:00:00
2023-02-13T16:00:00,2023-02-13T09:30:00,65.164842768722,66.39066719657413,64.91709577952871,66.1392157868477,59266819.562638886,2023-02-13T16:00:00
2023-02-14T16:00:00,2023-02-14T09:30:00,66.05376778221193,66.22171910206052,65.7802678634893,65.94795012654477,35762976.99385927,2023-02-14T16:00:00
2023-02-15T16:00:00,2023-02-15T09:30:00,65.88492658414027,66.35588171370632,64.8076128060501,65.27420238939523,40026889.08047743,2023-02-15T16:00:00
2023-02-16T16:00:00,2023-02-16T09:30:00,65.32241564204162,66.8297154610901,64.82157881460083,66.32122064482708,60423392.82452426,2023-02-16T16:00:00
2023-02-17T16:00:00,2023-02-17T09:30:00,66.37324354158594,66.54365901599105,65.98851922860668,66.15838304164835,40906849.1405959,2023-02-17T16:00:00
2023-02-21T16:00:00,2023-02-21T09:30:00,66.08478106129174,66.95239054578789,65.87757317105537,66.74311844804743,43695927.57001959,2023-02-21T16:00:00
2023-02-22T16:00:00,2023-02-22T09:30:00,66.7561622449904,67.16923923660677,66.49376952769066,66.90625655647933,49339706.16054043,2023-02-22T16:00:00
2023-02-23T16:00:00,2023-02-23T09:30:00,66.92665345662235,67.04910699691095,65.41878691179124,65.53870096014101,44865354.45944134,2023-02-23T16:00:00
2023-02-24T16:00:00,2023-02-24T09:30:00,65.50198315858215,65.688363089737,65.48007105820327,65.66639598903184,43316969.35630439,2023-02-24T16:00:00
2023-02-27T16:00:00,2023-02-27T09:30:00,65.65169261870068,65.87039552907858,64.95085499780014,65.16794642343838,53197766.46722005,2023-02-27T16:00:00
2023-02-28T16:00:00,2023-02-28T09:30:00,65.22174937456666,65.49269106132148,65.07515103626622,65.34581386438533,46274128.62503169,2023-02-28T16:00:00
2023-03-01T16:00:00,2023-03-01T09:30:00,65.20110250846491,65.2220873890186,64.95200383137495,64.97291527019598,55826050.954097144,2023-03-01T16:00:00
2023-03-02T16:00:00,2023-03-02T09:30:00,64.87728245348413,65.40104281558318,64.79726363805761,65.32047736918177,46848706.19417032,2023-03-02T16:00:00
2023-03-03T16:00:00,2023-03-03T09:30:00,65.12049433809233,65.17324848842287,64.2335903168512,64.28566817402078,54816613.01285917,2023-03-03T16:00:00
2023-03-06T16:00:00,2023-03-06T09:30:00,64.41946408575988,64.98685941862456,61.287883561505076,61.832493309836444,61704421.36035558,2023-03-06T16:00:00
2023-03-07T16:00:00,2023-03-07T09:30:00,62.18100242454907,62.243923497492425,62.00895298263965,62.07176351652715,50695540.40790232,2023-03-07T16:00:00
2023-03-08T16:00:00,2023-03-08T09:30:00,62.08189708358515,62.601719802615676,61.25794111804929,61.77519577268663,46942163.0663481,2023-03-08T16:00:00
2023-03-09T16:00:00,2023-03-09T09:30:00,61.92021942520732,62.462187552665526,59.98937006687,60.51907441450317,55312007.61580884,2023-03-09T16:00:00
2023-03-10T16:00:00,2023-03-10T09:30:00,60.46789306327894,60.631139116331966,59.36214941565943,59.522844106256116,41561759.14866245,2023-03-10T16:00:00
2023-03-13T16:00:00,2023-03-13T09:30:00,59.2080663950501,60.490994390530226,58.634462058801184,59.91058410319694,41320000.43702678,2023-03-13T16:00:00
2023-03-14T16:00:00,2023-03-14T09:30:00,59.87357569008282,59.97986910528713,59.73660826630128,59.84284712916515,49984770.67447273,2023-03-14T16:00:00
2023-03-15T16:00:00,2023-03-15T09:30:00,29.81331636633497,30.040454512623313,29.508428551872495,29.73496980067133,38149369.93016439,2023-03-15T16:00:00
2023-03-16T16:00:00,2023-03-16T09:30:00,29.669513907638507,30.11469958104802,29.55213487504874,29.996028784780414,49162598.39275186,2023-03-16T16:00:00
2023-03-17T16:00:00,2023-03-17T09:30:00,29.916303290483754,30.0781279640962,29.076098989908697,29.234234183253918,42192975.46544462,2023-03-17T16:00:00
2023-03-20T16:00:00,2023-03-20T09:30:00,29.166646039807848,29.292593462184335,28.955414908102632,29.080992461162197,41946674.09667977,2023-03-20T16:00:00
2023-03-21T16:00:00,2023-03-21T09:30:00,29.092267469089837,29.204049834944065,28.424120102003556,28.53375647906931,52591470.99324604,2023-03-21T16:00:00
2023-03-22T16:00:00,2023-03-22T09:30:00,28.483416465761476,28.549522812181607,28.3613885936105,28.427364851442487,56667435.88495249,2023-03-22T16:00:00
2023-03-23T16:00:00,2023-03-23T09:30:00,28.458521410235054,28.741837519938542,28.29870647042984,28.581332905800345,39319455.81874551,2023-03-23T16:00:00
2023-03-24T16:00:00,2023-03-24T09:30:00,28.649639249217575,28.665507292543545,28.013420644220638,28.02894490643866,44942856.97004767,2023-03-24T16:00:00
2023-03-27T16:00:00,2023-03-27T09:30:00,28.025107008683918,28.572672226380348,27.630002072402217,28.175447748911182,40683302.12064184,2023-03-27T16:00:00
2023-03-28T16:00:00,2023-03-28T09:30:00,28.08342965756105,29.438919749887162,27.782471764608715,29.126780717718447,57124770.57128875,2023-03-28T16:00:00
2023-03-29T16:00:00,2023-03-29T09:30:00,29.11701417525309,29.781686463685023,28.9012198108564,29.56258981317489,60126529.49097473,2023-03-29T16:00:00
2023-03-30T16:00:00,2023-03-30T09:30:00,29.63590001134061,29.704274252353333,29.27801441609292,29.34571916858421,42511112.908761345,2023-03-30T16:00:00
2023-03-31T16:00:00,2023-03-31T09:30:00,29.43820971645622,30.123141736810602,28.993733788387587,29.675089257890754,51161377.51085769,2023-03-31T16:00:00
2023-04-03T16:00:00,2023-04-03T09:30:00,29.602478978031453,29.820989405380207,28.907104290217944,29.122068572560387,52281552.6301619,2023-04-03T16:00:00
2023-04-04T16:00:00,2023-04-04T09:30:00,29.131018208066813,29.591269813293437,28.899633910993703,29.358081975068988,56753662.20784139,2023-04-04T16:00:00
2023-04-05T16:00:00,2023-04-05T09:30:00,29.39535702930549,30.285732938348577,29.36663346213947,30.256168232618023,51370251.76956252,2023-04-05T16:00:00
2023-04-06T16:00:00,2023-04-06T09:30:00,30.26412016306373,30.46796532682935,29.55860801463567,29.759051267119816,54542662.88604741,2023-04-06T16:00:00
2023-04-10T16:00:00,2023-04-10T09:30:00,29.82409954790368,30.005969369448806,28.7042751329157,28.88039013655065,56113511.14263758,2023-04-10T16:00:00
2023-04-11T16:00:00,2023-04-11T09:30:00,28.942025701181446,29.193470720137896,28.465337018947853,28.71480799639535,47766120.71964985,2023-04-11T16:00:00
2023-04-12T16:00:00,2023-04-12T09:30:00,28.61500236013887,29.17970561267206,28.582869478146453,29.14697535782806,44452692.71376126,2023-04-12T16:00:00
2023-04-13T16:00:00,2023-04-13T09:30:00,29.097569510741103,29.17424536588528,28.39394146515327,28.468960855272375,57273488.58814574,2023-04-13T16:00:00
2023-04-14T16:00:00,2023-04-14T09:30:00,28.522051978682317,28.796687369526698,27.79847785647185,28.06874844235892,52209911.570259824,2023-04-14T16:00:00
2023-04-17T16:00:00,2023-04-17T09:30:00,28.005126385243663,28.466786385976018,27.947016209997233,28.407840585407858,46168779.505325966,2023-04-17T16:00:00
2023-04-18T16:00:00,2023-04-18T09:30:00,28.443185703679248,28.48489044615856,27.405574368338154,27.44581672130174,54223114.33619807,2023-04-18T16:00:00
2023-04-19T16:00:00,2023-04-19T09:30:00,27.5152365177953,27.64965893453182,27.075322295773603,27.208244941662986,58952367.48739,2023-04-19T16:00:00
2023-04-20T16:00:00,2023-04-20T09:30:00,27.15256349042454,28.53034529913448,26.692172304758948,28.05465844657571,55129599.21144689,2023-04-20T16:00:00
2023-04-21T16:00:00,2023-04-21T09:30:00,28.08216659413314,28.520103974927824,28.052943889188274,28.49045639776295,59240602.05046136,2023-04-21T16:00:00
2023-04-24T16:00:00,2023-04-24T09:30:00,28.56376657299601,28.9737896795514,28.49625671216494,28.90547220465516,56275847.69779103,2023-04-24T16:00:00
2023-04-25T16:00:00,2023-04-25T09:30:00,28.881698587396787,29.647786397509755,28.49288960794096,29.25396590956597,41485836.73164614,2023-04-25T16:00:00
2023-04-26T16:00:00,2023-04-26T09:30:00,29.39275254105917,29.409203519953184,29.080361420141667,29.096646670037426,53670438.2488687,2023-04-26T16:00:00
2023-04-27T16:00:00,2023-04-27T09:30:00,29.12790189411649,29.440347838862344,28.69068533232934,29.00177838946563,53455235.91939432,2023-04-27T16:00:00
2023-04-28T16:00:00,2023-04-28T09:30:00,28.88640915637277,29.507110223878612,28.727572637318378,29.34574795730704,57426100.51647589,2023-04-28T16:00:00
2023-05-01T16:00:00,2023-05-01T09:30:00,29.38353901848746,29.481386041671712,28.59416801229722,28.68970457058932,59519091.104823835,2023-05-01T16:00:00
2023-05-02T16:00:00,2023-05-02T09:30:00,28.651277488228832,29.72237974455864,28.46954183794525,29.535038380515147,57807039.038471594,2023-05-02T16:00:00
2023-05-03T16:00:00,2023-05-03T09:30:00,29.482331853457467,29.578664598984368,29.457288132040453,29.553560372611383,36128409.9896336,2023-05-03T16:00:00
2023-05-04T16:00:00,2023-05-04T09:30:00,29.487691246682843,29.70126320903495,28.967274095895206,29.178607441659192,57985660.232907005,2023-05-04T16:00:00
2023-05-05T16:00:00,2023-05-05T09:30:00,29.20110333457717,29.927685164562266,29.10486769629551,29.829378970720825,49634055.32959049,2023-05-05T16:00:00
2023-05-08T16:00:00,2023-05-08T09:30:00,29.798580246446292,30.919796659420026,29.32176559265426,30.432833163549475,48069818.49245651,2023-05-08T16:00:00
2023-05-09T16:00:00,2023-05-09T09:30:00,30.339085739269816,30.877418004101767,30.272474264142495,30.80977310364534,61664870.640744366,2023-05-09T16:00:00
2023-05-10T16:00:00,2023-05-10T09:30:00,30.711702727759715,31.104854887797742,30.561613042631354,30.95358312063611,38906089.64419551,2023-05-10T16:00:00
2023-05-11T16:00:00,2023-05-11T09:30:00,30.917197947740405,31.335798244858296,30.533313457240897,30.951487990816513,55177280.59685815,2023-05-11T16:00:00
2023-05-12T16:00:00,2023-05-12T09:30:00,30.889352485927265,31.321738963666597,30.854797305785937,31.28673923646793,55609166.17174179,2023-05-12T16:00:00
2023-05-15T16:00:00,2023-05-15T09:30:00,31.22097877793747,31.40173430991337,31.11845039914303,31.298949877313927,55755855.853788614,2023-05-15T16:00:00
2023-05-16T16:00:00,2023-05-16T09:30:00,31.291552117132976,31.395177421766306,30.841246964490296,30.943720387336928,57687284.34078654,2023-05-16T16:00:00
2023-05-17T16:00:00,2023-05-17T09:30:00,30.829789530910325,30.978022441653238,30.34129401055831,30.48788299828702,40700958.209070124,2023-05-17T16:00:00
2023-05-18T16:00:00,2023-05-18T09:30:00,30.385166054796997,30.91693810879073,30.311981724150854,30.842651898523698,48339239.320296004,2023-05-18T16:00:00
2023-05-19T16:00:00,2023-05-19T09:30:00,30.901546651740656,31.519489412713902,30.750679884396266,31.366353377460705,42470838.12517368,2023-05-19T16:00:00
2023-05-22T16:00:00,2023-05-22T09:30:00,31.50931681191209,31.592010372914064,31.284653122963856,31.366973114863548,57872267.0401759,2023-05-22T16:00:00
2023-05-23T16:00:00,2023-05-23T09:30:00,31.36559805353418,31.536761124454625,29.723186271422243,29.886276638104395,56630311.94968048,2023-05-23T16:00:00
2023-05-24T16:00:00,2023-05-24T09:30:00,30.094764913771474,30.269872793038683,29.81288089525352,29.98736385615088,50098243.437980965,2023-05-24T16:00:00
2023-05-25T16:00:00,2023-05-25T09:30:00,29.961404287265598,30.220314509338415,29.747969363087094,30.006557925889748,45328763.14192893,2023-05-25T16:00:00
2023-05-26T16:00:00,2023-05-26T09:30:00,30.055746698280533,30.86585889523784,28.61602600483857,29.40869787160618,63452930.59234129,2023-05-26T16:00:00
2023-05-30T16:00:00,2023-05-30T09:30:00,29.51848541660673,30.677028209505398,28.861178331107304,30.008802909282835,56957645.92683848,2023-05-30T16:00:00
2023-05-31T16:00:00,2023-05-31T09:30:00,29.96752414311616,30.083609060556633,29.909226972310027,30.025199690916672,44862862.279569924,2023-05-31T16:00:00
2023-06-01T16:00:00,2023-06-01T09:30:00,30.14982417798881,30.552158623314185,29.889077921016483,30.29019836115825,42520391.9367471,2023-06-01T16:00:00
2023-06-02T16:00:00,2023-06-02T09:30:00,30.27617830169537,31.140323891754257,30.220513564998534,31.08317543796941,55968293.31863137,2023-06-02T16:00:00
2023-06-05T16:00:00,2023-06-05T09:30:00,31.244361102750698,32.01654157035013,31.062057730532967,31.830816371938663,50516147.5986209,2023-06-05T16:00:00
2023-06-06T16:00:00,2023-06-06T09:30:00,31.724568881996348,32.47386112051919,31.538235493258906,32.28424051572906,46411870.62182359,2023-06-06T16:00:00
2023-06-07T16:00:00,2023-06-07T09:30:00,32.16936102609293,32.756734162526634,31.832792079984365,32.41756837017834,53719996.60125427,2023-06-07T16:00:00
2023-06-08T16:00:00,2023-06-08T09:30:00,32.606749710526316,32.982052533608346,32.39252736671267,32.76677881819747,46877661.268594146,2023-06-08T16:00:00
2023-06-09T16:00:00,2023-06-09T09:30:00,32.78267210844677,33.04798039592798,31.977761281403886,32.23866696643307,45070368.65389537,2023-06-09T16:00:00
2023-06-12T16:00:00,2023-06-12T09:30:00,32.17088261617254,32.924865748856064,32.138197968390806,32.89144902730339,54794601.08180109,2023-06-12T16:00:00
2023-06-13T16:00:00,2023-06-13T09:30:00,33.05067857721053,33.20658577883106,32.19248582501011,32.34506449232713,59190646.85229041,2023-06-13T16:00:00
2023-06-14T16:00:00,2023-06-14T09:30:00,32.341440205124705,32.65401800960437,31.99132969988563,32.30354121320413,54986905.09376863,2023-06-14T16:00:00
2023-06-15T16:00:00,2023-06-15T09:30:00,32.284476260208116,32.50373391050724,31.506967414420764,31.722407818160978,58177557.17494502,2023-06-15T16:00:00
2023-06-16T16:00:00,2023-06-16T09:30:00,31.4778713964052,31.516704950752015,30.883095113261454,30.921241966180542,42357482.66007296,2023-06-16T16:00:00
2023-06-20T16:00:00,2023-06-20T09:30:00,30.93783402525171,30.980354791246416,29.829680559349995,29.870734710706788,68246570.7771737,2023-06-20T16:00:00
2023-06-21T16:00:00,2023-06-21T09:30:00,29.817932614958277,30.321656470785335,29.59413323820923,30.095771764070232,42765984.55293652,2023-06-21T16:00:00
2023-06-22T16:00:00,2023-06-22T09:30:00,30.133432704792153,30.230621428565442,29.6386807516112,29.734583074098442,55474409.16055539,2023-06-22T16:00:00
2023-06-23T16:00:00,2023-06-23T09:30:00,29.74191454203021,29.80682078687445,29.638428315954815,29.70325018296411,37121525.96929141,2023-06-23T16:00:00
2023-06-26T16:00:00,2023-06-26T09:30:00,29.65996015407169,29.82720142812496,29.59355218868858,29.76056820364377,49333470.52423817,2023-06-26T16:00:00
2023-06-27T16:00:00,2023-06-27T09:30:00,29.76204689489559,30.298197975040583,29.538896257914608,30.07271798044263,46651853.395355634,2023-06-27T16:00:00
2023-06-28T16:00:00,2023-06-28T09:30:00,30.07823175859285,30.666824241838988,29.968820187536302,30.555675935792877,39944897.488233864,2023-06-28T16:00:00
2023-06-29T16:00:00,2023-06-29T09:30:00,30.639304183190788,30.954565021568477,30.414005400164143,30.728609552900632,51941171.46854285,2023-06-29T16:00:00
2023-06-30T16:00:00,2023-06-30T09:30:00,30.649256413631505,30.825831301040086,30.213313547995803,30.388385519702215,39129651.685702495,2023-06-30T16:00:00
2023-07-03T13:00:00,2023-07-03T09:30:00,30.40482568924851,30.63978336525504,29.910027758016984,30.142961843384214,58602285.23470888,2023-07-03T13:00:00
2023-07-05T16:00:00,2023-07-05T09:30:00,30.179775598439424,30.539281135283925,29.88168160935612,30.240586500109032,35708415.637554064,2023-07-05T16:00:00
2023-07-06T16:00:00,2023-07-06T09:30:00,30.338403969672626,30.575104943215532,29.796605514058612,30.030907391741696,41399138.22297691,2023-07-06T16:00:00
2023-07-07T16:00:00,2023-07-07T09:30:00,30.01677583933179,30.154437382615804,29.3821964897763,29.51756859196715,58145358.020798825,2023-07-07T16:00:00
2023-07-10T16:00:00,2023-07-10T09:30:00,29.341498205236476,29.49929817769661,28.62937101123617,28.784173665824007,51684312.64087724,2023-07-10T16:00:00
2023-07-11T16:00:00,2023-07-11T09:30:00,28.698947904641454,28.99997136189868,28.29678025409267,28.59673156346097,46845034.02505278,2023-07-11T16:00:00
2023-07-12T16:00:00,2023-07-12T09:30:00,28.608322011610937,28.690515732040833,28.56920072610769,28.651335626313855,36449837.676193446,2023-07-12T16:00:00
2023-07-13T16:00:00,2023-07-13T09:30:00,28.721934523781204,29.00713501208079,28.673337566271837,28.95813840217919,58412222.45565773,2023-07-13T16:00:00
2023-07-14T16:00:00,2023-07-14T09:30:00,28.80728090628935,29.181777305470163,27.67124287514894,28.035708790015992,57271713.85524352,2023-07-14T16:00:00
2023-07-17T16:00:00,2023-07-17T09:30:00,28.172342547874546,28.25337126408037,27.94154366774817,28.022140375533844,40684928.586059354,2023-07-17T16:00:00
2023-07-18T16:00:00,2023-07-18T09:30:00,27.9473399069105,28.042806092026996,27.47047601743098,27.56463490867521,42845988.34353458,2023-07-18T16:00:00
2023-07-19T16:00:00,2023-07-19T09:30:00,27.57283543390552,27.670795087016533,27.558267185168177,27.65618280127101,49935502.35183778,2023-07-19T16:00:00
2023-07-20T16:00:00,2023-07-20T09:30:00,27.563506871027226,27.782103429139095,27.42014021753471,27.638347505465724,35618830.995484814,2023-07-20T16:00:00
2023-07-21T16:00:00,2023-07-21T09:30:00,27.572419815282565,27.70508754426576,27.153570162205085,27.28485423780008,38349622.92378344,2023-07-21T16:00:00
2023-07-24T16:00:00,2023-07-24T09:30:00,27.226983215486943,27.54704587197514,27.048637730905224,27.367778135448418,43128684.3540801,2023-07-24T16:00:00
2023-07-25T16:00:00,2023-07-25T09:30:00,27.364823468791975,28.62864737317738,27.14194048476217,28.397354555625373,68334488.32736221,2023-07-25T16:00:00
2023-07-26T16:00:00,2023-07-26T09:30:00,28.43734594775388,28.747311349287656,27.775267975764205,28.081353075891773,40183735.11540032,2023-07-26T16:00:00
2023-07-27T16:00:00,2023-07-27T09:30:00,28.166369066510185,28.69862910091353,28.042121833419085,28.57258994992669,59153347.3501804,2023-07-27T16:00:00
2023-07-28T16:00:00,2023-07-28T09:30:00,28.458324922914148,28.844019060805696,28.29851089417949,28.68294363592238,44900606.032606654,2023-07-28T16:00:00
2023-07-31T16:00:00,2023-07-31T09:30:00,28.604511851033795,29.07091807018527,28.45142033362466,28.91615861743042,48852358.65092902,2023-07-31T16:00:00
2023-08-01T16:00:00,2023-08-01T09:30:00,28.955785534078334,29.050717119296735,28.85246355657797,28.947367543401626,47677621.60571995,2023-08-01T16:00:00
2023-08-02T16:00:00,2023-08-02T09:30:00,28.84852646926652,30.05293748176562,28.543463419502935,29.738463658343047,50801893.47776032,2023-08-02T16:00:00
2023-08-03T16:00:00,2023-08-03T09:30:00,29.755253556411077,30.09636641292853,29.667334293767265,30.007701231135485,44652390.99038474,2023-08-03T16:00:00
2023-08-04T16:00:00,2023-08-04T09:30:00,29.973616170802316,30.129595689466786,29.582171551024263,29.736919324411183,40056985.453940265,2023-08-04T16:00:00
2023-08-07T16:00:00,2023-08-07T09:30:00,29.623080373266507,29.866986500930686,29.356638201951736,29.60035723521041,53311246.55610797,2023-08-07T16:00:00
2023-08-08T16:00:00,2023-08-08T09:30:00,29.658291774195593,29.718528720253328,29.16021045738219,29.21955631759337,40982616.97208627,2023-08-08T16:00:00
2023-08-09T16:00:00,2023-08-09T09:30:00,29.328317325892275,29.36964683412892,29.034211801321906,29.075184594538413,44826413.995117225,2023-08-09T16:00:00
2023-08-10T16:00:00,2023-08-10T09:30:00,28.994115293012936,29.84779305659126,28.841781061885012,29.691793245966803,59332501.271567464,2023-08-10T16:00:00
2023-08-11T16:00:00,2023-08-11T09:30:00,29.53420291784033,29.87974659152567,28.60385444997668,28.942475037703225,55569347.18923356,2023-08-11T16:00:00
2023-08-14T16:00:00,2023-08-14T09:30:00,28.863322838164258,29.126925932734387,28.418903688416563,28.6808402047083,36106741.27342839,2023-08-14T16:00:00
2023-08-15T16:00:00,2023-08-15T09:30:00,28.607094535011946,28.96700164742152,28.006142529439256,28.362978406112628,54607441.530168794,2023-08-15T16:00:00
2023-08-16T16:00:00,2023-08-16T09:30:00,28.37055488989898,29.113644283502772,28.07616067775083,28.814641890681806,39522553.27019257,2023-08-16T16:00:00
2023-08-17T16:00:00,2023-08-17T09:30:00,28.871567033515795,28.96820589505644,28.5681899305128,28.66413447413292,49973921.72999644,2023-08-17T16:00:00
2023-08-18T16:00:00,2023-08-18T09:30:00,28.71724930602274,29.378926253166036,28.468042051471496,29.126170396131727,50550758.18929619,2023-08-18T16:00:00
2023-08-21T16:00:00,2023-08-21T09:30:00,29.12013324998713,29.134844722472,28.651019896287572,28.66550168920196,57623428.16473173,2023-08-21T16:00:00
2023-08-22T16:00:00,2023-08-22T09:30:00,28.7479381380722,28.832428683324054,28.716273389736244,28.800705813422915,46328762.16227257,2023-08-22T16:00:00
2023-08-23T16:00:00,2023-08-23T09:30:00,28.69086539410184,28.834963325209767,27.780710303685307,27.92094134331734,47029639.72076228,2023-08-23T16:00:00
2023-08-24T16:00:00,2023-08-24T09:30:00,27.74224033862844,27.947814107510492,27.690981192081527,27.896270360751757,42948318.65141642,2023-08-24T16:00:00
2023-08-25T16:00:00,2023-08-25T09:30:00,27.943265851752283,28.627910896252548,27.906847216392563,28.59064852295733,63653145.93297922,2023-08-25T16:00:00
2023-08-28T16:00:00,2023-08-28T09:30:00,28.565541033221397,28.78456039093338,28.0019795545437,28.2183368080687,49930915.40597839,2023-08-28T16:00:00
2023-08-29T16:00:00,2023-08-29T09:30:00,28.229018053559546,28.566352424667674,27.995759088768096,28.332240523144492,40496969.82492168,2023-08-29T16:00:00
2023-08-30T16:00:00,2023-08-30T09:30:00,28.484215781928793,28.976005973690363,28.22092892887251,28.71062635015156,53750025.7448686,2023-08-30T16:00:00
2023-08-31T16:00:00,2023-08-31T09:30:00,28.760770465711,29.2546827200175,28.42958660197316,28.92164635037654,57028280.19051581,2023-08-31T16:00:00
2023-09-01T16:00:00,2023-09-01T09:30:00,28.85505461970826,28.908780021014145,28.28826053815305,28.341028871799494,44704009.53479605,2023-09-01T16:00:00
2023-09-05T16:00:00,2023-09-05T09:30:00,28.359192483978198,28.969388735400926,28.087282500170435,28.694266042140114,51232819.004449226,2023-09-05T16:00:00
2023-09-06T16:00:00,2023-09-06T09:30:00,28.720896649680533,29.348348050853517,28.595937128757917,29.22121174778749,44114832.69406791,2023-09-06T16:00:00
2023-09-07T16:00:00,2023-09-07T09:30:00,29.16777819936288,29.547708588775922,28.02913143339266,28.399048590475786,50809267.762487836,2023-09-07T16:00:00
2023-09-08T16:00:00,2023-09-08T09:30:00,28.413329315809776,28.775097574057064,28.397667371176418,28.75924495442327,56842446.83414341,2023-09-08T16:00:00
2023-09-11T16:00:00,2023-09-11T09:30:00,28.743720331695048,28.79352096070899,28.64335498531835,28.693067855156947,40199262.91768299,2023-09-11T16:00:00
2023-09-12T16:00:00,2023-09-12T09:30:00,28.692291070515854,28.82429298796997,28.646458397831925,28.77832288923741,40333500.56223,2023-09-12T16:00:00
2023-09-13T16:00:00,2023-09-13T09:30:00,28.732010644099798,28.768558921894048,28.59567208234555,28.632093261193887,36929685.00136136,2023-09-13T16:00:00
2023-09-14T16:00:00,2023-09-14T09:30:00,28.655673891005485,28.822504649498327,28.587023852014624,28.753619962331292,39854775.672246635,2023-09-14T16:00:00
2023-09-15T16:00:00,2023-09-15T09:30:00,28.71395378124076,28.81151328594578,28.545520970699698,28.642838852908632,53858233.27837408,2023-09-15T16:00:00
2023-09-18T16:00:00,2023-09-18T09:30:00,28.70018200525873,28.763379301535906,28.68290090188685,28.74607056750344,46177484.66246526,2023-09-18T16:00:00
2023-09-19T16:00:00,2023-09-19T09:30:00,28.771706459494254,29.293888511436307,28.57796651340258,29.097951728638208,42626840.27581183,2023-09-19T16:00:00
2023-09-20T16:00:00,2023-09-20T09:30:00,29.079544743227363,29.56327191692737,28.64358292591539,29.12660457651916,42564475.824701115,2023-09-20T16:00:00
2023-09-21T16:00:00,2023-09-21T09:30:00,29.122537574292483,29.673651602231455,28.95290811620856,29.501812986293825,41142529.98336442,2023-09-21T16:00:00
2023-09-22T16:00:00,2023-09-22T09:30:00,29.479399972597015,29.644670673197513,29.13678985253757,29.301060727769688,57592787.403083496,2023-09-22T16:00:00
2023-09-25T16:00:00,2023-09-25T09:30:00,29.332779076886062,29.489580839459844,29.275123283551256,29.431730549529878,51154911.213249095,2023-09-25T16:00:00
2023-09-26T16:00:00,2023-09-26T09:30:00,29.43022436009341,29.704383758761185,29.303059929177035,29.5765869130008,51917868.14126921,2023-09-26T16:00:00
2023-09-27T16:00:00,2023-09-27T09:30:00,29.547386709436072,29.690721433752465,29.376127146602375,29.519325746855575,53248604.820226006,2023-09-27T16:00:00
2023-09-28T16:00:00,2023-09-28T09:30:00,29.554884293699228,29.800679974695182,29.401406127789162,29.64672488169376,39996656.06129731,2023-09-28T16:00:00
2023-09-29T16:00:00,2023-09-29T09:30:00,29.687733072697323,29.76684322504471,29.611260963773706,29.69036433829038,43558190.3467066,2023-09-29T16:00:00
2023-10-02T16:00:00,2023-10-02T09:30:00,29.626591784576032,29.79314726765649,29.57255368176568,29.738904309835103,47563265.24597955,2023-10-02T16:00:00
2023-10-03T16:00:00,2023-10-03T09:30:00,29.716229081078087,29.848431513320556,29.169639195101627,29.299989850034514,54107566.763348594,2023-10-03T16:00:00
2023-10-04T16:00:00,2023-10-04T09:30:00,29.271342037907928,29.5794907544147,29.131509840349302,29.438858314453597,41560343.1461106,2023-10-04T16:00:00
2023-10-05T16:00:00,2023-10-05T09:30:00,29.501029572940144,29.520815899160567,29.41178284227607,29.431522550170044,52760097.60864707,2023-10-05T16:00:00
2023-10-06T16:00:00,2023-10-06T09:30:00,29.406393832978814,29.629607572373004,29.108237049651006,29.330877571286734,36195919.94790233,2023-10-06T16:00:00
2023-10-09T16:00:00,2023-10-09T09:30:00,29.279807973107737,29.435155702571098,29.17804370953651,29.33320585049895,36274806.36325666,2023-10-09T16:00:00
2023-10-10T16:00:00,2023-10-10T09:30:00,29.233879881402512,29.31474566607213,29.04286250714366,29.12342274897318,51977836.342841364,2023-10-10T16:00:00
2023-10-11T16:00:00,2023-10-11T09:30:00,29.135272998845103,29.299802678982235,28.97947133670509,29.14395459178862,41844645.58136336,2023-10-11T16:00:00
2023-10-12T16:00:00,2023-10-12T09:30:00,29.167016543147774,29.418604147772918,29.070373579654532,29.321449481042663,50523194.89491817,2023-10-12T16:00:00
2023-10-13T16:00:00,2023-10-13T09:30:00,29.383002673978527,29.39415259184622,29.21561907297082,29.226709682603865,45002029.13883132,2023-10-13T16:00:00
2023-10-16T16:00:00,2023-10-16T09:30:00,29.1607384805702,29.38550161556665,28.767488949979004,28.990943349740995,53509744.2310325,2023-10-16T16:00:00
2023-10-17T16:00:00,2023-10-17T09:30:00,29.067890555136024,29.214582920246723,28.998640445417372,29.145148753871847,37946662.29342897,2023-10-17T16:00:00
2023-10-18T16:00:00,2023-10-18T09:30:00,29.19027064947554,30.03729718716094,29.187500837784842,30.03444727308582,47955603.002967104,2023-10-18T16:00:00
2023-10-19T16:00:00,2023-10-19T09:30:00,30.116793043894877,30.365892418014436,30.04971045016877,30.29840529844556,51089856.636816554,2023-10-19T16:00:00
2023-10-20T16:00:00,2023-10-20T09:30:00,30.386392035036152,30.43709535699157,29.979923938399192,30.030032632156725,40898909.77481554,2023-10-20T16:00:00
2023-10-23T16:00:00,2023-10-23T09:30:00,30.003123303451005,30.02035793443121,29.69816042240102,29.715229679252527,53476994.34766938,2023-10-23T16:00:00
2023-10-24T16:00:00,2023-10-24T09:30:00,29.677322796857556,30.280099825586422,29.62724950522757,30.22909555112396,48883217.3167738,2023-10-24T16:00:00
2023-10-25T16:00:00,2023-10-25T09:30:00,30.234164261042995,30.345345823757764,29.947269229541476,30.05780224764679,41578202.40501344,2023-10-25T16:00:00
2023-10-26T16:00:00,2023-10-26T09:30:00,30.10478278418811,30.868182749839395,29.903780325012466,30.66345020147688,47187221.34368667,2023-10-26T16:00:00
2023-10-27T16:00:00,2023-10-27T09:30:00,30.64591102387492,30.738037202889544,30.62938426882164,30.721469700483716,49144691.462738745,2023-10-27T16:00:00
2023-10-30T16:00:00,2023-10-30T09:30:00,30.651364194913132,30.98227114242539,30.42605663861445,30.756193025718755,54349237.943696216,2023-10-30T16:00:00
2023-10-31T16:00:00,2023-10-31T09:30:00,30.86641447606109,31.102007959786164,30.668494388462392,30.90384784380874,56636942.062790744,2023-10-31T16:00:00
2023-11-01T16:00:00,2023-11-01T09:30:00,30.834659110677986,30.93652924395991,30.823509166289934,30.92534650662228,45913675.53081149,2023-11-01T16:00:00
2023-11-02T16:00:00,2023-11-02T09:30:00,30.863642495640434,30.874658426817483,30.36957684831138,30.380420306573775,51337753.423485756,2023-11-02T16:00:00
2023-11-03T16:00:00,2023-11-03T09:30:00,30.384299365314103,30.44649590060113,30.038551704003364,30.100166620735955,39138695.200258434,2023-11-03T16:00:00
2023-11-06T16:00:00,2023-11-06T09:30:00,30.124874647865383,30.65424162355409,30.122120145877965,30.651438974561867,60333886.23164779,2023-11-06T16:00:00
2023-11-07T16:00:00,2023-11-07T09:30:00,30.672730752296523,30.848962436983744,30.488075344585752,30.66425835067231,45209463.779934786,2023-11-07T16:00:00
2023-11-08T16:00:00,2023-11-08T09:30:00,30.695204249664805,31.084468676502848,30.633605443843607,31.022213631769993,40971246.86946141,2023-11-08T16:00:00
2023-11-09T16:00:00,2023-11-09T09:30:00,31.04468497575845,31.585723373488246,30.94084935833492,31.480430312187195,52139427.4026096,2023-11-09T16:00:00
2023-11-10T16:00:00,2023-11-10T09:30:00,31.42812243056663,31.505739999850835,30.91483228450261,30.991371215769245,52990703.51022681,2023-11-10T16:00:00
2023-11-13T16:00:00,2023-11-13T09:30:00,31.024810196920264,31.158323716608137,30.693785392073877,30.82644525944877,57642888.69830983,2023-11-13T16:00:00
2023-11-14T16:00:00,2023-11-14T09:30:00,30.82871051417751,30.89635377777441,30.8003993190883,30.868006495668272,46353853.54168678,2023-11-14T16:00:00
2023-11-15T16:00:00,2023-11-15T09:30:00,30.806079092583538,30.924632158427755,30.473566321868912,30.59129281150241,40454039.32646871,2023-11-15T16:00:00
2023-11-16T16:00:00,2023-11-16T09:30:00,30.65191533337902,30.806365800585347,30.19247005028664,30.345375910686606,47782976.434621766,2023-11-16T16:00:00
2023-11-17T16:00:00,2023-11-17T09:30:00,30.351912828295216,30.52925865564752,30.286862478302368,30.46396814821153,35225007.62807687,2023-11-17T16:00:00
2023-11-20T16:00:00,2023-11-20T09:30:00,30.4656820649951,30.789045231081516,30.303422910084855,30.62593258750488,35845573.71198974,2023-11-20T16:00:00
2023-11-21T16:00:00,2023-11-21T09:30:00,30.59183213936729,30.623021883596703,30.574713312315776,30.60589518703022,45718232.438346244,2023-11-21T16:00:00
2023-11-22T16:00:00,2023-11-22T09:30:00,30.63108187792744,30.8348759674407,30.26756925849768,30.470293594682644,53697334.40972557,2023-11-22T16:00:00
2023-11-24T13:00:00,2023-11-24T09:30:00,30.48855461295451,30.535403635307624,30.382896199759575,30.429654715933328,41253164.7544736,2023-11-24T13:00:00
2023-11-27T16:00:00,2023-11-27T09:30:00,30.404818947111664,30.65508996260222,30.280592616375205,30.530350740992386,39255926.067986146,2023-11-27T16:00:00
2023-11-28T16:00:00,2023-11-28T09:30:00,30.59738228793666,30.81535094075551,30.54070341245345,30.758373843018568,35856687.31803272,2023-11-28T16:00:00
2023-11-29T16:00:00,2023-11-29T09:30:00,30.746986725347472,31.169848399861714,30.737684251451455,31.16042084183597,43070867.698792875,2023-11-29T16:00:00
2023-11-30T16:00:00,2023-11-30T09:30:00,31.181432650055843,31.619645488578666,31.06887789531422,31.5059194428387,55479119.364758894,2023-11-30T16:00:00
2023-12-01T16:00:00,2023-12-01T09:30:00,31.569177112335662,31.663684262544223,31.20487023627595,31.29856727463114,49878642.12986458,2023-12-01T16:00:00
2023-12-04T16:00:00,2023-12-04T09:30:00,31.334363885498902,31.723559756006185,31.213877749236048,31.60204434134483,47569600.68926688,2023-12-04T16:00:00
2023-12-05T16:00:00,2023-12-05T09:30:00,31.56577611930362,32.05031028912629,31.3148693201701,31.797561101333972,40385728.28585849,2023-12-05T16:00:00
2023-12-06T16:00:00,2023-12-06T09:30:00,31.767606991620585,32.10494505304947,31.557747187059693,31.894248641816677,54118000.38636566,2023-12-06T16:00:00
2023-12-07T16:00:00,2023-12-07T09:30:00,31.915104669490553,32.45685602106557,31.836806765090913,32.37742390052193,50952045.538335435,2023-12-07T16:00:00
2023-12-08T16:00:00,2023-12-08T09:30:00,32.35155541422244,32.843283981591895,32.1343600361572,32.62425778906827,57331051.57537597,2023-12-08T16:00:00
2023-12-11T16:00:00,2023-12-11T09:30:00,32.59477069881726,32.67439827041206,32.26765902546416,32.346680523822435,44127724.08279206,2023-12-11T16:00:00
2023-12-12T16:00:00,2023-12-12T09:30:00,32.36921914790046,33.03279890962782,32.04403308702725,32.704247107310394,45561673.416837685,2023-12-12T16:00:00
2023-12-13T16:00:00,2023-12-13T09:30:00,32.70661951422812,33.14277920593995,32.375575320427785,32.81068173320411,42155923.871951945,2023-12-13T16:00:00
2023-12-14T16:00:00,2023-12-14T09:30:00,32.8850255305264,33.66361391694203,32.58520880334489,33.35947160789324,49852812.681061596,2023-12-14T16:00:00
2023-12-15T16:00:00,2023-12-15T09:30:00,33.46923868473057,33.90917522515441,33.365298699480284,33.80419502034874,59573533.9282095,2023-12-15T16:00:00
2023-12-18T16:00:00,2023-12-18T09:30:00,33.73365890280468,34.80996733767692,33.39072866829061,34.45965674131905,50397294.04345302,2023-12-18T16:00:00
2023-12-19T16:00:00,2023-12-19T09:30:00,34.508556327309094,34.76291317776653,34.50463334333905,34.75896172733846,49842219.62622158,2023-12-19T16:00:00
2023-12-20T16:00:00,2023-12-20T09:30:00,34.72927162165867,35.792648074747014,34.46765748345715,35.52503945105317,61836908.64964423,2023-12-20T16:00:00
2023-12-21T16:00:00,2023-12-21T09:30:00,35.558399275433466,35.811422053463765,35.162755433666064,35.41475609038419,48253294.44464458,2023-12-21T16:00:00
2023-12-22T16:00:00,2023-12-22T09:30:00,35.373403935404305,35.670518654223365,35.292996711705314,35.58961995027252,57133697.585964136,2023-12-22T16:00:00
2023-12-26T16:00:00,2023-12-26T09:30:00,35.695704680918446,36.712577576806545,35.608915134901316,36.623532136854756,56074259.64094533,2023-12-26T16:00:00
2023-12-27T16:00:00,2023-12-27T09:30:00,36.601828003282115,36.90885944061458,35.99145407941417,36.29591942770751,48493473.261754975,2023-12-27T16:00:00
2023-12-28T16:00:00,2023-12-28T09:30:00,36.34789249508803,36.456494548808024,36.122100535956555,36.230351394489006,42650603.99803903,2023-12-28T16:00:00
2023-12-29T16:00:00,2023-12-29T09:30:00,36.2779633857319,36.52912221569259,36.183478702635036,36.434230540273184,51214179.00452091,2023-12-29T16:00:00
2024-01-02T16:00:00,2024-01-02T09:30:00,36.3248643070729,36.99561310838695,35.96170886103174,36.62941295721084,46507992.82681735,2024-01-02T16:00:00
2024-01-03T16:00:00,2024-01-03T09:30:00,36.726328294753365,36.89259090842506,36.35896813327066,36.52431622440858,47854345.35470771,2024-01-03T16:00:00
2024-01-04T16:00:00,2024-01-04T09:30:00,36.53588144865096,36.918619052690275,36.473318667354924,36.85550895229821,39274423.78274437,2024-01-04T16:00:00
2024-01-05T16:00:00,2024-01-05T09:30:00,36.818423024727764,37.27711874236734,36.727835881418805,37.18562813662402,53131326.350335084,2024-01-05T16:00:00
2024-01-08T16:00:00,2024-01-08T09:30:00,37.27319956016035,37.28323736967928,36.82860157173432,36.83852232107651,52302766.36881685,2024-01-08T16:00:00
2024-01-09T16:00:00,2024-01-09T09:30:00,36.85428743198783,37.375237204089096,36.837277728868735,37.3579950201074,49914397.58081045,2024-01-09T16:00:00
2024-01-10T16:00:00,2024-01-10T09:30:00,37.344939005596515,37.41639009761119,37.138653546553655,37.209846168988356,41076561.41563829,2024-01-10T16:00:00
2024-01-11T16:00:00,2024-01-11T09:30:00,37.25716439794256,37.40562589031805,36.968576915740655,37.11647780340777,40464553.617821544,2024-01-11T16:00:00
2024-01-12T16:00:00,2024-01-12T09:30:00,37.082885412686224,37.127177153721206,36.78767833789522,36.83167002766251,52383554.25992307,2024-01-12T16:00:00
2024-01-16T16:00:00,2024-01-16T09:30:00,36.89660028771219,36.900702821803584,36.67841934812822,36.68249807618831,51861816.64295243,2024-01-16T16:00:00
2024-01-17T16:00:00,2024-01-17T09:30:00,36.758679176639106,37.09369149791674,36.04643697037162,36.377979661314455,58075856.43042504,2024-01-17T16:00:00
2024-01-18T16:00:00,2024-01-18T09:30:00,36.32604784741595,36.50119901331167,36.25526622716708,36.43021442358294,43790805.60769983,2024-01-18T16:00:00
2024-01-19T16:00:00,2024-01-19T09:30:00,36.41916238683276,36.5909147122166,36.21566655470458,36.38726846876,47762614.08752469,2024-01-19T16:00:00
2024-01-22T16:00:00,2024-01-22T09:30:00,36.38375093451191,36.85703004800568,36.20983217232045,36.681687114575205,55463619.34803275,2024-01-22T16:00:00
2024-01-23T16:00:00,2024-01-23T09:30:00,36.6400036861933,36.8913936236601,36.14628941111673,36.39600525622873,37714275.81564633,2024-01-23T16:00:00
2024-01-24T16:00:00,2024-01-24T09:30:00,36.42863753084376,37.24647754422219,36.12821758354612,36.94182543526139,51677451.13027938,2024-01-24T16:00:00
2024-01-25T16:00:00,2024-01-25T09:30:00,37.16415096130035,37.463373730300674,37.09268094748618,37.39146656807504,36032523.03937831,2024-01-25T16:00:00
2024-01-26T16:00:00,2024-01-26T09:30:00,37.37784683255985,37.489829800134245,36.87933924518499,36.99016071616501,38508176.0348655,2024-01-26T16:00:00
2024-01-29T16:00:00,2024-01-29T09:30:00,37.10072545863491,37.83812799772149,36.84542781659692,37.579535565895526,58609754.73221795,2024-01-29T16:00:00
2024-01-30T16:00:00,2024-01-30T09:30:00,37.636416178583694,38.07684952155264,37.518790351408356,37.95821796097642,44074555.740800224,2024-01-30T16:00:00
2024-01-31T16:00:00,2024-01-31T09:30:00,38.06781548177639,38.18750498168353,37.236063507015224,37.353507141038016,49912306.637063876,2024-01-31T16:00:00
2024-02-01T16:00:00,2024-02-01T09:30:00,37.35467261717253,37.406325799221946,37.299025690527806,37.35067334247216,38681218.636379555,2024-02-01T16:00:00
2024-02-02T16:00:00,2024-02-02T09:30:00,37.3030235688429,37.35085960823295,37.22357381990488,37.271369266970595,49878445.809083484,2024-02-02T16:00:00
2024-02-05T16:00:00,2024-02-05T09:30:00,37.28034988336364,37.54020908470566,36.98653175645787,37.246152588747705,49704161.4336455,2024-02-05T16:00:00
2024-02-06T16:00:00,2024-02-06T09:30:00,37.228871213128436,37.56870811423552,37.22539921898689,37.56520475336049,53388245.94959804,2024-02-06T16:00:00
2024-02-07T16:00:00,2024-02-07T09:30:00,37.63633991561341,38.81854468300148,37.52721965974575,38.706322192959604,49987274.83351489,2024-02-07T16:00:00
2024-02-08T16:00:00,2024-02-08T09:30:00,38.705199993689675,39.0829229994556,38.6689642229662,39.04636782773653,53732030.33948898,2024-02-08T16:00:00
2024-02-09T16:00:00,2024-02-09T09:30:00,39.22583511914719,39.276789375746056,38.86914798126105,38.91970457508875,49171718.81391359,2024-02-09T16:00:00
2024-02-12T16:00:00,2024-02-12T09:30:00,38.89452164723093,39.25316346729361,38.66797853368702,39.025855393684,53072867.18072763,2024-02-12T16:00:00
2024-02-13T16:00:00,2024-02-13T09:30:00,38.9991628369843,39.352260494359,38.43436131101212,38.78552469280893,46878479.52822639,2024-02-13T16:00:00
2024-02-14T16:00:00,2024-02-14T09:30:00,38.8300262263712,39.00659418316656,38.651503332947534,38.828062359645,39581576.04059523,2024-02-14T16:00:00
2024-02-15T16:00:00,2024-02-15T09:30:00,38.72144273335996,38.76137833709026,38.539622490588776,38.57941160962547,40766034.09392001,2024-02-15T16:00:00
2024-02-16T16:00:00,2024-02-16T09:30:00,38.56267679607575,38.56591560187245,37.944158457052964,37.94734558235268,56706452.56237197,2024-02-16T16:00:00
2024-02-20T16:00:00,2024-02-20T09:30:00,37.93357430585956,38.68431809077841,37.899034198235356,38.649126442974335,55358815.793253794,2024-02-20T16:00:00
2024-02-21T16:00:00,2024-02-21T09:30:00,38.70564226865193,39.03495620418379,37.861896683738046,38.18679619198156,43981612.53035724,2024-02-21T16:00:00
2024-02-22T16:00:00,2024-02-22T09:30:00,38.23625513125084,38.2498420630105,38.220336348887315,38.233922451748924,42611895.37802268,2024-02-22T16:00:00
2024-02-23T16:00:00,2024-02-23T09:30:00,38.19899558142576,38.66661001085812,37.21526265885241,37.676480702906844,57680642.82482843,2024-02-23T16:00:00
2024-02-26T16:00:00,2024-02-26T09:30:00,37.63761878541077,37.77282708224126,36.73689266247001,36.86934102040288,43557163.43443819,2024-02-26T16:00:00
2024-02-27T16:00:00,2024-02-27T09:30:00,36.899528655864835,36.996609668952516,36.542374179360074,36.638769145814365,52247038.14275991,2024-02-27T16:00:00
2024-02-28T16:00:00,2024-02-28T09:30:00,36.61435685607841,36.993003051619795,36.43317751956354,36.81085139840013,46846015.90226295,2024-02-28T16:00:00
2024-02-29T16:00:00,2024-02-29T09:30:00,36.78292426689208,36.828244243477684,36.521310489461925,36.566363643259834,38480374.89089837,2024-02-29T16:00:00
2024-03-01T16:00:00,2024-03-01T09:30:00,36.55285404670611,36.9881530672832,36.48289991856497,36.917501084862316,55679766.24218462,2024-03-01T16:00:00
2024-03-04T16:00:00,2024-03-04T09:30:00,36.804269005558524,37.77397749627145,36.60337155864418,37.5689062490296,43528166.4083621,2024-03-04T16:00:00
2024-03-05T16:00:00,2024-03-05T09:30:00,37.57200332174509,37.66837159414429,36.772525591307016,36.86708582379736,57889598.44986263,2024-03-05T16:00:00
2024-03-06T16:00:00,2024-03-06T09:30:00,36.93313014572914,37.0991138598536,36.816229411271635,36.9820582581467,46696231.834615976,2024-03-06T16:00:00
2024-03-07T16:00:00,2024-03-07T09:30:00,36.932617074505636,37.47019020787379,36.637662431242475,37.17331329445182,47950802.53285709,2024-03-07T16:00:00
2024-03-08T16:00:00,2024-03-08T09:30:00,37.120367363963716,37.384235033951704,36.1520191073782,36.41084317169336,56710529.79618309,2024-03-08T16:00:00
2024-03-11T16:00:00,2024-03-11T09:30:00,36.393087846007695,36.61033652654454,36.2123954990679,36.429463573452516,37976087.30055989,2024-03-11T16:00:00
2024-03-12T16:00:00,2024-03-12T09:30:00,36.43706119997997,36.55091882200133,36.18424790598648,36.297669961735636,49801830.46056367,2024-03-12T16:00:00
2024-03-13T16:00:00,2024-03-13T09:30:00,36.3055345218631,36.49628862815263,35.65699320437305,35.84532933139374,57188978.439941734,2024-03-13T16:00:00
2024-03-14T16:00:00,2024-03-14T09:30:00,35.761430696745116,35.82862934407701,35.53196512185771,35.598858282352865,48136925.82627117,2024-03-14T16:00:00
2024-03-15T16:00:00,2024-03-15T09:30:00,35.6554128045813,36.07319092816647,35.55887925548739,35.975789989124166,40141330.53257636,2024-03-15T16:00:00
2024-03-18T16:00:00,2024-03-18T09:30:00,35.982008287924025,36.24013868876588,35.96042145313299,36.21841002850258,45927101.52408884,2024-03-18T16:00:00
2024-03-19T16:00:00,2024-03-19T09:30:00,36.258611587036896,36.37154351594854,36.09032588385515,36.203084867934656,44542051.426515676,2024-03-19T16:00:00
2024-03-20T16:00:00,2024-03-20T09:30:00,36.24942416445929,36.45018062032811,35.9008000726154,36.100733047772636,37997483.68436862,2024-03-20T16:00:00
2024-03-21T16:00:00,2024-03-21T09:30:00,36.15994146508176,36.264394473661575,35.3768268579633,35.479313779026086,47353108.969793536,2024-03-21T16:00:00
2024-03-22T16:00:00,2024-03-22T09:30:00,35.42961111613383,35.78546571531969,35.382065240328764,35.73750664946462,50020767.83006068,2024-03-22T16:00:00
2024-03-25T16:00:00,2024-03-25T09:30:00,35.59506351963403,35.59940739366517,34.97021573640131,34.974483877464856,45862849.37968629,2024-03-25T16:00:00
2024-03-26T16:00:00,2024-03-26T09:30:00,35.032406747412054,35.34803710361025,34.2909479884724,34.60270689160358,47989097.29177618,2024-03-26T16:00:00
2024-03-27T16:00:00,2024-03-27T09:30:00,34.64416466838624,34.86554101094034,34.58880487144651,34.809916350363565,46107379.774548225,2024-03-27T16:00:00
2024-03-28T16:00:00,2024-03-28T09:30:00,34.746229642215354,34.86842572417222,34.35124735653506,34.472480713994536,58722383.89405196,2024-03-28T16:00:00
2024-04-01T16:00:00,2024-04-01T09:30:00,34.46235515040921,35.07094876108047,34.41174592947595,35.01952132137719,41605401.61115301,2024-04-01T16:00:00
2024-04-02T16:00:00,2024-04-02T09:30:00,35.01099033826472,35.52407126162694,34.855938424504906,35.367440748753744,49735644.89561019,2024-04-02T16:00:00
2024-04-03T16:00:00,2024-04-03T09:30:00,35.433480296818786,35.60532402111529,35.40194599806429,35.573664963936366,43990494.081991054,2024-04-03T16:00:00
2024-04-04T16:00:00,2024-04-04T09:30:00,35.544231441220425,35.918418068210535,35.433841264082474,35.8072111516008,52352535.0991887,2024-04-04T16:00:00
2024-04-05T16:00:00,2024-04-05T09:30:00,35.672136534785565,35.82172362380707,35.01365149621538,35.161095592572515,42249740.52227216,2024-04-05T16:00:00
2024-04-08T16:00:00,2024-04-08T09:30:00,35.17665792515815,35.325519766385135,34.043493618244746,34.188172350805246,64880790.21597947,2024-04-08T16:00:00
2024-04-09T16:00:00,2024-04-09T09:30:00,34.24397930762928,34.5747488027511,34.22394214547232,34.55452992826779,46649528.7576398,2024-04-09T16:00:00
2024-04-10T16:00:00,2024-04-10T09:30:00,34.62713462201609,34.915528361114276,33.59303561123166,33.875166548432134,54809008.04714876,2024-04-10T16:00:00
2024-04-11T16:00:00,2024-04-11T09:30:00,33.82539911015187,34.02114027902699,32.841315567302324,33.032468195371436,46773758.74202959,2024-04-11T16:00:00
2024-04-12T16:00:00,2024-04-12T09:30:00,32.97839619415836,32.98557457698138,32.5340353224942,32.54111852341383,51504707.97215674,2024-04-12T16:00:00
2024-04-15T16:00:00,2024-04-15T09:30:00,32.49567456287414,32.51808563325216,32.4388133251562,32.4612006201251,54540820.32765275,2024-04-15T16:00:00
2024-04-16T16:00:00,2024-04-16T09:30:00,32.433841756657,32.56938781688968,32.37192741982217,32.50733318914083,53765079.43918912,2024-04-16T16:00:00
2024-04-17T16:00:00,2024-04-17T09:30:00,32.57077444512449,33.55974939669118,32.52313791661135,33.51073812019701,57293237.63550016,2024-04-17T16:00:00
2024-04-18T16:00:00,2024-04-18T09:30:00,33.4690509322281,33.520757707901964,33.362560499309886,33.414182508035715,50601503.07682035,2024-04-18T16:00:00
2024-04-19T16:00:00,2024-04-19T09:30:00,33.363080116458725,33.39685753793804,33.00781005604585,33.04126166235683,43269524.15943483,2024-04-19T16:00:00
2024-04-22T16:00:00,2024-04-22T09:30:00,33.04482089596162,33.13448460844696,32.05578849356924,32.143005222258346,60638996.58561596,2024-04-22T16:00:00
2024-04-23T16:00:00,2024-04-23T09:30:00,32.20212036021567,32.27912184270711,31.0500124100126,31.124436943538804,47605689.7770173,2024-04-23T16:00:00
2024-04-24T16:00:00,2024-04-24T09:30:00,31.082651128028296,31.41926739910969,31.00132455764642,31.33727461608921,46491502.50496851,2024-04-24T16:00:00
2024-04-25T16:00:00,2024-04-25T09:30:00,31.38465395070624,31.425387247548667,31.00341209663603,31.04370288227215,49550903.31022773,2024-04-25T16:00:00
2024-04-26T16:00:00,2024-04-26T09:30:00,31.044403820846977,31.78585659693178,30.933324268926558,31.67252955700275,49501824.39106622,2024-04-26T16:00:00
2024-04-29T16:00:00,2024-04-29T09:30:00,31.706669883570395,31.93166225630561,30.908590091489625,31.129486739077443,46787133.73014956,2024-04-29T16:00:00
2024-04-30T16:00:00,2024-04-30T09:30:00,31.15116275351279,31.40698120551591,31.124578847927058,31.380201841624427,42671427.87663118,2024-04-30T16:00:00
2024-05-01T16:00:00,2024-05-01T09:30:00,31.37793402464523,31.752719526227825,30.984846387986856,31.359410641883287,43579717.65149981,2024-05-01T16:00:00
2024-05-02T16:00:00,2024-05-02T09:30:00,31.303415286332044,31.43006819298777,31.295395153940756,31.422017673916894,40430247.54191998,2024-05-02T16:00:00
2024-05-03T16:00:00,2024-05-03T09:30:00,31.405701838628882,31.52320324183678,31.395247774430214,31.512713556483256,52178024.288584895,2024-05-03T16:00:00
2024-05-06T16:00:00,2024-05-06T09:30:00,31.49707985669527,31.53567498262512,31.277534493159497,31.315907618657125,41154890.13211677,2024-05-06T16:00:00
2024-05-07T16:00:00,2024-05-07T09:30:00,31.27067749430618,32.40208095391429,31.256017275517987,32.38689743247261,68206738.6770109,2024-05-07T16:00:00
2024-05-08T16:00:00,2024-05-08T09:30:00,32.41108292897487,33.00757611000894,32.33077720942594,32.925994581476736,61889075.7423267,2024-05-08T16:00:00
2024-05-09T16:00:00,2024-05-09T09:30:00,33.00092484219415,33.33017928496268,32.90115936694093,33.22972212999855,46875425.954187915,2024-05-09T16:00:00
2024-05-10T16:00:00,2024-05-10T09:30:00,33.20355116090077,33.77881162251055,33.00483171196572,33.577852025789916,57589456.445265934,2024-05-10T16:00:00
2024-05-13T16:00:00,2024-05-13T09:30:00,33.5353412658244,33.653383556415285,33.38030572754023,33.49821734426375,55582257.37428977,2024-05-13T16:00:00
2024-05-14T16:00:00,2024-05-14T09:30:00,33.42032937087052,33.54766374925934,33.32683978524972,33.45407975077394,43280301.057857774,2024-05-14T16:00:00
2024-05-15T16:00:00,2024-05-15T09:30:00,33.41387127414838,33.98093808494258,33.38819132503705,33.954842377050134,39971753.062159605,2024-05-15T16:00:00
2024-05-16T16:00:00,2024-05-16T09:30:00,33.94578687002224,34.11639275206943,33.88158214880856,34.05198716468236,52780354.36825097,2024-05-16T16:00:00
2024-05-17T16:00:00,2024-05-17T09:30:00,34.16078323841105,34.29077200823067,33.90862183760715,34.038143939802474,36180132.85465669,2024-05-17T16:00:00
2024-05-20T16:00:00,2024-05-20T09:30:00,34.066719880585886,34.09256079919379,33.9637126724622,33.98949501303489,47270409.40248006,2024-05-20T16:00:00
2024-05-21T16:00:00,2024-05-21T09:30:00,34.060368093772496,34.746132058731966,33.874314522952645,34.557363666956036,49154583.27750464,2024-05-21T16:00:00
2024-05-22T16:00:00,2024-05-22T09:30:00,34.515625557761155,34.655920073928236,34.37408992615285,34.51437937701045,33829489.625452586,2024-05-22T16:00:00
2024-05-23T16:00:00,2024-05-23T09:30:00,34.40135575863118,34.52323475829967,34.20103263032418,34.322632725737634,56550601.077443734,2024-05-23T16:00:00
2024-05-24T16:00:00,2024-05-24T09:30:00,34.336603147146256,34.47066950215555,34.32290161683281,34.45691996113857,55599149.66473479,2024-05-24T16:00:00
2024-05-28T16:00:00,2024-05-28T09:30:00,34.36026013927015,34.47968983939427,33.78056306488425,33.89838738354477,39772061.06567879,2024-05-28T16:00:00
2024-05-29T16:00:00,2024-05-29T09:30:00,33.927779272480834,34.320557087501584,33.8089407163326,34.20076235573084,49142594.31234483,2024-05-29T16:00:00
2024-05-30T16:00:00,2024-05-30T09:30:00,34.2200266124442,35.111723695636464,34.057219692609316,34.94546539177638,56173699.040777676,2024-05-30T16:00:00
2024-05-31T16:00:00,2024-05-31T09:30:00,34.99541554340757,35.142371104440905,34.815845981324216,34.962664009484534,35973965.42476776,2024-05-31T16:00:00
2024-06-03T16:00:00,2024-06-03T09:30:00,34.95670049196321,35.012151334483285,34.51777876907537,34.572620355949525,60050054.57661517,2024-06-03T16:00:00
2024-06-04T16:00:00,2024-06-04T09:30:00,34.69349256023887,35.42644905242718,34.22640650173161,34.955831073291186,46116961.88758968,2024-06-04T16:00:00
2024-06-05T16:00:00,2024-06-05T09:30:00,35.019000472719874,35.64438372778013,34.796057190734345,35.418894579169766,43266049.3606328,2024-06-05T16:00:00
2024-06-06T16:00:00,2024-06-06T09:30:00,35.459557273416436,35.60330298856132,35.3009495364937,35.44463475884925,44821655.278322674,2024-06-06T16:00:00
2024-06-07T16:00:00,2024-06-07T09:30:00,35.40120406537174,35.8572697057942,35.26585433820903,35.72069845299876,54024272.00134653,2024-06-07T16:00:00
2024-06-10T16:00:00,2024-06-10T09:30:00,35.74461908647838,35.7855205705112,35.52781608713367,35.56851606181388,43374646.617507905,2024-06-10T16:00:00
2024-06-11T16:00:00,2024-06-11T09:30:00,35.524101157871215,35.657326575675995,35.00591837864416,35.13769466290138,49530607.726360254,2024-06-11T16:00:00
2024-06-12T16:00:00,2024-06-12T09:30:00,35.0965494031956,35.152196427664514,34.274371018036604,34.328800745390176,52994403.98926649,2024-06-12T16:00:00
2024-06-13T16:00:00,2024-06-13T09:30:00,34.28329171877224,34.36699022687597,34.043575098670885,34.126891775238455,49363903.09121304,2024-06-13T16:00:00
2024-06-14T16:00:00,2024-06-14T09:30:00,34.10472711652717,34.985981140485066,33.86147778338613,34.738213514517966,48610380.339487664,2024-06-14T16:00:00
2024-06-17T16:00:00,2024-06-17T09:30:00,34.80896635632912,34.95005046368996,34.59134684156112,34.73211948110406,37866263.00564352,2024-06-17T16:00:00
2024-06-18T16:00:00,2024-06-18T09:30:00,34.71345861413317,34.767423819773626,34.52547781209245,34.57923435400162,54210529.35262236,2024-06-18T16:00:00
2024-06-20T16:00:00,2024-06-20T09:30:00,34.63584498335517,34.67143838746701,34.61603674637548,34.651621128111394,34989968.77315201,2024-06-20T16:00:00
2024-06-21T16:00:00,2024-06-21T09:30:00,34.61875964136839,34.95015262180988,34.117220042664876,34.44696852834258,40694612.633106746,2024-06-21T16:00:00
2024-06-24T16:00:00,2024-06-24T09:30:00,34.47206611243294,34.52513568583287,34.30205870052823,34.35494797113529,50204449.400677204,2024-06-24T16:00:00
2024-06-25T16:00:00,2024-06-25T09:30:00,34.252042267208104,34.488502619053854,34.075163071309326,34.3113173239075,49684185.192854635,2024-06-25T16:00:00
2024-06-26T16:00:00,2024-06-26T09:30:00,34.31411515707497,34.392017466977734,34.16978431342617,34.24753546945437,48425272.75509397,2024-06-26T16:00:00
2024-06-27T16:00:00,2024-06-27T09:30:00,34.222046927038775,34.85264150452367,33.65114269346314,34.280757834915605,49172287.771008134,2024-06-27T16:00:00
2024-06-28T16:00:00,2024-06-28T09:30:00,34.31852190236292,35.064788888741525,34.14480120657305,34.88818455499481,57658548.88261669,2024-06-28T16:00:00
2024-07-01T16:00:00,2024-07-01T09:30:00,34.90468883829891,35.27624449093303,34.86900974849934,35.240222423347085,43658078.64365276,2024-07-01T16:00:00
2024-07-02T16:00:00,2024-07-02T09:30:00,35.28241836011666,35.56940925379279,35.16539188953131,35.451820900481465,41567068.12170569,2024-07-02T16:00:00
2024-07-03T13:00:00,2024-07-03T09:30:00,35.4607471825542,35.5447696497285,35.123183426997024,35.2066037139313,50879546.59862818,2024-07-03T13:00:00
2024-07-05T16:00:00,2024-07-05T09:30:00,35.22753554658224,35.462517815615755,34.54029770574116,34.77224298460127,47366556.8263496,2024-07-05T16:00:00
2024-07-08T16:00:00,2024-07-08T09:30:00,34.72576700824927,35.096126559959295,34.70527564936191,35.07542886879216,44694436.663985506,2024-07-08T16:00:00
2024-07-09T16:00:00,2024-07-09T09:30:00,35.04513476064365,35.12414987771751,34.484385054826234,34.56231156626366,54261058.17203988,2024-07-09T16:00:00
2024-07-10T16:00:00,2024-07-10T09:30:00,34.55294043778294,34.601016290939434,34.33983663584324,34.387682554481,41263539.96298744,2024-07-10T16:00:00
2024-07-11T16:00:00,2024-07-11T09:30:00,34.453862782979385,34.46777890995,34.1301386565148,34.143929599567436,50212185.65960678,2024-07-11T16:00:00
2024-07-12T16:00:00,2024-07-12T09:30:00,34.16696131267313,34.17016949466916,33.897063549305145,33.9002466875447,53742026.764319636,2024-07-12T16:00:00
2024-07-15T16:00:00,2024-07-15T09:30:00,33.87705258700672,34.88160096762688,33.67755576987841,34.67739107868381,61593641.16165685,2024-07-15T16:00:00
2024-07-16T16:00:00,2024-07-16T09:30:00,34.64589467193783,35.05162620392649,34.543571680429544,34.94840976603163,49908576.1366516,2024-07-16T16:00:00
2024-07-17T16:00:00,2024-07-17T09:30:00,34.915661587219525,35.60215356855594,34.66289564165644,35.34627030501083,55551771.0196643,2024-07-17T16:00:00
2024-07-18T16:00:00,2024-07-18T09:30:00,35.32106926183318,35.46390989681,35.13036771142336,35.27301400791818,36556782.35179935,2024-07-18T16:00:00
2024-07-19T16:00:00,2024-07-19T09:30:00,35.31423277009508,35.620553975056296,34.80920315828702,35.113785653456645,43021731.27982479,2024-07-19T16:00:00
2024-07-22T16:00:00,2024-07-22T09:30:00,35.16562726073233,35.53907444693148,34.84317567225471,35.216159502531994,44710124.660346955,2024-07-22T16:00:00
2024-07-23T16:00:00,2024-07-23T09:30:00,35.27208502767626,35.468307247455726,35.23130819285895,35.42735091512811,37716227.64934275,2024-07-23T16:00:00
2024-07-24T16:00:00,2024-07-24T09:30:00,35.337829224674586,35.730085140197986,35.11502459125631,35.506218812240114,47222244.38888621,2024-07-24T16:00:00
2024-07-25T16:00:00,2024-07-25T09:30:00,35.40901439059221,36.3113349766222,35.39173298144917,36.29362183382543,46843219.225580506,2024-07-25T16:00:00
2024-07-26T16:00:00,2024-07-26T09:30:00,36.18989996573634,36.51408009244732,36.019306567149826,36.342766107325694,37781797.836366005,2024-07-26T16:00:00
2024-07-29T16:00:00,2024-07-29T09:30:00,36.38005447297002,36.735747133944294,36.14786767124022,36.50277708515137,47589350.0893308,2024-07-29T16:00:00
2024-07-30T16:00:00,2024-07-30T09:30:00,36.54365970578073,36.74625948416071,36.279654199949086,36.481911644153946,42771731.78065367,2024-07-30T16:00:00
2024-07-31T16:00:00,2024-07-31T09:30:00,36.520856163499566,36.62939362306939,35.91033144295646,36.017372584137846,54939385.39530792,2024-07-31T16:00:00
2024-08-01T16:00:00,2024-08-01T09:30:00,36.012155060371356,36.287188233738455,35.95469538968246,36.22938196378844,47833090.5714371,2024-08-01T16:00:00
2024-08-02T16:00:00,2024-08-02T09:30:00,36.11968749410635,36.29084967503895,36.113877381234204,36.285012968368996,52376004.291346446,2024-08-02T16:00:00
2024-08-05T16:00:00,2024-08-05T09:30:00,36.3789396279359,36.38094945190625,35.746681310793264,35.74865631355864,48205864.39344996,2024-08-05T16:00:00
2024-08-06T16:00:00,2024-08-06T09:30:00,35.82353968614757,36.17025354745378,35.11106360368026,35.45420288273256,43421462.84708263,2024-08-06T16:00:00
2024-08-07T16:00:00,2024-08-07T09:30:00,35.452441702872555,35.87635141531044,35.347701635047315,35.77067117594854,37832146.175726384,2024-08-07T16:00:00
2024-08-08T16:00:00,2024-08-08T09:30:00,35.75326308917106,35.884537745069785,35.668475227770514,35.799639902356525,39932162.43247853,2024-08-08T16:00:00
2024-08-09T16:00:00,2024-08-09T09:30:00,35.8035803458517,35.850147847627575,34.77219499711655,34.81747993910375,60896032.30867506,2024-08-09T16:00:00
2024-08-12T16:00:00,2024-08-12T09:30:00,34.738274364151586,35.020925412895004,34.480540232781685,34.763007776596055,44588752.169593796,2024-08-12T16:00:00
2024-08-13T16:00:00,2024-08-13T09:30:00,34.798154640493536,34.951836867401155,33.20071335730981,33.34799109624492,57504477.689821064,2024-08-13T16:00:00
2024-08-14T16:00:00,2024-08-14T09:30:00,33.27195703871217,33.51165277312825,33.2336590205266,33.47312320062448,42060014.65677153,2024-08-14T16:00:00
2024-08-15T16:00:00,2024-08-15T09:30:00,33.50127778854687,34.24015690841455,33.35887145339878,34.095225834805134,48396024.69330692,2024-08-15T16:00:00
2024-08-16T16:00:00,2024-08-16T09:30:00,34.05768754538372,34.40004824832853,33.05769055914147,33.39337332533413,59696237.49560258,2024-08-16T16:00:00
2024-08-19T16:00:00,2024-08-19T09:30:00,33.41516239288427,33.64706038119306,33.277921762395124,33.50943257022511,35366582.3336638,2024-08-19T16:00:00
2024-08-20T16:00:00,2024-08-20T09:30:00,33.349648637371224,33.54069352769614,32.69320019988516,32.8815636452885,43664777.29874976,2024-08-20T16:00:00
2024-08-21T16:00:00,2024-08-21T09:30:00,32.87954532292304,33.32164901683858,32.68303969705403,33.123684286853766,53698578.30557258,2024-08-21T16:00:00
2024-08-22T16:00:00,2024-08-22T09:30:00,33.09735484114675,33.84376364307906,33.0549759230063,33.80048441520678,42028555.80776957,2024-08-22T16:00:00
2024-08-23T16:00:00,2024-08-23T09:30:00,33.78865181035446,33.898684257424044,33.61965163196984,33.729491423761466,56198947.72613106,2024-08-23T16:00:00
2024-08-26T16:00:00,2024-08-26T09:30:00,33.718569492437105,34.68476418675241,33.344414913683806,34.30411219466304,58758465.85673773,2024-08-26T16:00:00
2024-08-27T16:00:00,2024-08-27T09:30:00,34.37234679609842,34.46992632621755,33.6685597043283,33.76441337447116,61431049.10835351,2024-08-27T16:00:00
2024-08-28T16:00:00,2024-08-28T09:30:00,33.715851395742334,34.068803896419034,33.59159688037343,33.94370964498651,40896298.34403367,2024-08-28T16:00:00
2024-08-29T16:00:00,2024-08-29T09:30:00,33.9008712815769,33.928845200081334,33.368650046439676,33.39620753250286,59355990.96165012,2024-08-29T16:00:00
2024-08-30T16:00:00,2024-08-30T09:30:00,33.425103179748845,33.470746728755984,33.27541315672592,33.320914431101045,37781677.174574636,2024-08-30T16:00:00
2024-09-03T16:00:00,2024-09-03T09:30:00,33.313173231954664,33.523245871536886,33.17907014306827,33.3888381912897,52979003.69201633,2024-09-03T16:00:00
2024-09-04T16:00:00,2024-09-04T09:30:00,33.371074944868546,33.657225188203405,33.215024832304515,33.50056953191868,39005268.98541634,2024-09-04T16:00:00
2024-09-05T16:00:00,2024-09-05T09:30:00,33.438169597595504,33.50232803959593,33.26550483400759,33.3294546826655,38007597.765110604,2024-09-05T16:00:00
2024-09-06T16:00:00,2024-09-06T09:30:00,33.34670481214949,33.50719994507853,32.38548070177833,32.54210334957222,52823770.52797531,2024-09-06T16:00:00
2024-09-09T16:00:00,2024-09-09T09:30:00,32.63564100191433,32.87213186487245,32.4555268267937,32.69170825787768,36799546.74027928,2024-09-09T16:00:00
2024-09-10T16:00:00,2024-09-10T09:30:00,32.672765597856625,32.695873298754016,32.57545435663255,32.598509540189,38042232.955286205,2024-09-10T16:00:00
2024-09-11T16:00:00,2024-09-11T09:30:00,32.69837815650767,32.76133820503822,32.19460552760374,32.2567151632068,50613469.77799661,2024-09-11T16:00:00
2024-09-12T16:00:00,2024-09-12T09:30:00,32.33690886452959,32.43013290292318,32.00425926063455,32.096791063688684,54253450.600198,2024-09-12T16:00:00
2024-09-13T16:00:00,2024-09-13T09:30:00,32.05706090883977,32.142502822482186,31.440258973017695,31.52428086419785,59500445.345467314,2024-09-13T16:00:00
2024-09-16T16:00:00,2024-09-16T09:30:00,31.5860958289084,31.64265775989753,31.33944146560031,31.39566238314239,45075658.0847973,2024-09-16T16:00:00
2024-09-17T16:00:00,2024-09-17T09:30:00,31.36117733377426,31.406856388909937,30.615920645870126,30.660579246374212,45104520.29096114,2024-09-17T16:00:00
2024-09-18T16:00:00,2024-09-18T09:30:00,30.521795946668686,30.59663801308992,29.89102453648507,29.964500065516884,59216733.28903846,2024-09-18T16:00:00
2024-09-19T16:00:00,2024-09-19T09:30:00,29.961066609183707,30.120527340738775,29.873287628125176,30.032538962250975,51876621.58478542,2024-09-19T16:00:00
2024-09-20T16:00:00,2024-09-20T09:30:00,30.064032871917252,30.213813115354817,29.555117461185084,29.703099519875988,38339604.6508187,2024-09-20T16:00:00
2024-09-23T16:00:00,2024-09-23T09:30:00,29.70611990614143,29.95622828625454,29.542830410910835,29.792464171265028,49474900.675672814,2024-09-23T16:00:00
2024-09-24T16:00:00,2024-09-24T09:30:00,29.830702879780077,30.190508284074323,29.799700784467195,30.159164828764318,58414299.49671297,2024-09-24T16:00:00
2024-09-25T16:00:00,2024-09-25T09:30:00,30.10702748965003,30.85949405714199,29.899017313803096,30.647748030097482,44752620.36820062,2024-09-25T16:00:00
2024-09-26T16:00:00,2024-09-26T09:30:00,30.66808585172285,31.02220549811717,30.42954744821115,30.782775034543352,53132991.33593885,2024-09-26T16:00:00
2024-09-27T16:00:00,2024-09-27T09:30:00,30.823831419760044,30.897628935909523,30.25546506218241,30.32807565437022,49319692.66187617,2024-09-27T16:00:00
2024-09-30T16:00:00,2024-09-30T09:30:00,30.319195408996567,30.596996747496,30.31562295691535,30.593391987362942,38931638.03833169,2024-09-30T16:00:00
2024-10-01T16:00:00,2024-10-01T09:30:00,30.6119917118854,30.797663532085036,30.21254643903422,30.396913740442056,41259444.275420524,2024-10-01T16:00:00
2024-10-02T16:00:00,2024-10-02T09:30:00,30.312585701686253,30.60370553673037,30.202391213148132,30.49285571768343,46457566.02711707,2024-10-02T16:00:00
2024-10-03T16:00:00,2024-10-03T09:30:00,30.47167862198241,30.56646655073795,30.02103151382603,30.11470902101523,45805925.676457256,2024-10-03T16:00:00
2024-10-04T16:00:00,2024-10-04T09:30:00,30.12970266325218,30.212907851475013,29.963252703285328,30.046227368902084,41890140.53864829,2024-10-04T16:00:00
2024-10-07T16:00:00,2024-10-07T09:30:00,30.028581395560497,30.134500575579878,29.72543011690547,29.830651141726946,54896818.69047156,2024-10-07T16:00:00
2024-10-08T16:00:00,2024-10-08T09:30:00,29.75338274233314,29.764750283572084,29.120778583591147,29.131908685207357,45693796.435459375,2024-10-08T16:00:00
2024-10-09T16:00:00,2024-10-09T09:30:00,29.15752879693915,29.211732406915733,28.94175947639683,28.99566217763859,47241612.27465423,2024-10-09T16:00:00
2024-10-10T16:00:00,2024-10-10T09:30:00,28.99395815776649,29.14583884564888,28.98155072201918,29.133371750396527,49393570.08951762,2024-10-10T16:00:00
2024-10-11T16:00:00,2024-10-11T09:30:00,29.16094074130019,29.406422534185573,29.049402537445722,29.29437395922908,45783491.84003712,2024-10-11T16:00:00
2024-10-14T16:00:00,2024-10-14T09:30:00,29.27190469304646,29.403900933892896,29.171093054499117,29.302982265038253,53332773.114097096,2024-10-14T16:00:00
2024-10-15T16:00:00,2024-10-15T09:30:00,29.336767576601428,29.366768736988245,28.940946210000682,28.97057288244422,50748195.273949586,2024-10-15T16:00:00
2024-10-16T16:00:00,2024-10-16T09:30:00,28.984525050910722,29.039127783302998,28.44528594233705,28.49897396538221,44987831.79624167,2024-10-16T16:00:00
2024-10-17T16:00:00,2024-10-17T09:30:00,28.463228775976035,28.527889799762036,27.878609254832618,27.94208637916782,41231696.48942078,2024-10-17T16:00:00
2024-10-18T16:00:00,2024-10-18T09:30:00,27.89481242503659,28.020678161798706,27.524128879002035,27.648884952719225,48574748.577445574,2024-10-18T16:00:00
2024-10-21T16:00:00,2024-10-21T09:30:00,27.67766145193327,27.773161391525036,27.284273679261577,27.37874221781352,43871175.54187404,2024-10-21T16:00:00
2024-10-22T16:00:00,2024-10-22T09:30:00,27.427759644909287,27.550735351106884,27.18628523409307,27.30872724400079,42711198.5828399,2024-10-22T16:00:00
2024-10-23T16:00:00,2024-10-23T09:30:00,27.32417756762112,27.33029809273858,26.814268004056366,26.820275656817685,45079766.510557085,2024-10-23T16:00:00
2024-10-24T16:00:00,2024-10-24T09:30:00,26.818191268424954,26.89074680212855,26.630340322147322,26.70258308257172,38676308.333896495,2024-10-24T16:00:00
2024-10-25T16:00:00,2024-10-25T09:30:00,26.687910881807564,27.055320811693633,26.680408444643852,27.047717226691653,46689222.86837168,2024-10-25T16:00:00
2024-10-28T16:00:00,2024-10-28T09:30:00,27.05328809820935,27.21947066845612,27.053207786923426,27.219389864074998,46913864.79926773,2024-10-28T16:00:00
2024-10-29T16:00:00,2024-10-29T09:30:00,27.212792279685726,27.22788578806621,26.980370875926955,26.99534377702968,45937968.06581081,2024-10-29T16:00:00
2024-10-30T16:00:00,2024-10-30T09:30:00,26.99387815334065,27.042994774987566,26.69136935234354,26.74002407464179,57464493.462867334,2024-10-30T16:00:00
2024-10-31T16:00:00,2024-10-31T09:30:00,26.71221266730834,26.769011894606205,26.314755466142373,26.370828795500895,51196022.94064366,2024-10-31T16:00:00
2024-11-01T16:00:00,2024-11-01T09:30:00,26.369838238627633,26.428651206613473,26.28570386381562,26.344460230925076,47743543.47560659,2024-11-01T16:00:00
2024-11-04T16:00:00,2024-11-04T09:30:00,26.330336372551,26.516729358604383,26.25619591634848,26.442273711389863,51036323.1123786,2024-11-04T16:00:00
2024-11-05T16:00:00,2024-11-05T09:30:00,26.476824272081597,26.51083334736142,26.101823741917496,26.135394255570176,46360153.03588526,2024-11-05T16:00:00
2024-11-06T16:00:00,2024-11-06T09:30:00,26.174734179334504,26.263760249268525,25.690089352253892,25.777765242886925,45543996.8458581,2024-11-06T16:00:00
2024-11-07T16:00:00,2024-11-07T09:30:00,25.783563673716976,25.82871929454489,25.590297005668877,25.635192779567838,41145371.81513211,2024-11-07T16:00:00
2024-11-08T16:00:00,2024-11-08T09:30:00,25.63499906847625,25.651283978137005,25.460014356609868,25.476198386424503,40639998.48991263,2024-11-08T16:00:00
2024-11-11T16:00:00,2024-11-11T09:30:00,25.467867822835206,25.558938662048657,25.466561944119075,25.557628180821556,42177980.10981949,2024-11-11T16:00:00
2024-11-12T16:00:00,2024-11-12T09:30:00,25.54622602463238,25.792605495478927,25.49066749843605,25.7366328680534,47716857.42123518,2024-11-12T16:00:00
2024-11-13T16:00:00,2024-11-13T09:30:00,25.737900153370823,25.86549368312884,25.5258612881705,25.653034101434216,52953256.2135968,2024-11-13T16:00:00
2024-11-14T16:00:00,2024-11-14T09:30:00,25.64269974447221,25.695206917786468,25.199388331835134,25.25109363443783,45778470.26188022,2024-11-14T16:00:00
2024-11-15T16:00:00,2024-11-15T09:30:00,25.253140267851293,25.37836936239815,25.1959567870584,25.321032146509417,46500603.838285744,2024-11-15T16:00:00
2024-11-18T16:00:00,2024-11-18T09:30:00,25.28977365143379,25.373318278730675,25.133238287639628,25.216540991248877,46962980.921566695,2024-11-18T16:00:00
2024-11-19T16:00:00,2024-11-19T09:30:00,25.1851739093367,25.23926800954407,24.993907986708926,25.047706827565566,40283867.89949475,2024-11-19T16:00:00
2024-11-20T16:00:00,2024-11-20T09:30:00,25.06016499401967,25.42090251013909,25.03500643836565,25.395407395861998,57129746.791556515,2024-11-20T16:00:00
2024-11-21T16:00:00,2024-11-21T09:30:00,25.428718080241328,25.481633648277512,25.348444362684333,25.401302881410583,52939455.66619682,2024-11-21T16:00:00
2024-11-22T16:00:00,2024-11-22T09:30:00,25.36562813144476,25.561371401612227,25.29468284870144,25.49007804413575,52501070.22348748,2024-11-22T16:00:00
2024-11-25T16:00:00,2024-11-25T09:30:00,25.4821495820985,26.16529502053188,25.422523352961374,26.104213211347393,47173692.858028024,2024-11-25T16:00:00
2024-11-26T16:00:00,2024-11-26T09:30:00,26.089874735263578,26.663671108482678,25.897181163355985,26.46818343901238,48882810.0299046,2024-11-26T16:00:00
2024-11-27T16:00:00,2024-11-27T09:30:00,26.50243225948386,26.536426821434752,26.421505334376278,26.455439619058634,47583805.46373918,2024-11-27T16:00:00
2024-11-29T13:00:00,2024-11-29T09:30:00,26.49408864638288,26.610719728971862,26.19424370014435,26.3100646807282,43091557.12275554,2024-11-29T13:00:00
2024-12-02T16:00:00,2024-12-02T09:30:00,26.296415166187746,26.866972188057193,26.289894369102186,26.860311559974217,62829443.789533794,2024-12-02T16:00:00
2024-12-03T16:00:00,2024-12-03T09:30:00,26.82502166979098,26.8804814465614,26.799482711482863,26.8549140290138,54068635.74577846,2024-12-03T16:00:00
2024-12-04T16:00:00,2024-12-04T09:30:00,26.829562984452917,27.070576874038995,26.735775583404987,26.97627661001051,42047819.331574164,2024-12-04T16:00:00
2024-12-05T16:00:00,2024-12-05T09:30:00,26.995367083727675,27.19153090469882,26.974255266647187,27.170282294592887,36802763.41046224,2024-12-05T16:00:00
2024-12-06T16:00:00,2024-12-06T09:30:00,27.172891805261077,27.36219615156888,27.129309094286388,27.318380091344213,41548940.1520106,2024-12-06T16:00:00
2024-12-09T16:00:00,2024-12-09T09:30:00,27.288841990001632,27.318440900282162,27.2671274731982,27.296720114628275,39270861.23568288,2024-12-09T16:00:00
2024-12-10T16:00:00,2024-12-10T09:30:00,27.32369408671434,27.583444581260007,27.2979820075063,27.55751247481495,45340221.67275554,2024-12-10T16:00:00
2024-12-11T16:00:00,2024-12-11T09:30:00,27.545691145929343,27.830443898088735,27.48370197198137,27.76795453977037,37979195.26702586,2024-12-11T16:00:00
2024-12-12T16:00:00,2024-12-12T09:30:00,27.751631328502384,27.991097964230324,27.597517675737656,27.836512936844077,45583704.64059886,2024-12-12T16:00:00
2024-12-13T16:00:00,2024-12-13T09:30:00,27.878195150040263,28.06632752284831,27.831084902878644,28.0189793700631,43156146.962874986,2024-12-13T16:00:00
2024-12-16T16:00:00,2024-12-16T09:30:00,28.012723398651794,28.027577247177234,27.97120333173464,27.98604303289904,43089574.764106765,2024-12-16T16:00:00
2024-12-17T16:00:00,2024-12-17T09:30:00,27.931551060207426,28.373706833194493,27.82622353670362,28.267113930406104,55070559.87959285,2024-12-17T16:00:00
2024-12-18T16:00:00,2024-12-18T09:30:00,28.31086304217096,28.471344336944167,28.28855236379409,28.44892485747731,46192654.44357533,2024-12-18T16:00:00
2024-12-19T16:00:00,2024-12-19T09:30:00,28.447404537305452,28.630283061014566,28.376941986648653,28.55954275058803,46162945.84284355,2024-12-19T16:00:00
2024-12-20T16:00:00,2024-12-20T09:30:00,28.52316957212979,28.93316049596527,28.42065357974993,28.829543356237895,39560766.254345246,2024-12-20T16:00:00
2024-12-23T16:00:00,2024-12-23T09:30:00,28.861966911849102,28.90565260775928,28.430449325833145,28.47354710652768,43342080.215136215,2024-12-23T16:00:00
2024-12-24T13:00:00,2024-12-24T09:30:00,28.49690216831293,28.584649433401946,28.44789393016061,28.53557468724793,36618692.941273764,2024-12-24T13:00:00
2024-12-26T16:00:00,2024-12-26T09:30:00,28.531602166834002,28.53939031683381,28.342009459556863,28.349747969590503,38862900.267110914,2024-12-26T16:00:00
2024-12-27T16:00:00,2024-12-27T09:30:00,28.31964520375043,28.502844899347647,28.28492198482913,28.467939853727636,41975542.98971501,2024-12-27T16:00:00
2024-12-30T16:00:00,2024-12-30T09:30:00,28.45686105548215,28.69607815003915,28.440330253471167,28.67941806300898,53242755.43077236,2024-12-30T16:00:00
2024-12-31T16:00:00,2024-12-31T09:30:00,28.71412916688436,28.765029225915555,28.58494919587577,28.635710245721164,46702971.7584757,2024-12-31T16:00:00
2025-01-02T16:00:00,2025-01-02T09:30:00,28.633075461874352,28.783816183805772,28.39558784893514,28.545869469142797,46840801.453728996,2025-01-02T16:00:00
2025-01-03T16:00:00,2025-01-03T09:30:00,28.562368890469248,28.71097266214704,28.47188325234193,28.620303487109084,42876114.91585532,2025-01-03T16:00:00
2025-01-06T16:00:00,2025-01-06T09:30:00,28.626525594032973,28.79526630799014,28.25032556971404,28.417836151660055,41485355.23443427,2025-01-06T16:00:00
2025-01-07T16:00:00,2025-01-07T09:30:00,28.39809101324241,28.424304983837832,28.200604910905884,28.226660635974635,45890096.80169012,2025-01-07T16:00:00
2025-01-08T16:00:00,2025-01-08T09:30:00,28.202038056426044,28.26732780813405,28.066731522398392,28.13185880407669,48511723.59427515,2025-01-08T16:00:00
2025-01-10T16:00:00,2025-01-10T09:30:00,28.11231176624626,28.20501483619723,27.82315003928835,27.915203124408325,54165863.27748426,2025-01-10T16:00:00
2025-01-13T16:00:00,2025-01-13T09:30:00,27.89382607840497,27.955097561363708,27.80824928173471,27.869467258192284,41631866.195506826,2025-01-13T16:00:00
2025-01-14T16:00:00,2025-01-14T09:30:00,27.882765217719804,27.97135139675086,27.622889472441084,27.710929713843957,43569508.28552331,2025-01-14T16:00:00
2025-01-15T16:00:00,2025-01-15T09:30:00,27.695489251360097,27.79210580431915,27.395721205993524,27.491626577842418,54727194.8479543,2025-01-15T16:00:00
2025-01-16T16:00:00,2025-01-16T09:30:00,27.461555429312945,27.813292156056637,27.45782986231305,27.80951938258933,45544686.06657711,2025-01-16T16:00:00
2025-01-17T16:00:00,2025-01-17T09:30:00,27.8519396826888,28.067983248247412,27.75522082002888,27.97085145165247,47588908.559459776,2025-01-17T16:00:00
2025-01-21T16:00:00,2025-01-21T09:30:00,27.90109515533055,27.981090093249783,27.843413375231563,27.923362278853027,46115386.70777775,2025-01-21T16:00:00
2025-01-22T16:00:00,2025-01-22T09:30:00,27.933284111393952,28.088487903884303,27.889833358124967,28.044863586625176,47900578.3514147,2025-01-22T16:00:00
2025-01-23T16:00:00,2025-01-23T09:30:00,28.066163284158083,28.175663535990235,28.04596589767417,28.15540193027526,35844617.88686456,2025-01-23T16:00:00
2025-01-24T16:00:00,2025-01-24T09:30:00,28.176303802637605,28.231567435002066,28.00157708209182,28.056605944897743,52483127.79060279,2025-01-24T16:00:00
2025-01-27T16:00:00,2025-01-27T09:30:00,28.041438125197406,28.094553033497238,27.752633302177603,27.805300929369864,56040769.994036295,2025-01-27T16:00:00
2025-01-28T16:00:00,2025-01-28T09:30:00,27.74355748681627,28.029935995737738,27.679381260008554,27.965246958206176,37212099.01684398,2025-01-28T16:00:00
2025-01-29T16:00:00,2025-01-29T09:30:00,27.961991726613093,28.245588661413514,27.950657254726533,28.234143871890435,43595493.108811185,2025-01-29T16:00:00
2025-01-30T16:00:00,2025-01-30T09:30:00,28.24523544439856,28.349153285800206,28.215747060363224,28.319587277508106,54306319.53956888,2025-01-30T16:00:00
2025-01-31T16:00:00,2025-01-31T09:30:00,28.265673950645308,28.51095551793914,28.258502247264726,28.50372341549803,57988975.00281978,2025-01-31T16:00:00
2025-02-03T16:00:00,2025-02-03T09:30:00,28.511220144172174,28.590486601382057,28.23386587346432,28.31258007459763,46989306.79958221,2025-02-03T16:00:00
2025-02-04T16:00:00,2025-02-04T09:30:00,28.300707354338993,28.34578086654334,28.069730853515427,28.114507812449258,43247713.6979764,2025-02-04T16:00:00
2025-02-05T16:00:00,2025-02-05T09:30:00,28.17661396233676,28.22029444791795,27.931815618018998,27.9751838387688,53673990.64970157,2025-02-05T16:00:00
2025-02-06T16:00:00,2025-02-06T09:30:00,27.884430841084228,28.023552482509828,27.87997237621517,28.01907248967545,46954952.22826384,2025-02-06T16:00:00
2025-02-07T16:00:00,2025-02-07T09:30:00,28.066387088938516,28.16731427870658,27.67575918673743,27.775640848240087,47223624.65764317,2025-02-07T16:00:00
2025-02-10T16:00:00,2025-02-10T09:30:00,27.823596591581502,27.984706293352005,27.771634853114975,27.93254109643431,44253146.05827243,2025-02-10T16:00:00
2025-02-11T16:00:00,2025-02-11T09:30:00,27.949641018304636,28.140368293741147,27.861403577220386,28.051808308968955,35727287.029236905,2025-02-11T16:00:00
2025-02-12T16:00:00,2025-02-12T09:30:00,27.997697494642175,28.112002475676082,27.569351443172177,27.682369046474605,47342252.8993774,2025-02-12T16:00:00
2025-02-13T16:00:00,2025-02-13T09:30:00,27.73380092020978,27.756490022693264,27.25901074741875,27.281329681877775,51018654.98451512,2025-02-13T16:00:00
2025-02-14T16:00:00,2025-02-14T09:30:00,27.33286573947524,27.421293175309923,26.7876227098879,26.874567456626387,45677672.28400327,2025-02-14T16:00:00
2025-02-18T16:00:00,2025-02-18T09:30:00,26.91910717292034,27.49621299755944,26.90773224770757,27.484599118337297,55441682.25756743,2025-02-18T16:00:00
2025-02-19T16:00:00,2025-02-19T09:30:00,27.42429235512838,27.59832998779133,27.367553459612367,27.54134891065082,43728921.48221548,2025-02-19T16:00:00
2025-02-20T16:00:00,2025-02-20T09:30:00,27.56549529591901,27.649185843018778,27.01502018202209,27.097289226562985,59329701.26065562,2025-02-20T16:00:00
2025-02-21T16:00:00,2025-02-21T09:30:00,27.129332147466346,27.304385225537317,26.748471360607315,26.922187831870094,56906258.87488957,2025-02-21T16:00:00
2025-02-24T16:00:00,2025-02-24T09:30:00,26.884787152450087,26.906778398536133,26.78242396990585,26.804349419451608,52803214.06623647,2025-02-24T16:00:00
2025-02-25T16:00:00,2025-02-25T09:30:00,26.829169925438844,26.9126967734432,26.8164100913963,26.89990329892242,41540583.233443655,2025-02-25T16:00:00
2025-02-26T16:00:00,2025-02-26T09:30:00,26.911670053204364,27.20728899577664,26.787231547361113,27.082062601479336,45537640.910916746,2025-02-26T16:00:00
2025-02-27T16:00:00,2025-02-27T09:30:00,27.112810673533513,27.19441186971159,27.090254769584114,27.171806885167083,46747193.473814115,2025-02-27T16:00:00
2025-02-28T16:00:00,2025-02-28T09:30:00,27.114851261272996,27.38445279538858,27.10017921934348,27.36964288387114,44230734.1447242,2025-02-28T16:00:00
2025-03-03T16:00:00,2025-03-03T09:30:00,27.36809673258293,27.56762089233088,27.364374334977914,27.563871866900836,57638425.93042315,2025-03-03T16:00:00
2025-03-04T16:00:00,2025-03-04T09:30:00,27.52960931297222,27.6582746604776,27.03250127780648,27.159436545994033,58220105.54088601,2025-03-04T16:00:00
2025-03-05T16:00:00,2025-03-05T09:30:00,27.1442608559744,27.30177683706012,26.888130152137983,27.045070539728613,39579898.494274,2025-03-05T16:00:00
2025-03-06T16:00:00,2025-03-06T09:30:00,27.07292584688559,27.16780950270438,26.91682511160347,27.01149346268454,38806313.497915894,2025-03-06T16:00:00
2025-03-07T16:00:00,2025-03-07T09:30:00,27.028653539275624,27.14660610556943,26.95280514856201,27.07063989184736,56037105.0078261,2025-03-07T16:00:00
2025-03-10T16:00:00,2025-03-10T09:30:00,27.06014756032392,27.30189032546168,26.9683770470533,27.209612922383386,42084269.84694363,2025-03-10T16:00:00
2025-03-11T16:00:00,2025-03-11T09:30:00,27.154341337059392,27.27721537045082,26.805773567919733,26.9276216895724,42040148.19193192,2025-03-11T16:00:00
2025-03-12T16:00:00,2025-03-12T09:30:00,26.90229480422997,27.254588024347093,26.77891468455735,27.130162849340717,42690762.257424295,2025-03-12T16:00:00
2025-03-13T16:00:00,2025-03-13T09:30:00,27.133983058674236,27.38028753016642,27.017981035516215,27.26373081504861,44330919.975455,2025-03-13T16:00:00
2025-03-14T16:00:00,2025-03-14T09:30:00,27.282715841118012,27.385512355549917,27.278503751324152,27.381285047976693,52633520.763202764,2025-03-14T16:00:00
2025-03-17T16:00:00,2025-03-17T09:30:00,27.362369837226623,27.413930230978938,27.355601858404167,27.40715117566157,43164805.01333771,2025-03-17T16:00:00
2025-03-18T16:00:00,2025-03-18T09:30:00,27.409123237737074,27.47478553622789,27.381622145243426,27.44724619286041,54859313.28529681,2025-03-18T16:00:00
2025-03-19T16:00:00,2025-03-19T09:30:00,27.41429519022406,27.516378848138313,27.38369746958939,27.485701429370174,41571262.28146229,2025-03-19T16:00:00
2025-03-20T16:00:00,2025-03-20T09:30:00,27.468360859053305,27.634698960973385,27.398352055234565,27.564445266152916,37794565.54274058,2025-03-20T16:00:00
2025-03-21T16:00:00,2025-03-21T09:30:00,27.608577112380118,27.825694547028814,27.494369475262907,27.711062959543035,46932219.09263241,2025-03-21T16:00:00
2025-03-24T16:00:00,2025-03-24T09:30:00,27.746481353075563,27.910628763042286,27.503727870519718,27.667407481668196,36220390.62682637,2025-03-24T16:00:00
2025-03-25T16:00:00,2025-03-25T09:30:00,27.639098682838735,27.705468450269628,27.483449202154425,27.549604066163056,47282990.26118392,2025-03-25T16:00:00
2025-03-26T16:00:00,2025-03-26T09:30:00,27.55861721494725,27.715682695771562,27.163279872713698,27.31897958108679,57494901.74722075,2025-03-26T16:00:00
2025-03-27T16:00:00,2025-03-27T09:30:00,27.33682584448494,27.537833606194894,26.7369385864762,26.93499166023466,60089939.342794895,2025-03-27T16:00:00
2025-03-28T16:00:00,2025-03-28T09:30:00,26.94761699753909,27.2463532187365,26.90367329045528,27.201994695787462,48389747.62392882,2025-03-28T16:00:00
2025-03-31T16:00:00,2025-03-31T09:30:00,27.26633772648282,27.801077497874047,27.24776468828402,27.782153101207,44559432.09295209,2025-03-31T16:00:00
2025-04-01T16:00:00,2025-04-01T09:30:00,27.794943689060066,27.860164780057353,27.572250963227997,27.637101676491113,46987462.64547462,2025-04-01T16:00:00
2025-04-02T16:00:00,2025-04-02T09:30:00,27.6112712581297,27.767729117231667,27.434721605171333,27.591064966352427,46308621.081213884,2025-04-02T16:00:00
2025-04-03T16:00:00,2025-04-03T09:30:00,27.571714683480284,27.61313777283467,27.205162810268295,27.246096698895567,42740658.99982849,2025-04-03T16:00:00
2025-04-04T16:00:00,2025-04-04T09:30:00,27.26397179377426,27.28287910765467,27.070215622938345,27.089001596595,45087444.97244179,2025-04-04T16:00:00
2025-04-07T16:00:00,2025-04-07T09:30:00,27.106327366811822,27.154747815405134,27.00851224998218,27.056844306224917,56384046.844726264,2025-04-07T16:00:00
2025-04-08T16:00:00,2025-04-08T09:30:00,27.04372413763734,27.05802686180618,27.002085993171107,27.016374252695268,35853633.70939137,2025-04-08T16:00:00
2025-04-09T16:00:00,2025-04-09T09:30:00,27.018799780409324,27.467134102276418,26.997831080507552,27.445833990458826,43703707.61328912,2025-04-09T16:00:00
2025-04-10T16:00:00,2025-04-10T09:30:00,27.448260503000817,27.45427975898611,27.173798215341947,27.179758590301063,48589057.77818003,2025-04-10T16:00:00
2025-04-11T16:00:00,2025-04-11T09:30:00,27.141545222757905,27.210829640501018,26.765445408653697,26.833944612105153,46468566.16867927,2025-04-11T16:00:00
2025-04-14T16:00:00,2025-04-14T09:30:00,26.859654813754695,27.24272861915802,26.80569099605917,27.188104911329482,57404719.4020861,2025-04-14T16:00:00
2025-04-15T16:00:00,2025-04-15T09:30:00,27.201956594295623,27.305691687209613,26.811783100548695,26.91442167448549,45227920.204178415,2025-04-15T16:00:00
2025-04-16T16:00:00,2025-04-16T09:30:00,26.866688965957245,27.35001736607302,26.70133995721572,27.18272334759108,58520317.00652166,2025-04-16T16:00:00
2025-04-17T16:00:00,2025-04-17T09:30:00,27.208094155095573,27.44675136122974,27.08474600388593,27.3228828145509,42510604.900488876,2025-04-17T16:00:00
2025-04-21T16:00:00,2025-04-21T09:30:00,27.335261543309574,27.3483681995897,27.108933724360046,27.121938096742642,46874624.66403555,2025-04-21T16:00:00
2025-04-22T16:00:00,2025-04-22T09:30:00,27.119082171331726,27.309416989237835,27.03612971187842,27.226137067855436,54321997.917270154,2025-04-22T16:00:00
2025-04-23T16:00:00,2025-04-23T09:30:00,27.212021699146238,27.253777935896792,27.203357486924396,27.245103190644137,39745454.465183415,2025-04-23T16:00:00
2025-04-24T16:00:00,2025-04-24T09:30:00,27.267164286221494,27.43975970860816,27.18797722637763,27.360302165382404,49378317.7138873,2025-04-24T16:00:00
2025-04-25T16:00:00,2025-04-25T09:30:00,27.35166440890469,27.50687066779726,27.333014514481235,27.488127725053204,36304136.9157841,2025-04-25T16:00:00
2025-04-28T16:00:00,2025-04-28T09:30:00,27.530939258763254,27.85128468463004,27.492656375252217,27.812610126395786,47131913.36813293,2025-04-28T16:00:00
2025-04-29T16:00:00,2025-04-29T09:30:00,27.77209841532859,27.991947190694553,27.76516165054514,27.98495725917844,53398623.41729445,2025-04-29T16:00:00
2025-04-30T16:00:00,2025-04-30T09:30:00,28.005260360432324,28.008361116112123,27.62802423949224,27.63108356614031,39513753.98452143,2025-04-30T16:00:00
2025-05-01T16:00:00,2025-05-01T09:30:00,27.641075634749274,27.744806763353832,27.627238086335748,27.730924235346276,47160140.7723014,2025-05-01T16:00:00
2025-05-02T16:00:00,2025-05-02T09:30:00,27.725739012330617,27.90242646347981,27.649340016387455,27.82575187947647,43640173.07061978,2025-05-02T16:00:00
2025-05-05T16:00:00,2025-05-05T09:30:00,27.824605851548267,27.982309613771047,27.464680240576925,27.621231320571376,43233524.442454495,2025-05-05T16:00:00
2025-05-06T16:00:00,2025-05-06T09:30:00,27.5854394922499,27.677853893655698,27.563804639064713,27.65616357261777,38089262.759804115,2025-05-06T16:00:00
2025-05-07T16:00:00,2025-05-07T09:30:00,27.6298083501897,27.67419682888315,27.049262419176948,27.09278815176179,54775122.47880012,2025-05-07T16:00:00
2025-05-08T16:00:00,2025-05-08T09:30:00,27.070741764969508,27.0959643235018,26.75354997986843,26.778500248900542,56105677.99362326,2025-05-08T16:00:00
2025-05-09T16:00:00,2025-05-09T09:30:00,26.769539185771194,27.264178385877248,26.628259797986775,27.12104389071971,56335898.001313545,2025-05-09T16:00:00
2025-05-12T16:00:00,2025-05-12T09:30:00,27.152415639806016,27.171237386452177,27.120054703698546,27.138867058621855,40570679.36291101,2025-05-12T16:00:00
2025-05-13T16:00:00,2025-05-13T09:30:00,27.131560893879826,27.18855804057883,26.710420435069825,26.76665099029302,56221922.96915235,2025-05-13T16:00:00
2025-05-14T16:00:00,2025-05-14T09:30:00,26.813483519050404,26.98282079899639,26.382396041815205,26.550069764369017,46547699.86912419,2025-05-14T16:00:00
2025-05-15T16:00:00,2025-05-15T09:30:00,26.548929967947373,26.616105376626066,26.343587725720543,26.410412651069713,38498678.785631634,2025-05-15T16:00:00
2025-05-16T16:00:00,2025-05-16T09:30:00,26.43953196333134,26.922524798090166,26.346107529978834,26.827728666589543,47823295.320865475,2025-05-16T16:00:00
2025-05-19T16:00:00,2025-05-19T09:30:00,26.82121851427089,26.848806144125906,26.54164847776999,26.568976658004512,58928270.60913269,2025-05-19T16:00:00
2025-05-20T16:00:00,2025-05-20T09:30:00,26.53316520099019,26.645058475072343,26.42384718481859,26.535729892239836,54966410.57454322,2025-05-20T16:00:00
2025-05-21T16:00:00,2025-05-21T09:30:00,26.541602918145404,26.592745228232197,26.117059526233717,26.16748095063279,55466768.57009311,2025-05-21T16:00:00
2025-05-22T16:00:00,2025-05-22T09:30:00,26.139614985227293,26.258202625194983,25.9889705360231,26.107412081015298,44589866.373891585,2025-05-22T16:00:00
2025-05-23T16:00:00,2025-05-23T09:30:00,26.089851358385967,26.37364860231843,26.065599237131767,26.349155441972417,38246937.760818176,2025-05-23T16:00:00
2025-05-27T16:00:00,2025-05-27T09:30:00,26.334214224783814,26.51306346699898,26.278344824609658,26.456933711075063,48092546.693969145,2025-05-27T16:00:00
2025-05-28T16:00:00,2025-05-28T09:30:00,26.565367585986003,26.721298716314685,26.174847989626997,26.32939402244587,48492915.2385405,2025-05-28T16:00:00
2025-05-29T16:00:00,2025-05-29T09:30:00,26.260959324971033,26.459479975559077,25.953233306529643,26.150922127029,40276590.09826498,2025-05-29T16:00:00
2025-05-30T16:00:00,2025-05-30T09:30:00,26.064066726393744,26.658278334873387,25.808348726212948,26.399271595461347,46038586.18189193,2025-05-30T16:00:00
2025-06-02T16:00:00,2025-06-02T09:30:00,26.379734749775306,27.3432152385388,26.146410244930962,27.10348924178865,65037794.18183639,2025-06-02T16:00:00
2025-06-03T16:00:00,2025-06-03T09:30:00,27.166140250104743,27.2573222726029,27.000309492756664,27.091240116062867,35200647.91409633,2025-06-03T16:00:00
2025-06-04T16:00:00,2025-06-04T09:30:00,27.031432810783247,27.283099265485877,26.98888291889018,27.240220722753424,47127608.98918908,2025-06-04T16:00:00
2025-06-05T16:00:00,2025-06-05T09:30:00,27.134599939813203,27.46520402322296,27.07425267983326,27.404257046734465,53557932.68719724,2025-06-05T16:00:00
2025-06-06T16:00:00,2025-06-06T09:30:00,27.387532162318127,27.877921777372844,27.25472887681666,27.74339290827502,40779592.531408526,2025-06-06T16:00:00
2025-06-09T16:00:00,2025-06-09T09:30:00,27.74245362391427,27.921728413650165,27.62604933919829,27.80506143345002,48498995.09476467,2025-06-09T16:00:00
2025-06-10T16:00:00,2025-06-10T09:30:00,27.73934778443731,28.496752042229264,27.515999894274508,28.26913845592879,49231917.8952643,2025-06-10T16:00:00
2025-06-11T16:00:00,2025-06-11T09:30:00,28.305857005702382,28.812074753548817,27.99784214626323,28.501926333328345,51752103.22232357,2025-06-11T16:00:00
2025-06-12T16:00:00,2025-06-12T09:30:00,28.446856501454647,28.58998416114317,28.35601662609816,28.49897784572969,44767926.97397006,2025-06-12T16:00:00
2025-06-13T16:00:00,2025-06-13T09:30:00,28.438415826068823,28.501339962023458,28.21867609686938,28.28125248604955,53119630.6219275,2025-06-13T16:00:00
2025-06-16T16:00:00,2025-06-16T09:30:00,28.31571227059984,28.463251154671372,27.87425765202422,28.02025706816914,56945241.9647458,2025-06-16T16:00:00
2025-06-17T16:00:00,2025-06-17T09:30:00,28.041739893424758,28.10353047564754,28.021882295707968,28.0836432043408,51935576.48001099,2025-06-17T16:00:00
2025-06-18T16:00:00,2025-06-18T09:30:00,28.11883193183077,28.160278115344664,28.00984611475845,28.051192600242334,55640571.403347716,2025-06-18T16:00:00
2025-06-20T16:00:00,2025-06-20T09:30:00,28.163155496813598,29.070186476634536,28.02750673550239,28.930840137097622,57677578.102249935,2025-06-20T16:00:00
2025-06-23T16:00:00,2025-06-23T09:30:00,28.88844763525158,29.238289246583285,28.879952433664762,29.22969369505364,54004477.820337854,2025-06-23T16:00:00
2025-06-24T16:00:00,2025-06-24T09:30:00,29.243393748943358,29.337142953089163,28.55882822111787,28.65067727996152,46608344.330574825,2025-06-24T16:00:00
2025-06-25T16:00:00,2025-06-25T09:30:00,28.750368696510797,28.852124966042588,28.600629051499528,28.702214890114263,48679998.33098184,2025-06-25T16:00:00
2025-06-26T16:00:00,2025-06-26T09:30:00,28.787614773860888,28.936448923003564,28.55284453590944,28.70123207998097,48492177.378820665,2025-06-26T16:00:00
2025-06-27T16:00:00,2025-06-27T09:30:00,28.690941606655787,29.136984266726103,28.527612097777634,28.972054460964593,42067360.57013958,2025-06-27T16:00:00
2025-06-30T16:00:00,2025-06-30T09:30:00,28.92969848634632,28.980285196293885,28.602524063997766,28.65262628320023,51043532.332255445,2025-06-30T16:00:00
2025-07-01T16:00:00,2025-07-01T09:30:00,28.696679744904184,28.747132111678262,28.17208968966897,28.221706994700224,57381638.4854849,2025-07-01T16:00:00
2025-07-02T16:00:00,2025-07-02T09:30:00,28.194742164361156,28.33614512608479,27.853295180140957,27.993689819217092,49885622.7854756,2025-07-02T16:00:00
2025-07-03T13:00:00,2025-07-03T09:30:00,27.90781829642031,28.334852673582372,26.770666262200262,27.186665850388167,47029364.234964296,2025-07-03T13:00:00
2025-07-07T16:00:00,2025-07-07T09:30:00,27.095748555049166,27.855739605157385,27.026811745386212,27.78504908202414,45953185.81103039,2025-07-07T16:00:00
2025-07-08T16:00:00,2025-07-08T09:30:00,27.7534548808418,28.367475088367637,27.328023735270396,27.939196716664075,52077226.1867744,2025-07-08T16:00:00
2025-07-09T16:00:00,2025-07-09T09:30:00,27.94263329111813,28.695059108505617,27.758345799662262,28.507049176627095,60769971.328557104,2025-07-09T16:00:00
2025-07-10T16:00:00,2025-07-10T09:30:00,28.461375528956157,29.098595428653304,28.28606640621935,28.920458563317226,45931554.94908232,2025-07-10T16:00:00
2025-07-11T16:00:00,2025-07-11T09:30:00,28.872203253521036,28.918393935529757,28.313756682220358,28.359126527534073,42348532.56821113,2025-07-11T16:00:00
2025-07-14T16:00:00,2025-07-14T09:30:00,28.395901770498256,28.835368055120608,28.155274594843483,28.593070073157904,58639219.55755797,2025-07-14T16:00:00
2025-07-15T16:00:00,2025-07-15T09:30:00,28.59791543216809,28.970949500161733,28.493987114211905,28.866046760206835,56573442.18491695,2025-07-15T16:00:00
2025-07-16T16:00:00,2025-07-16T09:30:00,28.929441405831557,29.52813539869965,28.5657592553904,29.16153551188023,39638410.258319974,2025-07-16T16:00:00
2025-07-17T16:00:00,2025-07-17T09:30:00,29.150279897569163,29.703569908748623,28.938531591955023,29.48935852814015,59734195.71473327,2025-07-17T16:00:00
2025-07-18T16:00:00,2025-07-18T09:30:00,29.606728988930175,31.44171804207324,29.314488559783946,31.134398380140176,62118146.692082405,2025-07-18T16:00:00
2025-07-21T16:00:00,2025-07-21T09:30:00,31.1569503118104,31.71380481506142,31.10823296792731,31.66429418282424,55746693.8157629,2025-07-21T16:00:00
2025-07-22T16:00:00,2025-07-22T09:30:00,31.641675724599875,31.760208258191533,31.32800830973651,31.445807102034387,44213372.84057129,2025-07-22T16:00:00
2025-07-23T16:00:00,2025-07-23T09:30:00,31.423995973633406,31.790734429500375,31.40332753023692,31.769838515765226,53544257.583014734,2025-07-23T16:00:00
2025-07-24T16:00:00,2025-07-24T09:30:00,31.625978294521612,32.15036431176005,31.415683478851783,31.937994763563932,46315621.30015283,2025-07-24T16:00:00
2025-07-25T16:00:00,2025-07-25T09:30:00,32.02434234527742,32.892371955352075,31.474177352914293,32.336838409501304,40577319.77067262,2025-07-25T16:00:00
2025-07-28T16:00:00,2025-07-28T09:30:00,32.38744983090017,32.45718204647122,31.674449940148545,31.742794171557794,52584078.81926033,2025-07-28T16:00:00
2025-07-29T16:00:00,2025-07-29T09:30:00,31.671476387779602,32.35340899578774,31.546970445666076,32.22672029575605,49197520.59845141,2025-07-29T16:00:00
2025-07-30T16:00:00,2025-07-30T09:30:00,32.22117989614667,33.00736741657727,32.0489584689407,32.83188180245323,42183169.920417875,2025-07-30T16:00:00
2025-07-31T16:00:00,2025-07-31T09:30:00,32.818314178411605,34.37626533622717,32.77009838026042,34.325834728802995,65729213.72102684,2025-07-31T16:00:00
2025-08-01T16:00:00,2025-08-01T09:30:00,34.288558246734304,34.615697796133674,33.662672759210196,33.98693458396402,50528394.46410169,2025-08-01T16:00:00
2025-08-04T16:00:00,2025-08-04T09:30:00,33.90850319151284,35.08945157618196,33.579793329862156,34.75255941281882,46893214.204242066,2025-08-04T16:00:00
2025-08-05T16:00:00,2025-08-05T09:30:00,34.732152938384715,34.755651362603615,34.04089611971194,34.06394245870171,61652118.75903747,2025-08-05T16:00:00
2025-08-06T16:00:00,2025-08-06T09:30:00,34.14174947652556,35.42725519292706,33.85427996433186,35.131452497779975,57979872.73745674,2025-08-06T16:00:00
2025-08-07T16:00:00,2025-08-07T09:30:00,35.12068887842137,35.494968057204865,35.009626284327425,35.383075713936314,54486843.102916315,2025-08-07T16:00:00
2025-08-08T16:00:00,2025-08-08T09:30:00,35.388097289450414,36.27657387939658,35.32475590211511,36.21175821596915,43027074.55834804,2025-08-08T16:00:00
2025-08-11T16:00:00,2025-08-11T09:30:00,36.25317997096575,36.47932979999972,35.828811844954295,36.05371741283777,50707487.160336666,2025-08-11T16:00:00
2025-08-12T16:00:00,2025-08-12T09:30:00,36.05031403141855,36.704231827645664,36.024439037715396,36.67790638160816,54337177.77578672,2025-08-12T16:00:00
2025-08-13T16:00:00,2025-08-13T09:30:00,36.69730508829332,37.043320096919786,36.43144129798694,36.776879805535536,46850468.97160325,2025-08-13T16:00:00
2025-08-14T16:00:00,2025-08-14T09:30:00,36.7706265935579,37.48758116946161,36.63184826979866,37.34662891926573,41981186.40433088,2025-08-14T16:00:00
2025-08-15T16:00:00,2025-08-15T09:30:00,37.20847966061444,38.727779562511586,37.060441543403954,38.57430734638388,52495569.03477467,2025-08-15T16:00:00
2025-08-18T16:00:00,2025-08-18T09:30:00,38.61992070651595,39.82687454664758,38.4215059042585,39.623304730112835,52170953.756117,2025-08-18T16:00:00
2025-08-19T16:00:00,2025-08-19T09:30:00,39.67943552964409,39.91000225739602,39.55745346799283,39.787687409069406,45614466.53350754,2025-08-19T16:00:00
2025-08-20T16:00:00,2025-08-20T09:30:00,39.971174917447904,40.5450972966599,39.84309318218013,40.41559149401292,50381307.31334901,2025-08-20T16:00:00
2025-08-21T16:00:00,2025-08-21T09:30:00,40.39763966334117,41.22849936128771,39.96487011137323,40.79151037342803,46683609.59432795,2025-08-21T16:00:00
2025-08-22T16:00:00,2025-08-22T09:30:00,40.87579558435703,41.587954521723425,40.85109177153423,41.56283548749817,58250741.146114625,2025-08-22T16:00:00
2025-08-25T16:00:00,2025-08-25T09:30:00,41.646101232880596,41.83860951492755,41.17784607738213,41.3690738056071,45712679.80328885,2025-08-25T16:00:00
2025-08-26T16:00:00,2025-08-26T09:30:00,41.36620733871777,41.445946951381735,40.48665831295503,40.56485319446813,62711232.55985369,2025-08-26T16:00:00
2025-08-27T16:00:00,2025-08-27T09:30:00,40.70696156500911,40.78625856158636,40.15662936569902,40.23500699668497,42771989.32373205,2025-08-27T16:00:00
2025-08-28T16:00:00,2025-08-28T09:30:00,40.21221921213666,40.59754017182962,40.04421138365293,40.42862818034455,48130504.51163827,2025-08-28T16:00:00
2025-08-29T16:00:00,2025-08-29T09:30:00,40.41924151320682,40.72963882480863,40.37113788749203,40.68122340998956,38071886.32249401,2025-08-29T16:00:00
2025-09-02T16:00:00,2025-09-02T09:30:00,40.762558683314495,40.78433387399959,40.59484784169417,40.61654503248936,53935858.380823016,2025-09-02T16:00:00
2025-09-03T16:00:00,2025-09-03T09:30:00,40.62373062315464,40.99609078676663,39.48576521822725,39.85104286788595,57452243.896843195,2025-09-03T16:00:00
2025-09-04T16:00:00,2025-09-04T09:30:00,39.790131081756606,39.79984835851417,38.924521302293705,38.93402950771369,60756171.88824082,2025-09-04T16:00:00
2025-09-05T16:00:00,2025-09-05T09:30:00,38.923527068141304,38.97354507893291,38.57478935298327,38.62442300522945,43125855.49328646,2025-09-05T16:00:00
2025-09-08T16:00:00,2025-09-08T09:30:00,38.63590807484287,38.76735535344585,38.162044728481014,38.29232306043921,43619901.59850632,2025-09-08T16:00:00
2025-09-09T16:00:00,2025-09-09T09:30:00,38.339308389717885,39.80793434529278,38.01173114063116,39.470690385526616,54745249.01587229,2025-09-09T16:00:00
2025-09-10T16:00:00,2025-09-10T09:30:00,39.462717128197504,39.63747826001912,39.09708160032696,39.270993682493454,36018095.58544343,2025-09-10T16:00:00
2025-09-11T16:00:00,2025-09-11T09:30:00,39.20372045189189,39.71982476675935,39.07218341027161,39.587001732758445,49434000.51781209,2025-09-11T16:00:00
2025-09-12T16:00:00,2025-09-12T09:30:00,39.529465536428276,39.761612367088944,39.52050504343126,39.752601293939485,51202140.62646622,2025-09-12T16:00:00
2025-09-15T16:00:00,2025-09-15T09:30:00,39.784897080051465,40.00157073121039,39.59798512648526,39.81451960913586,38002403.93341868,2025-09-15T16:00:00
2025-09-16T16:00:00,2025-09-16T09:30:00,39.916639664465656,40.42829040571071,39.732433417346954,40.24258001771838,49521035.177705154,2025-09-16T16:00:00
2025-09-17T16:00:00,2025-09-17T09:30:00,40.28969922442936,40.43615826251457,39.145784835953926,39.28860474699127,44732647.35911345,2025-09-17T16:00:00
2025-09-18T16:00:00,2025-09-18T09:30:00,39.29255167617821,39.43585222624106,39.12507140540161,39.268283448860146,55789172.2271902,2025-09-18T16:00:00
2025-09-19T16:00:00,2025-09-19T09:30:00,39.359221187226055,39.64377176482255,38.48584653279604,38.76610916046099,55405436.11139527,2025-09-19T16:00:00
2025-09-22T16:00:00,2025-09-22T09:30:00,38.68173595605332,38.8338653364532,38.49871238748699,38.650719786010555,39188979.56721334,2025-09-22T16:00:00
2025-09-23T16:00:00,2025-09-23T09:30:00,38.47900189658892,38.75295953546264,38.460616666652705,38.73445225159356,39504756.55724184,2025-09-23T16:00:00
2025-09-24T16:00:00,2025-09-24T09:30:00,38.55489293822417,38.68026241819471,38.50976423019385,38.63503989772038,45992904.78885672,2025-09-24T16:00:00
2025-09-25T16:00:00,2025-09-25T09:30:00,38.70108275914136,39.255485870107975,38.62082916111002,39.17425107318067,39579952.20558661,2025-09-25T16:00:00
2025-09-26T16:00:00,2025-09-26T09:30:00,39.221656527494055,39.71140197877491,39.15404680412609,39.643065836145105,52222800.92652756,2025-09-26T16:00:00
2025-09-29T16:00:00,2025-09-29T09:30:00,39.73934689945954,40.35968672669461,39.6841362193783,40.30369199054024,44559376.49987044,2025-09-29T16:00:00
2025-09-30T16:00:00,2025-09-30T09:30:00,40.19774614550475,40.687997870436334,40.167907882343464,40.657818101856876,60356889.76131296,2025-09-30T16:00:00
2025-10-01T16:00:00,2025-10-01T09:30:00,40.829184889000636,41.27319639790548,39.89258078842073,40.331176528081585,47682140.239203915,2025-10-01T16:00:00
2025-10-02T16:00:00,2025-10-02T09:30:00,40.25198515132712,40.2963789261021,39.9889590066049,40.03311138626374,51286138.9783901,2025-10-02T16:00:00
2025-10-03T16:00:00,2025-10-03T09:30:00,39.886648202105256,40.139116971778606,39.86840755413397,40.120769257409286,47180209.31661224,2025-10-03T16:00:00
2025-10-06T16:00:00,2025-10-06T09:30:00,40.122818204108206,40.31309783340477,39.63335695825054,39.82221097903025,49274126.21738067,2025-10-06T16:00:00
2025-10-07T16:00:00,2025-10-07T09:30:00,39.83441441029185,39.90478186403698,39.65701332731548,39.727191371668695,41045480.446672074,2025-10-07T16:00:00
2025-10-08T16:00:00,2025-10-08T09:30:00,39.732119205250434,39.7874425321324,39.02176802096348,39.07617800997454,52990128.54141849,2025-10-08T16:00:00
2025-10-09T16:00:00,2025-10-09T09:30:00,39.09756144190899,39.55065263481799,38.64235929943364,39.09542574229041,44563512.07735941,2025-10-09T16:00:00
2025-10-10T16:00:00,2025-10-10T09:30:00,39.24670068892541,39.7791124003171,39.19508031262992,39.72686047974785,38914867.58675669,2025-10-10T16:00:00
2025-10-13T16:00:00,2025-10-13T09:30:00,39.673934398175014,40.030623999098154,39.057443973112534,39.4117766374609,50015093.49794387,2025-10-13T16:00:00
2025-10-14T16:00:00,2025-10-14T09:30:00,39.41639531101186,39.873625297922665,39.39532061160947,39.85231752470559,44473517.78576447,2025-10-14T16:00:00
2025-10-15T16:00:00,2025-10-15T09:30:00,39.72860417258153,39.97346442876064,39.23743434602886,39.480767102064405,57376188.47817079,2025-10-15T16:00:00
2025-10-16T16:00:00,2025-10-16T09:30:00,39.65005309517956,39.777325233364586,39.13466959719777,39.26069193055077,40569387.538612135,2025-10-16T16:00:00
2025-10-17T16:00:00,2025-10-17T09:30:00,39.29535349299861,39.755120807118004,39.2588075516884,39.71818162206228,57813812.30059067,2025-10-17T16:00:00
2025-10-20T16:00:00,2025-10-20T09:30:00,39.79041590756336,40.153836392834044,39.35532100157399,39.71808082395418,35646161.97059377,2025-10-20T16:00:00
2025-10-21T16:00:00,2025-10-21T09:30:00,39.81620864853874,40.10345228380884,38.79522329283441,39.07713507489115,52540460.330490544,2025-10-21T16:00:00
2025-10-22T16:00:00,2025-10-22T09:30:00,39.13704677415179,39.249946642173015,38.242328705907795,38.35296671355231,43716576.22084596,2025-10-22T16:00:00
2025-10-23T16:00:00,2025-10-23T09:30:00,38.29567080248029,38.521005369102625,37.82226101102586,38.046127244851476,51150372.42627612,2025-10-23T16:00:00
2025-10-24T16:00:00,2025-10-24T09:30:00,38.10933965912016,38.309463509312096,37.19784238747856,37.39421087673814,55213627.77666278,2025-10-24T16:00:00
2025-10-27T16:00:00,2025-10-27T09:30:00,37.455051867176145,37.815552172718306,36.404457696804734,36.758251382677685,49293775.47188758,2025-10-27T16:00:00
2025-10-28T16:00:00,2025-10-28T09:30:00,36.816900902713186,36.88036587255633,36.522586866764186,36.58565321186255,38053271.35723736,2025-10-28T16:00:00
2025-10-29T16:00:00,2025-10-29T09:30:00,36.58563116428708,36.755013856172006,36.207162674077956,36.37557284636406,43039877.272396445,2025-10-29T16:00:00
2025-10-30T16:00:00,2025-10-30T09:30:00,36.393289758823656,36.56759813773693,36.15343073720597,36.32742364545079,35003420.9007034,2025-10-30T16:00:00
2025-10-31T16:00:00,2025-10-31T09:30:00,36.22719297447064,36.34689995203823,34.74643777079267,34.86163247161284,57157193.06590062,2025-10-31T16:00:00
2025-11-03T16:00:00,2025-11-03T09:30:00,34.89582476517644,35.09300796095755,34.49564888284705,34.69167852491991,53182802.2737738,2025-11-03T16:00:00
2025-11-04T16:00:00,2025-11-04T09:30:00,34.505457898295994,34.733388339470686,33.72681730719137,33.95108576873262,41927802.47374772,2025-11-04T16:00:00
2025-11-05T16:00:00,2025-11-05T09:30:00,33.8692891569142,34.12313644515105,33.846204079637054,34.09989418905145,40773191.8513771,2025-11-05T16:00:00
2025-11-06T16:00:00,2025-11-06T09:30:00,34.115332200282644,34.57971990888861,33.878450851457984,34.341269752473316,45956463.859817125,2025-11-06T16:00:00
2025-11-07T16:00:00,2025-11-07T09:30:00,34.271853386009454,34.43321416823296,33.96355271028199,34.12421838861381,46278605.02489294,2025-11-07T16:00:00
2025-11-10T16:00:00,2025-11-10T09:30:00,34.29163677085018,34.4041378190765,33.63219442645729,33.74289521063842,51945317.68323401,2025-11-10T16:00:00
2025-11-11T16:00:00,2025-11-11T09:30:00,33.827887876085484,33.95013448629257,33.72301325146847,33.845206170778226,44350753.15290689,2025-11-11T16:00:00
2025-11-12T16:00:00,2025-11-12T09:30:00,33.85995287064139,34.02606810180397,33.78482413753567,33.95073793407645,46921717.863442026,2025-11-12T16:00:00
2025-11-13T16:00:00,2025-11-13T09:30:00,33.935339930798264,34.13526171246795,32.499812712009785,32.69241208731896,68313216.58036378,2025-11-13T16:00:00
2025-11-14T16:00:00,2025-11-14T09:30:00,32.758065185483275,32.93075438738191,32.35246144044216,32.52391629026255,53352047.45262017,2025-11-14T16:00:00
2025-11-17T16:00:00,2025-11-17T09:30:00,32.5443285276794,32.920850020617465,32.248243891256905,32.6240401765888,42194496.2292016,2025-11-17T16:00:00
2025-11-18T16:00:00,2025-11-18T09:30:00,32.551557088206025,33.39207178101941,32.380415575502894,33.21742940978367,49965607.49703139,2025-11-18T16:00:00
2025-11-19T16:00:00,2025-11-19T09:30:00,33.1218952838748,33.28398262955334,31.67286635067249,31.828624868635888,66056428.81718517,2025-11-19T16:00:00
2025-11-20T16:00:00,2025-11-20T09:30:00,31.748194957007073,32.7903380991089,31.316106596553464,32.35005846302888,60917945.77991789,2025-11-20T16:00:00
2025-11-21T16:00:00,2025-11-21T09:30:00,32.37741112585942,32.735246287783234,31.526909619939232,31.879238983123656,40208208.37992162,2025-11-21T16:00:00
2025-11-24T16:00:00,2025-11-24T09:30:00,31.805829632805573,32.39714701020193,31.766043210396028,32.3566715308274,55206346.43096557,2025-11-24T16:00:00
2025-11-25T16:00:00,2025-11-25T09:30:00,32.28445987829534,33.02186794611911,31.85040581991875,32.58378949839586,45144539.600149885,2025-11-25T16:00:00
2025-11-26T16:00:00,2025-11-26T09:30:00,32.651367396187176,33.8550801186921,32.345479630502155,33.54085932682911,62655694.505984776,2025-11-26T16:00:00
2025-11-28T13:00:00,2025-11-28T09:30:00,33.304113558717944,33.4317544791261,33.23257684542646,33.36009751317897,52884172.07211331,2025-11-28T13:00:00
2025-12-01T16:00:00,2025-12-01T09:30:00,33.35318763048591,33.59247446341869,32.25106173530502,32.48411354241591,60435996.779996864,2025-12-01T16:00:00
2025-12-02T16:00:00,2025-12-02T09:30:00,32.536718846312404,32.69366370406271,31.92977458047294,32.0845382897966,48173006.8336343,2025-12-02T16:00:00
2025-12-03T16:00:00,2025-12-03T09:30:00,31.984962256946286,31.986002668001447,31.483029198498702,31.48405331592201,49975386.09390173,2025-12-03T16:00:00
2025-12-04T16:00:00,2025-12-04T09:30:00,31.518636711733773,31.693448641902364,30.872330338170126,31.044512632220982,43090150.885296896,2025-12-04T16:00:00
2025-12-05T16:00:00,2025-12-05T09:30:00,31.089757700787185,31.506154122928088,30.81166523945176,31.226835524363807,47195846.29336949,2025-12-05T16:00:00
2025-12-08T16:00:00,2025-12-08T09:30:00,31.183353385932143,31.314816186315173,30.696500033328068,30.826458234913936,42481983.27975821,2025-12-08T16:00:00
2025-12-09T16:00:00,2025-12-09T09:30:00,30.875682146291226,31.51152795700029,30.684965753751314,31.318078918230384,51800593.60702669,2025-12-09T16:00:00
2025-12-10T16:00:00,2025-12-10T09:30:00,31.322216188807484,31.79182385679045,30.64258133470032,31.108992178109364,37994415.439326674,2025-12-10T16:00:00
2025-12-11T16:00:00,2025-12-11T09:30:00,31.15234088950701,31.335225691954655,30.644656992224032,30.825623749416792,38305006.802087724,2025-12-11T16:00:00
2025-12-12T16:00:00,2025-12-12T09:30:00,30.876611495585745,31.409344075993523,30.827855260875584,31.359824815132438,40155294.368197575,2025-12-12T16:00:00
2025-12-15T16:00:00,2025-12-15T09:30:00,31.279443524529185,31.453094879656238,30.99571090560773,31.16874772050614,39628894.45490075,2025-12-15T16:00:00
2025-12-16T16:00:00,2025-12-16T09:30:00,31.311652843847888,32.36215837343045,31.261845562696347,32.310761814904424,56670787.491036616,2025-12-16T16:00:00
2025-12-17T16:00:00,2025-12-17T09:30:00,32.35645589803336,32.52756028732184,31.92387799735265,32.093592336093764,43120381.992720254,2025-12-17T16:00:00
2025-12-18T16:00:00,2025-12-18T09:30:00,32.217013301470494,32.47751298467975,32.20614181478475,32.466557290493796,51813745.29415841,2025-12-18T16:00:00
2025-12-19T16:00:00,2025-12-19T09:30:00,32.436005405292335,32.79128631790781,32.20526775177258,32.55966896789325,44501020.33840244,2025-12-19T16:00:00
2025-12-22T16:00:00,2025-12-22T09:30:00,32.49522107121058,32.504056559866164,32.18263343327003,32.191386308898004,57651640.00829034,2025-12-22T16:00:00
2025-12-23T16:00:00,2025-12-23T09:30:00,32.204150632460255,32.7188057667212,32.023987517872804,32.53678177823844,56049947.19040005,2025-12-23T16:00:00
2025-12-24T13:00:00,2025-12-24T09:30:00,32.43980873568186,32.77744460938615,32.315609745756944,32.65243157207489,46427997.304247,2025-12-24T13:00:00
2025-12-26T16:00:00,2025-12-26T09:30:00,32.6344326222269,33.33300125103551,32.387652585066455,33.08283045068787,59301330.10953316,2025-12-26T16:00:00
2025-12-29T16:00:00,2025-12-29T09:30:00,33.11960078636784,33.65210100559005,33.035432913640314,33.566796660064306,50189331.23963022,2025-12-29T16:00:00
2025-12-30T16:00:00,2025-12-30T09:30:00,33.62812026879187,33.62971549057129,32.969089185106554,32.970653218530835,48299784.11781853,2025-12-30T16:00:00
2025-12-31T16:00:00,2025-12-31T09:30:00,32.911130948416414,33.487549969382485,32.83515556964007,33.410421976766834,42345404.177425824,2025-12-31T16:00:00
