timestamp,open_at,open,high,low,close,volume,available_at
2018-01-02T16:00:00,2018-01-02T09:30:00,11.999259252966418,12.334183727815834,11.95515938457246,12.289018930049501,64135868.02203452,2018-01-02T16:00:00
2018-01-03T16:00:00,2018-01-03T09:30:00,12.270385604699788,12.474491970240138,12.161917704079631,12.365186051502715,50180454.73810044,2018-01-03T16:00:00
2018-01-04T16:00:00,2018-01-04T09:30:00,12.36138954805076,12.405649683120233,12.358167943644638,12.402417386108452,51022986.13783892,2018-01-04T16:00:00
2018-01-05T16:00:00,2018-01-05T09:30:00,12.412848521495919,12.444636950711907,12.342736280268277,12.37442631291916,48238161.12388091,2018-01-05T16:00:00
2018-01-08T16:00:00,2018-01-08T09:30:00,12.39188974461364,12.420556142307323,12.295144306160186,12.323652850128974,53009712.49714513,2018-01-08T16:00:00
2018-01-09T16:00:00,2018-01-09T09:30:00,12.310675273096999,12.657641938593246,12.299880654342859,12.646552805539088,53431658.851941325,2018-01-09T16:00:00
2018-01-10T16:00:00,2018-01-10T09:30:00,12.655905780240415,12.673184760550434,12.600639485432675,12.617866531140175,51627172.04268982,2018-01-10T16:00:00
2018-01-11T16:00:00,2018-01-11T09:30:00,12.646386985353596,12.656387233542924,12.620855343051554,12.630843299926992,39570921.77026213,2018-01-11T16:00:00
2018-01-12T16:00:00,2018-01-12T09:30:00,12.631301883181505,12.643457627526795,12.55905960423442,12.571157468550016,44271753.906018294,2018-01-12T16:00:00
2018-01-16T16:00:00,2018-01-16T09:30:00,12.571741018496922,12.635557682657364,12.462148806244212,12.525731919041807,55640072.61705647,2018-01-16T16:00:00
2018-01-17T16:00:00,2018-01-17T09:30:00,12.546543437248033,12.71767276359333,12.534422748814922,12.705398611850825,53704026.6988573,2018-01-17T16:00:00
2018-01-18T16:00:00,2018-01-18T09:30:00,12.701796563216737,12.7490243544902,12.521716719676382,12.568448697215866,54781805.27799998,2018-01-18T16:00:00
2018-01-19T16:00:00,2018-01-19T09:30:00,12.559844342629574,12.78119499201028,12.518933224838044,12.739698037682654,53946148.65636656,2018-01-19T16:00:00
2018-01-22T16:00:00,2018-01-22T09:30:00,12.750147752079881,12.895940120830032,12.68268672812145,12.828066827093357,48250367.556481756,2018-01-22T16:00:00
2018-01-23T16:00:00,2018-01-23T09:30:00,12.83195664180086,13.009320158718028,12.796739055411248,12.973713517474607,59238416.89977127,2018-01-23T16:00:00
2018-01-24T16:00:00,2018-01-24T09:30:00,12.975425690204585,13.57562457063387,12.874422477554516,13.470765537211841,59895782.25085155,2018-01-24T16:00:00
2018-01-25T16:00:00,2018-01-25T09:30:00,13.473298964652354,13.568303976653644,13.423079630958405,13.51791833217621,51880440.24957041,2018-01-25T16:00:00
2018-01-26T16:00:00,2018-01-26T09:30:00,13.503555088616185,13.711830382767173,13.45812416188559,13.665853424730885,52139823.70402633,2018-01-26T16:00:00
2018-01-29T16:00:00,2018-01-29T09:30:00,13.67216972301116,13.978480911065244,13.651452276334547,13.957331358797251,61515741.70921256,2018-01-29T16:00:00
2018-01-30T16:00:00,2018-01-30T09:30:00,13.963986458093585,14.310371761815025,13.948078072466023,14.294087310822682,57941104.48370947,2018-01-30T16:00:00
2018-01-31T16:00:00,2018-01-31T09:30:00,14.322429174684066,14.433596173383892,14.240379872723906,14.351381014208144,45638012.31823732,2018-01-31T16:00:00
2018-02-01T16:00:00,2018-02-01T09:30:00,14.383062476098011,14.972413854977116,14.316083442148742,14.903013513448839,50796955.14009689,2018-02-01T16:00:00
2018-02-02T16:00:00,2018-02-02T09:30:00,14.9110110151732,14.970223255830456,14.871280119331278,14.930440589227839,45379363.952042796,2018-02-02T16:00:00
2018-02-05T16:00:00,2018-02-05T09:30:00,14.913455135702792,15.068268303418654,14.887256734783065,15.041844361711354,47724309.110501304,2018-02-05T16:00:00
2018-02-06T16:00:00,2018-02-06T09:30:00,15.03425442722698,15.104328077990411,14.994759680805444,15.064753211748721,36101754.82809147,2018-02-06T16:00:00
2018-02-07T16:00:00,2018-02-07T09:30:00,15.092734107113108,15.302329371828751,15.035235871048155,15.244253896374987,45141749.339058876,2018-02-07T16:00:00
2018-02-08T16:00:00,2018-02-08T09:30:00,15.241547949265243,15.300150380079721,15.22766847511814,15.28623021673371,57077289.10732876,2018-02-08T16:00:00
2018-02-09T16:00:00,2018-02-09T09:30:00,15.27646319592507,15.604364783801536,15.27624239570507,15.604139247475848,53059483.5332749,2018-02-09T16:00:00
2018-02-12T16:00:00,2018-02-12T09:30:00,15.584560018522312,15.61628851143726,15.540280889926636,15.57198377896652,52193852.49374187,2018-02-12T16:00:00
2018-02-13T16:00:00,2018-02-13T09:30:00,15.560790994781609,15.636348612547584,15.336859810605224,15.411693464260072,56267471.03551822,2018-02-13T16:00:00
2018-02-14T16:00:00,2018-02-14T09:30:00,15.41442560829363,15.486759840289048,15.379201807764595,15.451451431339397,40004497.44683554,2018-02-14T16:00:00
2018-02-15T16:00:00,2018-02-15T09:30:00,15.466055654466896,15.744687574857231,15.411790108427134,15.689637549961667,49887161.22013409,2018-02-15T16:00:00
2018-02-16T16:00:00,2018-02-16T09:30:00,15.68052277482586,15.751870224720594,15.65861491221116,15.729893384524596,44435985.71938224,2018-02-16T16:00:00
2018-02-20T16:00:00,2018-02-20T09:30:00,15.7470732707384,15.850688009184854,15.422143616538937,15.52429247152601,56271038.249935135,2018-02-20T16:00:00
2018-02-21T16:00:00,2018-02-21T09:30:00,15.516637038682132,15.64149295995913,15.496263630267995,15.620982545464322,53939082.51805343,2018-02-21T16:00:00
2018-02-22T16:00:00,2018-02-22T09:30:00,15.640878014182018,15.679651717090968,15.60087543875082,15.639646087716718,47022968.148555174,2018-02-22T16:00:00
2018-02-23T16:00:00,2018-02-23T09:30:00,15.636375871341746,15.657869796265047,15.519257153628297,15.540619450779829,44227730.33884053,2018-02-23T16:00:00
2018-02-26T16:00:00,2018-02-26T09:30:00,15.522732100619171,16.121728923207208,15.49496469671253,16.092941516181874,58510737.57080273,2018-02-26T16:00:00
2018-02-27T16:00:00,2018-02-27T09:30:00,16.053686482151083,16.252296289808957,16.027760901481045,16.226092285826233,45022430.938064285,2018-02-27T16:00:00
2018-02-28T16:00:00,2018-02-28T09:30:00,16.253244833964406,16.272918075487546,16.139029299939644,16.158587966962408,49778018.27110667,2018-02-28T16:00:00
2018-03-01T16:00:00,2018-03-01T09:30:00,16.195814722075017,16.44945112075437,16.09387781181306,16.34656538163022,37733416.56503057,2018-03-01T16:00:00
2018-03-02T16:00:00,2018-03-02T09:30:00,16.350876131273694,16.423026684691212,16.33547709034303,16.407574246218687,40684830.084807016,2018-03-02T16:00:00
2018-03-05T16:00:00,2018-03-05T09:30:00,16.4034417129424,16.788137057624528,16.349181189127947,16.732787100655383,61114274.8036604,2018-03-05T16:00:00
2018-03-06T16:00:00,2018-03-06T09:30:00,16.72252242927977,16.832876208388583,16.66635181288107,16.776524201124722,50971342.46180798,2018-03-06T16:00:00
2018-03-07T16:00:00,2018-03-07T09:30:00,16.795186834685627,17.27963146345264,16.66812015451489,17.149881285516404,58828340.036189176,2018-03-07T16:00:00
2018-03-08T16:00:00,2018-03-08T09:30:00,17.16053990991071,17.267087872826547,17.108949781654914,17.215333018779553,48188643.24534158,2018-03-08T16:00:00
2018-03-09T16:00:00,2018-03-09T09:30:00,17.23934852009958,17.332746317469446,17.127073439433925,17.220368408053805,47512699.19878107,2018-03-09T16:00:00
2018-03-12T16:00:00,2018-03-12T09:30:00,17.211204900339126,17.41698064886708,17.187348708442773,17.392872650038946,44641173.65356782,2018-03-12T16:00:00
2018-03-13T16:00:00,2018-03-13T09:30:00,17.426343597384236,17.530214223601437,17.310107925250115,17.413904407027047,38254911.192240484,2018-03-13T16:00:00
2018-03-14T16:00:00,2018-03-14T09:30:00,17.384818807258853,17.80620524659015,17.269237030328366,17.68860377610443,60500761.66627321,2018-03-14T16:00:00
2018-03-15T16:00:00,2018-03-15T09:30:00,17.71400872423284,18.062737501409252,17.713944568510154,18.06267208291482,42138835.47769831,2018-03-15T16:00:00
2018-03-16T16:00:00,2018-03-16T09:30:00,18.0543630357703,18.186651417210715,17.92632539688695,18.058583845259104,52760612.446057476,2018-03-16T16:00:00
2018-03-19T16:00:00,2018-03-19T09:30:00,18.069630490985393,18.101253270021502,18.064129441191202,18.095744270247362,43879670.59854689,2018-03-19T16:00:00
2018-03-20T16:00:00,2018-03-20T09:30:00,18.087532921676893,18.169264502330186,17.860898001624356,17.941971839878587,46388015.01284533,2018-03-20T16:00:00
2018-03-21T16:00:00,2018-03-21T09:30:00,17.919270751344065,18.00542261658291,17.902240895311785,17.988327131751735,46137091.82054157,2018-03-21T16:00:00
2018-03-22T16:00:00,2018-03-22T09:30:00,17.972047157898945,18.123561043632105,17.697051178956123,17.847515194212633,46353118.93958608,2018-03-22T16:00:00
2018-03-23T16:00:00,2018-03-23T09:30:00,17.859570632600708,18.14063909988011,17.852563444242442,18.13352442596852,56915992.5895786,2018-03-23T16:00:00
2018-03-26T16:00:00,2018-03-26T09:30:00,18.136568979297394,18.162641898857935,18.10954371815913,18.13561526667355,49132274.93096615,2018-03-26T16:00:00
2018-03-27T16:00:00,2018-03-27T09:30:00,18.09665527529775,18.213154907825523,18.06418257676664,18.18053170115634,47813125.08700617,2018-03-27T16:00:00
2018-03-28T16:00:00,2018-03-28T09:30:00,18.16348279362444,18.18064624846426,18.044721708728815,18.061789068801275,49121937.52226494,2018-03-28T16:00:00
2018-03-29T16:00:00,2018-03-29T09:30:00,18.049339168456644,18.31752229328284,18.033815560187445,18.30178156809396,46684408.00060495,2018-03-29T16:00:00
2018-04-02T16:00:00,2018-04-02T09:30:00,18.26768319045639,18.278992804876353,18.15346751635261,18.164713381646735,41177245.88867161,2018-04-02T16:00:00
2018-04-03T16:00:00,2018-04-03T09:30:00,18.186009823982726,18.392744176403298,18.110272106949115,18.316463171489872,47070503.7522537,2018-04-03T16:00:00
2018-04-04T16:00:00,2018-04-04T09:30:00,18.29461023124524,18.39808290391682,18.276587974639266,18.379976551846884,47809378.98236389,2018-04-04T16:00:00
2018-04-05T16:00:00,2018-04-05T09:30:00,18.354518886772127,18.396403819336278,18.080869632850874,18.12222447056384,50962411.79007369,2018-04-05T16:00:00
2018-04-06T16:00:00,2018-04-06T09:30:00,18.09492766247406,18.30507347385494,18.036797312513755,18.246456334728546,58406008.42102004,2018-04-06T16:00:00
2018-04-09T16:00:00,2018-04-09T09:30:00,18.265449935720635,18.354933470239946,17.96779614723402,18.056254822348574,43644159.221558854,2018-04-09T16:00:00
2018-04-10T16:00:00,2018-04-10T09:30:00,18.07894491068507,18.174839696501675,17.763766112678574,17.8584915644147,47202777.122551136,2018-04-10T16:00:00
2018-04-11T16:00:00,2018-04-11T09:30:00,17.848956013282923,17.950385997203345,17.797733665714695,17.89901997771476,56634312.68475225,2018-04-11T16:00:00
2018-04-12T16:00:00,2018-04-12T09:30:00,17.92891137518836,17.944096108658105,17.642057934796863,17.657012385813985,61263583.188359834,2018-04-12T16:00:00
2018-04-13T16:00:00,2018-04-13T09:30:00,17.656062012814907,17.766409044742968,17.582919728947612,17.69311327173999,53204367.981028855,2018-04-13T16:00:00
2018-04-16T16:00:00,2018-04-16T09:30:00,17.67694890820837,17.710179072709703,17.13447542660173,17.16674648268355,65314687.66793422,2018-04-16T16:00:00
2018-04-17T16:00:00,2018-04-17T09:30:00,17.16590691932012,17.402716318776104,17.05749164571328,17.29349523153861,43364518.49484763,2018-04-17T16:00:00
2018-04-18T16:00:00,2018-04-18T09:30:00,17.26757881284827,17.968357145985557,17.151021715078794,17.847882963582144,62412551.02630479,2018-04-18T16:00:00
2018-04-19T16:00:00,2018-04-19T09:30:00,17.884956977115788,18.195166591398255,17.87024136500304,18.180208048857818,47824034.07072483,2018-04-19T16:00:00
2018-04-20T16:00:00,2018-04-20T09:30:00,18.150355491681307,18.24186358544425,17.681334022197827,17.770929173865355,43401596.85585695,2018-04-20T16:00:00
2018-04-23T16:00:00,2018-04-23T09:30:00,17.743169586903484,17.770518605551505,17.683070468394234,17.710368928667698,52095090.75474934,2018-04-23T16:00:00
2018-04-24T16:00:00,2018-04-24T09:30:00,17.75199866026915,17.837848371688573,17.34693154639844,17.43123000168616,61708347.81917307,2018-04-24T16:00:00
2018-04-25T16:00:00,2018-04-25T09:30:00,17.401267063957985,17.411090337883504,17.378950518305498,17.38876673560985,52969123.38193793,2018-04-25T16:00:00
2018-04-26T16:00:00,2018-04-26T09:30:00,17.40497271081301,17.52563718355853,17.3884624408179,17.509028207040537,51416133.776035115,2018-04-26T16:00:00
2018-04-27T16:00:00,2018-04-27T09:30:00,17.46950882174252,17.90720372995611,17.463198487411393,17.9007376271965,61014560.876003526,2018-04-27T16:00:00
2018-04-30T16:00:00,2018-04-30T09:30:00,17.90045461060053,17.92365338497614,17.82642498653625,17.849557799255102,45579332.60451774,2018-04-30T16:00:00
2018-05-01T16:00:00,2018-05-01T09:30:00,17.83992709775884,17.844438736915713,17.376411169233567,17.380806698859384,65483695.83660446,2018-05-01T16:00:00
2018-05-02T16:00:00,2018-05-02T09:30:00,17.38172241442091,17.424373049923187,16.819662310264366,16.861035302752846,62245825.06294038,2018-05-02T16:00:00
2018-05-03T16:00:00,2018-05-03T09:30:00,16.880198374480145,17.158748791883536,16.784350189741968,17.06186905499407,51394910.0390203,2018-05-03T16:00:00
2018-05-04T16:00:00,2018-05-04T09:30:00,17.06308192330628,17.27166368294727,17.009127921769647,17.217222284741318,45212117.10692913,2018-05-04T16:00:00
2018-05-07T16:00:00,2018-05-07T09:30:00,17.210436717419988,17.220912060565908,17.031960729992807,17.042333755211423,42150199.93453231,2018-05-07T16:00:00
2018-05-08T16:00:00,2018-05-08T09:30:00,17.02453968485227,17.297434945835167,16.94312850192405,17.215112445820466,50401954.5179615,2018-05-08T16:00:00
2018-05-09T16:00:00,2018-05-09T09:30:00,17.2449740372816,17.26042220668196,17.01323045459891,17.02848469131589,50861281.392997794,2018-05-09T16:00:00
2018-05-10T16:00:00,2018-05-10T09:30:00,17.03563870586296,17.054344768374392,16.893800692735486,16.91237140100807,50652913.687891476,2018-05-10T16:00:00
2018-05-11T16:00:00,2018-05-11T09:30:00,16.927410690722205,17.224105404688153,16.90455310981216,17.200878552075455,56630202.120088026,2018-05-11T16:00:00
2018-05-14T16:00:00,2018-05-14T09:30:00,17.204315322109583,17.382049152189325,17.116575964067202,17.293853164940643,57069973.36334777,2018-05-14T16:00:00
2018-05-15T16:00:00,2018-05-15T09:30:00,17.315152539098314,17.367960602917798,17.308766981861247,17.361557932098133,42445035.48052574,2018-05-15T16:00:00
2018-05-16T16:00:00,2018-05-16T09:30:00,17.404174376521297,17.440477150712947,17.092452202033705,17.128179287475124,54587506.96504042,2018-05-16T16:00:00
2018-05-17T16:00:00,2018-05-17T09:30:00,17.113708746221803,17.12644341535557,16.870765105922054,16.88332834417322,58102123.2379975,2018-05-17T16:00:00
2018-05-18T16:00:00,2018-05-18T09:30:00,16.897906180736957,16.915587432494455,16.733008814103155,16.750535863816495,55282933.44221011,2018-05-18T16:00:00
2018-05-21T16:00:00,2018-05-21T09:30:00,16.707947322387135,16.725004780195768,16.674956541754728,16.691997716310404,46592432.42118504,2018-05-21T16:00:00
2018-05-22T16:00:00,2018-05-22T09:30:00,16.727777731655593,16.806574182831287,16.599915693520067,16.678479926636157,47602515.529776365,2018-05-22T16:00:00
2018-05-23T16:00:00,2018-05-23T09:30:00,16.6790542711468,16.93699826298612,16.63342408127902,16.89078881441136,44984613.52522877,2018-05-23T16:00:00
2018-05-24T16:00:00,2018-05-24T09:30:00,16.914444793479767,16.99492173935138,16.862457603130242,16.94284725296078,35804247.81832732,2018-05-24T16:00:00
2018-05-25T16:00:00,2018-05-25T09:30:00,16.96695750500176,16.986887321395134,16.855239115659487,16.87506098808537,45720290.20803138,2018-05-25T16:00:00
2018-05-29T16:00:00,2018-05-29T09:30:00,16.86823538056956,17.065755749319354,16.825755755367993,17.02288666260332,42356330.41171178,2018-05-29T16:00:00
2018-05-30T16:00:00,2018-05-30T09:30:00,17.015488688852056,17.11089589121842,16.42045388693552,16.51304384096084,47240351.77301864,2018-05-30T16:00:00
2018-05-31T16:00:00,2018-05-31T09:30:00,16.50612276209095,16.734318205964733,16.462313125801305,16.690020478547417,54779462.120096505,2018-05-31T16:00:00
2018-06-01T16:00:00,2018-06-01T09:30:00,16.702808430579548,16.722170920394596,16.477551721350938,16.496675254253816,41923113.51905379,2018-06-01T16:00:00
2018-06-04T16:00:00,2018-06-04T09:30:00,16.500967740041215,16.55767605247116,16.289872574182283,16.346048480883784,58586339.27957848,2018-06-04T16:00:00
2018-06-05T16:00:00,2018-06-05T09:30:00,16.335293003764562,16.337993706295727,16.175084093083928,16.17775875058754,43377906.285646595,2018-06-05T16:00:00
2018-06-06T16:00:00,2018-06-06T09:30:00,16.156802937283782,16.321705455610243,16.131111400219083,16.295792905395157,45375778.183975674,2018-06-06T16:00:00
2018-06-07T16:00:00,2018-06-07T09:30:00,16.312072445698416,16.332853102420938,16.145343324342914,16.165937813818417,55955930.82828197,2018-06-07T16:00:00
2018-06-08T16:00:00,2018-06-08T09:30:00,16.15980261011366,16.182347120529077,16.15690362613479,16.179444612877752,51430294.24440352,2018-06-08T16:00:00
2018-06-11T16:00:00,2018-06-11T09:30:00,16.15456569392322,16.17671916659946,15.926254709206711,15.948125080710765,52376918.87901842,2018-06-11T16:00:00
2018-06-12T16:00:00,2018-06-12T09:30:00,15.918644567386982,16.035510467110416,15.90794584675466,16.02474044077711,36514960.47634355,2018-06-12T16:00:00
2018-06-13T16:00:00,2018-06-13T09:30:00,16.01027040926582,16.040489868577026,15.9327152465969,15.962845190588906,47291012.40893454,2018-06-13T16:00:00
2018-06-14T16:00:00,2018-06-14T09:30:00,15.997470037548592,16.057120511000992,15.70793601806694,15.76672610642686,43187221.2047791,2018-06-14T16:00:00
2018-06-15T16:00:00,2018-06-15T09:30:00,15.759721125062004,15.804775620633913,15.569358971205032,15.61399686466879,47049600.30447222,2018-06-15T16:00:00
2018-06-18T16:00:00,2018-06-18T09:30:00,15.580832509486775,15.664851450269149,15.311737213746346,15.394752727647539,49255501.94290744,2018-06-18T16:00:00
2018-06-19T16:00:00,2018-06-19T09:30:00,15.431760560332114,15.461496808739009,15.254062539273823,15.283513122112534,39497853.882529445,2018-06-19T16:00:00
2018-06-20T16:00:00,2018-06-20T09:30:00,15.305144247156848,15.386649892954386,15.252937232152805,15.334343277828463,48512055.33467584,2018-06-20T16:00:00
2018-06-21T16:00:00,2018-06-21T09:30:00,15.310977881342215,15.43431978302162,15.264304930331754,15.387413829827578,55602367.85519656,2018-06-21T16:00:00
2018-06-22T16:00:00,2018-06-22T09:30:00,15.415335159623018,15.484226825498764,15.28121205838509,15.349810894052235,50292392.996515,2018-06-22T16:00:00
2018-06-25T16:00:00,2018-06-25T09:30:00,15.328868574290842,15.478114651481766,15.2802951834844,15.429223261508078,44542070.26059726,2018-06-25T16:00:00
2018-06-26T16:00:00,2018-06-26T09:30:00,15.406351778951501,15.88244335622891,15.344670956161801,15.819110015826414,59299515.23832618,2018-06-26T16:00:00
2018-06-27T16:00:00,2018-06-27T09:30:00,15.825773831146048,15.836930741745864,15.310846336608366,15.321647846669803,61952339.94565852,2018-06-27T16:00:00
2018-06-28T16:00:00,2018-06-28T09:30:00,15.299307693242948,15.303411724990921,15.233738081921086,15.237825621133519,37630810.13736964,2018-06-28T16:00:00
2018-06-29T16:00:00,2018-06-29T09:30:00,15.237592276042355,15.27745716833537,14.85038374496513,14.889337526247981,55576492.35007119,2018-06-29T16:00:00
2018-07-02T16:00:00,2018-07-02T09:30:00,14.876360365844898,14.90105611789892,14.796548702240278,14.821152806056796,57345678.20451548,2018-07-02T16:00:00
2018-07-03T13:00:00,2018-07-03T09:30:00,14.825495196420444,14.859691643088128,14.687340430043042,14.721296532357211,52293296.54002887,2018-07-03T13:00:00
2018-07-05T16:00:00,2018-07-05T09:30:00,14.74590658180657,14.754498516200366,14.603039707982596,14.611553359358222,40673849.13800209,2018-07-05T16:00:00
2018-07-06T16:00:00,2018-07-06T09:30:00,14.590436660447423,14.595944154740845,14.32202353425695,14.327431751327227,51818196.08279407,2018-07-06T16:00:00
2018-07-09T16:00:00,2018-07-09T09:30:00,14.329984496159986,14.558479146541808,14.29375884360457,14.521768670930044,41107519.02390699,2018-07-09T16:00:00
2018-07-10T16:00:00,2018-07-10T09:30:00,14.531394990754439,14.56746986550075,14.34947040560159,14.385182300434893,43788604.57937987,2018-07-10T16:00:00
2018-07-11T16:00:00,2018-07-11T09:30:00,14.385203433926781,14.422850939574188,14.288218290932306,14.325710096609047,36183124.51925744,2018-07-11T16:00:00
2018-07-12T16:00:00,2018-07-12T09:30:00,14.325154793737866,14.455231501878322,14.32371659812813,14.453780392706786,50120336.93486354,2018-07-12T16:00:00
2018-07-13T16:00:00,2018-07-13T09:30:00,14.462969873836133,14.584172478608181,14.401859490299849,14.52280925574423,42259233.23041554,2018-07-13T16:00:00
2018-07-16T16:00:00,2018-07-16T09:30:00,14.52008306949028,14.75046380979322,14.512447638063499,14.742711308605525,47747902.41486068,2018-07-16T16:00:00
2018-07-17T16:00:00,2018-07-17T09:30:00,14.7183050199848,15.23241856781,14.648505396904033,15.160521789939944,50469813.341314785,2018-07-17T16:00:00
2018-07-18T16:00:00,2018-07-18T09:30:00,15.16392088537885,15.32837377569619,15.052217004087018,15.216284164253713,50361755.61535341,2018-07-18T16:00:00
2018-07-19T16:00:00,2018-07-19T09:30:00,15.209332814101382,15.260022158231019,15.159267439030998,15.2099547359472,49408307.00668849,2018-07-19T16:00:00
2018-07-20T16:00:00,2018-07-20T09:30:00,15.221050229282435,15.312592235803294,15.018938330361877,15.10981132704699,56335151.29179178,2018-07-20T16:00:00
2018-07-23T16:00:00,2018-07-23T09:30:00,15.129926474902542,15.170958967226445,15.062697670352858,15.103658924852336,48433074.008039266,2018-07-23T16:00:00
2018-07-24T16:00:00,2018-07-24T09:30:00,15.08694311609136,15.3428847431658,15.07184690624526,15.32754778087028,58818073.670541234,2018-07-24T16:00:00
2018-07-25T16:00:00,2018-07-25T09:30:00,15.34622117068616,15.42080563512444,15.273339138795988,15.347915556284867,55603114.21192437,2018-07-25T16:00:00
2018-07-26T16:00:00,2018-07-26T09:30:00,15.398532232710004,15.688541388915331,15.337907272197857,15.627016870449786,45931426.0808606,2018-07-26T16:00:00
2018-07-27T16:00:00,2018-07-27T09:30:00,15.648993151831544,15.699712224008291,15.602372555491268,15.65307945398748,38695241.13841855,2018-07-27T16:00:00
2018-07-30T16:00:00,2018-07-30T09:30:00,15.645525305203584,15.66495100292933,15.575704078668762,15.595067126831662,49600524.151898466,2018-07-30T16:00:00
2018-07-31T16:00:00,2018-07-31T09:30:00,15.621378320480467,15.675040784916714,15.476107924925117,15.529454613598803,52417585.12813249,2018-07-31T16:00:00
2018-08-01T16:00:00,2018-08-01T09:30:00,15.536029489651643,15.572445212214657,15.494799277336114,15.531203688448034,41177538.53703172,2018-08-01T16:00:00
2018-08-02T16:00:00,2018-08-02T09:30:00,15.532633592233006,16.103301569759623,15.439626320786966,16.00745115611307,53241181.10001953,2018-08-02T16:00:00
2018-08-03T16:00:00,2018-08-03T09:30:00,15.995320360547494,16.334764604241478,15.915453764712495,16.25360834483083,61012694.61339533,2018-08-03T16:00:00
2018-08-06T16:00:00,2018-08-06T09:30:00,16.239771433012,16.29865953647007,16.060892500966382,16.119343914276953,43209411.54466193,2018-08-06T16:00:00
2018-08-07T16:00:00,2018-08-07T09:30:00,16.102209533748873,16.106222269214438,15.667553922661684,15.671459313437554,53233025.94787264,2018-08-07T16:00:00
2018-08-08T16:00:00,2018-08-08T09:30:00,15.654551170672624,15.707530692283393,15.403549200020809,15.455856280748415,46848873.55269677,2018-08-08T16:00:00
2018-08-09T16:00:00,2018-08-09T09:30:00,15.447547874013196,15.497295243092342,15.386442813378174,15.436153487912959,40206418.7884914,2018-08-09T16:00:00
2018-08-10T16:00:00,2018-08-10T09:30:00,15.428181977182598,15.448594044662464,15.376360980753049,15.39673143798166,44706342.80561195,2018-08-10T16:00:00
2018-08-13T16:00:00,2018-08-13T09:30:00,15.388627530492629,15.54295198286123,15.117317365756659,15.270456745470248,47629871.96712853,2018-08-13T16:00:00
2018-08-14T16:00:00,2018-08-14T09:30:00,15.258729712864223,15.275365506212808,15.15818977109054,15.174733988302561,57187528.73389036,2018-08-14T16:00:00
2018-08-15T16:00:00,2018-08-15T09:30:00,15.181835144862196,15.399196902312356,15.144706347132457,15.361628400991036,40212731.760151,2018-08-15T16:00:00
2018-08-16T16:00:00,2018-08-16T09:30:00,15.391896062239395,15.403189962347923,15.051796179765864,15.06284863926753,59052741.31389516,2018-08-16T16:00:00
2018-08-17T16:00:00,2018-08-17T09:30:00,15.074419277619029,15.368273360832605,15.071171030685425,15.364962507430526,47215462.16954126,2018-08-17T16:00:00
2018-08-20T16:00:00,2018-08-20T09:30:00,15.359666492577341,15.429772575274008,15.286342197095797,15.35643352356105,43697428.71475729,2018-08-20T16:00:00
2018-08-21T16:00:00,2018-08-21T09:30:00,15.371567383959844,15.40265656085408,15.318265586737233,15.349309747297992,43445680.17744337,2018-08-21T16:00:00
2018-08-22T16:00:00,2018-08-22T09:30:00,15.366927720384716,15.507244379754432,15.324949136144784,15.464997892453166,52258235.634140916,2018-08-22T16:00:00
2018-08-23T16:00:00,2018-08-23T09:30:00,15.465564629122689,15.474476122897267,15.367626825578542,15.376486991462254,43836509.30369252,2018-08-23T16:00:00
2018-08-24T16:00:00,2018-08-24T09:30:00,15.390157322757169,15.498455402071164,14.887442727368533,14.992945691869588,47999641.77105932,2018-08-24T16:00:00
2018-08-27T16:00:00,2018-08-27T09:30:00,14.981377971987875,15.37248062663322,14.941116544176232,15.331278864124974,44766302.86756851,2018-08-27T16:00:00
2018-08-28T16:00:00,2018-08-28T09:30:00,15.320043490493916,15.476526058846309,15.290355144653777,15.446592476752624,54666853.897796646,2018-08-28T16:00:00
2018-08-29T16:00:00,2018-08-29T09:30:00,15.478172840644751,15.527802475999355,15.376978400004344,15.42644216470937,49771448.62549256,2018-08-29T16:00:00
2018-08-30T16:00:00,2018-08-30T09:30:00,15.439661571009415,15.467402653144983,15.394669023389541,15.422379053306713,50103118.770094916,2018-08-30T16:00:00
2018-08-31T16:00:00,2018-08-31T09:30:00,15.421836617619185,15.43017511702125,15.209029879913817,15.217257764692922,45098455.14965593,2018-08-31T16:00:00
2018-09-04T16:00:00,2018-09-04T09:30:00,15.195094253767488,15.286002836782606,15.100880362005935,15.191769051135932,40282498.72670961,2018-09-04T16:00:00
2018-09-05T16:00:00,2018-09-05T09:30:00,15.202008169220353,15.765839881237142,15.114524711078875,15.675630852256274,50423332.6056336,2018-09-05T16:00:00
2018-09-06T16:00:00,2018-09-06T09:30:00,15.673639714739698,16.11533973138024,15.642979692075961,16.083877221770777,46869366.51477931,2018-09-06T16:00:00
2018-09-07T16:00:00,2018-09-07T09:30:00,16.100927413062873,16.141223708454042,16.096159179515432,16.136444956509877,41512035.18998909,2018-09-07T16:00:00
2018-09-10T16:00:00,2018-09-10T09:30:00,16.093191892429896,16.477772451131898,16.072907496935358,16.457029462636097,50762545.94769185,2018-09-10T16:00:00
2018-09-11T16:00:00,2018-09-11T09:30:00,16.469303705275106,16.71385628697885,16.373282860679698,16.616974478699728,53587443.600282766,2018-09-11T16:00:00
2018-09-12T16:00:00,2018-09-12T09:30:00,16.610249398093504,16.629109765337592,16.39552401379037,16.414161730227757,51373537.509448916,2018-09-12T16:00:00
2018-09-13T16:00:00,2018-09-13T09:30:00,16.430703191984723,16.484979306912813,16.085126324226476,16.138436986002613,40336391.94682485,2018-09-13T16:00:00
2018-09-14T16:00:00,2018-09-14T09:30:00,16.157228859954184,16.44512351933911,16.112822667538932,16.400049962446126,41884539.76380321,2018-09-14T16:00:00
2018-09-17T16:00:00,2018-09-17T09:30:00,16.367094397146406,16.511626411854557,16.34902954096497,16.49342212394743,45966861.43281604,2018-09-17T16:00:00
2018-09-18T16:00:00,2018-09-18T09:30:00,16.500963979968112,16.514734448798315,16.159784566430545,16.173281576065598,46864806.12723028,2018-09-18T16:00:00
2018-09-19T16:00:00,2018-09-19T09:30:00,16.224380000040327,16.288908806155085,15.924689029470983,15.988278796387082,52817115.54748201,2018-09-19T16:00:00
2018-09-20T16:00:00,2018-09-20T09:30:00,15.98351904704352,16.08114625795628,15.94818311200029,16.04567291480989,43577536.75331042,2018-09-20T16:00:00
2018-09-21T16:00:00,2018-09-21T09:30:00,16.05470837415946,16.114017351841134,15.465459122670119,15.522803146861555,48944301.063438445,2018-09-21T16:00:00
2018-09-24T16:00:00,2018-09-24T09:30:00,15.52385564686151,15.894228383315042,15.451469130348578,15.820458829516307,46567565.189190805,2018-09-24T16:00:00
2018-09-25T16:00:00,2018-09-25T09:30:00,15.81261825191718,16.09240037227932,15.800764332731335,16.08034575134431,40784764.191224806,2018-09-25T16:00:00
2018-09-26T16:00:00,2018-09-26T09:30:00,16.081046565188263,16.41120822411389,16.07600788525004,16.40606770518832,55936462.607312046,2018-09-26T16:00:00
2018-09-27T16:00:00,2018-09-27T09:30:00,16.402740760512145,16.580248788783713,16.343474333975216,16.520556669491146,44902215.30782595,2018-09-27T16:00:00
2018-09-28T16:00:00,2018-09-28T09:30:00,16.528365246575273,16.611796905568664,16.390611938409698,16.47376800216973,35396109.726312876,2018-09-28T16:00:00
2018-10-01T16:00:00,2018-10-01T09:30:00,16.50464825890108,16.868527577695502,16.445676071543676,16.80846981604955,62759158.24278136,2018-10-01T16:00:00
2018-10-02T16:00:00,2018-10-02T09:30:00,16.81820489811589,17.051560213617478,16.72709962237422,16.95968851222252,40317823.49905443,2018-10-02T16:00:00
2018-10-03T16:00:00,2018-10-03T09:30:00,16.9622601843345,17.303981080138957,16.942992314949528,17.284347343632007,47459822.83401122,2018-10-03T16:00:00
2018-10-04T16:00:00,2018-10-04T09:30:00,17.253605394364772,17.40587595008897,17.19249067424454,17.344439482730348,45940498.11074791,2018-10-04T16:00:00
2018-10-05T16:00:00,2018-10-05T09:30:00,17.363511361968293,17.653837731705778,17.338939578332205,17.628890399820047,41366161.25044523,2018-10-05T16:00:00
2018-10-08T16:00:00,2018-10-08T09:30:00,17.608767845981664,17.873966222902233,17.560746656549767,17.82535437642393,41673112.69978251,2018-10-08T16:00:00
2018-10-09T16:00:00,2018-10-09T09:30:00,17.799208083932193,17.95458025833475,17.73187449637708,17.886914879994116,53843803.35831283,2018-10-09T16:00:00
2018-10-10T16:00:00,2018-10-10T09:30:00,17.859015871927543,17.976981639488347,17.75504082967236,17.872925614825405,51061963.83490292,2018-10-10T16:00:00
2018-10-11T16:00:00,2018-10-11T09:30:00,17.814767335198134,17.953986411501393,17.799310100343487,17.93842188602672,37401105.91212775,2018-10-11T16:00:00
2018-10-12T16:00:00,2018-10-12T09:30:00,17.920430125486945,18.023951489165388,17.89543792500899,17.998849922824967,35468281.73039777,2018-10-12T16:00:00
2018-10-15T16:00:00,2018-10-15T09:30:00,18.00207113879371,18.008204095471207,17.848977844471435,17.855060717548124,41845976.51375963,2018-10-15T16:00:00
2018-10-16T16:00:00,2018-10-16T09:30:00,17.829956857660274,17.916962348373193,17.68941768800483,17.776160667486685,50308787.8263673,2018-10-16T16:00:00
2018-10-17T16:00:00,2018-10-17T09:30:00,17.794207656622845,17.88535227659862,17.504867757410384,17.59499196451356,55123030.51481928,2018-10-17T16:00:00
2018-10-18T16:00:00,2018-10-18T09:30:00,17.610410696004518,17.92948806447546,17.58569963624243,17.904364526503855,48973683.263944715,2018-10-18T16:00:00
2018-10-19T16:00:00,2018-10-19T09:30:00,17.893124310073553,18.248357970990114,17.844580906777992,18.19898477923228,57208531.44385899,2018-10-19T16:00:00
2018-10-22T16:00:00,2018-10-22T09:30:00,18.227864649434895,18.28814038302209,18.216249688315163,18.27649443456103,55901697.73797242,2018-10-22T16:00:00
2018-10-23T16:00:00,2018-10-23T09:30:00,18.27572521392039,18.44918307516199,18.15578508473487,18.328894009225515,42339163.42995888,2018-10-23T16:00:00
2018-10-24T16:00:00,2018-10-24T09:30:00,18.304709771250742,19.05939964782738,18.283632151132746,19.037478254935788,59860875.14934358,2018-10-24T16:00:00
2018-10-25T16:00:00,2018-10-25T09:30:00,19.04934944056841,19.104791669749805,18.81149000230397,18.86639976512128,58760214.63899899,2018-10-25T16:00:00
2018-10-26T16:00:00,2018-10-26T09:30:00,18.867196756581784,18.886858804416804,18.79132417989132,18.810927588009033,45480981.65150499,2018-10-26T16:00:00
2018-10-29T16:00:00,2018-10-29T09:30:00,18.806743810435535,18.898228471954006,18.52818587704181,18.618756079678334,41264316.57303614,2018-10-29T16:00:00
2018-10-30T16:00:00,2018-10-30T09:30:00,18.604795389943988,18.784650794687852,18.60196228448151,18.781790736685817,58219765.49361107,2018-10-30T16:00:00
2018-10-31T16:00:00,2018-10-31T09:30:00,18.791619537516482,18.880161187421454,18.702649827292316,18.79118945073046,41836571.547300205,2018-10-31T16:00:00
2018-11-01T16:00:00,2018-11-01T09:30:00,18.777498792966565,18.856149236431815,18.383172683958644,18.460495343454422,54981331.68987742,2018-11-01T16:00:00
2018-11-02T16:00:00,2018-11-02T09:30:00,18.45310171378806,18.47528306359479,18.30570376436407,18.327734417778924,47774540.316037916,2018-11-02T16:00:00
2018-11-05T16:00:00,2018-11-05T09:30:00,18.318492711166083,18.69963670648682,18.27413112030365,18.654461505551,50196464.769850805,2018-11-05T16:00:00
2018-11-06T16:00:00,2018-11-06T09:30:00,18.67432293823901,18.793249073825898,18.428990929962023,18.547106898991206,36987172.12776304,2018-11-06T16:00:00
2018-11-07T16:00:00,2018-11-07T09:30:00,18.569218733937042,18.605131021273724,18.530744969400523,18.56665229332145,38949263.838159695,2018-11-07T16:00:00
2018-11-08T16:00:00,2018-11-08T09:30:00,18.53637177799103,18.547177870597594,18.51928652281615,18.53008895274308,44633997.67384379,2018-11-08T16:00:00
2018-11-09T16:00:00,2018-11-09T09:30:00,18.54751253955547,18.676592140810495,18.496537935461415,18.625403467083927,46442358.13650748,2018-11-09T16:00:00
2018-11-12T16:00:00,2018-11-12T09:30:00,18.659285429383637,18.8034178668429,18.59939777500655,18.743260690813884,49665736.18773432,2018-11-12T16:00:00
2018-11-13T16:00:00,2018-11-13T09:30:00,18.750506917808746,18.765998395918025,18.675156897187573,18.69059887988523,38761725.03954901,2018-11-13T16:00:00
2018-11-14T16:00:00,2018-11-14T09:30:00,18.68520718388453,18.714514571225855,18.500756212869156,18.52981987821638,55094163.277444795,2018-11-14T16:00:00
2018-11-15T16:00:00,2018-11-15T09:30:00,18.52912308842103,18.821250762946306,18.410031355078413,18.701053982800925,46588111.755854756,2018-11-15T16:00:00
2018-11-16T16:00:00,2018-11-16T09:30:00,18.676941277210954,18.803970459549724,18.521054590160475,18.647886157264782,36184613.671258375,2018-11-16T16:00:00
2018-11-19T16:00:00,2018-11-19T09:30:00,18.628636342079954,18.68338526295341,18.391596915249835,18.445808511423284,57388828.09104553,2018-11-19T16:00:00
2018-11-20T16:00:00,2018-11-20T09:30:00,18.46078677820075,18.50772267194426,18.42754049960192,18.47445178385341,52367023.602937765,2018-11-20T16:00:00
2018-11-21T16:00:00,2018-11-21T09:30:00,18.46758779812041,18.650967148266943,18.451203874758228,18.634435202590325,46623910.22278026,2018-11-21T16:00:00
2018-11-23T13:00:00,2018-11-23T09:30:00,18.673668845541297,19.059759216667008,18.624873062585614,19.010084353214015,61796617.02732502,2018-11-23T13:00:00
2018-11-26T16:00:00,2018-11-26T09:30:00,18.98491034108459,19.079102813661525,18.90980838602261,19.00392563644511,37064622.53182041,2018-11-26T16:00:00
2018-11-27T16:00:00,2018-11-27T09:30:00,18.98953235352223,19.67767840805124,18.930946049488792,19.617155766912134,59144896.356873,2018-11-27T16:00:00
2018-11-28T16:00:00,2018-11-28T09:30:00,19.64180699442449,19.80719520276561,19.57628153318214,19.741337705080515,56604149.83892283,2018-11-28T16:00:00
2018-11-29T16:00:00,2018-11-29T09:30:00,19.778477596212312,19.785889866052184,19.658464491412158,19.66583454664401,54404715.444191955,2018-11-29T16:00:00
2018-11-30T16:00:00,2018-11-30T09:30:00,19.672909807270266,19.833934752785577,19.65216291811194,19.813040083388596,49267761.36229148,2018-11-30T16:00:00
2018-12-03T16:00:00,2018-12-03T09:30:00,19.842866534259134,19.93784457386734,19.78146138866969,19.87633585511138,35441206.27420258,2018-12-03T16:00:00
2018-12-04T16:00:00,2018-12-04T09:30:00,19.84541827591313,19.953628541451838,19.605877084555672,19.71336732148908,49517958.87081991,2018-12-04T16:00:00
2018-12-06T16:00:00,2018-12-06T09:30:00,19.68469931811028,19.73196489687421,19.544710460268476,19.59175286224115,42380940.44659331,2018-12-06T16:00:00
2018-12-07T16:00:00,2018-12-07T09:30:00,19.562998542857763,19.6706184583334,19.530172757926277,19.63766738262556,52963668.33090842,2018-12-07T16:00:00
2018-12-10T16:00:00,2018-12-10T09:30:00,19.655013859681127,20.052929212284695,19.553109424010984,19.94949797850812,45238098.359374925,2018-12-10T16:00:00
2018-12-11T16:00:00,2018-12-11T09:30:00,19.91979335532913,19.98275596790654,19.40095162932135,19.46246872723568,60229045.06053851,2018-12-11T16:00:00
2018-12-12T16:00:00,2018-12-12T09:30:00,19.452167297824218,19.489231223563696,18.9706934234057,19.006908959259217,56578729.67570436,2018-12-12T16:00:00
2018-12-13T16:00:00,2018-12-13T09:30:00,19.002851116321363,19.195482462670522,18.57552084439435,18.76574869038181,42645275.83868338,2018-12-13T16:00:00
2018-12-14T16:00:00,2018-12-14T09:30:00,18.753793320096932,18.76464661759253,18.597320480266937,18.60808945522764,53508291.71546411,2018-12-14T16:00:00
2018-12-17T16:00:00,2018-12-17T09:30:00,18.64859336192222,18.836645543038582,18.61938230504657,18.807186067397517,45853114.360810615,2018-12-17T16:00:00
2018-12-18T16:00:00,2018-12-18T09:30:00,18.81628692826115,18.89785638112156,18.394548120098563,18.474636502949334,53584569.07377286,2018-12-18T16:00:00
2018-12-19T16:00:00,2018-12-19T09:30:00,18.53714397089645,18.55395886886882,18.38031695503272,18.39700473380175,42787064.11171228,2018-12-19T16:00:00
2018-12-20T16:00:00,2018-12-20T09:30:00,18.40051925209331,19.063093721405064,18.349504564063153,19.010388196637148,67181115.09695035,2018-12-20T16:00:00
2018-12-21T16:00:00,2018-12-21T09:30:00,18.996871560654597,19.174913365131975,18.954889020730242,19.132630801189574,41673960.51561939,2018-12-21T16:00:00
2018-12-24T13:00:00,2018-12-24T09:30:00,19.173297456598842,19.473885271063107,19.14956705744304,19.449812634711844,49773022.09761876,2018-12-24T13:00:00
2018-12-26T16:00:00,2018-12-26T09:30:00,19.460575578946795,19.480236319887936,19.35089273056977,19.37046243148795,39660374.635196745,2018-12-26T16:00:00
2018-12-27T16:00:00,2018-12-27T09:30:00,19.345911453701422,19.42823532463517,18.870514079326977,18.95115813167939,53449265.51526524,2018-12-27T16:00:00
2018-12-28T16:00:00,2018-12-28T09:30:00,18.949440368576923,19.37458157458985,18.89862435386695,19.322764430524366,58075818.81614789,2018-12-28T16:00:00
2018-12-31T16:00:00,2018-12-31T09:30:00,19.328086665150636,19.36822224647929,18.877895274101128,18.917177585519006,59396193.13536628,2018-12-31T16:00:00
2019-01-02T16:00:00,2019-01-02T09:30:00,18.918893269511646,19.097402102672508,18.85892692877373,19.037061210478996,47487164.79694019,2019-01-02T16:00:00
2019-01-03T16:00:00,2019-01-03T09:30:00,19.068882278833797,19.26898306621909,19.046575882969176,19.246468933049716,38464797.13994216,2019-01-03T16:00:00
2019-01-04T16:00:00,2019-01-04T09:30:00,19.222104681737747,19.250196093349178,18.647508300982295,18.674799874862043,59476754.25679989,2019-01-04T16:00:00
2019-01-07T16:00:00,2019-01-07T09:30:00,18.684614962651793,18.70700529568612,18.40652207541805,18.428605624804668,48036621.01419627,2019-01-07T16:00:00
2019-01-08T16:00:00,2019-01-08T09:30:00,18.4120298852566,18.457244252597807,18.24303075352423,18.28794039467036,54573136.148003906,2019-01-08T16:00:00
2019-01-09T16:00:00,2019-01-09T09:30:00,18.27342631656525,18.28634048800231,18.02138361762459,18.034128672950605,43309557.43470367,2019-01-09T16:00:00
2019-01-10T16:00:00,2019-01-10T09:30:00,18.063783974970328,18.075188666850888,17.885054439734805,17.896353423206936,39095921.23100291,2019-01-10T16:00:00
2019-01-11T16:00:00,2019-01-11T09:30:00,17.90430223237855,18.070217403148277,17.809830353745816,17.975370533308794,42254085.1063144,2019-01-11T16:00:00
2019-01-14T16:00:00,2019-01-14T09:30:00,17.995769894174494,18.14936563911795,17.900847211528927,18.05413509625925,35352312.382431515,2019-01-14T16:00:00
2019-01-15T16:00:00,2019-01-15T09:30:00,17.943376138179584,18.250234901997807,17.92325997672111,18.2297976359128,54686744.77569499,2019-01-15T16:00:00
2019-01-16T16:00:00,2019-01-16T09:30:00,18.21182913176314,18.24049562530216,17.73509794989298,17.763058051274122,43191892.35469084,2019-01-16T16:00:00
2019-01-17T16:00:00,2019-01-17T09:30:00,17.742506900767037,17.79603855586515,17.38268421526874,17.435288950317993,43775908.7035564,2019-01-17T16:00:00
2019-01-18T16:00:00,2019-01-18T09:30:00,17.470633826493895,17.689368243503043,17.18181661185332,17.399662458884265,39535704.307958804,2019-01-18T16:00:00
2019-01-22T16:00:00,2019-01-22T09:30:00,17.472310716738523,17.72246951972873,17.46354689364322,17.713584677591083,44231868.316355884,2019-01-22T16:00:00
2019-01-23T16:00:00,2019-01-23T09:30:00,17.713218156896374,17.922099968936223,17.55367044104039,17.762111854407976,45500918.72936388,2019-01-23T16:00:00
2019-01-24T16:00:00,2019-01-24T09:30:00,17.763148447082862,18.185003429560293,17.755951214892814,18.17763825533006,48376350.79134886,2019-01-24T16:00:00
2019-01-25T16:00:00,2019-01-25T09:30:00,18.183518008740858,19.15488723653012,18.024568742563616,18.988897829308026,55856863.795597166,2019-01-25T16:00:00
2019-01-28T16:00:00,2019-01-28T09:30:00,19.009247107674383,19.158839854226304,18.79632051172166,18.94541090100339,49993693.903155334,2019-01-28T16:00:00
2019-01-29T16:00:00,2019-01-29T09:30:00,18.95734185832205,19.349467625354627,18.75749471408595,19.14761463706393,49892321.28107774,2019-01-29T16:00:00
2019-01-30T16:00:00,2019-01-30T09:30:00,19.15230757966349,19.51353189888128,19.06616891922877,19.426161563608755,54537166.75753347,2019-01-30T16:00:00
2019-01-31T16:00:00,2019-01-31T09:30:00,19.424222403648553,20.089781183069924,19.227464861226192,19.888322541134183,49595443.26349372,2019-01-31T16:00:00
2019-02-01T16:00:00,2019-02-01T09:30:00,19.872310420026672,20.62560327938763,19.797393615684552,20.54813866398322,66052863.61979359,2019-02-01T16:00:00
2019-02-04T16:00:00,2019-02-04T09:30:00,20.53985343811517,20.912175876703007,20.464201103165816,20.835434857037548,52525373.61920466,2019-02-04T16:00:00
2019-02-05T16:00:00,2019-02-05T09:30:00,20.83488120002931,21.154606107958905,20.35416198404783,20.67137782552986,46114098.45258183,2019-02-05T16:00:00
2019-02-06T16:00:00,2019-02-06T09:30:00,20.675647674252833,20.993107465802733,20.55208812670969,20.868396036547825,37275939.53201589,2019-02-06T16:00:00
2019-02-07T16:00:00,2019-02-07T09:30:00,20.85907607550674,20.892644124681148,20.694105204183117,20.727461448853646,42918108.07044945,2019-02-07T16:00:00
2019-02-08T16:00:00,2019-02-08T09:30:00,20.766327766132786,20.838649249539657,20.474107222726484,20.54566020215198,44723815.83762137,2019-02-08T16:00:00
2019-02-11T16:00:00,2019-02-11T09:30:00,20.598436848108346,20.61601158893972,19.89116425469201,19.908150037638727,56895257.59394589,2019-02-11T16:00:00
2019-02-12T16:00:00,2019-02-12T09:30:00,19.87800441190033,20.323560729743985,19.672610022775896,20.11571018700088,47811685.90722235,2019-02-12T16:00:00
2019-02-13T16:00:00,2019-02-13T09:30:00,20.072861214676426,20.17861127982339,20.03765752271076,20.143284080558423,55559346.31949457,2019-02-13T16:00:00
2019-02-14T16:00:00,2019-02-14T09:30:00,20.156023387340326,20.263220058548782,19.568217680050374,19.672844640345062,62327648.24616887,2019-02-14T16:00:00
2019-02-15T16:00:00,2019-02-15T09:30:00,19.65846789098259,19.68398795509373,19.139187162618093,19.164065407481388,43365597.106550574,2019-02-15T16:00:00
2019-02-19T16:00:00,2019-02-19T09:30:00,19.23912677174987,19.25507328085512,19.20471326852371,19.220644458410924,36028394.20905169,2019-02-19T16:00:00
2019-02-20T16:00:00,2019-02-20T09:30:00,19.262326825292405,19.275452196819348,19.00304712135012,19.016004648664214,57813658.97177767,2019-02-20T16:00:00
2019-02-21T16:00:00,2019-02-21T09:30:00,19.036597104223308,19.238851366624882,18.542668357491884,18.74179044755355,58004204.833774015,2019-02-21T16:00:00
2019-02-22T16:00:00,2019-02-22T09:30:00,18.786367929765323,18.945971998176642,18.673624455817425,18.8329489753072,52555097.5564524,2019-02-22T16:00:00
2019-02-25T16:00:00,2019-02-25T09:30:00,18.870643145362177,18.924610447507284,18.56134554865232,18.614580548914336,41122738.61681502,2019-02-25T16:00:00
2019-02-26T16:00:00,2019-02-26T09:30:00,18.52958319557634,18.563971580296037,18.021705762055138,18.055213781699624,48687384.46118712,2019-02-26T16:00:00
2019-02-27T16:00:00,2019-02-27T09:30:00,18.003642449025822,18.30024691088388,17.93589582150399,18.231642333461654,42260356.89532105,2019-02-27T16:00:00
2019-02-28T16:00:00,2019-02-28T09:30:00,18.22967063803668,18.88071455667454,17.910590619121592,18.555924015829344,42051352.43753428,2019-02-28T16:00:00
2019-03-01T16:00:00,2019-03-01T09:30:00,18.53195504951714,18.551171321272147,18.11015005793331,18.12894844153365,51168141.05994427,2019-03-01T16:00:00
2019-03-04T16:00:00,2019-03-04T09:30:00,18.07985129292618,18.170045637790295,17.680008490316276,17.768650357561434,46361499.62083274,2019-03-04T16:00:00
2019-03-05T16:00:00,2019-03-05T09:30:00,17.766202418363587,18.189025335509637,17.56284307086716,17.983182345456715,51676052.69491846,2019-03-05T16:00:00
2019-03-06T16:00:00,2019-03-06T09:30:00,18.07471450165648,18.61641754163693,17.992482223952813,18.532104334370633,55474118.93525052,2019-03-06T16:00:00
2019-03-07T16:00:00,2019-03-07T09:30:00,18.551834939472247,18.89587214789812,18.548612691689513,18.89259071462002,50540036.18435566,2019-03-07T16:00:00
2019-03-08T16:00:00,2019-03-08T09:30:00,18.829703159429517,18.942233305415446,18.47228408716956,18.583341928197672,39819374.122602455,2019-03-08T16:00:00
2019-03-11T16:00:00,2019-03-11T09:30:00,18.60345912262124,18.945157765108387,18.569135608065913,18.91026818564701,43503485.9466516,2019-03-11T16:00:00
2019-03-12T16:00:00,2019-03-12T09:30:00,18.896583792520637,18.984520589073668,18.59681146442721,18.683757858106294,48911089.11290675,2019-03-12T16:00:00
2019-03-13T16:00:00,2019-03-13T09:30:00,18.67812116761975,19.191370603406327,18.673673654572937,19.186801966587495,61457033.15010201,2019-03-13T16:00:00
2019-03-14T16:00:00,2019-03-14T09:30:00,19.088827497651057,19.16866225986134,18.44134463445783,18.518795364447584,62176095.34796593,2019-03-14T16:00:00
2019-03-15T16:00:00,2019-03-15T09:30:00,18.608879617477633,19.110043714703725,18.275096022720614,18.773310752944806,39129649.73619029,2019-03-15T16:00:00
2019-03-18T16:00:00,2019-03-18T09:30:00,18.813855780829545,18.82651101555112,18.353049374431503,18.36540295510421,53570968.91144776,2019-03-18T16:00:00
2019-03-19T16:00:00,2019-03-19T09:30:00,18.42769071622473,18.64485604136003,18.40668148019149,18.623623424297996,40639946.29842156,2019-03-19T16:00:00
2019-03-20T16:00:00,2019-03-20T09:30:00,18.699440776569663,18.960259987519002,18.64228797349011,18.9024865970149,44343204.10096092,2019-03-20T16:00:00
2019-03-21T16:00:00,2019-03-21T09:30:00,18.902405971131678,19.029304854059937,18.363300141500265,18.487413022387347,54036788.62206486,2019-03-21T16:00:00
2019-03-22T16:00:00,2019-03-22T09:30:00,18.419514079840656,18.546173249453698,18.358605539225234,18.48504800519794,40865334.91352511,2019-03-22T16:00:00
2019-03-25T16:00:00,2019-03-25T09:30:00,18.52390767130818,18.717569222451313,18.45231836031726,18.64550995534296,50608663.0622882,2019-03-25T16:00:00
2019-03-26T16:00:00,2019-03-26T09:30:00,18.59049149252512,18.63315392266374,18.304797854517194,18.346901281125408,50654661.70466271,2019-03-26T16:00:00
2019-03-27T16:00:00,2019-03-27T09:30:00,18.34166839152499,18.444316511312316,17.697841902972417,17.797444303132497,59928101.60057319,2019-03-27T16:00:00
2019-03-28T16:00:00,2019-03-28T09:30:00,17.79720420399737,18.592849884611187,17.59805682710549,18.387101665766828,61436998.41727105,2019-03-28T16:00:00
2019-03-29T16:00:00,2019-03-29T09:30:00,18.33388312703298,18.528509228779498,17.99688548326819,18.189984002149323,39765214.84294246,2019-03-29T16:00:00
2019-04-01T16:00:00,2019-04-01T09:30:00,18.227687333926788,18.2791853010332,17.706850060558097,17.757018264881566,45198250.48542642,2019-04-01T16:00:00
2019-04-02T16:00:00,2019-04-02T09:30:00,17.7628069331418,18.273683832425967,17.70947336401246,18.21898058287536,45267891.59617678,2019-04-02T16:00:00
2019-04-03T16:00:00,2019-04-03T09:30:00,18.202373007019165,18.287265076071918,17.242575212288834,17.32336778442294,64324143.305159956,2019-04-03T16:00:00
2019-04-04T16:00:00,2019-04-04T09:30:00,17.29020400191956,17.3315761643732,16.919775922797793,16.960358828624237,62538330.23395698,2019-04-04T16:00:00
2019-04-05T16:00:00,2019-04-05T09:30:00,16.91137501837478,17.190943465164455,16.80089683050583,17.079367818331107,56553416.22963595,2019-04-05T16:00:00
2019-04-08T16:00:00,2019-04-08T09:30:00,17.051048241187576,17.069839258881114,16.827621561582777,16.846186812820747,46495422.46570481,2019-04-08T16:00:00
2019-04-09T16:00:00,2019-04-09T09:30:00,16.888834451840577,17.464590984344525,16.726296777614277,17.29811441114433,54387994.691967756,2019-04-09T16:00:00
2019-04-10T16:00:00,2019-04-10T09:30:00,17.27569703620132,17.385707113460743,16.6649189685102,16.771719764052662,62991759.92461477,2019-04-10T16:00:00
2019-04-11T16:00:00,2019-04-11T09:30:00,16.691247957483743,16.78734479634714,16.67881336625974,16.77484792509313,38417504.72110084,2019-04-11T16:00:00
2019-04-12T16:00:00,2019-04-12T09:30:00,16.785357983140027,17.1986099456553,16.64305950996844,17.05403376393418,55809413.70907534,2019-04-12T16:00:00
2019-04-15T16:00:00,2019-04-15T09:30:00,17.03279045251369,17.331947551833572,16.90118228319429,17.199054699698618,43808478.89555258,2019-04-15T16:00:00
2019-04-16T16:00:00,2019-04-16T09:30:00,17.15181987928229,17.652480126421384,17.06792439886624,17.56655602812699,49099409.03555048,2019-04-16T16:00:00
2019-04-17T16:00:00,2019-04-17T09:30:00,17.659574018852233,18.108673864494605,17.569242541757024,18.016516570542326,54386757.57766454,2019-04-17T16:00:00
2019-04-18T16:00:00,2019-04-18T09:30:00,18.0624760605768,18.1541155510022,17.70532789254767,17.79561346270207,41553818.953284815,2019-04-18T16:00:00
2019-04-22T16:00:00,2019-04-22T09:30:00,17.7757323354762,17.985899749385034,17.72981599187184,17.93956022335141,40909003.855258204,2019-04-22T16:00:00
2019-04-23T16:00:00,2019-04-23T09:30:00,17.916371238208235,17.979912369215555,17.869115989403443,17.932614278648494,44260116.76593006,2019-04-23T16:00:00
2019-04-24T16:00:00,2019-04-24T09:30:00,17.948451400604878,17.998173426179925,17.67015782258635,17.719244884620792,48374380.528147034,2019-04-24T16:00:00
2019-04-25T16:00:00,2019-04-25T09:30:00,17.81247690221531,18.202221809316708,17.7848547054971,18.174038930469614,44616811.49238537,2019-04-25T16:00:00
2019-04-26T16:00:00,2019-04-26T09:30:00,18.2137209929002,18.654757321654614,18.180320615246274,18.620610788240796,42171128.4173093,2019-04-26T16:00:00
2019-04-29T16:00:00,2019-04-29T09:30:00,18.714896708597173,18.746799750370606,18.51490171533852,18.546517723639393,56446987.390056044,2019-04-29T16:00:00
2019-04-30T16:00:00,2019-04-30T09:30:00,18.612660242863903,18.778814026242134,18.000559556927815,18.162696549093656,54054324.0874794,2019-04-30T16:00:00
2019-05-01T16:00:00,2019-05-01T09:30:00,18.18564440989149,18.539146956695397,18.01931147541844,18.37111761260506,55340133.575217314,2019-05-01T16:00:00
2019-05-02T16:00:00,2019-05-02T09:30:00,18.348005461875474,18.47531265211804,17.94441945075656,18.069796293441364,42704533.32871402,2019-05-02T16:00:00
2019-05-03T16:00:00,2019-05-03T09:30:00,18.097958164050965,18.22991690872746,17.762176570567224,17.89263825367552,53662962.19902377,2019-05-03T16:00:00
2019-05-06T16:00:00,2019-05-06T09:30:00,17.9018386253426,18.737335179802383,17.82272763932807,18.654896315704647,57147455.05901054,2019-05-06T16:00:00
2019-05-07T16:00:00,2019-05-07T09:30:00,18.70601109426999,18.745360276370455,18.541721302822772,18.58080711106389,44077951.37780036,2019-05-07T16:00:00
2019-05-08T16:00:00,2019-05-08T09:30:00,18.569317205716484,18.66460900837135,18.1005189957952,18.193884196203125,63517949.27700337,2019-05-08T16:00:00
2019-05-09T16:00:00,2019-05-09T09:30:00,18.206619915243873,18.498143314692985,17.328985771700452,17.610971684347785,60315684.558289945,2019-05-09T16:00:00
2019-05-10T16:00:00,2019-05-10T09:30:00,17.628821110768524,18.13321636651833,17.622617842502347,18.126837855027077,45795428.49434218,2019-05-10T16:00:00
2019-05-13T16:00:00,2019-05-13T09:30:00,18.20785586653339,18.412070620743336,17.711334347578646,17.91223347503599,49644180.29755464,2019-05-13T16:00:00
2019-05-14T16:00:00,2019-05-14T09:30:00,17.954678619574068,18.027167731770064,17.512401918048806,17.58339202062741,45403668.90141142,2019-05-14T16:00:00
2019-05-15T16:00:00,2019-05-15T09:30:00,17.550932020648666,17.699346342891328,17.42465174388327,17.572907947677063,45587534.39893877,2019-05-15T16:00:00
2019-05-16T16:00:00,2019-05-16T09:30:00,17.54753762287399,17.930308314358832,17.33651832760451,17.717248151762238,49094182.8368037,2019-05-16T16:00:00
2019-05-17T16:00:00,2019-05-17T09:30:00,17.792155484340803,18.75729289227809,17.651857328210834,18.610541440438993,51736759.12614763,2019-05-17T16:00:00
2019-05-20T16:00:00,2019-05-20T09:30:00,18.584581182517837,18.772759828456113,18.533099240613467,18.720900263245333,41369522.18008958,2019-05-20T16:00:00
2019-05-21T16:00:00,2019-05-21T09:30:00,18.715269039482063,18.732252453771984,18.520370135467278,18.537191951387637,59646200.79205528,2019-05-21T16:00:00
2019-05-22T16:00:00,2019-05-22T09:30:00,18.54492704840352,18.61599453922818,18.524244508448326,18.595255869214096,38242278.190157,2019-05-22T16:00:00
2019-05-23T16:00:00,2019-05-23T09:30:00,18.638919613225724,18.95204669926948,18.547804740151584,18.85985181672604,52573284.912933126,2019-05-23T16:00:00
2019-05-24T16:00:00,2019-05-24T09:30:00,18.860326317046134,18.889187886296224,18.02730014131181,18.054929227970163,67494395.84182622,2019-05-24T16:00:00
2019-05-28T16:00:00,2019-05-28T09:30:00,18.002149534614762,18.187060820519648,17.88546810962301,18.069940009707906,37293059.04802671,2019-05-28T16:00:00
2019-05-29T16:00:00,2019-05-29T09:30:00,18.05190757767293,18.476028860172345,18.022886387591598,18.446373506048307,43102149.371002644,2019-05-29T16:00:00
2019-05-30T16:00:00,2019-05-30T09:30:00,18.458487413625466,18.914208563002994,18.35804859345017,18.81184699484516,47389395.70683309,2019-05-30T16:00:00
2019-05-31T16:00:00,2019-05-31T09:30:00,18.757571076928343,18.921418780690434,18.216581104511278,18.377105434386895,58283437.11176284,2019-05-31T16:00:00
2019-06-03T16:00:00,2019-06-03T09:30:00,18.374255654643747,18.629865897396762,17.55633192560331,17.80400928576683,53466510.81893099,2019-06-03T16:00:00
2019-06-04T16:00:00,2019-06-04T09:30:00,17.841992897433386,18.169341494497978,17.591960715219734,17.91824079774043,41882560.04032628,2019-06-04T16:00:00
2019-06-05T16:00:00,2019-06-05T09:30:00,17.898292274205016,18.076996724427662,17.436315548309004,17.612163159151958,61722380.83926759,2019-06-05T16:00:00
2019-06-06T16:00:00,2019-06-06T09:30:00,17.571026112705045,17.950391679616214,17.561932882793716,17.941106928167144,57437944.71095086,2019-06-06T16:00:00
2019-06-07T16:00:00,2019-06-07T09:30:00,17.86454619152445,18.130019356814987,17.774788226299055,18.03938294825482,50594389.371332385,2019-06-07T16:00:00
2019-06-10T16:00:00,2019-06-10T09:30:00,18.02658450708351,18.115988694201594,17.55346127942255,17.64095289788215,44889232.7024643,2019-06-10T16:00:00
2019-06-11T16:00:00,2019-06-11T09:30:00,17.637867267095537,18.040503674844633,17.547262475650577,17.948304185366695,47445309.918645196,2019-06-11T16:00:00
2019-06-12T16:00:00,2019-06-12T09:30:00,17.958852624623372,17.9797295743451,17.66069812243322,17.681252365199228,55173514.90646516,2019-06-12T16:00:00
2019-06-13T16:00:00,2019-06-13T09:30:00,17.686007179936126,18.139670232587388,17.49861866493255,17.949490038204875,39719263.08003979,2019-06-13T16:00:00
2019-06-14T16:00:00,2019-06-14T09:30:00,17.97767517961365,17.995953267366335,17.850576390096638,17.868743726117177,37306255.572639994,2019-06-14T16:00:00
2019-06-17T16:00:00,2019-06-17T09:30:00,17.852344280265857,18.013579113529904,17.748420601063824,17.909323740347645,54282568.48801724,2019-06-17T16:00:00
2019-06-18T16:00:00,2019-06-18T09:30:00,17.95105557914512,18.333020498661984,17.810640090586446,18.1907302437434,52724849.95636134,2019-06-18T16:00:00
2019-06-19T16:00:00,2019-06-19T09:30:00,18.133812108879294,18.551080559051552,18.08091511794712,18.49712377474667,60388640.72393758,2019-06-19T16:00:00
2019-06-20T16:00:00,2019-06-20T09:30:00,18.479237547509637,18.58166329411866,17.78743446711858,17.88657523621893,64911354.166502304,2019-06-20T16:00:00
2019-06-21T16:00:00,2019-06-21T09:30:00,17.85571260717846,18.262787269789712,17.724423000532003,18.129484670033772,40086709.128661044,2019-06-21T16:00:00
2019-06-24T16:00:00,2019-06-24T09:30:00,18.20947255014294,18.320242412487655,17.93425762205691,18.044021027883186,54505753.3173222,2019-06-24T16:00:00
2019-06-25T16:00:00,2019-06-25T09:30:00,18.105050019058453,18.12515087211388,18.090134010283027,18.110230595274007,49424440.320928864,2019-06-25T16:00:00
2019-06-26T16:00:00,2019-06-26T09:30:00,18.093070972994948,18.158572221018545,17.625450691390416,17.68949088287919,53971593.04938424,2019-06-26T16:00:00
2019-06-27T16:00:00,2019-06-27T09:30:00,17.628608362486347,18.919001448559733,17.463359217190447,18.74330324383605,68872113.47131386,2019-06-27T16:00:00
2019-06-28T16:00:00,2019-06-28T09:30:00,18.754784428378386,18.821907226286235,18.672356475319116,18.739424299798163,48830311.4106485,2019-06-28T16:00:00
2019-07-01T16:00:00,2019-07-01T09:30:00,18.796246221307175,18.917329514013243,18.35641058012441,18.475427192927395,40320612.4142063,2019-07-01T16:00:00
2019-07-02T16:00:00,2019-07-02T09:30:00,18.433079993262186,18.66006200719901,17.95756110697823,18.181444521759595,39019344.19238603,2019-07-02T16:00:00
2019-07-03T13:00:00,2019-07-03T09:30:00,18.178015008414484,18.325490904395444,17.904306569250824,18.050749980440745,39426924.35794846,2019-07-03T13:00:00
2019-07-05T16:00:00,2019-07-05T09:30:00,18.09634387834866,18.659139015298987,17.95127299758547,18.510746044305325,54467727.928103484,2019-07-05T16:00:00
2019-07-08T16:00:00,2019-07-08T09:30:00,18.524921524454296,18.555106934801362,18.45663261329083,18.486755834602015,53980675.483880274,2019-07-08T16:00:00
2019-07-09T16:00:00,2019-07-09T09:30:00,18.550567993855765,18.66841164617468,18.230331479893316,18.346881199010745,57119853.80056145,2019-07-09T16:00:00
2019-07-10T16:00:00,2019-07-10T09:30:00,18.274669693814147,18.319489455835328,18.222790247120724,18.267592652258106,49627737.22676736,2019-07-10T16:00:00
2019-07-11T16:00:00,2019-07-11T09:30:00,18.282765329069395,18.912302084310806,18.245120982184083,18.87344153082679,57584355.697858445,2019-07-11T16:00:00
2019-07-12T16:00:00,2019-07-12T09:30:00,18.93808450654636,19.053023825185306,18.659585499520325,18.77352607756877,58723066.14863549,2019-07-12T16:00:00
2019-07-15T16:00:00,2019-07-15T09:30:00,18.824929047112548,18.86379964617948,18.075525008801165,18.112925429303665,59687082.2102071,2019-07-15T16:00:00
2019-07-16T16:00:00,2019-07-16T09:30:00,18.124248471840872,18.147115193944742,17.623820392310723,17.646083831029998,43294879.07265085,2019-07-16T16:00:00
2019-07-17T16:00:00,2019-07-17T09:30:00,17.612499641686583,17.843592947898973,17.55609663884831,17.786632295393638,53180522.825275555,2019-07-17T16:00:00
2019-07-18T16:00:00,2019-07-18T09:30:00,17.80325931652108,17.89076299980946,17.39332542561239,17.47923652479912,62742598.270690076,2019-07-18T16:00:00
2019-07-19T16:00:00,2019-07-19T09:30:00,17.41538007784581,18.135936150266236,17.185360863985974,17.89952247059069,54357393.78578309,2019-07-19T16:00:00
2019-07-22T16:00:00,2019-07-22T09:30:00,17.948604408920716,18.732660508286678,17.78816961190698,18.566700815340113,50766468.242495805,2019-07-22T16:00:00
2019-07-23T16:00:00,2019-07-23T09:30:00,18.49581941649538,18.901492288632124,18.427212780726002,18.83163999191726,49767816.71017552,2019-07-23T16:00:00
2019-07-24T16:00:00,2019-07-24T09:30:00,18.80729672152114,18.923758378441605,18.642949598525487,18.759112883505786,54844656.34451713,2019-07-24T16:00:00
2019-07-25T16:00:00,2019-07-25T09:30:00,18.730633584501692,18.761221208165782,18.60963853481673,18.640078279254784,53627574.39215223,2019-07-25T16:00:00
2019-07-26T16:00:00,2019-07-26T09:30:00,18.653447460418246,18.972168977141404,18.514111784057537,18.83150327705752,49220756.15339444,2019-07-26T16:00:00
2019-07-29T16:00:00,2019-07-29T09:30:00,18.812667193804785,18.974691618542554,18.580240353505193,18.741653168711707,44098585.933297515,2019-07-29T16:00:00
2019-07-30T16:00:00,2019-07-30T09:30:00,18.720486206504052,18.78605056135497,18.174725074041884,18.23860173530845,47373205.29464049,2019-07-30T16:00:00
2019-07-31T16:00:00,2019-07-31T09:30:00,18.250846368815736,18.525483117920746,18.241472313814214,18.515972887833342,50431584.416173466,2019-07-31T16:00:00
2019-08-01T16:00:00,2019-08-01T09:30:00,18.4888843482021,18.522254801914162,17.98271408372521,18.015229641480953,48686438.04607875,2019-08-01T16:00:00
2019-08-02T16:00:00,2019-08-02T09:30:00,18.014455904466622,18.084383487983388,17.35108084892133,17.418695841829923,54960834.25821574,2019-08-02T16:00:00
2019-08-05T16:00:00,2019-08-05T09:30:00,17.373393497803356,17.6038197812963,17.279512186529274,17.50920458215591,49293874.242369086,2019-08-05T16:00:00
2019-08-06T16:00:00,2019-08-06T09:30:00,17.521032337218898,17.598552151230326,17.285532767396056,17.3623505117256,48361989.06339421,2019-08-06T16:00:00
2019-08-07T16:00:00,2019-08-07T09:30:00,17.345638758043073,17.376905462572463,17.25359511971979,17.284752071817774,39143355.02481344,2019-08-07T16:00:00
2019-08-08T16:00:00,2019-08-08T09:30:00,17.30104087601339,17.642655883853955,17.255973062784125,17.59681759617305,46467261.92153552,2019-08-08T16:00:00
2019-08-09T16:00:00,2019-08-09T09:30:00,17.625556458154957,17.822580573102556,17.589237020998585,17.78593066689067,44199858.15290881,2019-08-09T16:00:00
2019-08-12T16:00:00,2019-08-12T09:30:00,17.792379102997568,17.918873638965646,17.43981728001533,17.56469308715837,52536044.48522851,2019-08-12T16:00:00
2019-08-13T16:00:00,2019-08-13T09:30:00,17.655693772519857,17.82076332940708,17.343418674961985,17.50709896448686,56092451.441761255,2019-08-13T16:00:00
2019-08-14T16:00:00,2019-08-14T09:30:00,17.52806389904804,17.853057488756054,17.40588030056365,17.729469940863034,48861056.56177521,2019-08-14T16:00:00
2019-08-15T16:00:00,2019-08-15T09:30:00,17.750577015795358,17.92546296729933,17.7133508635746,17.887948721906284,42136097.84124278,2019-08-15T16:00:00
2019-08-16T16:00:00,2019-08-16T09:30:00,17.898546504438325,17.910830572432477,17.605052309573654,17.617143245865115,60911526.31154534,2019-08-16T16:00:00
2019-08-19T16:00:00,2019-08-19T09:30:00,17.644137236785486,17.860583132542303,17.58140259138934,17.797303895145443,47503854.05659825,2019-08-19T16:00:00
2019-08-20T16:00:00,2019-08-20T09:30:00,17.72483755175454,17.881255970269955,17.286618459208587,17.440527897522987,54169815.67638747,2019-08-20T16:00:00
2019-08-21T16:00:00,2019-08-21T09:30:00,17.429154207330896,17.432813933262327,17.386706398575154,17.39035797818094,38724009.52289374,2019-08-21T16:00:00
2019-08-22T16:00:00,2019-08-22T09:30:00,17.36226195423303,17.496982142056993,17.18922794546729,17.323648517407364,46845718.86729276,2019-08-22T16:00:00
2019-08-23T16:00:00,2019-08-23T09:30:00,17.310751781399148,17.418089836032337,16.90777492593005,17.01326838772487,49630522.05498148,2019-08-23T16:00:00
2019-08-26T16:00:00,2019-08-26T09:30:00,16.998067811327775,17.093042289721076,16.803903662701202,16.898320817827877,47922221.42584848,2019-08-26T16:00:00
2019-08-27T16:00:00,2019-08-27T09:30:00,16.947228405544735,17.260184712700426,16.80850524617495,17.120046930759813,43839386.76243943,2019-08-27T16:00:00
2019-08-28T16:00:00,2019-08-28T09:30:00,17.153222952107487,17.1883301409997,17.018328782709926,17.053231320551635,38911941.76130824,2019-08-28T16:00:00
2019-08-29T16:00:00,2019-08-29T09:30:00,17.04802475059587,17.10004037320382,16.467718397279693,16.518117206724686,54295088.85161655,2019-08-29T16:00:00
2019-08-30T16:00:00,2019-08-30T09:30:00,16.54402688406796,16.560782258008782,16.143040319083187,16.159406158836124,47416300.33015943,2019-08-30T16:00:00
2019-09-03T16:00:00,2019-09-03T09:30:00,16.124332330225126,16.230951458882373,16.042544621372244,16.149038432869773,56462298.63346826,2019-09-03T16:00:00
2019-09-04T16:00:00,2019-09-04T09:30:00,16.118450074266978,17.00960427900003,16.109929532025273,17.000617405071857,69315911.02539355,2019-09-04T16:00:00
2019-09-05T16:00:00,2019-09-05T09:30:00,17.03575830584151,17.062393993486467,17.034997534774142,17.061632066966634,47064793.56277839,2019-09-05T16:00:00
2019-09-06T16:00:00,2019-09-06T09:30:00,17.106535184968333,17.175277144593636,16.597888238380193,16.664855324320108,61502544.32854003,2019-09-06T16:00:00
2019-09-09T16:00:00,2019-09-09T09:30:00,16.69860610172886,16.77284786679851,16.628304689511435,16.70252993517635,49002649.01597022,2019-09-09T16:00:00
2019-09-10T16:00:00,2019-09-10T09:30:00,16.719334121799097,16.887316188538314,16.698185365430163,16.86598193322467,55577605.628230385,2019-09-10T16:00:00
2019-09-11T16:00:00,2019-09-11T09:30:00,16.903928303257842,17.255694535865857,16.855418996348757,17.206317460933118,60971169.90479554,2019-09-11T16:00:00
2019-09-12T16:00:00,2019-09-12T09:30:00,17.270692990802637,17.458656689135836,17.17235280769737,17.359809074626078,53957246.046784304,2019-09-12T16:00:00
2019-09-13T16:00:00,2019-09-13T09:30:00,17.36740787646768,17.381022472373296,16.878558269158404,16.8918000282706,48121397.50612674,2019-09-13T16:00:00
2019-09-16T16:00:00,2019-09-16T09:30:00,16.884046723218628,17.02073731641727,16.57323044669384,16.708499839867827,50332317.54221548,2019-09-16T16:00:00
2019-09-17T16:00:00,2019-09-17T09:30:00,16.69351910156322,16.75529905702977,16.614815516165297,16.676532607424186,42778014.8130747,2019-09-17T16:00:00
2019-09-18T16:00:00,2019-09-18T09:30:00,16.705746533274098,16.829907684970216,16.658467435696814,16.782411616786028,36569498.07314815,2019-09-18T16:00:00
2019-09-19T16:00:00,2019-09-19T09:30:00,16.816805762223986,16.920497151899315,16.643257854179804,16.746515840522513,38845677.832704134,2019-09-19T16:00:00
2019-09-20T16:00:00,2019-09-20T09:30:00,16.759906078263413,17.021394961167626,16.643476786721433,16.90396490819945,56741165.47193952,2019-09-20T16:00:00
2019-09-23T16:00:00,2019-09-23T09:30:00,16.8702697663264,17.247546998762527,16.8665398601929,17.243734522018,43372052.5145899,2019-09-23T16:00:00
2019-09-24T16:00:00,2019-09-24T09:30:00,17.23938991098608,17.469152993339563,17.13270705624896,17.361713163221264,38051455.45489124,2019-09-24T16:00:00
2019-09-25T16:00:00,2019-09-25T09:30:00,17.432798923697103,17.5046274858316,16.883905922100176,16.953760697515474,47460136.714593895,2019-09-25T16:00:00
2019-09-26T16:00:00,2019-09-26T09:30:00,16.9823066001199,16.991458331938794,16.87938921124063,16.888490385685014,50174277.09292985,2019-09-26T16:00:00
2019-09-27T16:00:00,2019-09-27T09:30:00,16.91296159265808,16.95270425584,16.74536721327687,16.784808738441477,58304666.23543307,2019-09-27T16:00:00
2019-09-30T16:00:00,2019-09-30T09:30:00,16.807123776553407,17.213784815682676,16.677773277584976,17.08231638731787,49103568.83162906,2019-09-30T16:00:00
2019-10-01T16:00:00,2019-10-01T09:30:00,17.084762020381092,17.575387003955058,16.967289078119332,17.45536583070476,54805349.415465824,2019-10-01T16:00:00
2019-10-02T16:00:00,2019-10-02T09:30:00,17.50415420561692,17.810667433664243,17.45252069783103,17.758284296511935,49938334.90207476,2019-10-02T16:00:00
2019-10-03T16:00:00,2019-10-03T09:30:00,17.739274959930203,18.187617420762088,17.737813901446458,18.186119558852408,55008639.998851314,2019-10-03T16:00:00
2019-10-04T16:00:00,2019-10-04T09:30:00,18.178815211746862,18.444945932650292,18.155324192128283,18.421141773921168,41829774.069370024,2019-10-04T16:00:00
2019-10-07T16:00:00,2019-10-07T09:30:00,18.469718287128675,18.605023378655176,18.0551744664562,18.188418819992247,46228477.79056226,2019-10-07T16:00:00
2019-10-08T16:00:00,2019-10-08T09:30:00,18.196863862676633,18.64028715057965,18.134023566286853,18.57613708773477,48863013.26405133,2019-10-08T16:00:00
2019-10-09T16:00:00,2019-10-09T09:30:00,18.602765774847576,19.055712153684556,18.405852928946807,18.856117544300826,38857820.77513657,2019-10-09T16:00:00
2019-10-10T16:00:00,2019-10-10T09:30:00,18.85317938762043,19.00060991169083,18.66930187927619,18.81644514417127,34671138.48567219,2019-10-10T16:00:00
2019-10-11T16:00:00,2019-10-11T09:30:00,18.829806230266282,18.858159965885182,18.261877182870915,18.289417206052388,60375944.72594039,2019-10-11T16:00:00
2019-10-14T16:00:00,2019-10-14T09:30:00,18.23777891608783,18.420093282768374,17.584280819956035,17.76183742684646,63613710.334885105,2019-10-14T16:00:00
2019-10-15T16:00:00,2019-10-15T09:30:00,17.79196340648467,17.8982395310622,17.761210774620046,17.867356585379888,55507837.77552978,2019-10-15T16:00:00
2019-10-16T16:00:00,2019-10-16T09:30:00,17.840863989029668,18.479100055431186,17.720530522060546,18.35529683008461,56702084.17680261,2019-10-16T16:00:00
2019-10-17T16:00:00,2019-10-17T09:30:00,18.37007477066319,18.539955642848607,18.318000132328557,18.48754799684559,51044854.1667265,2019-10-17T16:00:00
2019-10-18T16:00:00,2019-10-18T09:30:00,18.511438048444134,18.76253902892551,18.487533328150672,18.73834129743073,47140880.08215636,2019-10-18T16:00:00
2019-10-21T16:00:00,2019-10-21T09:30:00,18.69563299892147,18.84252025252856,18.60892873105265,18.755538163979462,54266695.84922846,2019-10-21T16:00:00
2019-10-22T16:00:00,2019-10-22T09:30:00,18.76420432393894,18.76874473621347,18.740690662085033,18.745226482253024,52649787.056820855,2019-10-22T16:00:00
2019-10-23T16:00:00,2019-10-23T09:30:00,18.738381420061582,19.512660008212585,18.6012852243953,19.370935835245085,64551602.170341365,2019-10-23T16:00:00
2019-10-24T16:00:00,2019-10-24T09:30:00,19.422193454813993,19.63224155397463,19.38384252507801,19.59355226031879,41005028.04047934,2019-10-24T16:00:00
2019-10-25T16:00:00,2019-10-25T09:30:00,19.63230989556999,19.645485618890234,19.59054984608559,19.603706372882197,38882753.26418852,2019-10-25T16:00:00
2019-10-28T16:00:00,2019-10-28T09:30:00,19.5688404905978,19.794856576647803,19.52172629279648,19.74731268683894,56382700.21258578,2019-10-28T16:00:00
2019-10-29T16:00:00,2019-10-29T09:30:00,19.746579569274175,20.002286893032522,19.59650242211239,19.851412995151072,54260802.32044702,2019-10-29T16:00:00
2019-10-30T16:00:00,2019-10-30T09:30:00,19.852719706538164,19.86794814219395,19.566330259950718,19.58135053632109,60059985.748077676,2019-10-30T16:00:00
2019-10-31T16:00:00,2019-10-31T09:30:00,19.559286087618947,19.888531341516536,19.532618662798335,19.861451939229312,49483994.06348756,2019-10-31T16:00:00
2019-11-01T16:00:00,2019-11-01T09:30:00,19.91537311582651,20.52307174698784,19.82672065880238,20.432119017027212,47244280.5958433,2019-11-01T16:00:00
2019-11-04T16:00:00,2019-11-04T09:30:00,20.411895620828254,20.662050148607012,20.192681016118744,20.442506793630006,37962732.66457303,2019-11-04T16:00:00
2019-11-05T16:00:00,2019-11-05T09:30:00,20.433624029814574,20.53644497535674,20.175551862601584,20.27758764105799,53493473.2176852,2019-11-05T16:00:00
2019-11-06T16:00:00,2019-11-06T09:30:00,20.261657720797185,20.318703471821177,20.16416303981296,20.221094587228826,55563102.30710708,2019-11-06T16:00:00
2019-11-07T16:00:00,2019-11-07T09:30:00,20.20264733088324,20.28156627152438,20.155880519514007,20.23472520355917,39083648.64949682,2019-11-07T16:00:00
2019-11-08T16:00:00,2019-11-08T09:30:00,20.210214015637355,20.26261563142743,19.855527172140583,19.907142976750006,43439842.492180154,2019-11-08T16:00:00
2019-11-11T16:00:00,2019-11-11T09:30:00,19.91944642103987,20.200907315706296,19.841210751738064,20.12187658118375,51235196.000559494,2019-11-11T16:00:00
2019-11-12T16:00:00,2019-11-12T09:30:00,20.141230349824614,20.155049118306202,20.078847924617897,20.092633351011447,51534830.9797063,2019-11-12T16:00:00
2019-11-13T16:00:00,2019-11-13T09:30:00,20.096231603612022,20.210048976435697,20.033508438833422,20.14716683563541,43955537.260655195,2019-11-13T16:00:00
2019-11-14T16:00:00,2019-11-14T09:30:00,20.154274809229687,20.378739164068865,19.916244395180012,20.14055595896604,53030686.613198124,2019-11-14T16:00:00
2019-11-15T16:00:00,2019-11-15T09:30:00,20.15338478409268,20.6991346332599,20.137857576559888,20.683199229340577,59667607.48026922,2019-11-15T16:00:00
2019-11-18T16:00:00,2019-11-18T09:30:00,20.665330094584398,21.04009037356403,20.640902583317335,21.015249239392656,56021873.735964425,2019-11-18T16:00:00
2019-11-19T16:00:00,2019-11-19T09:30:00,21.027262629793913,21.089015039138875,20.91517267453236,20.9767768182397,56907070.52244612,2019-11-19T16:00:00
2019-11-20T16:00:00,2019-11-20T09:30:00,20.9740906972074,21.070987088636937,20.596878030891464,20.692473402888137,49189550.29475112,2019-11-20T16:00:00
2019-11-21T16:00:00,2019-11-21T09:30:00,20.72806212236375,20.742617239104053,20.58666184423439,20.601127828500342,47072616.799633615,2019-11-21T16:00:00
2019-11-22T16:00:00,2019-11-22T09:30:00,20.615549927667463,20.666925367552498,20.40270553028262,20.45367757256352,58408369.79285657,2019-11-22T16:00:00
2019-11-25T16:00:00,2019-11-25T09:30:00,20.470938702857083,20.948282597536753,20.46626209486692,20.94349803285879,61827590.96642152,2019-11-25T16:00:00
2019-11-26T16:00:00,2019-11-26T09:30:00,20.989566248594606,21.143261959125052,20.3447625594405,20.49483561405245,51036130.65949036,2019-11-26T16:00:00
2019-11-27T16:00:00,2019-11-27T09:30:00,20.534852085387676,21.22787360176977,20.33724699553441,21.025546601404326,57304728.60028718,2019-11-27T16:00:00
2019-11-29T13:00:00,2019-11-29T09:30:00,21.02155944048228,21.130171426272945,20.764348196516394,20.87218842784478,43212204.76366979,2019-11-29T13:00:00
2019-12-02T16:00:00,2019-12-02T09:30:00,20.829387115063753,20.940561937677913,20.531657593568042,20.641831355605007,58293669.090654835,2019-12-02T16:00:00
2019-12-03T16:00:00,2019-12-03T09:30:00,20.62451004163025,20.758042240023517,20.54186614648402,20.67519524561939,41254353.05496064,2019-12-03T16:00:00
2019-12-04T16:00:00,2019-12-04T09:30:00,20.710812769877432,20.794341099813007,20.211679417149398,20.293524791988887,61930638.39082962,2019-12-04T16:00:00
2019-12-05T16:00:00,2019-12-05T09:30:00,20.256838592481653,20.278669475774088,20.11373328850359,20.13543333281823,43944705.20393846,2019-12-05T16:00:00
2019-12-06T16:00:00,2019-12-06T09:30:00,20.158229332345197,20.608594218532463,20.0477590294823,20.49627139142099,44865833.63172387,2019-12-06T16:00:00
2019-12-09T16:00:00,2019-12-09T09:30:00,20.498767584204003,21.08440436734825,20.412333666600286,20.995874377993967,45045673.15956493,2019-12-09T16:00:00
2019-12-10T16:00:00,2019-12-10T09:30:00,20.98064355305528,21.686126601514125,20.903786451972106,21.606975098603574,53685183.40236993,2019-12-10T16:00:00
2019-12-11T16:00:00,2019-12-11T09:30:00,21.605545364832054,21.80442982780596,21.48892738860012,21.687370194311583,35858703.18481705,2019-12-11T16:00:00
2019-12-12T16:00:00,2019-12-12T09:30:00,21.67680718622552,21.702495594297503,21.29751680912908,21.322785678988353,48708699.81786678,2019-12-12T16:00:00
2019-12-13T16:00:00,2019-12-13T09:30:00,21.269719447257103,21.473894227491396,21.204372294773545,21.408121860016493,57873570.87634169,2019-12-13T16:00:00
2019-12-16T16:00:00,2019-12-16T09:30:00,21.366785332273906,21.464379484780544,21.070533696537325,21.1672163048037,42085113.46320774,2019-12-16T16:00:00
2019-12-17T16:00:00,2019-12-17T09:30:00,21.154930648542592,21.311575727232796,20.504346237019213,20.657306578429207,52321199.36959232,2019-12-17T16:00:00
2019-12-18T16:00:00,2019-12-18T09:30:00,20.65115262522196,21.34822635263479,20.580137770148834,21.27506599419534,51661741.39119523,2019-12-18T16:00:00
2019-12-19T16:00:00,2019-12-19T09:30:00,21.305842161095995,21.35182409114072,21.164738087677964,21.21051428260991,39779793.64646223,2019-12-19T16:00:00
2019-12-20T16:00:00,2019-12-20T09:30:00,21.203542666168264,21.323933419620694,21.144878908107316,21.26509935291674,37102873.25459862,2019-12-20T16:00:00
2019-12-23T16:00:00,2019-12-23T09:30:00,21.271414444257616,21.63786360440912,21.141470777263034,21.50648393550824,52395594.76967904,2019-12-23T16:00:00
2019-12-24T13:00:00,2019-12-24T09:30:00,21.468990415563237,21.50254097252105,21.447906862104055,21.481445187892483,52668334.480238914,2019-12-24T13:00:00
2019-12-26T16:00:00,2019-12-26T09:30:00,21.52129340971846,21.906949812742486,21.470355037807728,21.855221073301557,45655199.7081365,2019-12-26T16:00:00
2019-12-27T16:00:00,2019-12-27T09:30:00,21.846506124325234,21.878976892570606,21.453805151934557,21.485739707998967,46440328.37174224,2019-12-27T16:00:00
2019-12-30T16:00:00,2019-12-30T09:30:00,21.5411233884899,21.59600688969022,21.380366611265753,21.43497967445076,45512792.8298789,2019-12-30T16:00:00
2019-12-31T16:00:00,2019-12-31T09:30:00,21.465762071545637,22.145869573355064,21.316402744504273,21.992842804954016,59996767.46470006,2019-12-31T16:00:00
2020-01-02T16:00:00,2020-01-02T09:30:00,21.970493865998314,21.994268402510837,21.77169298094272,21.795277914159573,40329181.55976593,2020-01-02T16:00:00
2020-01-03T16:00:00,2020-01-03T09:30:00,21.77861209623712,22.038906933070837,21.675582112717052,21.93513646603559,55941612.32758344,2020-01-03T16:00:00
2020-01-06T16:00:00,2020-01-06T09:30:00,21.968057658412565,22.090940158113035,21.663949039306104,21.785812113966408,52177745.35586441,2020-01-06T16:00:00
2020-01-07T16:00:00,2020-01-07T09:30:00,21.83645749261371,22.200535298416945,21.804882832255082,22.168480545756818,49652046.41210819,2020-01-07T16:00:00
2020-01-08T16:00:00,2020-01-08T09:30:00,22.167363171400847,22.18014666571666,22.140099710808013,22.152874849986002,36061283.67865094,2020-01-08T16:00:00
2020-01-09T16:00:00,2020-01-09T09:30:00,22.19289304036461,22.22923987378329,21.76284269702766,21.798543677263375,59237722.587744586,2020-01-09T16:00:00
2020-01-10T16:00:00,2020-01-10T09:30:00,21.783554443022343,21.91033835400233,21.65613132223149,21.782911491124466,43726896.48938816,2020-01-10T16:00:00
2020-01-13T16:00:00,2020-01-13T09:30:00,21.803186791487644,21.9271189832107,21.15462990244659,21.275563010955256,59942578.66978056,2020-01-13T16:00:00
2020-01-14T16:00:00,2020-01-14T09:30:00,21.286761329322072,21.302182494754106,21.27297174293323,21.28839185211088,38935244.02372288,2020-01-14T16:00:00
2020-01-15T16:00:00,2020-01-15T09:30:00,21.28504412887066,21.637897555448664,21.248392992390187,21.60070287995098,58372673.19737615,2020-01-15T16:00:00
2020-01-16T16:00:00,2020-01-16T09:30:00,21.642622198729516,21.6623917937982,20.68038249285844,20.69929039530976,71671290.00886199,2020-01-16T16:00:00
2020-01-17T16:00:00,2020-01-17T09:30:00,20.71702224486844,20.979190893975243,20.651652293229514,20.91320192209965,54624632.77093362,2020-01-17T16:00:00
2020-01-21T16:00:00,2020-01-21T09:30:00,20.8892176886366,20.99775608025146,20.824922838353853,20.93332547077986,41687222.740351304,2020-01-21T16:00:00
2020-01-22T16:00:00,2020-01-22T09:30:00,20.954848601768852,20.995641773319,20.582234281099275,20.62238023063621,44984012.439044096,2020-01-22T16:00:00
2020-01-23T16:00:00,2020-01-23T09:30:00,20.64403015066173,20.667757674634156,20.427566726522844,20.45107247170888,38039055.43033218,2020-01-23T16:00:00
2020-01-24T16:00:00,2020-01-24T09:30:00,20.42507610439324,20.51520006499886,19.754486544992748,19.84203789768718,56436293.65427525,2020-01-24T16:00:00
2020-01-27T16:00:00,2020-01-27T09:30:00,19.813971785594692,20.219704039931795,19.685040340078526,20.088983069190153,50285467.62212898,2020-01-27T16:00:00
2020-01-28T16:00:00,2020-01-28T09:30:00,20.04131562023948,20.160512560034313,20.02009590795632,20.139189219344093,51806599.14045741,2020-01-28T16:00:00
2020-01-29T16:00:00,2020-01-29T09:30:00,20.169141645938588,20.33281973939806,19.915795837394743,20.078740299233466,43643436.40940783,2020-01-29T16:00:00
2020-01-30T16:00:00,2020-01-30T09:30:00,20.112081154757014,20.24759911926627,20.034312805479278,20.169608326911526,43075655.53817797,2020-01-30T16:00:00
2020-01-31T16:00:00,2020-01-31T09:30:00,20.156141218047665,20.25556102498442,20.036069137620622,20.135386572639202,46859453.03592821,2020-01-31T16:00:00
2020-02-03T16:00:00,2020-02-03T09:30:00,20.149568287543953,20.259582904298867,20.04706727547441,20.15704386391364,49198236.20918101,2020-02-03T16:00:00
2020-02-04T16:00:00,2020-02-04T09:30:00,20.13697151235024,20.176944318660258,20.09573281704299,20.135703105507613,51831861.32749256,2020-02-04T16:00:00
2020-02-05T16:00:00,2020-02-05T09:30:00,20.199724975195664,20.236166922843314,20.02183297361291,20.05801927264157,40002860.544222414,2020-02-05T16:00:00
2020-02-06T16:00:00,2020-02-06T09:30:00,20.109052555738014,20.177834679558682,20.094798274072524,20.163541773266186,43092789.56301627,2020-02-06T16:00:00
2020-02-07T16:00:00,2020-02-07T09:30:00,20.194268289530978,20.26521302777987,19.7004594959025,19.76991342774223,61105247.08504431,2020-02-07T16:00:00
2020-02-10T16:00:00,2020-02-10T09:30:00,19.745994776644842,20.047887717556694,19.587601227266177,19.88835224019781,51756895.07706065,2020-02-10T16:00:00
2020-02-11T16:00:00,2020-02-11T09:30:00,19.91452021652563,19.925860894620396,19.512127920329473,19.52324578023025,40930378.59903868,2020-02-11T16:00:00
2020-02-12T16:00:00,2020-02-12T09:30:00,19.526689941608655,19.82484505882185,19.513136856458875,19.811094574101908,53614552.11717309,2020-02-12T16:00:00
2020-02-13T16:00:00,2020-02-13T09:30:00,19.84982435854133,20.442551922395175,19.82004316582792,20.41192739230653,52602119.486188345,2020-02-13T16:00:00
2020-02-14T16:00:00,2020-02-14T09:30:00,20.438325982552715,20.551834989263085,20.317883308131183,20.431353592045884,48327649.56540859,2020-02-14T16:00:00
2020-02-18T16:00:00,2020-02-18T09:30:00,20.4078153339225,20.422945962039776,20.356656862227187,20.371760758998843,47452455.03494416,2020-02-18T16:00:00
2020-02-19T16:00:00,2020-02-19T09:30:00,20.388067937514815,20.84206382124727,20.34422958748964,20.797345444205767,57247186.52018271,2020-02-19T16:00:00
2020-02-20T16:00:00,2020-02-20T09:30:00,20.766748979603516,21.26037907372462,20.629307359402826,21.120595572803,45670775.863846056,2020-02-20T16:00:00
2020-02-21T16:00:00,2020-02-21T09:30:00,21.107499486400705,21.383899008374755,21.01815553335287,21.293766622652253,57240402.851564996,2020-02-21T16:00:00
2020-02-24T16:00:00,2020-02-24T09:30:00,21.36143607279432,21.932356469190637,21.3287838654308,21.898882743083462,54215483.61641972,2020-02-24T16:00:00
2020-02-25T16:00:00,2020-02-25T09:30:00,21.945195527958578,21.954676735424698,21.83346348652566,21.842900498423024,56133281.588272415,2020-02-25T16:00:00
2020-02-26T16:00:00,2020-02-26T09:30:00,21.82425944227005,21.9615971997841,21.66573130560735,21.802934869841437,42121549.88431072,2020-02-26T16:00:00
2020-02-27T16:00:00,2020-02-27T09:30:00,21.798059688132934,21.95233915126455,21.785801201550875,21.940000841810516,56389793.9006135,2020-02-27T16:00:00
2020-02-28T16:00:00,2020-02-28T09:30:00,21.96134182275894,21.99311973083622,21.501785232716887,21.532943251056018,61541362.539517336,2020-02-28T16:00:00
2020-03-02T16:00:00,2020-03-02T09:30:00,21.502882082924735,21.779935472614763,21.415188044269378,21.691472316629888,58028887.88795361,2020-03-02T16:00:00
2020-03-03T16:00:00,2020-03-03T09:30:00,21.674817125849167,22.112692989563264,21.599759769526,22.03638357093453,55733291.940235555,2020-03-03T16:00:00
2020-03-04T16:00:00,2020-03-04T09:30:00,21.999084460234233,22.040533668753966,21.900214364939394,21.94155518062529,53923627.129793815,2020-03-04T16:00:00
2020-03-05T16:00:00,2020-03-05T09:30:00,21.905271710978365,21.981655991489845,21.902252558521504,21.978626728682162,38860208.208525546,2020-03-05T16:00:00
2020-03-06T16:00:00,2020-03-06T09:30:00,22.026527540272337,22.087081883427956,21.672678352151145,21.732424159462326,48105341.059758104,2020-03-06T16:00:00
2020-03-09T16:00:00,2020-03-09T09:30:00,21.74261842859089,22.41440616042927,21.678615799638976,22.348619676733424,55884632.67477648,2020-03-09T16:00:00
2020-03-10T16:00:00,2020-03-10T09:30:00,22.33433440398324,22.48952550500271,22.061293052737327,22.215659536239414,36949486.34528893,2020-03-10T16:00:00
2020-03-11T16:00:00,2020-03-11T09:30:00,22.16780081475213,22.367792138212778,21.83378387236577,22.03255504864164,55271166.47440085,2020-03-11T16:00:00
2020-03-12T16:00:00,2020-03-12T09:30:00,22.07608779779936,22.153729795619704,21.479420947278403,21.555231082664072,42433799.067791596,2020-03-12T16:00:00
2020-03-13T16:00:00,2020-03-13T09:30:00,21.60717605970296,21.76912020924803,21.345296937333778,21.506486425691147,38510048.97515545,2020-03-13T16:00:00
2020-03-16T16:00:00,2020-03-16T09:30:00,21.451013303924874,21.823300654329383,21.32215195299035,21.69298571741969,42904944.19271708,2020-03-16T16:00:00
2020-03-17T16:00:00,2020-03-17T09:30:00,21.686639052120228,21.73959239026924,21.32856424691791,21.380770731274414,49022609.55125594,2020-03-17T16:00:00
2020-03-18T16:00:00,2020-03-18T09:30:00,21.400240178050346,21.48754734529079,20.835097483114712,20.92044722542876,44545347.83003545,2020-03-18T16:00:00
2020-03-19T16:00:00,2020-03-19T09:30:00,20.917481260285818,20.974167056470453,20.83085207706958,20.88745650700252,36795697.992472425,2020-03-19T16:00:00
2020-03-20T16:00:00,2020-03-20T09:30:00,20.87638046306144,21.02858777738512,20.561751687429712,20.712766108109975,52351374.06290014,2020-03-20T16:00:00
2020-03-23T16:00:00,2020-03-23T09:30:00,20.724444150342404,21.023137737858892,20.613461813156658,20.911155534733744,37250384.51078678,2020-03-23T16:00:00
2020-03-24T16:00:00,2020-03-24T09:30:00,20.96036405741537,21.408278340418622,20.92747377381374,21.37473783571168,51027234.65317226,2020-03-24T16:00:00
2020-03-25T16:00:00,2020-03-25T09:30:00,21.398118425560636,21.82250296997224,21.29832456381952,21.72120234993404,45359305.069563426,2020-03-25T16:00:00
2020-03-26T16:00:00,2020-03-26T09:30:00,21.736098142334644,22.138051039457928,21.70524155201973,22.106668387190517,52481739.16901393,2020-03-26T16:00:00
2020-03-27T16:00:00,2020-03-27T09:30:00,22.1687311863858,22.32994996350373,21.873359134378713,22.033595154948706,42777219.853409514,2020-03-27T16:00:00
2020-03-30T16:00:00,2020-03-30T09:30:00,21.99226806880465,22.397175930773273,21.982713338790873,22.387449510783153,47890399.01301733,2020-03-30T16:00:00
2020-03-31T16:00:00,2020-03-31T09:30:00,22.361434080069053,22.452957702561577,22.275321219172554,22.366824085002357,45662393.924116045,2020-03-31T16:00:00
2020-04-01T16:00:00,2020-04-01T09:30:00,22.365510487391983,22.706233931035776,22.2449819443337,22.58452511027182,39550137.01036501,2020-04-01T16:00:00
2020-04-02T16:00:00,2020-04-02T09:30:00,22.455916381120492,22.953633414878094,22.410509953632836,22.90731424955186,50253163.14281515,2020-04-02T16:00:00
2020-04-03T16:00:00,2020-04-03T09:30:00,22.88066878551807,23.019321620091365,22.841438945119172,22.97992160668006,36241761.34925383,2020-04-03T16:00:00
2020-04-06T16:00:00,2020-04-06T09:30:00,23.009781780267737,23.02572205182452,22.86007422814285,22.87592176674864,39880124.017854676,2020-04-06T16:00:00
2020-04-07T16:00:00,2020-04-07T09:30:00,22.824624182560164,22.88310491003827,22.345261276036407,22.402660858784767,55311380.55500715,2020-04-07T16:00:00
2020-04-08T16:00:00,2020-04-08T09:30:00,22.402232938554736,22.443508167422667,22.257094628437066,22.29817814045167,38732260.430982046,2020-04-08T16:00:00
2020-04-09T16:00:00,2020-04-09T09:30:00,22.27223463144492,22.325775869922623,22.088961220312342,22.142189838192984,39304487.207900055,2020-04-09T16:00:00
2020-04-13T16:00:00,2020-04-13T09:30:00,22.15028629987303,22.272932249569305,21.66853201440193,21.789178513308887,61667139.56657624,2020-04-13T16:00:00
2020-04-14T16:00:00,2020-04-14T09:30:00,21.77383873289784,22.377391693225917,21.611717882559237,22.212008375669196,50517773.814213015,2020-04-14T16:00:00
2020-04-15T16:00:00,2020-04-15T09:30:00,22.23831568976014,22.36239846121434,21.481387144314382,21.60191902355224,49980325.374488644,2020-04-15T16:00:00
2020-04-16T16:00:00,2020-04-16T09:30:00,21.59290196011987,21.644961958183767,21.547366376956294,21.599412645145435,38215950.42493063,2020-04-16T16:00:00
2020-04-17T16:00:00,2020-04-17T09:30:00,21.59526454943869,21.66103225493555,21.037185387885383,21.101449194099814,49429948.26321443,2020-04-17T16:00:00
2020-04-20T16:00:00,2020-04-20T09:30:00,21.140784048469328,21.746569078808385,21.13821178313232,21.74392342761611,55154682.541857705,2020-04-20T16:00:00
2020-04-21T16:00:00,2020-04-21T09:30:00,21.71251262976122,21.723614980671552,21.507871698114474,21.51887503549479,46831155.8075082,2020-04-21T16:00:00
2020-04-22T16:00:00,2020-04-22T09:30:00,21.52847460830135,21.621361852905295,21.460713121249366,21.553521529953965,55068814.22649063,2020-04-22T16:00:00
2020-04-23T16:00:00,2020-04-23T09:30:00,21.54211784652192,21.579783268327112,20.84016438412706,20.876666293895084,59854232.70098157,2020-04-23T16:00:00
2020-04-24T16:00:00,2020-04-24T09:30:00,20.94368269920158,21.06847384035877,20.8675002354134,20.992115203756217,51819159.13649636,2020-04-24T16:00:00
2020-04-27T16:00:00,2020-04-27T09:30:00,20.99350477256195,21.022382920876954,20.850111971223793,20.878832379017418,55535460.50597601,2020-04-27T16:00:00
2020-04-28T16:00:00,2020-04-28T09:30:00,20.836122053149584,21.210791437444865,20.812201405516163,21.186468578892804,42078564.42541344,2020-04-28T16:00:00
2020-04-29T16:00:00,2020-04-29T09:30:00,21.204628854063543,21.318651111635646,21.17151412594793,21.285410229306425,51785973.04634108,2020-04-29T16:00:00
2020-04-30T16:00:00,2020-04-30T09:30:00,21.231728385078018,21.486985088131714,21.175271229010402,21.430000707372795,49186929.84349795,2020-04-30T16:00:00
2020-05-01T16:00:00,2020-05-01T09:30:00,21.469446583998867,21.640666119027923,21.312793909230024,21.48390792649578,51209875.18918774,2020-05-01T16:00:00
2020-05-04T16:00:00,2020-05-04T09:30:00,21.53894012550593,21.55100438405139,21.47191336723891,21.483946823274472,53780258.630084254,2020-05-04T16:00:00
2020-05-05T16:00:00,2020-05-05T09:30:00,21.49400240016037,21.514914020044944,21.103810768161615,21.124362763839166,57156798.32217227,2020-05-05T16:00:00
2020-05-06T16:00:00,2020-05-06T09:30:00,21.14893820106707,21.459435189566708,21.09474854915699,21.40459048310769,55107829.65117512,2020-05-06T16:00:00
2020-05-07T16:00:00,2020-05-07T09:30:00,21.35508620338378,21.59039921121157,21.295090269218072,21.529912113316392,41546476.944828995,2020-05-07T16:00:00
2020-05-08T16:00:00,2020-05-08T09:30:00,21.5021533300898,21.63375135876309,20.87367474889632,21.002213030161293,43294053.83560338,2020-05-08T16:00:00
2020-05-11T16:00:00,2020-05-11T09:30:00,21.00211885303688,21.214130195487765,20.854972866989836,21.06653290879737,41282886.424197026,2020-05-11T16:00:00
2020-05-12T16:00:00,2020-05-12T09:30:00,21.0884713479505,21.10797513847284,20.704282904318845,20.72344910197805,52579040.58682068,2020-05-12T16:00:00
2020-05-13T16:00:00,2020-05-13T09:30:00,20.75570140663516,20.84865069535724,20.274053733062093,20.365254501635782,59697027.42164007,2020-05-13T16:00:00
2020-05-14T16:00:00,2020-05-14T09:30:00,20.398866034640193,20.45374132530145,19.816463330347922,19.86991568386184,53230992.08965872,2020-05-14T16:00:00
2020-05-15T16:00:00,2020-05-15T09:30:00,19.889762929310393,20.107957126887012,19.875898083347522,20.093949945314883,40256667.5993794,2020-05-15T16:00:00
2020-05-18T16:00:00,2020-05-18T09:30:00,20.15155584907806,20.538010774854254,20.072777578895643,20.45803439125659,46272086.65598207,2020-05-18T16:00:00
2020-05-19T16:00:00,2020-05-19T09:30:00,20.413449862033968,20.488579865659872,20.19662197691088,20.271228546820293,36642789.4847581,2020-05-19T16:00:00
2020-05-20T16:00:00,2020-05-20T09:30:00,20.297524461721473,20.344187177229355,19.568839877396723,19.613931055217293,61035037.41594194,2020-05-20T16:00:00
2020-05-21T16:00:00,2020-05-21T09:30:00,19.598088589800742,19.603528794050558,19.492313631931342,19.49772597667272,45057512.22897645,2020-05-21T16:00:00
2020-05-22T16:00:00,2020-05-22T09:30:00,19.524226875468017,19.734958277068,19.43720874529504,19.647391211957235,51318487.63185956,2020-05-22T16:00:00
2020-05-26T16:00:00,2020-05-26T09:30:00,19.623237551801783,19.636039984075094,19.520249250844298,19.532992806378324,50860730.79954681,2020-05-26T16:00:00
2020-05-27T16:00:00,2020-05-27T09:30:00,19.517546509236716,19.556452982821668,19.50805383298446,19.546946007645094,55681996.75587823,2020-05-27T16:00:00
2020-05-28T16:00:00,2020-05-28T09:30:00,19.50808387684319,19.551549260352807,18.990778125138004,19.033185401429492,55599976.74856067,2020-05-28T16:00:00
2020-05-29T16:00:00,2020-05-29T09:30:00,19.040330786410344,19.10894431154888,18.9163239478055,18.984737136282167,53868720.83813556,2020-05-29T16:00:00
2020-06-01T16:00:00,2020-06-01T09:30:00,18.993973948126367,19.82404040038173,18.991503814483522,19.82146265325604,50297247.19824324,2020-06-01T16:00:00
2020-06-02T16:00:00,2020-06-02T09:30:00,19.832827977555727,20.021183801155114,19.75892937047825,19.946860301073002,55160641.898674116,2020-06-02T16:00:00
2020-06-03T16:00:00,2020-06-03T09:30:00,19.962798438266088,20.019756686789602,19.759697280731658,19.81623735830373,44540395.28455021,2020-06-03T16:00:00
2020-06-04T16:00:00,2020-06-04T09:30:00,19.832920473828185,19.93195454019181,19.631713097980786,19.730234409882208,39281071.410762995,2020-06-04T16:00:00
2020-06-05T16:00:00,2020-06-05T09:30:00,19.774942009128136,19.806308885146002,19.49554703210487,19.526519862634988,46873969.4401141,2020-06-05T16:00:00
2020-06-08T16:00:00,2020-06-08T09:30:00,19.567931037073393,19.63563929065709,19.35982401697708,19.42704478098738,54374606.47039985,2020-06-08T16:00:00
2020-06-09T16:00:00,2020-06-09T09:30:00,19.47736600957291,19.76717081369308,19.43919774677847,19.72851040297668,45080838.2624926,2020-06-09T16:00:00
2020-06-10T16:00:00,2020-06-10T09:30:00,19.690319147391357,19.834371136740163,19.352509858259978,19.49513389595649,56004345.80900091,2020-06-10T16:00:00
2020-06-11T16:00:00,2020-06-11T09:30:00,19.559994393884384,19.925182568752266,19.52620811242757,19.890824838740855,44769711.552990094,2020-06-11T16:00:00
2020-06-12T16:00:00,2020-06-12T09:30:00,19.8633447590032,20.01463652070476,19.438043307777452,19.58723202071706,52128045.94640845,2020-06-12T16:00:00
2020-06-15T16:00:00,2020-06-15T09:30:00,19.56162737570352,20.365357636728774,19.3535643810763,20.15102563571215,66779934.698921695,2020-06-15T16:00:00
2020-06-16T16:00:00,2020-06-16T09:30:00,20.106801823339833,20.112019193679085,19.662272133414717,19.667375480151936,51053857.05198101,2020-06-16T16:00:00
2020-06-17T16:00:00,2020-06-17T09:30:00,19.701661638218226,19.75408674704569,19.624354756485985,19.676713479545715,44269650.874528676,2020-06-17T16:00:00
2020-06-18T16:00:00,2020-06-18T09:30:00,19.702906432519224,19.77939208716492,19.51484213763447,19.59089296183198,41849192.35748738,2020-06-18T16:00:00
2020-06-19T16:00:00,2020-06-19T09:30:00,19.57023417283592,19.885256659479165,19.534229482610424,19.848739583915638,39967283.8279314,2020-06-19T16:00:00
2020-06-22T16:00:00,2020-06-22T09:30:00,19.903438215544284,20.189496834121194,19.873178481505246,20.158848792492005,55307435.72060529,2020-06-22T16:00:00
2020-06-23T16:00:00,2020-06-23T09:30:00,20.13552649564104,20.415451129716494,20.045343284524563,20.324421891881926,59387141.94678035,2020-06-23T16:00:00
2020-06-24T16:00:00,2020-06-24T09:30:00,20.34901776130192,20.356760697740327,20.29581090186761,20.30353653239629,36927027.51417626,2020-06-24T16:00:00
2020-06-25T16:00:00,2020-06-25T09:30:00,20.29214626614176,21.236379748874977,20.03343564253309,20.969039215217617,48790609.13249433,2020-06-25T16:00:00
2020-06-26T16:00:00,2020-06-26T09:30:00,20.943576914271166,21.486461836114984,20.940372908038068,21.483175280633674,61594943.20820436,2020-06-26T16:00:00
2020-06-29T16:00:00,2020-06-29T09:30:00,21.49259124950978,22.215659231460887,21.403018690642455,22.123457473474318,50164335.34810776,2020-06-29T16:00:00
2020-06-30T16:00:00,2020-06-30T09:30:00,22.183025397629653,22.4832601978893,21.971080401109795,22.270479630622212,35335714.90436372,2020-06-30T16:00:00
2020-07-01T16:00:00,2020-07-01T09:30:00,22.270312271381385,22.545866380858723,22.239536124686488,22.514752433499165,59122094.24417192,2020-07-01T16:00:00
2020-07-02T16:00:00,2020-07-02T09:30:00,22.493453678518968,23.03781599089911,22.457992813613206,23.001554107131806,59994084.903749876,2020-07-02T16:00:00
2020-07-06T16:00:00,2020-07-06T09:30:00,23.0388178295998,23.342125492376653,22.91030157807957,23.212639619712526,49994826.56350025,2020-07-06T16:00:00
2020-07-07T16:00:00,2020-07-07T09:30:00,23.233046766352565,23.869241214899947,23.079439318781784,23.712464055374102,51820241.158153184,2020-07-07T16:00:00
2020-07-08T16:00:00,2020-07-08T09:30:00,23.72358832928746,24.232104226787854,23.483141432025217,23.98896761726513,57664496.98878277,2020-07-08T16:00:00
2020-07-09T16:00:00,2020-07-09T09:30:00,23.992510721490135,24.08830671909283,23.93968302157696,24.035384617666303,52636899.66938672,2020-07-09T16:00:00
2020-07-10T16:00:00,2020-07-10T09:30:00,24.00003527990259,24.316071790146143,23.947304371739616,24.26276363679592,56329032.21197869,2020-07-10T16:00:00
2020-07-13T16:00:00,2020-07-13T09:30:00,24.206003768617972,24.80629093029659,24.20320822547778,24.803426391020984,52125802.19039265,2020-07-13T16:00:00
2020-07-14T16:00:00,2020-07-14T09:30:00,24.81404648561214,25.360744489897183,24.751944317725577,25.29743255065862,48115868.87584929,2020-07-14T16:00:00
2020-07-15T16:00:00,2020-07-15T09:30:00,25.291191032290993,25.844898442443977,25.27887591111833,25.83231982768271,47133947.329578936,2020-07-15T16:00:00
2020-07-16T16:00:00,2020-07-16T09:30:00,25.808733418192496,27.001158397084687,25.69836404161275,26.88618138407565,55556370.92560239,2020-07-16T16:00:00
2020-07-17T16:00:00,2020-07-17T09:30:00,26.861479638257723,27.155547323509655,26.70094518951022,26.994219570294078,41430889.86527135,2020-07-17T16:00:00
2020-07-20T16:00:00,2020-07-20T09:30:00,26.981300702330202,27.732301961727373,26.827657695907313,27.575276603791853,59875794.14395666,2020-07-20T16:00:00
2020-07-21T16:00:00,2020-07-21T09:30:00,27.62006839690929,28.74123603275327,27.60234196238563,28.722801868892837,57087212.33582711,2020-07-21T16:00:00
2020-07-22T16:00:00,2020-07-22T09:30:00,28.775242671686538,28.857222476374307,28.473199144532938,28.554550202986086,51446531.432931624,2020-07-22T16:00:00
2020-07-23T16:00:00,2020-07-23T09:30:00,28.60619762438873,29.360617073984685,28.36575738289671,29.11589275316623,54207944.20517958,2020-07-23T16:00:00
2020-07-24T16:00:00,2020-07-24T09:30:00,29.124290263984104,29.309980157822206,28.989164417375914,29.174620796311874,45453773.8785705,2020-07-24T16:00:00
2020-07-27T16:00:00,2020-07-27T09:30:00,29.170228065748667,29.188684487080263,28.95156741976321,28.969897088814786,41839105.225316815,2020-07-27T16:00:00
2020-07-28T16:00:00,2020-07-28T09:30:00,29.026238488583097,29.72406360214636,28.988658178683824,29.685629577719652,49092664.10605425,2020-07-28T16:00:00
2020-07-29T16:00:00,2020-07-29T09:30:00,29.660202719754903,30.266701829337578,29.57128912547623,30.17624128529319,49159366.56190449,2020-07-29T16:00:00
2020-07-30T16:00:00,2020-07-30T09:30:00,30.217829343486105,30.43121481639976,29.781404124180632,29.993203383999735,49454257.37919157,2020-07-30T16:00:00
2020-07-31T16:00:00,2020-07-31T09:30:00,29.938258149171286,30.359751198424814,29.859087758810478,30.279677938636063,50657495.66206747,2020-07-31T16:00:00
2020-08-03T16:00:00,2020-08-03T09:30:00,30.22675208289906,30.65794078230283,30.07709555270741,30.506897217583223,54520059.835879855,2020-08-03T16:00:00
2020-08-04T16:00:00,2020-08-04T09:30:00,30.563208572340955,30.77168872962163,30.438658773000856,30.646798289263913,45616930.50972094,2020-08-04T16:00:00
2020-08-05T16:00:00,2020-08-05T09:30:00,30.613420178685857,30.682276731625986,30.460948120651356,30.529616179313955,34984977.43905683,2020-08-05T16:00:00
2020-08-06T16:00:00,2020-08-06T09:30:00,30.476638369544105,30.77168020916986,30.405061681109608,30.699579925642407,38801416.31803605,2020-08-06T16:00:00
2020-08-07T16:00:00,2020-08-07T09:30:00,30.72100766997216,31.15409367136616,30.566366829735564,30.998058237145024,57638404.45289285,2020-08-07T16:00:00
2020-08-10T16:00:00,2020-08-10T09:30:00,31.054220039597585,31.152546375519105,31.038369679546378,31.136653940445335,40135617.47812288,2020-08-10T16:00:00
2020-08-11T16:00:00,2020-08-11T09:30:00,31.07678608335823,31.081308443472867,30.728151312311493,30.7326235891668,50862342.878540464,2020-08-11T16:00:00
2020-08-12T16:00:00,2020-08-12T09:30:00,30.725567926445216,30.82096689182642,30.64346793155624,30.738831456234422,34170645.93701921,2020-08-12T16:00:00
2020-08-13T16:00:00,2020-08-13T09:30:00,30.72075233372224,30.844060018925223,30.08314615915266,30.204381221724713,60823219.54045353,2020-08-13T16:00:00
2020-08-14T16:00:00,2020-08-14T09:30:00,30.182752226527597,30.261500041883895,29.924290395249788,30.002568104172756,56721834.48388944,2020-08-14T16:00:00
2020-08-17T16:00:00,2020-08-17T09:30:00,30.015815744874672,30.079064723678858,29.8186083087514,29.881574415783906,41417932.62006381,2020-08-17T16:00:00
2020-08-18T16:00:00,2020-08-18T09:30:00,29.91431634717968,29.983098927617778,29.852343311725647,29.921111814097998,34041667.59483228,2020-08-18T16:00:00
2020-08-19T16:00:00,2020-08-19T09:30:00,29.914154018718953,30.028399149653502,29.274774997188743,29.387006900824005,40469165.660017,2020-08-19T16:00:00
2020-08-20T16:00:00,2020-08-20T09:30:00,29.390116634938146,29.463360455346713,29.3523014310978,29.425499725359145,37014374.42976901,2020-08-20T16:00:00
2020-08-21T16:00:00,2020-08-21T09:30:00,29.425846550065106,29.494503086426633,29.285955372279606,29.354445314912418,38864178.82212692,2020-08-21T16:00:00
2020-08-24T16:00:00,2020-08-24T09:30:00,29.373707397847554,29.415280519900023,29.318153168083775,29.35970647438428,43231007.60811172,2020-08-24T16:00:00
2020-08-25T16:00:00,2020-08-25T09:30:00,29.339010551931793,29.39153229589576,29.195423096596816,29.247781525319827,47923946.68132154,2020-08-25T16:00:00
2020-08-26T16:00:00,2020-08-26T09:30:00,29.232610266328972,29.27892897198753,28.78639921993799,28.83208329561668,54663589.08795593,2020-08-26T16:00:00
2020-08-27T16:00:00,2020-08-27T09:30:00,28.854947845516357,29.655249576247957,28.762485186926213,29.560525966459604,55221461.29764605,2020-08-27T16:00:00
2020-08-28T16:00:00,2020-08-28T09:30:00,29.575325018327455,29.661728607277777,29.530320302736975,29.616660990816914,53711098.62589978,2020-08-28T16:00:00
2020-08-31T16:00:00,2020-08-31T09:30:00,29.609525177261915,29.726086587472306,29.083796810272226,29.19874112028644,57087232.519084595,2020-08-31T16:00:00
2020-09-01T16:00:00,2020-09-01T09:30:00,29.170118632007707,29.568413545317945,29.165408062753755,29.563639427917845,50374034.157705665,2020-09-01T16:00:00
2020-09-02T16:00:00,2020-09-02T09:30:00,29.58277681446365,29.652759468724096,29.48875531833446,29.55868097013183,45656824.08148683,2020-09-02T16:00:00
2020-09-03T16:00:00,2020-09-03T09:30:00,29.49696722510616,29.857803415819166,29.262491918277977,29.622331571167827,48730629.50641863,2020-09-03T16:00:00
2020-09-04T16:00:00,2020-09-04T09:30:00,29.60726081696782,29.98482730931297,29.54801947999395,29.924950305629935,58662855.87796615,2020-09-04T16:00:00
2020-09-08T16:00:00,2020-09-08T09:30:00,29.902105832547782,29.96432024106364,29.627604422018866,29.689376224692822,57192767.0295935,2020-09-08T16:00:00
2020-09-09T16:00:00,2020-09-09T09:30:00,29.673785738512187,29.678665203290006,29.38291626098042,29.387748690718215,45101315.41316088,2020-09-09T16:00:00
2020-09-10T16:00:00,2020-09-10T09:30:00,29.30208281823495,29.34296759203077,28.85303683713668,28.893351313755762,40411656.787300654,2020-09-10T16:00:00
2020-09-11T16:00:00,2020-09-11T09:30:00,28.912439802088198,28.94682967649435,28.385265656891356,28.419068691492733,41368131.642491825,2020-09-11T16:00:00
2020-09-14T16:00:00,2020-09-14T09:30:00,28.441947173397818,28.45464915210587,28.20181228666416,28.214412650013262,44938671.837983325,2020-09-14T16:00:00
2020-09-15T16:00:00,2020-09-15T09:30:00,28.18372084904427,28.283187028384813,27.807475060776003,27.905960968055094,39804648.72516515,2020-09-15T16:00:00
2020-09-16T16:00:00,2020-09-16T09:30:00,27.908789344669756,28.103064233595884,27.86966433588614,28.063722026478732,56201436.591705434,2020-09-16T16:00:00
2020-09-17T16:00:00,2020-09-17T09:30:00,28.055543347757812,28.534281885171648,28.0216254368466,28.499826855152225,55962946.65285334,2020-09-17T16:00:00
2020-09-18T16:00:00,2020-09-18T09:30:00,28.54241657411314,28.545817208065348,28.23390179103466,28.237266068388692,50919232.711517476,2020-09-18T16:00:00
2020-09-21T16:00:00,2020-09-21T09:30:00,28.21648818624952,28.27957352456627,27.60755916130427,27.66942138873012,42516297.08341962,2020-09-21T16:00:00
2020-09-22T16:00:00,2020-09-22T09:30:00,27.613178428082502,27.656348932585114,26.889782073313665,26.931887445981236,53687028.70740676,2020-09-22T16:00:00
2020-09-23T16:00:00,2020-09-23T09:30:00,26.934842137334073,27.233205889186795,26.86074733224056,27.158495837223917,48876719.83950581,2020-09-23T16:00:00
2020-09-24T16:00:00,2020-09-24T09:30:00,27.147632015548012,27.27496149949136,27.045870150059653,27.173104152666372,53156709.944787316,2020-09-24T16:00:00
2020-09-25T16:00:00,2020-09-25T09:30:00,27.1584898081334,27.325310117289884,27.112020358222388,27.27863509316086,55347330.07300415,2020-09-25T16:00:00
2020-09-28T16:00:00,2020-09-28T09:30:00,27.294546877816177,28.02858873494005,27.18850668728514,27.920118179825465,64137935.56158767,2020-09-28T16:00:00
2020-09-29T16:00:00,2020-09-29T09:30:00,27.90772746878732,28.155599955432542,27.811312246135913,28.05866328186614,54631291.02359114,2020-09-29T16:00:00
2020-09-30T16:00:00,2020-09-30T09:30:00,28.019777594251252,28.02900725816875,27.468555590557873,27.477606664354447,42160224.76564884,2020-09-30T16:00:00
2020-10-01T16:00:00,2020-10-01T09:30:00,27.41207591103322,27.566879195978274,27.264053493908673,27.418820359519042,55084681.04442814,2020-10-01T16:00:00
2020-10-02T16:00:00,2020-10-02T09:30:00,27.439696656630893,27.59749745448606,27.01051048380276,27.166741565648504,59639874.006771915,2020-10-02T16:00:00
2020-10-05T16:00:00,2020-10-05T09:30:00,27.168757174057898,27.508536833947797,27.1536506546817,27.493249888376734,58595179.57934691,2020-10-05T16:00:00
2020-10-06T16:00:00,2020-10-06T09:30:00,27.477327744897536,27.49129646247623,27.029514035555952,27.043262086093996,49719695.50760548,2020-10-06T16:00:00
2020-10-07T16:00:00,2020-10-07T09:30:00,27.009195684409768,27.1449379488012,26.756914983269773,26.89206859271442,35903611.60917987,2020-10-07T16:00:00
2020-10-08T16:00:00,2020-10-08T09:30:00,26.879636326396195,26.92068899057812,26.714377116876765,26.755239793030295,39247136.05320583,2020-10-08T16:00:00
2020-10-09T16:00:00,2020-10-09T09:30:00,26.77509353119831,26.80103275321729,26.172070906010084,26.197450518018773,59356577.4471845,2020-10-09T16:00:00
2020-10-12T16:00:00,2020-10-12T09:30:00,26.241857986874287,26.338612644811462,26.158394732336422,26.255107250473106,34648945.529176116,2020-10-12T16:00:00
2020-10-13T16:00:00,2020-10-13T09:30:00,26.278053886251676,26.468835544911926,26.259747770479635,26.450409360915394,36741234.1562726,2020-10-13T16:00:00
2020-10-14T16:00:00,2020-10-14T09:30:00,26.420148816029084,26.478001841904426,26.38462622863615,26.44244927096126,35465276.81458854,2020-10-14T16:00:00
2020-10-15T16:00:00,2020-10-15T09:30:00,26.445412326513043,26.45751617988705,26.33348045554257,26.34553859751088,53793284.76599972,2020-10-15T16:00:00
2020-10-16T16:00:00,2020-10-16T09:30:00,26.35012220944841,26.410116205652354,26.231616796732975,26.291477270054425,51354878.73672235,2020-10-16T16:00:00
2020-10-19T16:00:00,2020-10-19T09:30:00,26.31593055693163,26.440341182782905,26.163730239437317,26.288008863291815,35663785.38846637,2020-10-19T16:00:00
2020-10-20T16:00:00,2020-10-20T09:30:00,26.288169431628763,26.600929207198853,26.264943669874558,26.577447866142403,38055309.85187955,2020-10-20T16:00:00
2020-10-21T16:00:00,2020-10-21T09:30:00,26.577276493328508,26.757003625251297,26.524345010770816,26.70382011756076,42784814.71462313,2020-10-21T16:00:00
2020-10-22T16:00:00,2020-10-22T09:30:00,26.66304975763541,26.667798004463275,26.251808424463707,26.25648426872283,51168833.91944557,2020-10-22T16:00:00
2020-10-23T16:00:00,2020-10-23T09:30:00,26.25736002485236,26.84240980504886,26.092609794766428,26.67503887408334,60856154.368145205,2020-10-23T16:00:00
2020-10-26T16:00:00,2020-10-26T09:30:00,26.66428466471308,26.71478989013452,26.011919928653484,26.061282999488192,55481092.968254134,2020-10-26T16:00:00
2020-10-27T16:00:00,2020-10-27T09:30:00,26.03789552643795,26.10546526491532,25.73639351258755,25.80335460476616,55756130.197079256,2020-10-27T16:00:00
2020-10-28T16:00:00,2020-10-28T09:30:00,25.808726383364284,25.832975255178212,25.290774597090138,25.314559168679967,62303822.22720529,2020-10-28T16:00:00
2020-10-29T16:00:00,2020-10-29T09:30:00,25.285510495028806,25.3159563456311,25.1330245603023,25.163323287378244,49939807.59525858,2020-10-29T16:00:00
2020-10-30T16:00:00,2020-10-30T09:30:00,25.17383454800428,25.279407883446893,24.827355815985204,24.93191459417444,54570984.95957624,2020-10-30T16:00:00
2020-11-02T16:00:00,2020-11-02T09:30:00,24.96567763080452,25.435909529603393,24.771891702077333,25.239994328965206,40482683.76365882,2020-11-02T16:00:00
2020-11-03T16:00:00,2020-11-03T09:30:00,25.258036147714197,25.280456458705732,24.73889824299838,24.760877250595605,50285893.24107132,2020-11-03T16:00:00
2020-11-04T16:00:00,2020-11-04T09:30:00,24.776835989027727,25.26828798158885,24.77556154336773,25.266988323972154,48971645.997554235,2020-11-04T16:00:00
2020-11-05T16:00:00,2020-11-05T09:30:00,25.260720082409943,25.554300758557485,25.18741279766907,25.48035608426971,37693654.506832235,2020-11-05T16:00:00
2020-11-06T16:00:00,2020-11-06T09:30:00,25.470263468259954,25.840206017065185,25.304528429718577,25.67315079044629,57651966.95738266,2020-11-06T16:00:00
2020-11-09T16:00:00,2020-11-09T09:30:00,25.68116045222902,26.133522181014232,25.65340582080489,26.105309155548614,56008636.40185548,2020-11-09T16:00:00
2020-11-10T16:00:00,2020-11-10T09:30:00,26.116774734549104,26.292749462113974,25.816117284308746,25.99124620109874,44840173.57410443,2020-11-10T16:00:00
2020-11-11T16:00:00,2020-11-11T09:30:00,26.01354221236993,26.051039527372158,25.926713368370503,25.964139471612448,51699504.20780428,2020-11-11T16:00:00
2020-11-12T16:00:00,2020-11-12T09:30:00,25.9280511569407,26.25764135997076,25.893123171827398,26.222316965897434,38786287.431877784,2020-11-12T16:00:00
2020-11-13T16:00:00,2020-11-13T09:30:00,26.23011189311198,26.59166144635004,26.19586081134538,26.556983538061157,54689124.577649735,2020-11-13T16:00:00
2020-11-16T16:00:00,2020-11-16T09:30:00,26.580402967234264,26.601069017020965,26.046268179201437,26.066534700538686,62053439.13612273,2020-11-16T16:00:00
2020-11-17T16:00:00,2020-11-17T09:30:00,26.061690645514947,26.19384750294014,25.99417400186721,26.126163832017888,56522367.650668636,2020-11-17T16:00:00
2020-11-18T16:00:00,2020-11-18T09:30:00,26.15991701285578,26.610955360862505,26.02241124386485,26.47181017120519,44999176.86755813,2020-11-18T16:00:00
2020-11-19T16:00:00,2020-11-19T09:30:00,26.532249986805283,26.90427183271974,26.43394288447262,26.80495430829124,42092988.44444476,2020-11-19T16:00:00
2020-11-20T16:00:00,2020-11-20T09:30:00,26.803680299310425,26.8186560294534,26.632347171369883,26.647235492799634,36181797.359532356,2020-11-20T16:00:00
2020-11-23T16:00:00,2020-11-23T09:30:00,26.630944658994586,26.69131552732715,26.609578576003067,26.669918175771755,34995052.50696145,2020-11-23T16:00:00
2020-11-24T16:00:00,2020-11-24T09:30:00,26.658126180529788,26.881310554487072,26.63064838055144,26.8536312381369,51841035.19714471,2020-11-24T16:00:00
2020-11-25T16:00:00,2020-11-25T09:30:00,26.822900025978896,27.103469480930766,26.77098139281164,27.051109124294033,44714049.13745938,2020-11-25T16:00:00
2020-11-27T13:00:00,2020-11-27T09:30:00,27.07175967320938,27.137140165227795,26.927987863876425,26.993178576181627,42172945.79104682,2020-11-27T13:00:00
2020-11-30T16:00:00,2020-11-30T09:30:00,26.985261329919062,27.082968937841517,26.547455864436543,26.643927579035818,40480246.68792562,2020-11-30T16:00:00
2020-12-01T16:00:00,2020-12-01T09:30:00,26.688676910327793,26.93517557154568,26.681204819652404,26.92763657877858,51690332.2192599,2020-12-01T16:00:00
2020-12-02T16:00:00,2020-12-02T09:30:00,26.938058370945267,26.98880630479708,26.913699496507103,26.96442358947778,36718951.89697011,2020-12-02T16:00:00
2020-12-03T16:00:00,2020-12-03T09:30:00,26.94577636178603,27.008995632395926,26.522009994793677,26.584381372683527,56177545.89443569,2020-12-03T16:00:00
2020-12-04T16:00:00,2020-12-04T09:30:00,26.602231158073447,26.61322184994854,26.490179732796715,26.501128654248088,53474372.37456115,2020-12-04T16:00:00
2020-12-07T16:00:00,2020-12-07T09:30:00,26.512499829429622,26.690858117899825,26.510690347888417,26.689036587702045,49734883.68056523,2020-12-07T16:00:00
2020-12-08T16:00:00,2020-12-08T09:30:00,26.727098252474956,27.625864388455856,26.61643874804236,27.511955302218503,53361730.2993804,2020-12-08T16:00:00
2020-12-09T16:00:00,2020-12-09T09:30:00,27.555819888005033,27.70557339159371,27.262039292308838,27.411005796356893,42009883.61575637,2020-12-09T16:00:00
2020-12-10T16:00:00,2020-12-10T09:30:00,27.378248294181585,27.43412014311455,27.218020699441926,27.27367915008296,39132964.192282654,2020-12-10T16:00:00
2020-12-11T16:00:00,2020-12-11T09:30:00,27.26111059928793,27.946844466272744,27.20897907646097,27.89350361593644,60744368.92969492,2020-12-11T16:00:00
2020-12-14T16:00:00,2020-12-14T09:30:00,27.861831071538393,28.234728055020685,27.759208069414054,28.131113210635096,52780445.57821547,2020-12-14T16:00:00
2020-12-15T16:00:00,2020-12-15T09:30:00,28.190371881409963,28.203193859536043,27.97300106728534,27.985729967031297,37988201.84934634,2020-12-15T16:00:00
2020-12-16T16:00:00,2020-12-16T09:30:00,27.948935326473702,27.991381963559913,27.626078903453728,27.668099028535817,39678955.51240928,2020-12-16T16:00:00
2020-12-17T16:00:00,2020-12-17T09:30:00,27.68217085666929,28.19775141750068,27.631083888464566,28.14580881345441,48871909.07092268,2020-12-17T16:00:00
2020-12-18T16:00:00,2020-12-18T09:30:00,28.148656698172726,28.27296087695606,27.662578691144063,27.785278194187104,53237816.78942887,2020-12-18T16:00:00
2020-12-21T16:00:00,2020-12-21T09:30:00,27.759543379719354,27.75992212142299,27.41388977643325,27.41426380726064,38552366.41726859,2020-12-21T16:00:00
2020-12-22T16:00:00,2020-12-22T09:30:00,27.402552924545095,28.000810847694275,27.39567402384029,27.99378352955418,54470959.41048485,2020-12-22T16:00:00
2020-12-23T16:00:00,2020-12-23T09:30:00,28.045523945430965,28.54241618230637,28.01275736161028,28.509107976762014,46905515.42547802,2020-12-23T16:00:00
2020-12-24T13:00:00,2020-12-24T09:30:00,28.47369320054367,28.660603121324694,28.390970901251652,28.577579011057576,39484967.660142615,2020-12-24T13:00:00
2020-12-28T16:00:00,2020-12-28T09:30:00,28.557791019421042,28.57192713681953,28.502840197594928,28.516956101693637,36569644.19281323,2020-12-28T16:00:00
2020-12-29T16:00:00,2020-12-29T09:30:00,28.52981412584083,28.90829599037874,28.46739587600181,28.84518775812044,38834620.618373886,2020-12-29T16:00:00
2020-12-30T16:00:00,2020-12-30T09:30:00,28.823432734370822,28.85144581945801,28.607974682946107,28.635805415705907,44422326.43672808,2020-12-30T16:00:00
2020-12-31T16:00:00,2020-12-31T09:30:00,28.640525051686886,28.68113537621964,28.615683312825087,28.656279972118867,43215054.06219522,2020-12-31T16:00:00
2021-01-04T16:00:00,2021-01-04T09:30:00,28.620108188769876,28.699630113326958,28.58163315929299,28.66109997713087,36716215.18262634,2021-01-04T16:00:00
2021-01-05T16:00:00,2021-01-05T09:30:00,28.607223007214703,29.291476894487246,28.59960830435651,29.28368213097717,61009006.5461081,2021-01-05T16:00:00
2021-01-06T16:00:00,2021-01-06T09:30:00,29.272418207701257,29.676593176793382,29.138725460838533,29.541670702160012,51727805.12148251,2021-01-06T16:00:00
2021-01-07T16:00:00,2021-01-07T09:30:00,29.52232336998866,29.76826396202319,29.446872294112485,29.6923782717998,40737398.54434921,2021-01-07T16:00:00
2021-01-08T16:00:00,2021-01-08T09:30:00,29.65163528202932,29.992304123635748,29.598588397350948,29.938743601117572,42581639.05092515,2021-01-08T16:00:00
2021-01-11T16:00:00,2021-01-11T09:30:00,29.91048795969602,30.166257154738407,29.760019186934212,30.015261305428343,44694212.73749971,2021-01-11T16:00:00
2021-01-12T16:00:00,2021-01-12T09:30:00,29.98633173093682,30.058117955774403,29.735135200415847,29.806490892603712,46641946.66052058,2021-01-12T16:00:00
2021-01-13T16:00:00,2021-01-13T09:30:00,29.78859470117185,29.796751839040148,29.51727889332911,29.525363949598617,47144963.31377719,2021-01-13T16:00:00
2021-01-14T16:00:00,2021-01-14T09:30:00,29.569317725734145,30.486853953909076,29.47344087588557,30.388321530282223,52015224.76396302,2021-01-14T16:00:00
2021-01-15T16:00:00,2021-01-15T09:30:00,30.391118683339478,30.483000974317893,29.94159150663211,30.03238924118699,39008182.62455621,2021-01-15T16:00:00
2021-01-19T16:00:00,2021-01-19T09:30:00,30.01315805810517,30.022933074935857,29.82567717950715,29.835394300273677,44702302.89062471,2021-01-19T16:00:00
2021-01-20T16:00:00,2021-01-20T09:30:00,29.868306303169817,30.194173381998908,29.814850335094935,30.140230744739643,38188693.920470506,2021-01-20T16:00:00
2021-01-21T16:00:00,2021-01-21T09:30:00,30.147590299446602,30.177473476110666,29.731067157089473,29.760566704602983,43724527.071233355,2021-01-21T16:00:00
2021-01-22T16:00:00,2021-01-22T09:30:00,29.75286167131783,29.886875754104626,29.70211074534107,29.835983043896373,36520408.76468397,2021-01-22T16:00:00
2021-01-25T16:00:00,2021-01-25T09:30:00,29.859629102799747,29.914534380251734,29.419604933000677,29.47380075715391,59671939.41033526,2021-01-25T16:00:00
2021-01-26T16:00:00,2021-01-26T09:30:00,29.45310922038875,29.86970774562117,29.422801058948597,29.839002488058917,41108230.27455019,2021-01-26T16:00:00
2021-01-27T16:00:00,2021-01-27T09:30:00,29.864270405244916,29.945228992505633,29.602349350968616,29.682816036396307,40519596.85505526,2021-01-27T16:00:00
2021-01-28T16:00:00,2021-01-28T09:30:00,29.73696449307597,29.857935896418503,29.70207970151833,29.822950233951595,38326047.79236586,2021-01-28T16:00:00
2021-01-29T16:00:00,2021-01-29T09:30:00,29.806486797259378,30.0142375015747,29.007423587110388,29.211023925370494,53041675.652281635,2021-01-29T16:00:00
2021-02-01T16:00:00,2021-02-01T09:30:00,29.222537322099246,29.250397333523054,29.049945953989177,29.07766785060501,48919660.26057948,2021-02-01T16:00:00
2021-02-02T16:00:00,2021-02-02T09:30:00,29.087415591792567,29.24287512873056,28.497242637899504,28.65036633738591,57079910.25692723,2021-02-02T16:00:00
2021-02-03T16:00:00,2021-02-03T09:30:00,28.668872501337603,29.01712716617211,28.53216340260828,28.879414088280555,55046030.607820585,2021-02-03T16:00:00
2021-02-04T16:00:00,2021-02-04T09:30:00,28.905985202209095,28.957343338301406,28.5626790299558,28.613517529910077,48444201.64549698,2021-02-04T16:00:00
2021-02-05T16:00:00,2021-02-05T09:30:00,28.66206595883998,29.101521466082204,28.612802524196685,29.051588532600892,57789428.19895913,2021-02-05T16:00:00
2021-02-08T16:00:00,2021-02-08T09:30:00,29.08772907147895,29.772087383505042,28.853619138633675,29.534382600493707,55260746.14940553,2021-02-08T16:00:00
2021-02-09T16:00:00,2021-02-09T09:30:00,29.557291072697378,29.965781971833326,29.469800870370307,29.877344404921228,48456425.83354434,2021-02-09T16:00:00
2021-02-10T16:00:00,2021-02-10T09:30:00,29.885754121142515,30.103015920694496,29.79786485500711,30.014747306047028,45242001.89600857,2021-02-10T16:00:00
2021-02-11T16:00:00,2021-02-11T09:30:00,30.004281508728752,30.062965732831046,29.58348114874205,29.641455735822667,57103071.100856714,2021-02-11T16:00:00
2021-02-12T16:00:00,2021-02-12T09:30:00,29.650286264564343,30.210992277726632,29.59338793746401,30.153129005111893,43300434.27786516,2021-02-12T16:00:00
2021-02-16T16:00:00,2021-02-16T09:30:00,30.188759106448483,30.276576759926943,30.087085842912014,30.174863073496567,42476224.732773125,2021-02-16T16:00:00
2021-02-17T16:00:00,2021-02-17T09:30:00,30.1529978068494,30.237026455658295,29.709308656641333,29.792332223240606,56427022.00141379,2021-02-17T16:00:00
2021-02-18T16:00:00,2021-02-18T09:30:00,29.750361954773137,29.765775895845533,29.25418051621073,29.269345238018563,55910782.33877385,2021-02-18T16:00:00
2021-02-19T16:00:00,2021-02-19T09:30:00,29.275053900668937,29.326513616682416,28.590913282430527,28.641258913046094,59025692.14160531,2021-02-19T16:00:00
2021-02-22T16:00:00,2021-02-22T09:30:00,28.627761306394298,28.724649965147197,28.369811871583625,28.466153580274305,49318496.91536218,2021-02-22T16:00:00
2021-02-23T16:00:00,2021-02-23T09:30:00,28.508043910016525,28.54255609771863,28.202509818219465,28.236693505793216,49350974.14110024,2021-02-23T16:00:00
2021-02-24T16:00:00,2021-02-24T09:30:00,28.263829993326866,28.58311877118617,28.166907703530736,28.48543654847353,44981563.88873539,2021-02-24T16:00:00
2021-02-25T16:00:00,2021-02-25T09:30:00,28.49592101248612,28.605602272929918,28.09326028411347,28.201809504610893,47658349.22821956,2021-02-25T16:00:00
2021-02-26T16:00:00,2021-02-26T09:30:00,28.199076980012098,28.25412177392863,27.932273183018392,27.98690381344168,47369839.789139204,2021-02-26T16:00:00
2021-03-01T16:00:00,2021-03-01T09:30:00,28.00331709337574,28.17767277741222,26.888584967466677,27.05704894841864,61171633.426416576,2021-03-01T16:00:00
2021-03-02T16:00:00,2021-03-02T09:30:00,27.07895865292498,27.656682954675258,27.00588542668865,27.582251580276182,44806921.522135675,2021-03-02T16:00:00
2021-03-03T16:00:00,2021-03-03T09:30:00,27.58984788475589,27.697577197156047,27.245429641031812,27.35223113792324,41574765.94101001,2021-03-03T16:00:00
2021-03-04T16:00:00,2021-03-04T09:30:00,27.366865226376294,27.573742758968237,27.28134527562946,27.487844753842698,50433502.63069144,2021-03-04T16:00:00
2021-03-05T16:00:00,2021-03-05T09:30:00,27.53798276072017,27.879548541738988,27.470149350035268,27.811042511915446,55581338.540281974,2021-03-05T16:00:00
2021-03-08T16:00:00,2021-03-08T09:30:00,27.801303154337205,27.813073737381625,27.076631328353947,27.088099953700418,44553360.02519326,2021-03-08T16:00:00
2021-03-09T16:00:00,2021-03-09T09:30:00,27.149760104661038,27.21363776100994,26.846124805215272,26.909437032087695,44886832.60242668,2021-03-09T16:00:00
2021-03-10T16:00:00,2021-03-10T09:30:00,26.928241205205484,26.978837513071355,26.657377159662474,26.707558820549007,53892149.935342595,2021-03-10T16:00:00
2021-03-11T16:00:00,2021-03-11T09:30:00,26.760576936635292,26.80185899234293,26.386729081974543,26.42749731424859,48190226.90470549,2021-03-11T16:00:00
2021-03-12T16:00:00,2021-03-12T09:30:00,26.471617460229208,26.475526505581293,26.389124047569805,26.393021486709106,45191610.39917924,2021-03-12T16:00:00
2021-03-15T16:00:00,2021-03-15T09:30:00,26.417095023342114,26.501516868647933,25.90099396266048,25.98403185595748,52243789.25419072,2021-03-15T16:00:00
2021-03-16T16:00:00,2021-03-16T09:30:00,25.985153219645895,26.080491594804045,25.603979397999844,25.698265193709492,50036299.99237623,2021-03-16T16:00:00
2021-03-17T16:00:00,2021-03-17T09:30:00,25.67727385007031,25.766446342896465,25.36208535469851,25.450470199778387,43379909.99961789,2021-03-17T16:00:00
2021-03-18T16:00:00,2021-03-18T09:30:00,25.44968254987967,25.549647380194273,25.05765307887234,25.15646617280192,41219382.53942514,2021-03-18T16:00:00
2021-03-19T16:00:00,2021-03-19T09:30:00,25.15829370050415,25.17093932385647,24.81894541234544,24.83142673852655,55665032.600533396,2021-03-19T16:00:00
2021-03-22T16:00:00,2021-03-22T09:30:00,24.862668370614802,24.917460719496148,24.721835791604974,24.776438106228536,49895238.98871165,2021-03-22T16:00:00
2021-03-23T16:00:00,2021-03-23T09:30:00,24.73665478838603,24.793935095118087,24.53978370974848,24.596740029248302,46445143.61835816,2021-03-23T16:00:00
2021-03-24T16:00:00,2021-03-24T09:30:00,24.597983541046485,24.718095281435073,24.484015484453934,24.604098891034088,38835401.24066324,2021-03-24T16:00:00
2021-03-25T16:00:00,2021-03-25T09:30:00,24.598356743106798,24.731011335759113,24.528718034388536,24.661194730754364,44857800.34484114,2021-03-25T16:00:00
2021-03-26T16:00:00,2021-03-26T09:30:00,24.672242317876997,24.858411682914788,24.533348568886673,24.719253283102713,46733775.55533861,2021-03-26T16:00:00
2021-03-29T16:00:00,2021-03-29T09:30:00,24.699888330820105,24.730623941853644,24.657715921723394,24.688437283504808,40373660.2151775,2021-03-29T16:00:00
2021-03-30T16:00:00,2021-03-30T09:30:00,24.724348170275775,24.813783207765656,24.490795631713734,24.579707462401878,56368253.48332777,2021-03-30T16:00:00
2021-03-31T16:00:00,2021-03-31T09:30:00,24.516961560572874,24.56385981966514,24.4336492789101,24.480477748470395,52755455.3635159,2021-03-31T16:00:00
2021-04-01T16:00:00,2021-04-01T09:30:00,24.46779003984381,24.544373990087657,23.991937850691986,24.067268171294476,57149040.59876303,2021-04-01T16:00:00
2021-04-05T16:00:00,2021-04-05T09:30:00,24.09920047239332,24.19506988297438,23.894314036889746,23.989748032990388,55708166.394324444,2021-04-05T16:00:00
2021-04-06T16:00:00,2021-04-06T09:30:00,24.003715280990626,24.115850960785366,23.81197578581465,23.92373784326625,47866685.849223234,2021-04-06T16:00:00
2021-04-07T16:00:00,2021-04-07T09:30:00,23.92047841568692,24.090126616148634,23.399318052678943,23.566455460664102,56886861.81218631,2021-04-07T16:00:00
2021-04-08T16:00:00,2021-04-08T09:30:00,23.504818220623537,23.578450962833806,23.01698885673067,23.089319981782182,48788401.181350015,2021-04-08T16:00:00
2021-04-09T16:00:00,2021-04-09T09:30:00,23.042570864143805,23.563193103811116,22.94955113231808,23.468454138994886,61022219.18669017,2021-04-09T16:00:00
2021-04-12T16:00:00,2021-04-12T09:30:00,23.413959757112597,23.494557412820722,23.28528957354076,23.365721178037195,35256134.61098323,2021-04-12T16:00:00
2021-04-13T16:00:00,2021-04-13T09:30:00,23.34163394963124,23.997168016013003,23.153541002261186,23.805338417632008,59584203.30729318,2021-04-13T16:00:00
2021-04-14T16:00:00,2021-04-14T09:30:00,23.692579242672164,23.846585030887486,23.276630620006568,23.42892259524317,55629764.297379926,2021-04-14T16:00:00
2021-04-15T16:00:00,2021-04-15T09:30:00,23.422676355128104,24.490665302631932,23.25198555782689,24.313482827577158,65257948.99484913,2021-04-15T16:00:00
2021-04-16T16:00:00,2021-04-16T09:30:00,24.23940886190437,25.05269199539751,24.117578966949345,24.927404161531484,60688014.75806615,2021-04-16T16:00:00
2021-04-19T16:00:00,2021-04-19T09:30:00,24.95661729129789,25.05778120370926,24.613828069958426,24.714008545808973,42938198.09313998,2021-04-19T16:00:00
2021-04-20T16:00:00,2021-04-20T09:30:00,24.67824220325636,25.32173681244928,24.442910051738654,25.082549182469688,57855471.48683166,2021-04-20T16:00:00
2021-04-21T16:00:00,2021-04-21T09:30:00,24.984484458058546,25.057470200998704,24.74061273331987,24.81309781427729,48460408.2096415,2021-04-21T16:00:00
2021-04-22T16:00:00,2021-04-22T09:30:00,24.85758591648569,25.49663456354484,24.84401507122513,25.482722428872474,49777255.260828376,2021-04-22T16:00:00
2021-04-23T16:00:00,2021-04-23T09:30:00,25.50229309728009,25.842998163633574,24.525987802676006,24.858086408353227,54157471.140292116,2021-04-23T16:00:00
2021-04-26T16:00:00,2021-04-26T09:30:00,24.851657702169632,25.31590886918331,24.462751988675905,24.92584223559136,36224322.274681814,2021-04-26T16:00:00
2021-04-27T16:00:00,2021-04-27T09:30:00,24.968106960986482,25.181330076424217,24.382254886728102,24.592268408939795,46854779.28921124,2021-04-27T16:00:00
2021-04-28T16:00:00,2021-04-28T09:30:00,24.56376784602078,24.710282293756343,24.28807172337483,24.433811023248822,57965351.10512961,2021-04-28T16:00:00
2021-04-29T16:00:00,2021-04-29T09:30:00,24.317225204736943,24.349361927746973,24.127246685791015,24.159174535027365,41705204.49631008,2021-04-29T16:00:00
2021-04-30T16:00:00,2021-04-30T09:30:00,24.209276684271604,24.362089767541903,22.769358797489296,22.913995847208742,54812491.28399198,2021-04-30T16:00:00
2021-05-03T16:00:00,2021-05-03T09:30:00,22.920882885642133,22.956219791533417,22.50946475134156,22.54422096114687,54104805.53052888,2021-05-03T16:00:00
2021-05-04T16:00:00,2021-05-04T09:30:00,22.5832338754634,22.835664113414282,22.16880327125203,22.419402236505924,46146205.88482469,2021-05-04T16:00:00
2021-05-05T16:00:00,2021-05-05T09:30:00,22.35016049142929,22.53073740968466,22.322085936285085,22.502471533107208,47858068.14862034,2021-05-05T16:00:00
2021-05-06T16:00:00,2021-05-06T09:30:00,22.46781235422974,23.425056930110042,22.267512461968305,23.218068525945718,48548677.3425993,2021-05-06T16:00:00
2021-05-07T16:00:00,2021-05-07T09:30:00,23.21491092069697,23.532310813523576,22.69456872868925,23.009155483269886,49955166.303978026,2021-05-07T16:00:00
2021-05-10T16:00:00,2021-05-10T09:30:00,22.98085699801385,23.39763470027628,22.80268799975474,23.217630017141005,42699123.76584102,2021-05-10T16:00:00
2021-05-11T16:00:00,2021-05-11T09:30:00,23.293550933033256,23.434294293715073,22.737543754387698,22.87576277217386,51679530.8088648,2021-05-11T16:00:00
2021-05-12T16:00:00,2021-05-12T09:30:00,22.924596227660437,23.028939283978936,22.630891894539424,22.73436911759036,55732129.52992457,2021-05-12T16:00:00
2021-05-13T16:00:00,2021-05-13T09:30:00,22.64196943168399,22.68457112342777,22.60665356150881,22.64924390687117,53232487.9845584,2021-05-13T16:00:00
2021-05-14T16:00:00,2021-05-14T09:30:00,22.690369404858558,22.87443296883888,22.06441880755142,22.244868482037578,63289619.734843075,2021-05-14T16:00:00
2021-05-17T16:00:00,2021-05-17T09:30:00,22.315215056751015,22.762699422582603,22.311731500743043,22.759146565863354,61062474.24173293,2021-05-17T16:00:00
2021-05-18T16:00:00,2021-05-18T09:30:00,22.80948042335761,23.331012347039696,22.710412363998486,23.230117341935,41524372.199347556,2021-05-18T16:00:00
2021-05-19T16:00:00,2021-05-19T09:30:00,23.15402913483495,23.26925106227176,22.98241498921043,23.097354887286368,49107625.074433334,2021-05-19T16:00:00
2021-05-20T16:00:00,2021-05-20T09:30:00,23.01776060777462,23.555150632531326,22.99679849721437,23.533718642665438,52913019.00727352,2021-05-20T16:00:00
2021-05-21T16:00:00,2021-05-21T09:30:00,23.65612407162385,24.34021992044524,23.61045108238089,24.29331670041754,55204320.69399772,2021-05-21T16:00:00
2021-05-24T16:00:00,2021-05-24T09:30:00,24.268972205856457,24.471488849773735,23.551644326181034,23.74982888873102,54557443.290166974,2021-05-24T16:00:00
2021-05-25T16:00:00,2021-05-25T09:30:00,23.696138814196583,24.266583727241482,23.22514914335946,23.79365578757695,37507371.606357954,2021-05-25T16:00:00
2021-05-26T16:00:00,2021-05-26T09:30:00,23.736113824856027,24.048223925080542,23.303460703579223,23.613964643950613,36510176.65974044,2021-05-26T16:00:00
2021-05-27T16:00:00,2021-05-27T09:30:00,23.668153283389557,23.72268650228642,23.603474879378947,23.65798466901765,54847019.263276875,2021-05-27T16:00:00
2021-05-28T16:00:00,2021-05-28T09:30:00,23.628502737370184,23.65527263472136,23.257828450454728,23.284208279616013,59610325.98599215,2021-05-28T16:00:00
2021-06-01T16:00:00,2021-06-01T09:30:00,23.333219821139046,23.45261454452215,23.03964262895771,23.15814148672656,42656638.426329345,2021-06-01T16:00:00
2021-06-02T16:00:00,2021-06-02T09:30:00,23.128839485806644,23.375820969649745,23.016686051093334,23.263016898844537,56222620.17055576,2021-06-02T16:00:00
2021-06-03T16:00:00,2021-06-03T09:30:00,23.191706447086645,23.276590237159304,22.764987868319746,22.848615915321464,42095495.342688635,2021-06-03T16:00:00
2021-06-04T16:00:00,2021-06-04T09:30:00,22.82911111296816,23.384219718079848,22.657677611997467,23.209926512374235,45187303.07163997,2021-06-04T16:00:00
2021-06-07T16:00:00,2021-06-07T09:30:00,23.198974104295274,23.67489481767043,23.082604990132307,23.556731146991428,50403398.95138971,2021-06-07T16:00:00
2021-06-08T16:00:00,2021-06-08T09:30:00,23.613801697938854,23.73881932923497,23.4906757721461,23.615683590967958,54539172.184483714,2021-06-08T16:00:00
2021-06-09T16:00:00,2021-06-09T09:30:00,23.640055574227127,23.797086681996362,23.57850827614327,23.735291435681813,46641262.34007785,2021-06-09T16:00:00
2021-06-10T16:00:00,2021-06-10T09:30:00,23.73240964452085,23.92510010572526,22.844755988692413,23.03175764887718,65094642.26245901,2021-06-10T16:00:00
2021-06-11T16:00:00,2021-06-11T09:30:00,23.01333503040518,23.351765984792657,22.91201723144774,23.249408854498974,49331865.74805717,2021-06-11T16:00:00
2021-06-14T16:00:00,2021-06-14T09:30:00,23.200433063633273,23.26838472814706,22.24732985393358,22.312681385767924,58671050.014051154,2021-06-14T16:00:00
2021-06-15T16:00:00,2021-06-15T09:30:00,22.280872204092777,22.359687664254746,21.735401975280592,21.812560849714846,51472485.189577565,2021-06-15T16:00:00
2021-06-16T16:00:00,2021-06-16T09:30:00,21.845260345832536,22.025746007232744,21.313875671005942,21.491438050652913,54409016.04253898,2021-06-16T16:00:00
2021-06-17T16:00:00,2021-06-17T09:30:00,21.51040136901423,22.26919342759419,21.483404621689523,22.241279387799672,67155781.17596975,2021-06-17T16:00:00
2021-06-18T16:00:00,2021-06-18T09:30:00,22.15895652071186,22.370674959443104,21.98238977784379,22.193830335444975,46348452.18589254,2021-06-18T16:00:00
2021-06-21T16:00:00,2021-06-21T09:30:00,22.2511768965352,22.317950080508094,22.056083862717205,22.122470814765542,54394491.88459073,2021-06-21T16:00:00
2021-06-22T16:00:00,2021-06-22T09:30:00,22.189395598218574,22.228878437731037,21.602645512523097,21.64115283285014,54025037.24441842,2021-06-22T16:00:00
2021-06-23T16:00:00,2021-06-23T09:30:00,21.56978165997078,21.930995042251038,21.474756015365745,21.834801851542178,45449863.35984683,2021-06-23T16:00:00
2021-06-24T16:00:00,2021-06-24T09:30:00,21.824447800452123,21.841029588635394,21.754506369047146,21.77104758479197,47471417.79498083,2021-06-24T16:00:00
2021-06-25T16:00:00,2021-06-25T09:30:00,21.66741384865146,21.71980494978494,21.536672817936715,21.588874012303386,50263806.44693843,2021-06-25T16:00:00
2021-06-28T16:00:00,2021-06-28T09:30:00,21.544082968838705,21.900127674235133,21.41413609284956,21.768825226309907,56265407.16825022,2021-06-28T16:00:00
2021-06-29T16:00:00,2021-06-29T09:30:00,21.762661534222968,21.875197395431837,21.539723645234147,21.65168564431108,36711032.09415157,2021-06-29T16:00:00
2021-06-30T16:00:00,2021-06-30T09:30:00,21.70537721852731,21.792014278633058,21.661838751329988,21.748389533724207,36041781.71318817,2021-06-30T16:00:00
2021-07-01T16:00:00,2021-07-01T09:30:00,21.729772474839468,21.872319203038565,21.483777421235235,21.625641050063564,48055887.37451319,2021-07-01T16:00:00
2021-07-02T16:00:00,2021-07-02T09:30:00,21.60773549904103,21.825699625994613,20.79849455629233,21.010433507347543,64356851.861813545,2021-07-02T16:00:00
2021-07-06T16:00:00,2021-07-06T09:30:00,21.07250793622988,21.195689929691788,20.91022924753263,21.033181352506958,48982194.97856529,2021-07-06T16:00:00
2021-07-07T16:00:00,2021-07-07T09:30:00,21.03871510772709,21.251445397763217,20.854088769785015,21.06657457759528,53993360.537189625,2021-07-07T16:00:00
2021-07-08T16:00:00,2021-07-08T09:30:00,21.06289512095336,21.78580326171116,20.971243709707,21.69141695042662,52740218.6485296,2021-07-08T16:00:00
2021-07-09T16:00:00,2021-07-09T09:30:00,21.609290071695554,21.723417690912022,20.885341049726417,20.99623084903818,60634605.88161226,2021-07-09T16:00:00
2021-07-12T16:00:00,2021-07-12T09:30:00,21.009395938690904,21.04816555849363,20.20707750435227,20.244435506934305,68025058.32444096,2021-07-12T16:00:00
2021-07-13T16:00:00,2021-07-13T09:30:00,20.209023078310143,20.865059017492953,19.945234553987465,20.596216455222603,44292349.5967522,2021-07-13T16:00:00
2021-07-14T16:00:00,2021-07-14T09:30:00,20.53727770658293,21.32549183305288,20.456297832192796,21.241734238931922,68211365.72706617,2021-07-14T16:00:00
2021-07-15T16:00:00,2021-07-15T09:30:00,21.31348812165378,21.659469029799514,21.21310323517544,21.557932827594904,52211004.094076835,2021-07-15T16:00:00
2021-07-16T16:00:00,2021-07-16T09:30:00,21.50158990458092,22.049729086025593,21.307838308390803,21.852812609471155,51608178.55531565,2021-07-16T16:00:00
2021-07-19T16:00:00,2021-07-19T09:30:00,21.833238548476505,22.047014545350727,21.814455193175295,22.028063580110086,49222178.89508242,2021-07-19T16:00:00
2021-07-20T16:00:00,2021-07-20T09:30:00,22.008857510613236,22.130065873954415,21.250372969883706,21.36805225607558,45400388.94327331,2021-07-20T16:00:00
2021-07-21T16:00:00,2021-07-21T09:30:00,21.423849330396532,21.653395889926955,21.29346562531625,21.522412338851307,57522426.53079672,2021-07-21T16:00:00
2021-07-22T16:00:00,2021-07-22T09:30:00,21.43163093350614,21.54630505679156,21.19493615870627,21.30895387444911,51729823.27759944,2021-07-22T16:00:00
2021-07-23T16:00:00,2021-07-23T09:30:00,21.228175274209175,21.3350464215889,20.575322278748292,20.679430826517567,58376429.06501843,2021-07-23T16:00:00
2021-07-26T16:00:00,2021-07-26T09:30:00,20.749843148086605,21.044261976545183,19.336647706628664,19.61496376965157,62512602.64816167,2021-07-26T16:00:00
2021-07-27T16:00:00,2021-07-27T09:30:00,19.60621754482821,19.65294642628575,19.132106596500048,19.17781443460193,59178047.85263705,2021-07-27T16:00:00
2021-07-28T16:00:00,2021-07-28T09:30:00,19.178077942866864,19.405656825483568,18.942444826619944,19.169926984950706,36539595.95319906,2021-07-28T16:00:00
2021-07-29T16:00:00,2021-07-29T09:30:00,19.145067888621547,19.180250381831055,19.017282971729987,19.052294978090675,44166042.862342775,2021-07-29T16:00:00
2021-07-30T16:00:00,2021-07-30T09:30:00,19.033326255188825,19.097082622401427,18.541687685976296,18.604005949164634,56815296.68563494,2021-07-30T16:00:00
2021-08-02T16:00:00,2021-08-02T09:30:00,18.683709880541194,19.04548117759722,18.501991883776864,18.862028848314562,47685609.937904105,2021-08-02T16:00:00
2021-08-03T16:00:00,2021-08-03T09:30:00,18.810583303616927,18.90935988345163,18.495869863393,18.59350654771444,38215267.5887116,2021-08-03T16:00:00
2021-08-04T16:00:00,2021-08-04T09:30:00,18.63966520211289,18.65475969415469,18.431082669246805,18.44602034673766,41427223.10949198,2021-08-04T16:00:00
2021-08-05T16:00:00,2021-08-05T09:30:00,18.450883669555264,18.575773609893254,18.377198523238995,18.501884786353667,45154863.5933242,2021-08-05T16:00:00
2021-08-06T16:00:00,2021-08-06T09:30:00,18.572659505208975,18.600002499094927,18.138920952063874,18.16566476117531,50369665.16957895,2021-08-06T16:00:00
2021-08-09T16:00:00,2021-08-09T09:30:00,18.233932897940395,19.01773227350354,17.931551725632566,18.70749777069435,46901691.59308443,2021-08-09T16:00:00
2021-08-10T16:00:00,2021-08-10T09:30:00,18.625244484003968,18.701060065311264,18.479177946027335,18.55470639627819,39391315.95287295,2021-08-10T16:00:00
2021-08-11T16:00:00,2021-08-11T09:30:00,18.556879279811824,19.384653802396034,18.512138479704728,19.3380296418556,55419284.19755482,2021-08-11T16:00:00
2021-08-12T16:00:00,2021-08-12T09:30:00,19.31479921585697,19.92234818859166,19.30900114154239,19.916369529982738,51714822.71541294,2021-08-12T16:00:00
2021-08-13T16:00:00,2021-08-13T09:30:00,19.849758308270623,19.866502596435755,19.52343430569435,19.539917227032287,52965798.635935955,2021-08-13T16:00:00
2021-08-16T16:00:00,2021-08-16T09:30:00,19.597428038147875,19.94224135758569,19.479421936644616,19.822877708721737,38710614.721543856,2021-08-16T16:00:00
2021-08-17T16:00:00,2021-08-17T09:30:00,19.7906408903682,19.811582693309095,19.61602252076726,19.636801535981274,50126275.89128359,2021-08-17T16:00:00
2021-08-18T16:00:00,2021-08-18T09:30:00,19.698840295444754,20.130792485915784,19.686115225047153,20.117796777721715,56742785.09173649,2021-08-18T16:00:00
2021-08-19T16:00:00,2021-08-19T09:30:00,20.09219461913222,20.186440863112452,20.0862821178542,20.180502375637648,48115403.4532079,2021-08-19T16:00:00
2021-08-20T16:00:00,2021-08-20T09:30:00,20.227880955874245,20.760896031953948,20.02910537176734,20.558867901346424,42133478.749185644,2021-08-20T16:00:00
2021-08-23T16:00:00,2021-08-23T09:30:00,20.533622549416474,20.730696458755833,19.66611445355283,19.856691435196563,47947782.66235209,2021-08-23T16:00:00
2021-08-24T16:00:00,2021-08-24T09:30:00,19.890158605151086,19.911381151929277,19.412068639341534,19.432803193700636,62824894.00167034,2021-08-24T16:00:00
2021-08-25T16:00:00,2021-08-25T09:30:00,19.43391155448342,19.495790265949726,19.35701331220754,19.418844047851127,46037228.941263475,2021-08-25T16:00:00
2021-08-26T16:00:00,2021-08-26T09:30:00,19.43198847857231,20.032082288633024,19.23881952849228,19.834908007729545,41986927.154049635,2021-08-26T16:00:00
2021-08-27T16:00:00,2021-08-27T09:30:00,19.82457211484184,20.70444555768298,19.630913002007404,20.50414791335933,47335389.35645117,2021-08-27T16:00:00
2021-08-30T16:00:00,2021-08-30T09:30:00,20.555075885588074,20.735487929780618,20.477724137543678,20.65774980480557,47813541.750586465,2021-08-30T16:00:00
2021-08-31T16:00:00,2021-08-31T09:30:00,20.73768688483088,21.19723162275524,20.633224577541217,21.09098961752559,48009917.51896106,2021-08-31T16:00:00
2021-09-01T16:00:00,2021-09-01T09:30:00,21.082089432330413,21.93672677081431,20.874083549910686,21.72240324891808,64633319.49143178,2021-09-01T16:00:00
2021-09-02T16:00:00,2021-09-02T09:30:00,21.61576413666573,21.86585652797948,21.57378755108535,21.82347657664447,46006433.521775745,2021-09-02T16:00:00
2021-09-03T16:00:00,2021-09-03T09:30:00,21.79127327754888,21.83714989401874,21.039668828669765,21.084056559670938,59478560.419579886,2021-09-03T16:00:00
2021-09-07T16:00:00,2021-09-07T09:30:00,21.151495633399946,21.24932823643339,20.95016541814409,21.047517086301877,56579552.667537615,2021-09-07T16:00:00
2021-09-08T16:00:00,2021-09-08T09:30:00,21.037144899471315,21.06352006150947,20.642609290406053,20.66852229462859,60121982.38577556,2021-09-08T16:00:00
2021-09-09T16:00:00,2021-09-09T09:30:00,20.61582228355667,20.647170085294267,20.146626261330574,20.17730727027639,60021946.52669705,2021-09-09T16:00:00
2021-09-10T16:00:00,2021-09-10T09:30:00,20.2170899966132,20.67458068975506,20.069362483106637,20.524606136996578,60328246.83629152,2021-09-10T16:00:00
2021-09-13T16:00:00,2021-09-13T09:30:00,20.504344709322968,20.657595583692558,19.981468023680154,20.131935486051027,55858734.099912845,2021-09-13T16:00:00
2021-09-14T16:00:00,2021-09-14T09:30:00,20.22415516208094,20.59053255058912,20.156748198854356,20.52213243127439,45828070.36410635,2021-09-14T16:00:00
2021-09-15T16:00:00,2021-09-15T09:30:00,20.557676295544255,21.166555234451724,20.29511515044703,20.89962672338331,46779797.27447493,2021-09-15T16:00:00
2021-09-16T16:00:00,2021-09-16T09:30:00,20.97897434507472,21.591866052002132,20.685455864887956,21.293940850661656,61091480.98336524,2021-09-16T16:00:00
2021-09-17T16:00:00,2021-09-17T09:30:00,21.336777005455698,21.547235712342065,21.216402359722164,21.426355694920627,42438931.564575315,2021-09-17T16:00:00
2021-09-20T16:00:00,2021-09-20T09:30:00,21.389629599828748,21.791179436794476,21.342310427349155,21.74307834791025,48579171.62149986,2021-09-20T16:00:00
2021-09-21T16:00:00,2021-09-21T09:30:00,21.612409075084983,21.771606889349812,21.525681239626092,21.68458940345812,38231227.336185284,2021-09-21T16:00:00
2021-09-22T16:00:00,2021-09-22T09:30:00,21.714356845011437,21.923161801534246,21.634331950862748,21.842664051078675,48971950.996324934,2021-09-22T16:00:00
2021-09-23T16:00:00,2021-09-23T09:30:00,21.829704715130553,21.860074782826292,21.81677972409478,21.847139468973968,35791594.719225794,2021-09-23T16:00:00
2021-09-24T16:00:00,2021-09-24T09:30:00,21.89016905167671,22.040460379739027,21.347482204743926,21.495060838447678,48437059.297238596,2021-09-24T16:00:00
2021-09-27T16:00:00,2021-09-27T09:30:00,21.499388127799524,21.52676909507496,21.48201919358889,21.509392078868366,36089416.51416911,2021-09-27T16:00:00
2021-09-28T16:00:00,2021-09-28T09:30:00,21.53053745978256,21.722074226481613,21.46168768170904,21.652833373798135,38991112.44505479,2021-09-28T16:00:00
2021-09-29T16:00:00,2021-09-29T09:30:00,21.66103018725038,22.260164292681495,21.595041632620504,22.192556486707353,58010925.14026052,2021-09-29T16:00:00
2021-09-30T16:00:00,2021-09-30T09:30:00,22.183721602333634,22.63226258384679,22.175847480550747,22.6242321026672,53287593.67833758,2021-09-30T16:00:00
2021-10-01T16:00:00,2021-10-01T09:30:00,22.653816831234657,22.902601928130046,22.61915607024119,22.867614053411145,45282183.04211861,2021-10-01T16:00:00
2021-10-04T16:00:00,2021-10-04T09:30:00,22.836088666927754,22.915567178591104,22.396303001625164,22.474523123918676,60291225.143601835,2021-10-04T16:00:00
2021-10-05T16:00:00,2021-10-05T09:30:00,22.49318276020108,22.769796657971465,21.89221624758207,22.164791698119636,42474242.235737145,2021-10-05T16:00:00
2021-10-06T16:00:00,2021-10-06T09:30:00,22.175802140984207,22.221622984602863,21.189386375414806,21.233259686758217,59881639.297192484,2021-10-06T16:00:00
2021-10-07T16:00:00,2021-10-07T09:30:00,21.210917995317004,21.212705348992355,21.04510288465152,21.046876415241933,55439289.606111676,2021-10-07T16:00:00
2021-10-08T16:00:00,2021-10-08T09:30:00,20.996370779508673,21.26892223273156,20.868974082923426,21.14065011292883,43132979.64580508,2021-10-08T16:00:00
2021-10-11T16:00:00,2021-10-11T09:30:00,21.14259725890075,21.680909748011356,21.05808244730825,21.594588160956928,49873359.17585528,2021-10-11T16:00:00
2021-10-12T16:00:00,2021-10-12T09:30:00,21.56905790216114,22.248346604271877,21.471597041597935,22.148268551590366,60348705.37419031,2021-10-12T16:00:00
2021-10-13T16:00:00,2021-10-13T09:30:00,22.128950590796702,22.741327540982546,21.769575249750538,22.377909100425757,45420413.49353056,2021-10-13T16:00:00
2021-10-14T16:00:00,2021-10-14T09:30:00,22.376377246378425,22.413036579959954,21.20128472880904,21.23607590084909,60980050.946556054,2021-10-14T16:00:00
2021-10-15T16:00:00,2021-10-15T09:30:00,21.325525387395302,21.531144985762943,21.08460503122706,21.28988094777559,36222595.330066055,2021-10-15T16:00:00
2021-10-18T16:00:00,2021-10-18T09:30:00,21.250270247508702,21.35603006067098,21.228900225027772,21.33457525809312,35204257.88011404,2021-10-18T16:00:00
2021-10-19T16:00:00,2021-10-19T09:30:00,21.293594759060774,21.779157960371865,21.026020333553394,21.50887829096266,43276343.86866068,2021-10-19T16:00:00
2021-10-20T16:00:00,2021-10-20T09:30:00,21.48587163074432,21.527689401794074,21.15858844646894,21.199849535122212,48674660.66073522,2021-10-20T16:00:00
2021-10-21T16:00:00,2021-10-21T09:30:00,21.16851774009546,21.31404810382866,20.67818451052434,20.82132799718896,50186863.97996967,2021-10-21T16:00:00
2021-10-22T16:00:00,2021-10-22T09:30:00,20.790103170220398,20.953039483994054,19.672801267903452,19.828198940424443,72034955.43063933,2021-10-22T16:00:00
2021-10-25T16:00:00,2021-10-25T09:30:00,19.783591874217837,19.824953908632136,19.423787030991686,19.46448189444688,56692265.05675141,2021-10-25T16:00:00
2021-10-26T16:00:00,2021-10-26T09:30:00,19.43144799909917,20.197338521143628,19.359126989555097,20.12244571907521,53053659.0190436,2021-10-26T16:00:00
2021-10-27T16:00:00,2021-10-27T09:30:00,20.120088987569616,20.619567209932104,19.944581024726972,20.44125768572574,58774122.821764804,2021-10-27T16:00:00
2021-10-28T16:00:00,2021-10-28T09:30:00,20.432374025398566,20.49792360117422,19.646140631783037,19.709370723799964,49551629.02615744,2021-10-28T16:00:00
2021-10-29T16:00:00,2021-10-29T09:30:00,19.70969231459089,19.92843260581761,19.67096534640085,19.889352628602634,38264888.06912904,2021-10-29T16:00:00
2021-11-01T16:00:00,2021-11-01T09:30:00,19.842134780587763,19.92972915485334,19.486061708438253,19.57246561089021,48553395.63452599,2021-11-01T16:00:00
2021-11-02T16:00:00,2021-11-02T09:30:00,19.55705538445606,19.71130384170384,19.46701824479837,19.62097243950515,42874876.889115155,2021-11-02T16:00:00
2021-11-03T16:00:00,2021-11-03T09:30:00,19.54945703296315,19.657508814983224,18.939560300338144,19.044822919717415,46121802.436614774,2021-11-03T16:00:00
2021-11-04T16:00:00,2021-11-04T09:30:00,19.0816755186701,19.117546189834655,18.552430804135884,18.58737225974812,44050151.54461964,2021-11-04T16:00:00
2021-11-05T16:00:00,2021-11-05T09:30:00,18.602928061991353,19.06641052330344,18.59908867354619,19.062476290425593,45562470.48183487,2021-11-05T16:00:00
2021-11-08T16:00:00,2021-11-08T09:30:00,19.09885551218835,19.288052853574023,18.41302524587769,18.59725361171702,47306025.384461455,2021-11-08T16:00:00
2021-11-09T16:00:00,2021-11-09T09:30:00,18.589219920440875,19.014369114950938,18.584274723768406,19.009312163252158,52181583.08215488,2021-11-09T16:00:00
2021-11-10T16:00:00,2021-11-10T09:30:00,19.093240154627622,19.189766541569895,19.005762156882938,19.10224727660239,52920159.070222445,2021-11-10T16:00:00
2021-11-11T16:00:00,2021-11-11T09:30:00,19.110654147521238,19.668031412777644,18.973773418691625,19.528160281657755,46082886.79114791,2021-11-11T16:00:00
2021-11-12T16:00:00,2021-11-12T09:30:00,19.472040168759907,20.132653625181877,19.411851210421162,20.070614446631932,57372499.89902318,2021-11-12T16:00:00
2021-11-15T16:00:00,2021-11-15T09:30:00,20.001285254727435,20.05315155216116,19.641149673593,19.69221450475884,46464677.277471446,2021-11-15T16:00:00
2021-11-16T16:00:00,2021-11-16T09:30:00,19.66386326573901,19.73619222576776,19.309222703522597,19.380509412124187,39253445.13168859,2021-11-16T16:00:00
2021-11-17T16:00:00,2021-11-17T09:30:00,19.41882476177082,20.046118384433672,19.409670542667214,20.036672905825295,53532741.57559825,2021-11-17T16:00:00
2021-11-18T16:00:00,2021-11-18T09:30:00,19.990387580988777,20.00044798899981,19.683727042349357,19.693638107544103,46126286.87299026,2021-11-18T16:00:00
2021-11-19T16:00:00,2021-11-19T09:30:00,19.72104354909313,19.754389196492593,19.526687192625623,19.55976013133365,55711894.4363742,2021-11-19T16:00:00
2021-11-22T16:00:00,2021-11-22T09:30:00,19.589897670610913,19.718005308098743,19.03047446469292,19.155742958484858,59286353.95046925,2021-11-22T16:00:00
2021-11-23T16:00:00,2021-11-23T09:30:00,19.183737826390963,19.251549678962355,18.905744687011627,18.972810942301788,49922450.259477474,2021-11-23T16:00:00
2021-11-24T16:00:00,2021-11-24T09:30:00,18.97991259770954,19.811283163324866,18.576870375729325,19.399334435140528,58026397.49961459,2021-11-24T16:00:00
2021-11-26T13:00:00,2021-11-26T09:30:00,19.389271820924755,19.46212379671789,18.726292786932714,18.796919095521293,62173439.9943606,2021-11-26T13:00:00
2021-11-29T16:00:00,2021-11-29T09:30:00,18.83573065196483,19.11024297675558,17.941030699885065,18.206370720122706,51636494.06599692,2021-11-29T16:00:00
2021-11-30T16:00:00,2021-11-30T09:30:00,18.183075759796182,18.26155906505348,18.011265771917675,18.089344506536932,37353106.304697275,2021-11-30T16:00:00
2021-12-01T16:00:00,2021-12-01T09:30:00,18.103645827818386,18.338879078462437,18.043297358115293,18.27794956756701,54341286.19875261,2021-12-01T16:00:00
2021-12-02T16:00:00,2021-12-02T09:30:00,18.272009819790917,18.483095702393104,18.212506014550662,18.423099864111073,52563656.93586197,2021-12-02T16:00:00
2021-12-03T16:00:00,2021-12-03T09:30:00,18.465771978837562,19.415248464860095,18.232175458526484,19.172709018537464,66831997.23507511,2021-12-03T16:00:00
2021-12-06T16:00:00,2021-12-06T09:30:00,19.07588281194601,19.135797967421162,18.6039977827354,18.662614911232286,59780208.265894435,2021-12-06T16:00:00
2021-12-07T16:00:00,2021-12-07T09:30:00,18.636224144877172,19.19010548026001,18.449821878346754,19.000064033423964,44982137.72436226,2021-12-07T16:00:00
2021-12-08T16:00:00,2021-12-08T09:30:00,18.956026323300048,18.975398619571706,18.616691930931186,18.635736904302377,56416018.65337396,2021-12-08T16:00:00
2021-12-09T16:00:00,2021-12-09T09:30:00,18.612836212448332,18.614511098041294,17.96424391004837,17.965860577207664,55250427.96153698,2021-12-09T16:00:00
2021-12-10T16:00:00,2021-12-10T09:30:00,17.894399832939754,18.031326316724456,17.871695093112063,18.008476833924,43518005.73184638,2021-12-10T16:00:00
2021-12-13T16:00:00,2021-12-13T09:30:00,18.01814898331754,18.19171121057113,17.325507302175836,17.4940207946299,47429121.71863395,2021-12-13T16:00:00
2021-12-14T16:00:00,2021-12-14T09:30:00,17.425743154367613,17.54812168877953,17.17431826692414,17.295784117363773,44942657.79262499,2021-12-14T16:00:00
2021-12-15T16:00:00,2021-12-15T09:30:00,17.331862164927745,18.07959090903394,17.08787615797091,17.82861200035375,56833017.88551397,2021-12-15T16:00:00
2021-12-16T16:00:00,2021-12-16T09:30:00,17.857663042191458,17.953358792700474,17.68873412594144,17.784035319775363,55666670.822230354,2021-12-16T16:00:00
2021-12-17T16:00:00,2021-12-17T09:30:00,17.793584029458724,17.93125769701355,17.605771244417625,17.743053947357723,56119101.07546146,2021-12-17T16:00:00
2021-12-20T16:00:00,2021-12-20T09:30:00,17.7708725922747,17.93722740057443,17.22529371682379,17.388065027536836,49498037.731948934,2021-12-20T16:00:00
2021-12-21T16:00:00,2021-12-21T09:30:00,17.410263192379706,17.542978942949134,17.143145305660447,17.274828659679535,49458032.93928324,2021-12-21T16:00:00
2021-12-22T16:00:00,2021-12-22T09:30:00,17.26061981290726,17.285532780237876,17.083679936398035,17.108373159829796,54554414.33461498,2021-12-22T16:00:00
2021-12-23T16:00:00,2021-12-23T09:30:00,17.0807647907461,17.167264517959232,16.849004779190928,16.934765140804927,41812304.03397549,2021-12-23T16:00:00
2021-12-27T16:00:00,2021-12-27T09:30:00,16.902310039076806,16.932575762954862,16.890638063748277,16.920890956480235,42907578.01028001,2021-12-27T16:00:00
2021-12-28T16:00:00,2021-12-28T09:30:00,16.894890542914474,17.118023055057066,16.829216644338906,17.05173945265631,40793315.091939926,2021-12-28T16:00:00
2021-12-29T16:00:00,2021-12-29T09:30:00,17.019311833534406,17.025525770303695,16.38898992540222,16.394975910302023,67210678.95592786,2021-12-29T16:00:00
2021-12-30T16:00:00,2021-12-30T09:30:00,16.385927115507588,16.480734038457886,16.316096218464406,16.410797154301118,37808749.40987385,2021-12-30T16:00:00
2021-12-31T16:00:00,2021-12-31T09:30:00,16.450300411968264,16.54908520353362,16.254224154726657,16.35242117709795,37880046.62732374,2021-12-31T16:00:00
2022-01-03T16:00:00,2022-01-03T09:30:00,16.294380432337796,16.626287785568664,16.27104067967714,16.602506678883376,61659211.45266105,2022-01-03T16:00:00
2022-01-04T16:00:00,2022-01-04T09:30:00,16.560105136217064,16.739471441194542,16.431914152514274,16.610887354761047,35050629.46221894,2022-01-04T16:00:00
2022-01-05T16:00:00,2022-01-05T09:30:00,16.56977445667781,16.75075542307432,16.176042303564643,16.354673864838876,50872844.40373846,2022-01-05T16:00:00
2022-01-06T16:00:00,2022-01-06T09:30:00,16.356904317916108,16.49694958040739,16.029624698105195,16.168053045469534,50277043.092943065,2022-01-06T16:00:00
2022-01-07T16:00:00,2022-01-07T09:30:00,16.20903812830266,16.511825860080847,16.14534453659008,16.447196422758555,52199654.46382288,2022-01-07T16:00:00
2022-01-10T16:00:00,2022-01-10T09:30:00,16.432217256029105,16.94974865406846,16.345582137989094,16.860853648402156,46461539.98490576,2022-01-10T16:00:00
2022-01-11T16:00:00,2022-01-11T09:30:00,16.857827285973123,16.88464380888881,16.834054850063037,16.860867086337386,53437483.44526059,2022-01-11T16:00:00
2022-01-12T16:00:00,2022-01-12T09:30:00,16.785611128530096,16.849108922440372,16.673826541883802,16.737140979495003,37639898.675682716,2022-01-12T16:00:00
2022-01-13T16:00:00,2022-01-13T09:30:00,16.727862286409625,16.740209429515378,16.012778657365565,16.024606714587147,60919810.59790167,2022-01-13T16:00:00
2022-01-14T16:00:00,2022-01-14T09:30:00,16.007780745872513,16.096165987611673,15.932021233268152,16.020347003083213,52719635.24531211,2022-01-14T16:00:00
2022-01-18T16:00:00,2022-01-18T09:30:00,16.073341638116688,16.401975049148746,15.97542905692178,16.30266551557906,44574997.07005899,2022-01-18T16:00:00
2022-01-19T16:00:00,2022-01-19T09:30:00,16.317270260269925,16.376998275748573,15.998012225984384,16.056786763209857,55981964.012177184,2022-01-19T16:00:00
2022-01-20T16:00:00,2022-01-20T09:30:00,16.114243700331627,16.167968394778597,15.553952182976222,15.605982340168962,65906795.74080182,2022-01-20T16:00:00
2022-01-21T16:00:00,2022-01-21T09:30:00,15.601689961747173,15.72694311533938,15.524348104931809,15.649364920674968,44452717.11783605,2022-01-21T16:00:00
2022-01-24T16:00:00,2022-01-24T09:30:00,15.686522281612564,15.720537814433015,15.561189001126243,15.595006085104432,56232038.497618996,2022-01-24T16:00:00
2022-01-25T16:00:00,2022-01-25T09:30:00,15.618358048676189,15.707202559280812,15.412927933796407,15.501105456930372,58641678.51027301,2022-01-25T16:00:00
2022-01-26T16:00:00,2022-01-26T09:30:00,15.458683543224154,15.576488019559923,15.324859658688618,15.442541120040309,52078236.008922,2022-01-26T16:00:00
2022-01-27T16:00:00,2022-01-27T09:30:00,15.474067441738457,16.053749848392336,15.331822656418497,15.907520561505505,52740157.39488452,2022-01-27T16:00:00
2022-01-28T16:00:00,2022-01-28T09:30:00,15.942920293505928,16.007968907850163,15.756949252996668,15.821502471205694,53629290.86411129,2022-01-28T16:00:00
2022-01-31T16:00:00,2022-01-31T09:30:00,15.859407483240538,16.542338397811296,15.738899617997863,16.41758918337748,47183185.27770347,2022-01-31T16:00:00
2022-02-01T16:00:00,2022-02-01T09:30:00,16.469889967268774,16.705392956038388,16.35717740710276,16.591845784806416,39381712.94932768,2022-02-01T16:00:00
2022-02-02T16:00:00,2022-02-02T09:30:00,16.6502681787062,17.28851677636126,16.473313666427632,17.10671131087468,60007599.06543682,2022-02-02T16:00:00
2022-02-03T16:00:00,2022-02-03T09:30:00,17.14019825160712,17.71495260153159,17.064136321809812,17.63668743436156,57467891.195925206,2022-02-03T16:00:00
2022-02-04T16:00:00,2022-02-04T09:30:00,17.593231552592453,18.363911846573483,17.48836847897913,18.25510373584362,67598353.02171221,2022-02-04T16:00:00
2022-02-07T16:00:00,2022-02-07T09:30:00,18.261821210960484,18.312555848889513,17.67065879502423,17.71988784417172,53689003.28118321,2022-02-07T16:00:00
2022-02-08T16:00:00,2022-02-08T09:30:00,17.699653959819617,17.725227398791258,17.585874610650066,17.611320420438467,46820721.90697747,2022-02-08T16:00:00
2022-02-09T16:00:00,2022-02-09T09:30:00,17.615377151318498,17.653977204055828,17.53814842765203,17.576663648640817,38080962.370008714,2022-02-09T16:00:00
2022-02-10T16:00:00,2022-02-10T09:30:00,17.592144583916504,17.737572662054717,17.116792282089484,17.25947025846692,47869853.380491704,2022-02-10T16:00:00
2022-02-11T16:00:00,2022-02-11T09:30:00,17.25143949866986,17.434702367319677,16.980974238084038,17.16330080516833,44119589.532339536,2022-02-11T16:00:00
2022-02-14T16:00:00,2022-02-14T09:30:00,17.154449909760856,17.338164894082915,17.13299153319086,17.316503805473936,47603263.46428338,2022-02-14T16:00:00
2022-02-15T16:00:00,2022-02-15T09:30:00,17.29529926060202,17.4328484059303,17.162771658338354,17.300282618007156,46620791.63495326,2022-02-15T16:00:00
2022-02-16T16:00:00,2022-02-16T09:30:00,17.31013099469409,17.965613281300264,17.199342045832722,17.85136033613238,46544009.72104313,2022-02-16T16:00:00
2022-02-17T16:00:00,2022-02-17T09:30:00,17.872393194610822,17.897422248591916,17.62273552134115,17.647449557272875,56449789.16058752,2022-02-17T16:00:00
2022-02-18T16:00:00,2022-02-18T09:30:00,17.588231788119355,17.697135039517264,17.41806520641772,17.526586762612204,48100171.694714434,2022-02-18T16:00:00
2022-02-22T16:00:00,2022-02-22T09:30:00,17.518295582491824,17.53629465650593,17.31368763178205,17.331494778363286,56763130.431675635,2022-02-22T16:00:00
2022-02-23T16:00:00,2022-02-23T09:30:00,17.316794570619425,17.817105952890767,17.284696831403632,17.784141956674606,46094149.808502726,2022-02-23T16:00:00
2022-02-24T16:00:00,2022-02-24T09:30:00,17.763941269910653,17.981182868282456,17.71801268453219,17.934812496163964,40838589.09959997,2022-02-24T16:00:00
2022-02-25T16:00:00,2022-02-25T09:30:00,17.926822630651632,18.23423131340893,17.824922778934546,18.131169908540752,52690771.33632147,2022-02-25T16:00:00
2022-02-28T16:00:00,2022-02-28T09:30:00,18.117239636802832,18.468722567502194,18.027495309452966,18.377688100338652,47873258.25635703,2022-02-28T16:00:00
2022-03-01T16:00:00,2022-03-01T09:30:00,18.34879249949795,18.98259405420419,18.192201100727512,18.821964533002127,56888908.2616148,2022-03-01T16:00:00
2022-03-02T16:00:00,2022-03-02T09:30:00,18.803055687885166,19.385517020198986,18.719595827512126,19.29985206312255,45283438.32651562,2022-03-02T16:00:00
2022-03-03T16:00:00,2022-03-03T09:30:00,19.290209179178888,19.441250557824908,19.182707757341845,19.3335078390967,41136526.89633341,2022-03-03T16:00:00
2022-03-04T16:00:00,2022-03-04T09:30:00,19.37651671774629,19.411143002898648,19.23875563798253,19.273197288917267,49563903.378860906,2022-03-04T16:00:00
2022-03-07T16:00:00,2022-03-07T09:30:00,19.285659571040807,19.389645975403308,18.982361710405296,19.085267620824123,38465056.951142564,2022-03-07T16:00:00
2022-03-08T16:00:00,2022-03-08T09:30:00,19.10299769143931,19.174626784107854,19.094272326331204,19.165872700605913,52922572.38916762,2022-03-08T16:00:00
2022-03-09T16:00:00,2022-03-09T09:30:00,19.1998456512817,19.927715876833247,19.101482913651594,19.826144547057034,48812519.452641636,2022-03-09T16:00:00
2022-03-10T16:00:00,2022-03-10T09:30:00,19.81457513032273,19.900076939790427,19.774048363302608,19.859458373036595,35449304.04726273,2022-03-10T16:00:00
2022-03-11T16:00:00,2022-03-11T09:30:00,19.910035455596113,20.054298624628775,19.883396478632324,20.027502480623237,36041644.94860094,2022-03-11T16:00:00
2022-03-14T16:00:00,2022-03-14T09:30:00,20.018021417124086,20.073644934268582,19.759672356780257,19.81473099650951,46220687.285685256,2022-03-14T16:00:00
2022-03-15T16:00:00,2022-03-15T09:30:00,19.81259092194039,20.102632866658407,19.72131161247786,20.010442030147008,50832185.97288493,2022-03-15T16:00:00
2022-03-16T16:00:00,2022-03-16T09:30:00,19.98858221198407,20.06597096006705,19.852915484960366,19.930077724278856,54963155.358436294,2022-03-16T16:00:00
2022-03-17T16:00:00,2022-03-17T09:30:00,19.947400819558197,20.093827876545753,19.93465741663939,20.080999124310406,53430918.94759006,2022-03-17T16:00:00
2022-03-18T16:00:00,2022-03-18T09:30:00,20.07402927349288,20.447808236539327,20.035538219322547,20.408675513157334,42156132.7559811,2022-03-18T16:00:00
2022-03-21T16:00:00,2022-03-21T09:30:00,20.37623829338322,20.74128009726765,20.362707413181287,20.72751595046238,52354052.19834849,2022-03-21T16:00:00
2022-03-22T16:00:00,2022-03-22T09:30:00,20.694567082305824,20.95083878447258,20.633727105512232,20.889425941938384,48620475.40419798,2022-03-22T16:00:00
2022-03-23T16:00:00,2022-03-23T09:30:00,20.915916823692992,20.96977106142864,20.455741061560783,20.50854640320182,50708014.74371823,2022-03-23T16:00:00
2022-03-24T16:00:00,2022-03-24T09:30:00,20.539438822052816,20.58439494497359,20.247166947398096,20.291580565416528,53706403.44792424,2022-03-24T16:00:00
2022-03-25T16:00:00,2022-03-25T09:30:00,20.273417937592445,20.744263159734846,20.267558569105418,20.738269441121993,47317773.25599037,2022-03-25T16:00:00
2022-03-28T16:00:00,2022-03-28T09:30:00,20.75663291991003,21.80599308605381,20.622626792114715,21.666115282913346,71317090.72289394,2022-03-28T16:00:00
2022-03-29T16:00:00,2022-03-29T09:30:00,21.68727848644361,21.843642161882016,21.645770213681836,21.801914482052776,53608262.51609233,2022-03-29T16:00:00
2022-03-30T16:00:00,2022-03-30T09:30:00,21.77393604025313,22.52542286561104,21.692157720163227,22.441138672887202,55791075.00719093,2022-03-30T16:00:00
2022-03-31T16:00:00,2022-03-31T09:30:00,22.441512734117644,22.96201772220718,22.314909851961072,22.833205123353533,57325641.61890531,2022-03-31T16:00:00
2022-04-01T16:00:00,2022-04-01T09:30:00,22.820591667527776,22.89082484301389,22.630027270772924,22.699888968869672,43327941.996070914,2022-04-01T16:00:00
2022-04-04T16:00:00,2022-04-04T09:30:00,22.6879131007253,22.748157316914202,22.35565003906006,22.415170028541475,39018300.77197454,2022-04-04T16:00:00
2022-04-05T16:00:00,2022-04-05T09:30:00,22.386190767896252,22.524851123416074,22.36849292194738,22.507057723704328,45043542.629491195,2022-04-05T16:00:00
2022-04-06T16:00:00,2022-04-06T09:30:00,22.53499804830891,22.654654571076886,22.333879359976056,22.453101025239963,54148859.17801949,2022-04-06T16:00:00
2022-04-07T16:00:00,2022-04-07T09:30:00,22.493663599875838,22.52471768007824,22.18608596923476,22.216757761506383,44510664.48369462,2022-04-07T16:00:00
2022-04-08T16:00:00,2022-04-08T09:30:00,22.16865763467799,22.250601903415934,22.05328743155264,22.135107686196456,56587213.274471276,2022-04-08T16:00:00
2022-04-11T16:00:00,2022-04-11T09:30:00,22.177126583537483,22.715746823704023,22.063033860962115,22.59948125003312,53635637.80602449,2022-04-11T16:00:00
2022-04-12T16:00:00,2022-04-12T09:30:00,22.60116858371859,22.70512321185167,21.860678222895473,21.961691560808532,60905426.70169844,2022-04-12T16:00:00
2022-04-13T16:00:00,2022-04-13T09:30:00,21.96260190061257,22.0047675912676,21.74793676941405,21.7897706437686,55810152.075229146,2022-04-13T16:00:00
2022-04-14T16:00:00,2022-04-14T09:30:00,21.791289880195716,21.90931154749146,21.739971566377314,21.85783651687458,56857275.738025405,2022-04-14T16:00:00
2022-04-18T16:00:00,2022-04-18T09:30:00,21.884863589059375,22.367293529185666,21.839866807519286,22.32139920046823,50562490.886858426,2022-04-18T16:00:00
2022-04-19T16:00:00,2022-04-19T09:30:00,22.34330419399986,22.919993607378526,22.301077390666357,22.876758623916253,60232433.158085175,2022-04-19T16:00:00
2022-04-20T16:00:00,2022-04-20T09:30:00,22.855085008887638,22.873795480060377,22.551038865635345,22.569515553426303,50686486.45094671,2022-04-20T16:00:00
2022-04-21T16:00:00,2022-04-21T09:30:00,22.58650243555325,22.666102180386062,22.583437521270458,22.663026881986937,56503986.90107304,2022-04-21T16:00:00
2022-04-22T16:00:00,2022-04-22T09:30:00,22.739789378636452,22.795301818477686,22.298047660825073,22.352614929276626,46533389.566243686,2022-04-22T16:00:00
2022-04-25T16:00:00,2022-04-25T09:30:00,22.318545566551492,22.50568336110712,22.292451193996705,22.479400919867288,39690738.41253288,2022-04-25T16:00:00
2022-04-26T16:00:00,2022-04-26T09:30:00,22.492581969572743,22.745033276507332,22.331291919427088,22.58309418042083,39394997.300255515,2022-04-26T16:00:00
2022-04-27T16:00:00,2022-04-27T09:30:00,22.56799670356443,22.99471282585385,22.536893357669253,22.96306499451466,44014142.499677025,2022-04-27T16:00:00
2022-04-28T16:00:00,2022-04-28T09:30:00,22.983702615464587,23.698166938281087,22.948776672697637,23.66220993849397,56508753.26188211,2022-04-28T16:00:00
2022-04-29T16:00:00,2022-04-29T09:30:00,23.63257368924907,23.788052572238893,23.60056517985044,23.75587705787984,44332760.24688226,2022-04-29T16:00:00
2022-05-02T16:00:00,2022-05-02T09:30:00,23.71959548495337,23.792142128654294,23.36321364179546,23.434889509137655,47162331.08569759,2022-05-02T16:00:00
2022-05-03T16:00:00,2022-05-03T09:30:00,23.437903505648546,23.846354272026083,23.437228872661855,23.84566790201212,62113264.10140619,2022-05-03T16:00:00
2022-05-04T16:00:00,2022-05-04T09:30:00,23.883253570002104,23.920919968645652,23.396313642285374,23.433270370174142,54872320.58625495,2022-05-04T16:00:00
2022-05-05T16:00:00,2022-05-05T09:30:00,23.40988985365912,23.57010676908126,23.36452016688573,23.52451493244073,41365234.13712662,2022-05-05T16:00:00
2022-05-06T16:00:00,2022-05-06T09:30:00,23.53788428259743,23.927302557699285,23.426878981428352,23.81499041648128,60189381.354184605,2022-05-06T16:00:00
2022-05-09T16:00:00,2022-05-09T09:30:00,23.844552026772767,23.854722421295524,23.346733296627406,23.356695606206394,56754886.903833926,2022-05-09T16:00:00
2022-05-10T16:00:00,2022-05-10T09:30:00,23.345766260926236,23.351758329223827,23.209174161490846,23.215132700573466,55053636.83720688,2022-05-10T16:00:00
2022-05-11T16:00:00,2022-05-11T09:30:00,23.19959028363003,23.60081687759454,23.10001931139427,23.499956754079633,50018669.44565701,2022-05-11T16:00:00
2022-05-12T16:00:00,2022-05-12T09:30:00,23.537571566362097,23.731172716125773,23.47500368359497,23.668257442441494,51748879.883019395,2022-05-12T16:00:00
2022-05-13T16:00:00,2022-05-13T09:30:00,23.69530226610025,23.882779290078457,22.994308987960128,23.17769067355194,56959723.90235568,2022-05-13T16:00:00
2022-05-16T16:00:00,2022-05-16T09:30:00,23.202873983787097,23.32828238530609,23.202569388383257,23.327976147625343,39958022.45943449,2022-05-16T16:00:00
2022-05-17T16:00:00,2022-05-17T09:30:00,23.37819360834587,23.712691983852423,23.35782040970563,23.69204527552764,52843195.410283536,2022-05-17T16:00:00
2022-05-18T16:00:00,2022-05-18T09:30:00,23.696651719020675,23.903266625069623,23.40309107044547,23.60894121454166,55191560.70698731,2022-05-18T16:00:00
2022-05-19T16:00:00,2022-05-19T09:30:00,23.618293184027653,24.205719908521264,23.55405858458392,24.1400662444873,41946708.34156947,2022-05-19T16:00:00
2022-05-20T16:00:00,2022-05-20T09:30:00,24.156046216961617,24.31967300475716,23.594334206892967,23.7552460785717,44758597.67448958,2022-05-20T16:00:00
2022-05-23T16:00:00,2022-05-23T09:30:00,23.826649708677316,23.846844444100597,23.66164250720059,23.681714399914142,44507986.50598405,2022-05-23T16:00:00
2022-05-24T16:00:00,2022-05-24T09:30:00,23.687817387696796,23.759571907167388,23.260390809495192,23.331064662903632,53884522.90468951,2022-05-24T16:00:00
2022-05-25T16:00:00,2022-05-25T09:30:00,23.281604898488613,23.307024384060934,22.820122848876082,22.84506570916104,57849908.70200935,2022-05-25T16:00:00
2022-05-26T16:00:00,2022-05-26T09:30:00,22.863799959706597,22.93339683910103,22.621141328118167,22.69020980308219,48361997.2479855,2022-05-26T16:00:00
2022-05-27T16:00:00,2022-05-27T09:30:00,22.680201146718396,22.724505214765465,22.41972963072223,22.463610605428215,42516327.74703126,2022-05-27T16:00:00
2022-05-31T16:00:00,2022-05-31T09:30:00,22.484911125857007,22.519697586713242,22.40336626139091,22.438080270115986,38213762.67758757,2022-05-31T16:00:00
2022-06-01T16:00:00,2022-06-01T09:30:00,22.48738578773649,22.498699409555403,22.355259924907365,22.366512734321166,44210793.66187607,2022-06-01T16:00:00
2022-06-02T16:00:00,2022-06-02T09:30:00,22.31743961722344,22.582878790497062,22.258668985503892,22.523565348328,45923529.894771636,2022-06-02T16:00:00
2022-06-03T16:00:00,2022-06-03T09:30:00,22.491971435327557,23.255045967892254,22.440619159197965,23.20207243314491,64666078.630141415,2022-06-03T16:00:00
2022-06-06T16:00:00,2022-06-06T09:30:00,23.211300479604407,23.359874780708104,22.82583174881346,22.97287993266399,38086878.68280453,2022-06-06T16:00:00
2022-06-07T16:00:00,2022-06-07T09:30:00,22.981382399849817,23.356390229107543,22.94492654158672,23.319398169202447,49397805.99822427,2022-06-07T16:00:00
2022-06-08T16:00:00,2022-06-08T09:30:00,23.298072087816017,23.401489273912812,22.968280625045868,23.07068848417499,41186453.630482115,2022-06-08T16:00:00
2022-06-09T16:00:00,2022-06-09T09:30:00,23.12655317660879,23.624055772835717,22.952676397083856,23.447763972863296,60519225.67569322,2022-06-09T16:00:00
2022-06-10T16:00:00,2022-06-10T09:30:00,23.504742767547295,23.670634689414143,23.50460566876547,23.67049662382098,49224866.91845652,2022-06-10T16:00:00
2022-06-13T16:00:00,2022-06-13T09:30:00,23.681012036783095,24.11069092549894,23.55233275653583,23.98038489535153,46558494.229541324,2022-06-13T16:00:00
2022-06-14T16:00:00,2022-06-14T09:30:00,23.971762051320038,24.035835046594205,23.013262146900907,23.074938063520236,47259898.15232311,2022-06-14T16:00:00
2022-06-15T16:00:00,2022-06-15T09:30:00,23.124038632176696,23.477936501970966,23.016002841308207,23.36875738211439,49806780.14157918,2022-06-15T16:00:00
2022-06-16T16:00:00,2022-06-16T09:30:00,23.392621377937996,23.491800860128755,22.997380429709633,23.09529933293445,56401873.03821735,2022-06-16T16:00:00
2022-06-17T16:00:00,2022-06-17T09:30:00,23.127874519712353,23.254961597207014,23.057511081512942,23.184426108427935,43442483.21288816,2022-06-17T16:00:00
2022-06-21T16:00:00,2022-06-21T09:30:00,23.18458336379274,23.271415773717234,22.13213340711962,22.215335727741607,69414388.64063855,2022-06-21T16:00:00
2022-06-22T16:00:00,2022-06-22T09:30:00,22.206345971500067,22.350777764774232,21.92164720878897,22.065160722272484,45622459.61031993,2022-06-22T16:00:00
2022-06-23T16:00:00,2022-06-23T09:30:00,22.095420596885845,22.267179586608243,22.082955807571675,22.25462498460451,55598266.99977624,2022-06-23T16:00:00
2022-06-24T16:00:00,2022-06-24T09:30:00,22.266883956984824,22.97837144062303,22.22656365942353,22.936838007594503,66079960.35935011,2022-06-24T16:00:00
2022-06-27T16:00:00,2022-06-27T09:30:00,22.9204883532992,22.94377317155583,22.141548280881985,22.164064651793904,57007250.16552074,2022-06-27T16:00:00
2022-06-28T16:00:00,2022-06-28T09:30:00,22.164823979734837,22.38157368854281,22.137326893964246,22.353842111950257,41893607.72749351,2022-06-28T16:00:00
2022-06-29T16:00:00,2022-06-29T09:30:00,22.360621699247503,22.394660630771153,21.821711399042663,21.85498060767027,42457219.00856198,2022-06-29T16:00:00
2022-06-30T16:00:00,2022-06-30T09:30:00,21.87748394037392,22.00369305100981,21.858721502170074,21.984838543986644,37868707.62226724,2022-06-30T16:00:00
2022-07-01T16:00:00,2022-07-01T09:30:00,22.01716747442455,22.060611059370473,21.767448201172,21.810483964693017,39082055.91001132,2022-07-01T16:00:00
2022-07-05T16:00:00,2022-07-05T09:30:00,21.845394974825997,21.945341100814957,21.41710551515529,21.51554251413455,47203687.45181801,2022-07-05T16:00:00
2022-07-06T16:00:00,2022-07-06T09:30:00,21.51419003326952,21.62308483158584,21.47994377436815,21.588719936084914,38040144.41741833,2022-07-06T16:00:00
2022-07-07T16:00:00,2022-07-07T09:30:00,21.549877759362985,21.58581412355505,21.372703801993858,21.408404246347118,46424425.262907036,2022-07-07T16:00:00
2022-07-08T16:00:00,2022-07-08T09:30:00,21.40877563956592,21.622758067259493,21.39127819813321,21.605100169338318,45227215.93363585,2022-07-08T16:00:00
2022-07-11T16:00:00,2022-07-11T09:30:00,21.603505755698748,21.784076070521667,21.578936099480966,21.759329196383256,37584937.224099725,2022-07-11T16:00:00
2022-07-12T16:00:00,2022-07-12T09:30:00,21.78038582089521,21.82816791891402,21.540756776105496,21.588117072405,41390815.78191482,2022-07-12T16:00:00
2022-07-13T16:00:00,2022-07-13T09:30:00,21.57598149962505,21.646744026930282,21.41608327086811,21.48655249878792,54019692.25028158,2022-07-13T16:00:00
2022-07-14T16:00:00,2022-07-14T09:30:00,21.436205393604126,21.487405324065016,21.202100077163934,21.252862095974102,40980668.77418737,2022-07-14T16:00:00
2022-07-15T16:00:00,2022-07-15T09:30:00,21.256479046664982,21.27340885931227,20.692043077615722,20.708536479087375,63797148.22343043,2022-07-15T16:00:00
2022-07-18T16:00:00,2022-07-18T09:30:00,20.73225402309014,20.88724390816144,20.196242044077337,20.3483620349706,44076775.565339945,2022-07-18T16:00:00
2022-07-19T16:00:00,2022-07-19T09:30:00,20.343685952663677,20.391943561653065,20.19399556271609,20.242011989139666,48813865.97027951,2022-07-19T16:00:00
2022-07-20T16:00:00,2022-07-20T09:30:00,5.058320652992838,5.146536130385449,5.043119450912042,5.131116164143288,54946267.917540714,2022-07-20T16:00:00
2022-07-21T16:00:00,2022-07-21T09:30:00,5.135443530052333,5.138494854639644,5.091240376595763,5.09426723547932,56356133.85610087,2022-07-21T16:00:00
2022-07-22T16:00:00,2022-07-22T09:30:00,5.108274598940696,5.117292733291995,5.104669732436626,5.113684049384156,36371629.0782308,2022-07-22T16:00:00
2022-07-25T16:00:00,2022-07-25T09:30:00,5.106570107902774,5.109926035386153,5.034357417890076,5.037668064439985,44953032.56362512,2022-07-25T16:00:00
2022-07-26T16:00:00,2022-07-26T09:30:00,5.041305475193297,5.053287768267684,5.0150125944141095,5.026960792710784,38277611.959914766,2022-07-26T16:00:00
2022-07-27T16:00:00,2022-07-27T09:30:00,5.02525506424713,5.052347554496468,4.990376514466604,5.017426800458116,53289869.33950472,2022-07-27T16:00:00
2022-07-28T16:00:00,2022-07-28T09:30:00,5.028575420117446,5.1138804635697745,5.02135100354036,5.106544031624041,40774810.45460987,2022-07-28T16:00:00
2022-07-29T16:00:00,2022-07-29T09:30:00,5.109837474541926,5.143339635869401,5.101437491447232,5.134898455414376,48902824.00212095,2022-07-29T16:00:00
2022-08-01T16:00:00,2022-08-01T09:30:00,5.133841898709237,5.275329266309355,5.116792178163693,5.257867650646528,59685681.34038285,2022-08-01T16:00:00
2022-08-02T16:00:00,2022-08-02T09:30:00,5.255832445363496,5.2838545373336885,5.15881493576693,5.186467198725061,60027617.96137864,2022-08-02T16:00:00
2022-08-03T16:00:00,2022-08-03T09:30:00,5.194979504184412,5.197189923295099,5.188048570996122,5.190256980713678,34773012.17281281,2022-08-03T16:00:00
2022-08-04T16:00:00,2022-08-04T09:30:00,5.1872078165735935,5.2116184149176785,5.125909258861787,5.150145444552847,56348243.78669486,2022-08-04T16:00:00
2022-08-05T16:00:00,2022-08-05T09:30:00,5.148488182704083,5.175429970518951,4.979475955593307,5.005670384830286,49808737.316633604,2022-08-05T16:00:00
2022-08-08T16:00:00,2022-08-08T09:30:00,5.004167448028708,5.020655210602766,4.930266671852191,4.946564644344159,54614889.19165308,2022-08-08T16:00:00
2022-08-09T16:00:00,2022-08-09T09:30:00,4.937655358834048,4.951335296800964,4.930226041296387,4.943896588555759,49495868.43129685,2022-08-09T16:00:00
2022-08-10T16:00:00,2022-08-10T09:30:00,4.942404072678866,4.944215007087946,4.939890862641831,4.941701539637465,36191997.27306377,2022-08-10T16:00:00
2022-08-11T16:00:00,2022-08-11T09:30:00,4.943152725918658,4.9625305750053,4.9374538851799255,4.956815982230163,49593028.83983338,2022-08-11T16:00:00
2022-08-12T16:00:00,2022-08-12T09:30:00,4.954033318019891,4.960289388117607,4.911488544694311,4.9176987306182305,50882709.41762497,2022-08-12T16:00:00
2022-08-15T16:00:00,2022-08-15T09:30:00,4.916642486424399,5.0083564813315204,4.898079883572438,4.9895187368766845,47382760.33463589,2022-08-15T16:00:00
2022-08-16T16:00:00,2022-08-16T09:30:00,4.982891596456398,4.993860861752646,4.9341161219665794,4.945001977605382,44130134.463971846,2022-08-16T16:00:00
2022-08-17T16:00:00,2022-08-17T09:30:00,4.955611869451461,4.989420157664612,4.898890943025038,4.932541842373793,52182490.61116956,2022-08-17T16:00:00
2022-08-18T16:00:00,2022-08-18T09:30:00,4.941087452474963,5.038552583920371,4.901415423868929,4.998420230008973,52763900.19792514,2022-08-18T16:00:00
2022-08-19T16:00:00,2022-08-19T09:30:00,4.998107815402208,5.004334962265899,4.904931292129803,4.911049973552801,61386702.028815806,2022-08-19T16:00:00
2022-08-22T16:00:00,2022-08-22T09:30:00,4.912511886503506,4.945116063807506,4.865863932785854,4.898374279262819,55943765.6246236,2022-08-22T16:00:00
2022-08-23T16:00:00,2022-08-23T09:30:00,4.894282414832064,4.956912399701809,4.874110368416562,4.936566078906117,57278927.1370207,2022-08-23T16:00:00
2022-08-24T16:00:00,2022-08-24T09:30:00,4.9336990365661135,4.974566270081485,4.904268387454379,4.945067803660123,54019388.025371626,2022-08-24T16:00:00
2022-08-25T16:00:00,2022-08-25T09:30:00,4.94739532250876,4.9578365153056625,4.9403960576148895,4.950832387867092,56419417.96724143,2022-08-25T16:00:00
2022-08-26T16:00:00,2022-08-26T09:30:00,4.9585603210829,4.965453973218948,4.929067746076827,4.935929936258077,51088883.23316693,2022-08-26T16:00:00
2022-08-29T16:00:00,2022-08-29T09:30:00,4.932301517715899,5.056927393226083,4.916508411677781,5.040786919645629,58545829.286174715,2022-08-29T16:00:00
2022-08-30T16:00:00,2022-08-30T09:30:00,5.036479273784531,5.077410307458912,5.019132870961989,5.059982954375447,56967172.45497166,2022-08-30T16:00:00
2022-08-31T16:00:00,2022-08-31T09:30:00,5.0601655873220865,5.080556202104371,5.051486822245708,5.0718573842536046,53995744.31391951,2022-08-31T16:00:00
2022-09-01T16:00:00,2022-09-01T09:30:00,5.074746479705389,5.097123762467451,5.05933354434129,5.081689739151572,42823920.63931464,2022-09-01T16:00:00
2022-09-02T16:00:00,2022-09-02T09:30:00,5.090498389134933,5.120448302755401,4.998316896027366,5.027898503635329,45115676.36510642,2022-09-02T16:00:00
2022-09-06T16:00:00,2022-09-06T09:30:00,5.030299423514633,5.042270001838802,4.990691585129706,5.002596238322934,53983317.98485953,2022-09-06T16:00:00
2022-09-07T16:00:00,2022-09-07T09:30:00,5.009449028404582,5.018957096964776,5.005458584266109,5.014962261076457,46984917.39480376,2022-09-07T16:00:00
2022-09-08T16:00:00,2022-09-08T09:30:00,5.019329477889315,5.02272789435059,4.941590566780425,4.9449386157311315,55278510.78526628,2022-09-08T16:00:00
2022-09-09T16:00:00,2022-09-09T09:30:00,4.934318861406626,4.975460291429334,4.884952345897197,4.926024620083289,55324403.16989993,2022-09-09T16:00:00
2022-09-12T16:00:00,2022-09-12T09:30:00,4.931335457642907,4.937616679051709,4.9153162364918765,4.921585038436947,55703001.45193144,2022-09-12T16:00:00
2022-09-13T16:00:00,2022-09-13T09:30:00,4.922483210246645,4.946537020768665,4.865299422626394,4.8891905479024516,54482305.23463664,2022-09-13T16:00:00
2022-09-14T16:00:00,2022-09-14T09:30:00,4.8916743429948575,4.906537897224413,4.7920770503569505,4.806682352919493,44424390.422300294,2022-09-14T16:00:00
2022-09-15T16:00:00,2022-09-15T09:30:00,4.796627951653572,4.8171928931011125,4.7161749207538834,4.736481993942492,50583785.307762265,2022-09-15T16:00:00
2022-09-16T16:00:00,2022-09-16T09:30:00,4.732492165439093,4.748016901743173,4.719678542813855,4.735195958369995,53490273.37026764,2022-09-16T16:00:00
2022-09-19T16:00:00,2022-09-19T09:30:00,4.740235517805093,4.756730114889596,4.631696985377394,4.647870178800468,49706300.83540204,2022-09-19T16:00:00
2022-09-20T16:00:00,2022-09-20T09:30:00,4.647435749161458,4.656735772433384,4.595430403166022,4.6046447970992155,52092949.722685955,2022-09-20T16:00:00
2022-09-21T16:00:00,2022-09-21T09:30:00,4.600330347779923,4.619711124434952,4.551998340497796,4.57125663221254,55472425.720955886,2022-09-21T16:00:00
2022-09-22T16:00:00,2022-09-22T09:30:00,4.565125910208906,4.6564861727463525,4.551873530621867,4.6430077053945915,41289423.2415296,2022-09-22T16:00:00
2022-09-23T16:00:00,2022-09-23T09:30:00,4.650133339070531,4.654915536993186,4.617101003107968,4.621854118675523,45973604.34954191,2022-09-23T16:00:00
2022-09-26T16:00:00,2022-09-26T09:30:00,4.6257172118103576,4.651706650235033,4.588042747402234,4.613966162949415,52667468.91056418,2022-09-26T16:00:00
2022-09-27T16:00:00,2022-09-27T09:30:00,4.605365563410477,4.65975723344185,4.605214218338928,4.659604105941526,51039834.279447064,2022-09-27T16:00:00
2022-09-28T16:00:00,2022-09-28T09:30:00,4.659402481508868,4.668082971361087,4.618465546813193,4.627085830585015,52018567.04379259,2022-09-28T16:00:00
2022-09-29T16:00:00,2022-09-29T09:30:00,4.628223184645352,4.738668624703863,4.579458519469092,4.689260844250949,41817836.3053918,2022-09-29T16:00:00
2022-09-30T16:00:00,2022-09-30T09:30:00,4.684785835022397,4.703467599095087,4.531609358620152,4.5497526438148395,55295740.66966686,2022-09-30T16:00:00
2022-10-03T16:00:00,2022-10-03T09:30:00,4.547566021215762,4.665275101647984,4.50993944691967,4.6269913618557466,43733402.83336298,2022-10-03T16:00:00
2022-10-04T16:00:00,2022-10-04T09:30:00,4.628974653717244,4.6381117951157655,4.616472162428109,4.625602647818118,55078293.17977321,2022-10-04T16:00:00
2022-10-05T16:00:00,2022-10-05T09:30:00,4.626787804274897,4.631600017614312,4.594630473989284,4.599414216703108,47351989.33061333,2022-10-05T16:00:00
2022-10-06T16:00:00,2022-10-06T09:30:00,4.598277343029382,4.608615080159402,4.542959828907528,4.553196215725502,56929944.46969101,2022-10-06T16:00:00
2022-10-07T16:00:00,2022-10-07T09:30:00,4.564066784833819,4.580290754454398,4.464306353122339,4.48023231485693,47434045.126451954,2022-10-07T16:00:00
2022-10-10T16:00:00,2022-10-10T09:30:00,4.488814150890648,4.500703478714401,4.424052320666542,4.435801235474945,51272724.86114335,2022-10-10T16:00:00
2022-10-11T16:00:00,2022-10-11T09:30:00,4.4458101922878175,4.513935476247829,4.426044393070794,4.493955625390549,59148650.068852186,2022-10-11T16:00:00
2022-10-12T16:00:00,2022-10-12T09:30:00,4.499531973531331,4.5245684839047176,4.458854042075105,4.483803032726007,54265253.725085504,2022-10-12T16:00:00
2022-10-13T16:00:00,2022-10-13T09:30:00,4.476852455729067,4.497371961366386,4.451030010531369,4.4715250984020125,37245268.95748803,2022-10-13T16:00:00
2022-10-14T16:00:00,2022-10-14T09:30:00,4.477337626422148,4.520195369128814,4.432924871968157,4.475767586014164,45981311.70029783,2022-10-14T16:00:00
2022-10-17T16:00:00,2022-10-17T09:30:00,4.482217656939608,4.496149469014825,4.387515582912221,4.401195558791222,43754043.04805199,2022-10-17T16:00:00
2022-10-18T16:00:00,2022-10-18T09:30:00,4.398307581775865,4.398330338701325,4.248158978810211,4.248180958977725,52321252.56145195,2022-10-18T16:00:00
2022-10-19T16:00:00,2022-10-19T09:30:00,4.253993699094317,4.260897388094764,4.244366214848052,4.251265476290987,45237496.42514212,2022-10-19T16:00:00
2022-10-20T16:00:00,2022-10-20T09:30:00,4.255103930559399,4.283697227138026,4.175914037446941,4.204165036651717,46366248.60385735,2022-10-20T16:00:00
2022-10-21T16:00:00,2022-10-21T09:30:00,4.21037485367349,4.302505963800065,4.187474469777786,4.279231068416426,56681629.36685464,2022-10-21T16:00:00
2022-10-24T16:00:00,2022-10-24T09:30:00,4.275785246380044,4.322138836175358,4.267709861562797,4.3139912941938325,37778581.7378082,2022-10-24T16:00:00
2022-10-25T16:00:00,2022-10-25T09:30:00,4.321026328994691,4.3400338989825595,4.192339432919666,4.210862407748004,58676326.85658081,2022-10-25T16:00:00
2022-10-26T16:00:00,2022-10-26T09:30:00,4.200680458010814,4.222946914316431,4.14572026310472,4.1678124969178505,44196590.97498396,2022-10-26T16:00:00
2022-10-27T16:00:00,2022-10-27T09:30:00,4.165585919506188,4.174617345533712,4.156389296151801,4.165420363236013,48982489.970121905,2022-10-27T16:00:00
2022-10-28T16:00:00,2022-10-28T09:30:00,4.16205033523184,4.194227805000855,4.158794767352148,4.1909496320071575,44654145.60168835,2022-10-28T16:00:00
2022-10-31T16:00:00,2022-10-31T09:30:00,4.188143535046578,4.280915833344685,4.182400664543803,4.275053789672819,58211360.49369153,2022-10-31T16:00:00
2022-11-01T16:00:00,2022-11-01T09:30:00,4.262981465763689,4.264780849859713,4.177507694704479,4.179271745327711,61033695.08117266,2022-11-01T16:00:00
2022-11-02T16:00:00,2022-11-02T09:30:00,4.173346674241136,4.187178923324041,4.105013398510818,4.118664407261605,51748568.167116284,2022-11-02T16:00:00
2022-11-03T16:00:00,2022-11-03T09:30:00,4.115864635286191,4.138201077841389,4.107118219545585,4.129425843862414,47333091.00211177,2022-11-03T16:00:00
2022-11-04T16:00:00,2022-11-04T09:30:00,4.133791864981402,4.145993470736543,4.103080626671948,4.115227436286548,47670540.434907794,2022-11-04T16:00:00
2022-11-07T16:00:00,2022-11-07T09:30:00,4.121024443982198,4.125304088090832,4.11125823096325,4.11553217139982,35117731.74059888,2022-11-07T16:00:00
2022-11-08T16:00:00,2022-11-08T09:30:00,4.116172024254893,4.125076745710049,4.067244752738773,4.076062703688398,42560139.67174047,2022-11-08T16:00:00
2022-11-09T16:00:00,2022-11-09T09:30:00,4.070532531893923,4.092901789882398,4.027649551742235,4.049905455423503,46763585.55960586,2022-11-09T16:00:00
2022-11-10T16:00:00,2022-11-10T09:30:00,4.048434468974514,4.0581063545924785,4.033000154304797,4.042658240261722,50071587.29340076,2022-11-10T16:00:00
2022-11-11T16:00:00,2022-11-11T09:30:00,4.049655572477585,4.065210305372813,3.9851431471959553,4.00050910845197,55660946.44304673,2022-11-11T16:00:00
2022-11-14T16:00:00,2022-11-14T09:30:00,3.9938577486045523,4.055758341498525,3.9877118651545658,4.049526792639817,45428404.70744825,2022-11-14T16:00:00
2022-11-15T16:00:00,2022-11-15T09:30:00,4.048660792854749,4.106802530111574,4.021477003025222,4.079412266674101,53220652.48827364,2022-11-15T16:00:00
2022-11-16T16:00:00,2022-11-16T09:30:00,4.088774335474361,4.156586543328473,4.067780514618955,4.135353561335017,44820752.6770993,2022-11-16T16:00:00
2022-11-17T16:00:00,2022-11-17T09:30:00,4.12865617855019,4.13448519243577,4.1104627819278985,4.116274314566805,54906969.20988656,2022-11-17T16:00:00
2022-11-18T16:00:00,2022-11-18T09:30:00,4.115491408897412,4.221888433342572,4.082701736858912,4.188516939364346,51752462.33306282,2022-11-18T16:00:00
2022-11-21T16:00:00,2022-11-21T09:30:00,4.191932714843148,4.1957957303928355,4.183915328025255,4.187774511642343,50843279.02632984,2022-11-21T16:00:00
2022-11-22T16:00:00,2022-11-22T09:30:00,4.186996727586626,4.2030421217273455,4.11050347712142,4.12631633206373,60750739.52749037,2022-11-22T16:00:00
2022-11-23T16:00:00,2022-11-23T09:30:00,4.12414629249032,4.23689014376461,4.121062595597369,4.233724513304057,51033038.84249969,2022-11-23T16:00:00
2022-11-25T13:00:00,2022-11-25T09:30:00,4.236503961134652,4.239446906020332,4.2329471331875865,4.235889651334639,39908071.43574917,2022-11-25T13:00:00
2022-11-28T16:00:00,2022-11-28T09:30:00,4.231391184588473,4.2530656482362845,4.157618666127805,4.179024893818184,53877447.5145722,2022-11-28T16:00:00
2022-11-29T16:00:00,2022-11-29T09:30:00,4.1772376462289,4.246515588067912,4.172491285520608,4.2416959869644835,60974779.44069844,2022-11-29T16:00:00
2022-11-30T16:00:00,2022-11-30T09:30:00,4.2419823805819075,4.242426123951884,4.203484308905704,4.203924071089294,39333547.51068911,2022-11-30T16:00:00
2022-12-01T16:00:00,2022-12-01T09:30:00,4.195460570345627,4.196637658569334,4.1878292812453335,4.189004558155171,37593435.72567205,2022-12-01T16:00:00
2022-12-02T16:00:00,2022-12-02T09:30:00,4.191497815996848,4.197968837508016,4.070614238971959,4.076908352151535,63395204.85094172,2022-12-02T16:00:00
2022-12-05T16:00:00,2022-12-05T09:30:00,4.0800773221344935,4.124647624614582,4.064143759215267,4.108602664215123,41604784.04330535,2022-12-05T16:00:00
2022-12-06T16:00:00,2022-12-06T09:30:00,4.112495733976334,4.121613955827622,4.090704689267152,4.099794750509295,37650107.84894034,2022-12-06T16:00:00
2022-12-07T16:00:00,2022-12-07T09:30:00,4.0988765033404855,4.120937682350505,4.077571909475284,4.0996291763419155,50809661.32987425,2022-12-07T16:00:00
2022-12-08T16:00:00,2022-12-08T09:30:00,4.089397414012063,4.13270615045402,4.082244370824306,4.125489975312188,54616492.308296576,2022-12-08T16:00:00
2022-12-09T16:00:00,2022-12-09T09:30:00,4.123683658103716,4.127928686169722,4.068644282630856,4.072836967780823,47761794.64014566,2022-12-09T16:00:00
2022-12-12T16:00:00,2022-12-12T09:30:00,4.069179902802423,4.085884999140669,4.022315237529249,4.038896010206364,47696216.63770007,2022-12-12T16:00:00
2022-12-13T16:00:00,2022-12-13T09:30:00,4.037147655493702,4.047863011407156,4.036454337900844,4.047167972979939,41343327.76317259,2022-12-13T16:00:00
2022-12-14T16:00:00,2022-12-14T09:30:00,4.049087253112303,4.079561772796164,4.015339937411414,4.045789638359741,50088046.0254987,2022-12-14T16:00:00
2022-12-15T16:00:00,2022-12-15T09:30:00,4.049807989129154,4.059110090289929,4.014948429842841,4.024191692316707,42641999.314413875,2022-12-15T16:00:00
2022-12-16T16:00:00,2022-12-16T09:30:00,4.028503141217,4.034405776421074,3.9284512234512996,3.934215707012213,57827886.80075931,2022-12-16T16:00:00
2022-12-19T16:00:00,2022-12-19T09:30:00,3.93560721900099,3.949640830585767,3.840869879651182,3.8546146875866394,63592987.863701016,2022-12-19T16:00:00
2022-12-20T16:00:00,2022-12-20T09:30:00,3.8488090558938683,3.9751189256997312,3.826595190544738,3.9523077054205404,43599953.43528263,2022-12-20T16:00:00
2022-12-21T16:00:00,2022-12-21T09:30:00,3.9409344424643655,3.946178341594654,3.867547928199964,3.8727010343686863,57270412.13443878,2022-12-21T16:00:00
2022-12-22T16:00:00,2022-12-22T09:30:00,3.8688960762514846,3.8974393242665886,3.6709507372742998,3.6982349119404514,55554576.69795379,2022-12-22T16:00:00
2022-12-23T16:00:00,2022-12-23T09:30:00,3.6928587582313037,3.7383596923656524,3.686131304634201,3.73156173175069,44324359.20806777,2022-12-23T16:00:00
2022-12-27T16:00:00,2022-12-27T09:30:00,3.7301531348058155,3.7340214520664974,3.690668530688295,3.694499874098626,49027395.03361218,2022-12-27T16:00:00
2022-12-28T16:00:00,2022-12-28T09:30:00,3.697008844584925,3.719496026088425,3.5817274414195124,3.603646744789117,51975477.58317046,2022-12-28T16:00:00
2022-12-29T16:00:00,2022-12-29T09:30:00,3.6078669343685226,3.628066282971737,3.6043980154575697,3.6245812934137143,39769557.640928015,2022-12-29T16:00:00
2022-12-30T16:00:00,2022-12-30T09:30:00,3.61656792100825,3.6650778236738586,3.601824455047027,3.6501972628019734,58498351.51728962,2022-12-30T16:00:00
2023-01-03T16:00:00,2023-01-03T09:30:00,3.6517897134214135,3.6721222117455947,3.649257541306716,3.669577705334392,55638554.57007359,2023-01-03T16:00:00
2023-01-04T16:00:00,2023-01-04T09:30:00,3.663331243872783,3.693050669157123,3.615397750341922,3.6449682021895264,39460591.09224496,2023-01-04T16:00:00
2023-01-05T16:00:00,2023-01-05T09:30:00,3.6443253079798246,3.6470183326671335,3.6295533757017195,3.632237467912104,45568898.70128541,2023-01-05T16:00:00
2023-01-06T16:00:00,2023-01-06T09:30:00,3.629234917171493,3.6527480236274217,3.49044658773674,3.51320797824454,54195522.169536375,2023-01-06T16:00:00
2023-01-09T16:00:00,2023-01-09T09:30:00,3.515543952670123,3.5236268052354536,3.4388829273719965,3.4468077433280593,57808526.28708092,2023-01-09T16:00:00
2023-01-10T16:00:00,2023-01-10T09:30:00,3.447012558909971,3.4786900520829436,3.4347872717916292,3.4663960189532874,43255094.10840299,2023-01-10T16:00:00
2023-01-11T16:00:00,2023-01-11T09:30:00,3.4634169454104238,3.4958173059505278,3.450199502281283,3.482526933346615,49147141.415917076,2023-01-11T16:00:00
2023-01-12T16:00:00,2023-01-12T09:30:00,3.4815188253444336,3.4967022934135903,3.4278445289796826,3.442859397013891,41471863.558971286,2023-01-12T16:00:00
2023-01-13T16:00:00,2023-01-13T09:30:00,3.4449349085742234,3.4717267938952485,3.44071297924134,3.467477237880337,44261336.86161953,2023-01-13T16:00:00
2023-01-17T16:00:00,2023-01-17T09:30:00,3.462045885467053,3.504135035682857,3.4405605309478147,3.482522603257757,37347673.96548134,2023-01-17T16:00:00
2023-01-18T16:00:00,2023-01-18T09:30:00,3.476720633298757,3.497326054083925,3.4309692298791767,3.451424729865593,41473190.807252206,2023-01-18T16:00:00
2023-01-19T16:00:00,2023-01-19T09:30:00,3.4589808191533242,3.489081569586291,3.448569247928602,3.4786109115623214,49337695.12900306,2023-01-19T16:00:00
2023-01-20T16:00:00,2023-01-20T09:30:00,3.4840050768629633,3.4904320078088173,3.4596025850569987,3.4659962952717827,43597275.856010616,2023-01-20T16:00:00
2023-01-23T16:00:00,2023-01-23T09:30:00,3.473098356029118,3.533471264872453,3.4685447739824147,3.528844593888476,58217265.45169554,2023-01-23T16:00:00
2023-01-24T16:00:00,2023-01-24T09:30:00,3.5259633739425325,3.5463139245606494,3.468859609196809,3.4889968024984803,45708193.173888326,2023-01-24T16:00:00
2023-01-25T16:00:00,2023-01-25T09:30:00,3.494238366351711,3.4966685115075915,3.3600088283691294,3.362347246936453,61739090.87303832,2023-01-25T16:00:00
2023-01-26T16:00:00,2023-01-26T09:30:00,3.3546275564198984,3.3583322799470863,3.322732663049381,3.3264062200022657,57002112.31514655,2023-01-26T16:00:00
2023-01-27T16:00:00,2023-01-27T09:30:00,3.329969357062202,3.3323828160933626,3.249508114858574,3.251864966237472,64465313.460378475,2023-01-27T16:00:00
2023-01-30T16:00:00,2023-01-30T09:30:00,3.2433981991250223,3.2570515456323723,3.208083939191671,3.2216457168692316,44841161.91385462,2023-01-30T16:00:00
2023-01-31T16:00:00,2023-01-31T09:30:00,3.2241449719905835,3.2509934122737025,3.210239099077704,3.237031957251203,46774171.18244112,2023-01-31T16:00:00
2023-02-01T16:00:00,2023-02-01T09:30:00,3.2360089848214013,3.2426609820086196,3.1688296535983276,3.175356973440397,43330288.46971031,2023-02-01T16:00:00
2023-02-02T16:00:00,2023-02-02T09:30:00,3.17456721053131,3.177030655638673,3.1659124593501704,3.1683710963100755,37313749.435655944,2023-02-02T16:00:00
2023-02-03T16:00:00,2023-02-03T09:30:00,3.169847565777133,3.1759917978046786,3.0677821903483427,3.0737401338085886,48066311.10688607,2023-02-03T16:00:00
2023-02-06T16:00:00,2023-02-06T09:30:00,3.0660666276128934,3.0883586893026322,3.0512658760382307,3.07352194883058,50121136.02052735,2023-02-06T16:00:00
2023-02-07T16:00:00,2023-02-07T09:30:00,3.069772978084319,3.0771342313421526,3.0386147007477002,3.0459187520559707,56362982.21633458,2023-02-07T16:00:00
2023-02-08T16:00:00,2023-02-08T09:30:00,3.048449940145153,3.0929931001990085,3.047012640095333,3.091535485937595,41044466.757799536,2023-02-08T16:00:00
2023-02-09T16:00:00,2023-02-09T09:30:00,3.089968102106925,3.1053187947197713,3.034244130907296,3.0493932511920065,49563408.00816743,2023-02-09T16:00:00
2023-02-10T16:00:00,2023-02-10T09:30:00,3.0509890979906014,3.0870311085586257,3.0460093135111954,3.0820007073362747,55117114.85817418,2023-02-10T16:00:00
2023-02-13T16:00:00,2023-02-13T09:30:00,3.0890260164215957,3.117653957554806,3.0885041130327537,3.1171273063398335,54410644.21400613,2023-02-13T16:00:00
2023-02-14T16:00:00,2023-02-14T09:30:00,3.118564645864665,3.1389622908746824,3.1179917835357016,3.138385787516381,55633658.540756084,2023-02-14T16:00:00
2023-02-15T16:00:00,2023-02-15T09:30:00,3.140469124568129,3.1492317842148756,3.0945347521644915,3.10319340363837,41985119.58610741,2023-02-15T16:00:00
2023-02-16T16:00:00,2023-02-16T09:30:00,3.103239648593075,3.1441845638910864,3.092146708954601,3.1329852945159193,55774253.24219772,2023-02-16T16:00:00
2023-02-17T16:00:00,2023-02-17T09:30:00,3.1300565506731726,3.1394874820266048,3.0575152072152183,3.066755410799014,46857039.99125952,2023-02-17T16:00:00
2023-02-21T16:00:00,2023-02-21T09:30:00,3.066449974702739,3.079250885991203,3.05619210401568,3.06898453670203,50515907.28368227,2023-02-21T16:00:00
2023-02-22T16:00:00,2023-02-22T09:30:00,3.067743997180697,3.1090821093613727,3.05690671072115,3.0981374532548562,39410807.55625978,2023-02-22T16:00:00
2023-02-23T16:00:00,2023-02-23T09:30:00,3.0972359787027313,3.10520940049515,3.017030289706297,3.0248172791955916,52300660.41883142,2023-02-23T16:00:00
2023-02-24T16:00:00,2023-02-24T09:30:00,3.02538889173655,3.073119054864814,3.0092597406294805,3.0568223237891745,56964369.8376018,2023-02-24T16:00:00
2023-02-27T16:00:00,2023-02-27T09:30:00,3.0582910257455906,3.0677101434202463,3.0359496538615898,3.0453288498089015,52924200.40065728,2023-02-27T16:00:00
2023-02-28T16:00:00,2023-02-28T09:30:00,3.0456286064999563,3.0841439480854227,3.0345777281954387,3.0729937769231084,51283697.71101484,2023-02-28T16:00:00
2023-03-01T16:00:00,2023-03-01T09:30:00,3.0724775714019232,3.0754811221476945,3.028540028599205,3.0315035244946853,52620255.56846119,2023-03-01T16:00:00
2023-03-02T16:00:00,2023-03-02T09:30:00,3.034504488657359,3.127941303452822,3.0333282143087974,3.1267292797236155,63205566.09291715,2023-03-02T16:00:00
2023-03-03T16:00:00,2023-03-03T09:30:00,3.109749077204877,3.1194570672217155,3.0453346080952786,3.0548712810431,60045743.66056558,2023-03-03T16:00:00
2023-03-06T16:00:00,2023-03-06T09:30:00,3.0627934447609095,3.091067096047296,2.848086139806708,2.8746227254383623,75516686.07431607,2023-03-06T16:00:00
2023-03-07T16:00:00,2023-03-07T09:30:00,2.8739012119170333,2.8906838968464554,2.867076819381109,2.883835913276322,47936598.66430249,2023-03-07T16:00:00
2023-03-08T16:00:00,2023-03-08T09:30:00,2.890505831973311,2.9164264967245632,2.8855748589071135,2.9114597778931026,40503583.806052975,2023-03-08T16:00:00
2023-03-09T16:00:00,2023-03-09T09:30:00,2.898672644654485,2.9226358315540777,2.7909083479381662,2.8141729801885185,62203561.977764696,2023-03-09T16:00:00
2023-03-10T16:00:00,2023-03-10T09:30:00,2.8236739783627622,2.8595385264306774,2.7023090786140735,2.7370736836803773,45234594.94924225,2023-03-10T16:00:00
2023-03-13T16:00:00,2023-03-13T09:30:00,2.7303257925292232,2.8004760898033036,2.723247944708973,2.793235161466791,49276831.231550366,2023-03-13T16:00:00
2023-03-14T16:00:00,2023-03-14T09:30:00,2.798436675188986,2.8624370474599763,2.7955671859230438,2.8595049394004057,49928148.186192825,2023-03-14T16:00:00
2023-03-15T16:00:00,2023-03-15T09:30:00,2.8685211364734835,2.879301913782855,2.796095908319551,2.8066441329777403,46946202.28822498,2023-03-15T16:00:00
2023-03-16T16:00:00,2023-03-16T09:30:00,2.80340900031803,2.8406111081528294,2.8010738605935206,2.8382469496588802,39027221.62730144,2023-03-16T16:00:00
2023-03-17T16:00:00,2023-03-17T09:30:00,2.8273183168598477,2.829402912127979,2.6656125985822494,2.6675794175987466,70595448.06849606,2023-03-17T16:00:00
2023-03-20T16:00:00,2023-03-20T09:30:00,2.6578590277017176,2.687898896525375,2.653590906585616,2.6835894562180997,48852884.96799416,2023-03-20T16:00:00
2023-03-21T16:00:00,2023-03-21T09:30:00,2.6943934571362487,2.7052507211869896,2.663824679322562,2.6746021929640054,50819700.856477104,2023-03-21T16:00:00
2023-03-22T16:00:00,2023-03-22T09:30:00,2.6706215142794654,2.6788512950789767,2.648259496976127,2.656445593291807,39043359.28748838,2023-03-22T16:00:00
2023-03-23T16:00:00,2023-03-23T09:30:00,2.6452192084078177,2.67273200144191,2.6275934487639265,2.6550407980804094,37143211.43560508,2023-03-23T16:00:00
2023-03-24T16:00:00,2023-03-24T09:30:00,2.653358421776854,2.65682148601516,2.6033839304186897,2.6067862103473534,43707053.87577483,2023-03-24T16:00:00
2023-03-27T16:00:00,2023-03-27T09:30:00,2.601880341226367,2.6094102407556843,2.538332470546087,2.545699782289335,46467218.850006714,2023-03-27T16:00:00
2023-03-28T16:00:00,2023-03-28T09:30:00,2.5472243749510306,2.6737811439673322,2.544572128776668,2.6710000188919394,60033284.37174818,2023-03-28T16:00:00
2023-03-29T16:00:00,2023-03-29T09:30:00,2.6742406508306975,2.686443426979263,2.6419531223713073,2.654063830056543,45414807.92865731,2023-03-29T16:00:00
2023-03-30T16:00:00,2023-03-30T09:30:00,2.6598380312763648,2.6694668645554103,2.5916243169071493,2.6010402975354996,59575552.813578285,2023-03-30T16:00:00
2023-03-31T16:00:00,2023-03-31T09:30:00,2.603652463410771,2.6818677440337937,2.5544342039626726,2.6321115077822603,46087378.089734256,2023-03-31T16:00:00
2023-04-03T16:00:00,2023-04-03T09:30:00,2.6292131729250414,2.6323057148959985,2.59958427818963,2.6026455707260743,57624035.475540966,2023-04-03T16:00:00
2023-04-04T16:00:00,2023-04-04T09:30:00,2.6088814633937023,2.6212100111666983,2.5995138911344124,2.611831845128244,48487093.785983995,2023-04-04T16:00:00
2023-04-05T16:00:00,2023-04-05T09:30:00,2.609099615694143,2.683202158934453,2.5516544858193235,2.6253981799250936,53877235.33564671,2023-04-05T16:00:00
2023-04-06T16:00:00,2023-04-06T09:30:00,2.626909593898362,2.6314019809936187,2.5453366564386424,2.5496969990716924,57619991.74065254,2023-04-06T16:00:00
2023-04-10T16:00:00,2023-04-10T09:30:00,2.549849511411608,2.551474585776608,2.4375496484215162,2.4391041423622677,59055766.622643575,2023-04-10T16:00:00
2023-04-11T16:00:00,2023-04-11T09:30:00,2.4340425066734044,2.4349748268132028,2.3912671434697526,2.3921834301754816,53972283.93549838,2023-04-11T16:00:00
2023-04-12T16:00:00,2023-04-12T09:30:00,2.3996951463877125,2.4905866478833163,2.3828975670147687,2.4732740251482963,54479288.934789516,2023-04-12T16:00:00
2023-04-13T16:00:00,2023-04-13T09:30:00,2.470740568609397,2.4830773989730877,2.3236463188362997,2.33530690575078,56896434.83325298,2023-04-13T16:00:00
2023-04-14T16:00:00,2023-04-14T09:30:00,2.335683555623284,2.3358806064705875,2.258285335790161,2.258475872981432,60267617.23567585,2023-04-14T16:00:00
2023-04-17T16:00:00,2023-04-17T09:30:00,2.2544206537993574,2.334109562297903,2.2473167256758324,2.3267776293640154,46824354.51838279,2023-04-17T16:00:00
2023-04-18T16:00:00,2023-04-18T09:30:00,2.32475811237997,2.3350576862781174,2.1886747451560487,2.198414568489212,61306965.22728739,2023-04-18T16:00:00
2023-04-19T16:00:00,2023-04-19T09:30:00,2.209344578635261,2.2407596531138934,2.136637462056729,2.1674569283784093,42195009.90288726,2023-04-19T16:00:00
2023-04-20T16:00:00,2023-04-20T09:30:00,2.1676160089994707,2.2626440939697043,2.1517407527029,2.246193350396512,47956488.700650245,2023-04-20T16:00:00
2023-04-21T16:00:00,2023-04-21T09:30:00,2.2476183912538796,2.2852593047652245,2.2458480084516816,2.2834606900400236,52418929.8691513,2023-04-21T16:00:00
2023-04-24T16:00:00,2023-04-24T09:30:00,2.29875515170593,2.3228784675621674,2.2864907132036865,2.3105510947288477,53381136.78289017,2023-04-24T16:00:00
2023-04-25T16:00:00,2023-04-25T09:30:00,2.2942287330233886,2.339644996530042,2.2709522591085287,2.3161461558073877,47705986.27090287,2023-04-25T16:00:00
2023-04-26T16:00:00,2023-04-26T09:30:00,2.307002027119699,2.3156985266592165,2.2692535296762117,2.2778401001034494,58818804.777283,2023-04-26T16:00:00
2023-04-27T16:00:00,2023-04-27T09:30:00,2.2773544398147765,2.2830629392780577,2.26047741013135,2.266157843799854,51826126.028660364,2023-04-27T16:00:00
2023-04-28T16:00:00,2023-04-28T09:30:00,2.2655321202513283,2.330878282208246,2.2640652386759803,2.3293700669845974,56316617.86651898,2023-04-28T16:00:00
2023-05-01T16:00:00,2023-05-01T09:30:00,2.3341917579162117,2.3465940909402447,2.2469486409217794,2.2589511959484496,47079640.91214054,2023-05-01T16:00:00
2023-05-02T16:00:00,2023-05-02T09:30:00,2.2496109037336183,2.3326738933017013,2.2473635535779075,2.330345889295108,65976582.5659142,2023-05-02T16:00:00
2023-05-03T16:00:00,2023-05-03T09:30:00,2.3370316036583194,2.364496031674667,2.330908270335435,2.3583169279738954,57783737.14360897,2023-05-03T16:00:00
2023-05-04T16:00:00,2023-05-04T09:30:00,2.34752909392849,2.367736705491929,2.339243071481092,2.3594087516746467,35784705.368484505,2023-05-04T16:00:00
2023-05-05T16:00:00,2023-05-05T09:30:00,2.3578056014797992,2.381066315092307,2.348902744664973,2.3721094482692813,46575467.09918126,2023-05-05T16:00:00
2023-05-08T16:00:00,2023-05-08T09:30:00,2.3696408870911334,2.439014791975266,2.359781965411145,2.4289092833630024,46909256.50703742,2023-05-08T16:00:00
2023-05-09T16:00:00,2023-05-09T09:30:00,2.4248186260243343,2.497302355030591,2.4246626340366473,2.4971417103973144,46332331.985823326,2023-05-09T16:00:00
2023-05-10T16:00:00,2023-05-10T09:30:00,2.501754141866598,2.505966314350802,2.457171056292875,2.461315142133747,46668672.47801639,2023-05-10T16:00:00
2023-05-11T16:00:00,2023-05-11T09:30:00,2.4491467748282476,2.4510293433643002,2.395305608188283,2.3971482073488524,50238655.16976173,2023-05-11T16:00:00
2023-05-12T16:00:00,2023-05-12T09:30:00,2.4093123547832946,2.445048550525154,2.373454124666959,2.4091884830781405,50819845.841010444,2023-05-12T16:00:00
2023-05-15T16:00:00,2023-05-15T09:30:00,2.418286280223672,2.428044349036924,2.3599989775983157,2.3695604318978787,50170597.39002538,2023-05-15T16:00:00
2023-05-16T16:00:00,2023-05-16T09:30:00,2.3691189468001443,2.3846819457441892,2.32685704261757,2.3422434938001677,48045011.29995925,2023-05-16T16:00:00
2023-05-17T16:00:00,2023-05-17T09:30:00,2.3386951721088804,2.401160500859399,2.3070302750477776,2.369084150487228,60044674.16144628,2023-05-17T16:00:00
2023-05-18T16:00:00,2023-05-18T09:30:00,2.3623888491911944,2.43030318059827,2.34500804233636,2.4125532987669125,51246130.622907944,2023-05-18T16:00:00
2023-05-19T16:00:00,2023-05-19T09:30:00,2.4097542205168305,2.519671362135969,2.401666667181472,2.5112431941932902,60840386.07422306,2023-05-19T16:00:00
2023-05-22T16:00:00,2023-05-22T09:30:00,2.512065624728047,2.5431369986612937,2.4586020012281993,2.489392940025707,58275955.91259282,2023-05-22T16:00:00
2023-05-23T16:00:00,2023-05-23T09:30:00,2.4884732699945546,2.4893506139807546,2.3944990321588167,2.3953435420343396,68336833.78302032,2023-05-23T16:00:00
2023-05-24T16:00:00,2023-05-24T09:30:00,2.38795516312639,2.402984395862324,2.376910113782138,2.391921003250769,55262193.21599007,2023-05-24T16:00:00
2023-05-25T16:00:00,2023-05-25T09:30:00,2.3891054687504245,2.408246551845502,2.345188126870245,2.3641291038240393,53553015.97781597,2023-05-25T16:00:00
2023-05-26T16:00:00,2023-05-26T09:30:00,2.364027439370402,2.3791938617043358,2.3051134573669234,2.3199974049349117,51390492.00879215,2023-05-26T16:00:00
2023-05-30T16:00:00,2023-05-30T09:30:00,2.3213690357674834,2.3538952418034094,2.318419738238539,2.3509084145170633,41530884.83227675,2023-05-30T16:00:00
2023-05-31T16:00:00,2023-05-31T09:30:00,2.3505557461622764,2.3659224346792675,2.3210076626194174,2.3362810306065844,44243172.82294101,2023-05-31T16:00:00
2023-06-01T16:00:00,2023-06-01T09:30:00,2.328444045474233,2.349537784994222,2.3032522730758935,2.324308548480504,47654196.44013665,2023-06-01T16:00:00
2023-06-02T16:00:00,2023-06-02T09:30:00,2.311593187163248,2.3764143460689087,2.3101419564855803,2.3749233563692456,44236482.95652059,2023-06-02T16:00:00
2023-06-05T16:00:00,2023-06-05T09:30:00,2.3723726587725364,2.482612940525975,2.351501704283687,2.4609626156664275,68892922.25739409,2023-06-05T16:00:00
2023-06-06T16:00:00,2023-06-06T09:30:00,2.4629166132189275,2.5236884495961993,2.441485943363023,2.5019184119082656,51707036.51836206,2023-06-06T16:00:00
2023-06-07T16:00:00,2023-06-07T09:30:00,2.503387500697874,2.537233049735076,2.4953972716334474,2.5291605590790667,52767678.24733471,2023-06-07T16:00:00
2023-06-08T16:00:00,2023-06-08T09:30:00,2.5406423001550635,2.6087951475310334,2.5207532645906796,2.588531220764889,49762939.72506791,2023-06-08T16:00:00
2023-06-09T16:00:00,2023-06-09T09:30:00,2.590934031329289,2.644048631586966,2.521286782536519,2.574055367231627,41561791.55954095,2023-06-09T16:00:00
2023-06-12T16:00:00,2023-06-12T09:30:00,2.5756785161524824,2.6591479889293193,2.571063792650358,2.6543922377102125,47499613.265603505,2023-06-12T16:00:00
2023-06-13T16:00:00,2023-06-13T09:30:00,2.653295605487842,2.6637340530788394,2.5745078538750406,2.584676343392148,55843805.62328365,2023-06-13T16:00:00
2023-06-14T16:00:00,2023-06-14T09:30:00,2.5755281708497084,2.5816890894601294,2.5726992654368943,2.5788565282502742,45838165.71565083,2023-06-14T16:00:00
2023-06-15T16:00:00,2023-06-15T09:30:00,2.5783607982437657,2.5880095185641308,2.540230452710754,2.5497721889754486,44309991.72814319,2023-06-15T16:00:00
2023-06-16T16:00:00,2023-06-16T09:30:00,2.551197434301348,2.5619934278439604,2.47231571776918,2.482822366087079,63517310.525642864,2023-06-16T16:00:00
2023-06-20T16:00:00,2023-06-20T09:30:00,2.4762513550296665,2.4850452565750203,2.4030878353356337,2.411652326609409,64334443.60984428,2023-06-20T16:00:00
2023-06-21T16:00:00,2023-06-21T09:30:00,2.40338071485916,2.4371359748056336,2.400685383463375,2.4344058494968697,41502395.265026204,2023-06-21T16:00:00
2023-06-22T16:00:00,2023-06-22T09:30:00,2.426078481039992,2.4431758518708198,2.3586634497326893,2.3754036987509553,50754553.99329473,2023-06-22T16:00:00
2023-06-23T16:00:00,2023-06-23T09:30:00,2.3828274247788284,2.383585292551595,2.3632340117092046,2.3639858868556347,39510674.2995876,2023-06-23T16:00:00
2023-06-26T16:00:00,2023-06-26T09:30:00,2.3606269198559358,2.365103404752202,2.3509498361538754,2.3554164403559126,42386675.951784685,2023-06-26T16:00:00
2023-06-27T16:00:00,2023-06-27T09:30:00,2.3611134300105556,2.379138145653342,2.348256644331125,2.366253371851943,45869212.15386711,2023-06-27T16:00:00
2023-06-28T16:00:00,2023-06-28T09:30:00,2.3644146470193945,2.4564551834549837,2.337137638808995,2.4284395535718155,63580612.536770575,2023-06-28T16:00:00
2023-06-29T16:00:00,2023-06-29T09:30:00,2.4311794902584882,2.4899021548872216,2.3895047092915562,2.4479400675368033,39710973.114553764,2023-06-29T16:00:00
2023-06-30T16:00:00,2023-06-30T09:30:00,2.439807931749867,2.450822202082373,2.3581895218632725,2.3688836114031506,49056885.600800164,2023-06-30T16:00:00
2023-07-03T13:00:00,2023-07-03T09:30:00,2.3708419955286217,2.4078925069403243,2.3705376285068835,2.407583423080054,47892364.39426196,2023-07-03T13:00:00
2023-07-05T16:00:00,2023-07-05T09:30:00,2.405389111950478,2.41975879090549,2.3463872650322117,2.3604887111506985,52252720.9613295,2023-07-05T16:00:00
2023-07-06T16:00:00,2023-07-06T09:30:00,2.3651065323794955,2.3828588629700143,2.3221316402128713,2.339693220191021,50102931.95390381,2023-07-06T16:00:00
2023-07-07T16:00:00,2023-07-07T09:30:00,2.345013596394365,2.350558238326967,2.296289676693916,2.3017319818830986,52182949.7013728,2023-07-07T16:00:00
2023-07-10T16:00:00,2023-07-10T09:30:00,2.2906856720334896,2.2909102018430767,2.2106846664795916,2.210901375943931,54311986.94499627,2023-07-10T16:00:00
2023-07-11T16:00:00,2023-07-11T09:30:00,2.21037566475428,2.229594258679823,2.1942214602632646,2.2134178210383566,37425901.47721657,2023-07-11T16:00:00
2023-07-12T16:00:00,2023-07-12T09:30:00,2.2119897228028464,2.217723823695534,2.1625858780961775,2.1682064804828443,47264636.1911547,2023-07-12T16:00:00
2023-07-13T16:00:00,2023-07-13T09:30:00,2.176732673764003,2.286193269346031,2.1610729873406593,2.2698635875102218,66632009.79008963,2023-07-13T16:00:00
2023-07-14T16:00:00,2023-07-14T09:30:00,2.2729272976749666,2.295761077208145,2.1995365198673995,2.2218572507903094,43121322.468182854,2023-07-14T16:00:00
2023-07-17T16:00:00,2023-07-17T09:30:00,2.215936010917039,2.2282602420236173,2.2020091407614797,2.214324408722099,38625390.96459198,2023-07-17T16:00:00
2023-07-18T16:00:00,2023-07-18T09:30:00,2.2201763612943357,2.240695204203104,2.144499314684575,2.164503630896614,50752727.10574098,2023-07-18T16:00:00
2023-07-19T16:00:00,2023-07-19T09:30:00,2.1528477282417167,2.1665232518468494,2.1223584997223166,2.1359265349177052,58051741.74477862,2023-07-19T16:00:00
2023-07-20T16:00:00,2023-07-20T09:30:00,2.1321244049679224,2.141507235921219,2.1130128149680583,2.1223526433709563,52369355.35857911,2023-07-20T16:00:00
2023-07-21T16:00:00,2023-07-21T09:30:00,2.1259116861397516,2.1425523950112537,2.075888897804828,2.092266244845697,61801702.020989634,2023-07-21T16:00:00
2023-07-24T16:00:00,2023-07-24T09:30:00,2.098338476588683,2.15592785365966,2.0800924458696017,2.137342663363605,48831364.541789114,2023-07-24T16:00:00
2023-07-25T16:00:00,2023-07-25T09:30:00,2.135483497091563,2.244678222850959,2.111204279056674,2.219444417484718,67041871.77160076,2023-07-25T16:00:00
2023-07-26T16:00:00,2023-07-26T09:30:00,2.216886360641522,2.2321782384016666,2.187764787489443,2.2029606066824727,56669064.696799174,2023-07-26T16:00:00
2023-07-27T16:00:00,2023-07-27T09:30:00,2.1954735118587423,2.2184402394743503,2.1636343241043945,2.1865072562130035,54799022.97098395,2023-07-27T16:00:00
2023-07-28T16:00:00,2023-07-28T09:30:00,2.1901877009484685,2.2292444588003058,2.18947076153752,2.2285149732810776,53521410.132293865,2023-07-28T16:00:00
2023-07-31T16:00:00,2023-07-31T09:30:00,2.228960867252678,2.2924178815277827,2.221222662446012,2.2844869089211755,49061271.99222643,2023-07-31T16:00:00
2023-08-01T16:00:00,2023-08-01T09:30:00,2.276831883193397,2.31222908498773,2.266347188071866,2.3016301949009486,48722381.63847063,2023-08-01T16:00:00
2023-08-02T16:00:00,2023-08-02T09:30:00,2.3058357133917524,2.362321574601453,2.2971730100973655,2.353479878820126,62049559.06928732,2023-08-02T16:00:00
2023-08-03T16:00:00,2023-08-03T09:30:00,2.352081390295653,2.400515878725309,2.3499241137904283,2.398316196688555,56090271.38809808,2023-08-03T16:00:00
2023-08-04T16:00:00,2023-08-04T09:30:00,2.39602131386491,2.409370315477189,2.38975635087896,2.403086877907168,48205809.64164376,2023-08-04T16:00:00
2023-08-07T16:00:00,2023-08-07T09:30:00,2.3977981151110033,2.399637434667933,2.375268242067113,2.377091677987086,53927589.5806346,2023-08-07T16:00:00
2023-08-08T16:00:00,2023-08-08T09:30:00,2.3651699758657783,2.3837271323550415,2.2622153973197636,2.2801051338770018,54982657.60666357,2023-08-08T16:00:00
2023-08-09T16:00:00,2023-08-09T09:30:00,2.2742400625521415,2.31932803877419,2.2572356341761264,2.302115188870144,54749547.790650286,2023-08-09T16:00:00
2023-08-10T16:00:00,2023-08-10T09:30:00,2.3035144211614362,2.4362772143628133,2.290662359968711,2.4227598439121705,66329775.369405985,2023-08-10T16:00:00
2023-08-11T16:00:00,2023-08-11T09:30:00,2.430145708173771,2.4624273690353604,2.3683778558683635,2.4002625537606153,41391348.03399282,2023-08-11T16:00:00
2023-08-14T16:00:00,2023-08-14T09:30:00,2.404359220686588,2.4105999770811897,2.394136223372406,2.4003666165610804,52152284.5436678,2023-08-14T16:00:00
2023-08-15T16:00:00,2023-08-15T09:30:00,2.4049602255067923,2.419595154772027,2.376553583254774,2.3911041942702127,39507528.84524149,2023-08-15T16:00:00
2023-08-16T16:00:00,2023-08-16T09:30:00,2.3961035165558067,2.4396494476584127,2.3915660481405614,2.4350382490734006,43738942.29843696,2023-08-16T16:00:00
2023-08-17T16:00:00,2023-08-17T09:30:00,2.4366531549272072,2.4628482516105334,2.420669554366308,2.446798103700221,42335211.118986495,2023-08-17T16:00:00
2023-08-18T16:00:00,2023-08-18T09:30:00,2.446883541149945,2.5300995585817985,2.4381454251181474,2.5210964194173306,59526452.50151077,2023-08-18T16:00:00
2023-08-21T16:00:00,2023-08-21T09:30:00,2.5178067928939196,2.5380502795559603,2.492504834522563,2.5127073207806006,38852017.37707073,2023-08-21T16:00:00
2023-08-22T16:00:00,2023-08-22T09:30:00,2.520850011091809,2.5676266204571947,2.505236239738173,2.55182101926912,50317600.58165971,2023-08-22T16:00:00
2023-08-23T16:00:00,2023-08-23T09:30:00,2.5472279630613635,2.5590517237695094,2.4573874555087403,2.4688473880962807,45764456.80067624,2023-08-23T16:00:00
2023-08-24T16:00:00,2023-08-24T09:30:00,2.4693109094496215,2.557271297752766,2.4564313796561867,2.5440021902142864,53113004.8879137,2023-08-24T16:00:00
2023-08-25T16:00:00,2023-08-25T09:30:00,2.539966439947158,2.588343995459134,2.530245502173505,2.5784756754695835,59044762.61183499,2023-08-25T16:00:00
2023-08-28T16:00:00,2023-08-28T09:30:00,2.5797554082729865,2.600457245093075,2.532046758904697,2.5525301201787323,43215330.50400308,2023-08-28T16:00:00
2023-08-29T16:00:00,2023-08-29T09:30:00,2.5450587345246953,2.5744249845939513,2.532743813629563,2.5620279537695594,38441220.180593714,2023-08-29T16:00:00
2023-08-30T16:00:00,2023-08-30T09:30:00,2.5586140902852095,2.595347858579444,2.5494122476431906,2.5860473544857863,47080217.660057016,2023-08-30T16:00:00
2023-08-31T16:00:00,2023-08-31T09:30:00,2.582450676682431,2.6036568338880257,2.5748896464212154,2.5960559693598575,55044438.481093146,2023-08-31T16:00:00
2023-09-01T16:00:00,2023-09-01T09:30:00,2.6064456185727116,2.615595897238335,2.563570014290243,2.572601478540447,56736464.773173474,2023-09-01T16:00:00
2023-09-05T16:00:00,2023-09-05T09:30:00,2.5758319906217193,2.6301532065069964,2.568886549778089,2.623080365741497,40713973.63829464,2023-09-05T16:00:00
2023-09-06T16:00:00,2023-09-06T09:30:00,2.616080878489421,2.745713473353443,2.6020223319579454,2.731037163702318,59920447.32421617,2023-09-06T16:00:00
2023-09-07T16:00:00,2023-09-07T09:30:00,2.730713411743411,2.739419425536529,2.6427221965565826,2.6511746261539177,59153617.79646314,2023-09-07T16:00:00
2023-09-08T16:00:00,2023-09-08T09:30:00,2.6521462668486704,2.6893808587833568,2.6473847024581865,2.6845610980151937,38836497.16111653,2023-09-08T16:00:00
2023-09-11T16:00:00,2023-09-11T09:30:00,2.6782887770160237,2.683663682241073,2.6439508051591627,2.649267469174192,53778306.50243788,2023-09-11T16:00:00
2023-09-12T16:00:00,2023-09-12T09:30:00,2.6382091971550587,2.646639038532257,2.6119507197186707,2.620323410835859,46368777.59278811,2023-09-12T16:00:00
2023-09-13T16:00:00,2023-09-13T09:30:00,2.6230123066307347,2.6268261592344735,2.6028270515647263,2.6066170655334773,55952318.978882484,2023-09-13T16:00:00
2023-09-14T16:00:00,2023-09-14T09:30:00,2.6060443682652696,2.666036123444561,2.586931263393395,2.6466253915014186,61192287.03269401,2023-09-14T16:00:00
2023-09-15T16:00:00,2023-09-15T09:30:00,2.642771452710753,2.6490911232796854,2.630828772290927,2.6371349643012514,43973434.01581373,2023-09-15T16:00:00
2023-09-18T16:00:00,2023-09-18T09:30:00,2.6313882290625643,2.6365711201645423,2.620255316591006,2.6254264651561887,50105671.10935256,2023-09-18T16:00:00
2023-09-19T16:00:00,2023-09-19T09:30:00,2.6175981391148935,2.660850684884586,2.608811457028679,2.6519486957860217,43454342.094319716,2023-09-19T16:00:00
2023-09-20T16:00:00,2023-09-20T09:30:00,2.6499226249001855,2.664806525893014,2.629644240268146,2.6444976707560577,48568110.321115494,2023-09-20T16:00:00
2023-09-21T16:00:00,2023-09-21T09:30:00,2.6441505347330096,2.662377745463063,2.627001002360396,2.6452212684846503,52214861.72703889,2023-09-21T16:00:00
2023-09-22T16:00:00,2023-09-22T09:30:00,2.648943286733961,2.653387347650111,2.6256915071207114,2.630103961808065,42880175.13126847,2023-09-22T16:00:00
2023-09-25T16:00:00,2023-09-25T09:30:00,2.62311617720895,2.6699160223315155,2.60720455940484,2.653818168645894,51710565.35170042,2023-09-25T16:00:00
2023-09-26T16:00:00,2023-09-26T09:30:00,2.6529381453063605,2.680513200119753,2.642746234620488,2.670254763410494,46051648.645548105,2023-09-26T16:00:00
2023-09-27T16:00:00,2023-09-27T09:30:00,2.6789764126255076,2.6798576331951907,2.658749713825321,2.6596245688134528,40160967.04457138,2023-09-27T16:00:00
2023-09-28T16:00:00,2023-09-28T09:30:00,2.6641583552540724,2.6875768123783157,2.658398569795712,2.6817789320590215,54617522.8708806,2023-09-28T16:00:00
2023-09-29T16:00:00,2023-09-29T09:30:00,2.6838056458335116,2.7304455429651,2.672783844874424,2.71927806456495,51150142.81746214,2023-09-29T16:00:00
2023-10-02T16:00:00,2023-10-02T09:30:00,2.7165501257682174,2.762222050836953,2.7095150579711564,2.755087183367382,45573348.14570068,2023-10-02T16:00:00
2023-10-03T16:00:00,2023-10-03T09:30:00,2.760852045119871,2.776920866650668,2.7578260623740043,2.7738806041845234,37650332.05840268,2023-10-03T16:00:00
2023-10-04T16:00:00,2023-10-04T09:30:00,2.780429401727053,2.7848877879665257,2.7641197929778016,2.7685591453991742,51632528.010203026,2023-10-04T16:00:00
2023-10-05T16:00:00,2023-10-05T09:30:00,2.7739821367073696,2.840808351530936,2.7643621743243645,2.8309906877606776,46400338.045410685,2023-10-05T16:00:00
2023-10-06T16:00:00,2023-10-06T09:30:00,2.834164083934494,2.862766351953838,2.7478691596806364,2.775883260008573,46679792.537962124,2023-10-06T16:00:00
2023-10-09T16:00:00,2023-10-09T09:30:00,2.77586812381969,2.834541554189567,2.755163658334137,2.813555984925061,54184698.57304451,2023-10-09T16:00:00
2023-10-10T16:00:00,2023-10-10T09:30:00,2.8201089273879156,2.820407053818089,2.807350073539612,2.807646882550836,47360296.344908975,2023-10-10T16:00:00
2023-10-11T16:00:00,2023-10-11T09:30:00,2.80987208412729,2.834993955700387,2.8053633001197524,2.8304521484582854,55914131.28304468,2023-10-11T16:00:00
2023-10-12T16:00:00,2023-10-12T09:30:00,2.8306456839392493,2.841927787321277,2.7957331323085013,2.806920674931518,49733566.630834594,2023-10-12T16:00:00
2023-10-13T16:00:00,2023-10-13T09:30:00,2.8069824663215996,2.8090040772866103,2.742081779836629,2.7440580721554637,61298168.48887158,2023-10-13T16:00:00
2023-10-16T16:00:00,2023-10-16T09:30:00,2.7399516273693147,2.7572220960647043,2.709387612968915,2.7265737582523557,49776967.52007965,2023-10-16T16:00:00
2023-10-17T16:00:00,2023-10-17T09:30:00,2.7144772737477125,2.7279056723752797,2.7011834439947755,2.714611186799093,49980929.608585,2023-10-17T16:00:00
2023-10-18T16:00:00,2023-10-18T09:30:00,2.7161165926068396,2.8237598283871685,2.7127330229024116,2.8202465400482586,63038345.25972872,2023-10-18T16:00:00
2023-10-19T16:00:00,2023-10-19T09:30:00,2.8125873986484904,2.8513467345948755,2.796179875400719,2.834809575947746,47902992.90114104,2023-10-19T16:00:00
2023-10-20T16:00:00,2023-10-20T09:30:00,2.8337225623214386,2.836679485782913,2.774506775557219,2.7774049328847084,47393748.32323928,2023-10-20T16:00:00
2023-10-23T16:00:00,2023-10-23T09:30:00,2.777065945392873,2.788947570076118,2.7029475142222954,2.7145617157284927,55574319.31356985,2023-10-23T16:00:00
2023-10-24T16:00:00,2023-10-24T09:30:00,2.718987372500033,2.7963432393003753,2.7039095016249415,2.7809219166429258,52235439.99926498,2023-10-24T16:00:00
2023-10-25T16:00:00,2023-10-25T09:30:00,2.7864306781820902,2.83353331076429,2.768697927195035,2.815614832800188,43653753.88128526,2023-10-25T16:00:00
2023-10-26T16:00:00,2023-10-26T09:30:00,2.8183565411770246,2.8809047356350708,2.8055830442491385,2.8679066651491243,51868182.123988576,2023-10-26T16:00:00
2023-10-27T16:00:00,2023-10-27T09:30:00,2.8678083968475807,2.9170338582288258,2.862538901321737,2.911683743320534,45104141.88492743,2023-10-27T16:00:00
2023-10-30T16:00:00,2023-10-30T09:30:00,2.9157803700807468,2.975334345368378,2.8939007843471205,2.9531741621358556,58907068.65414188,2023-10-30T16:00:00
2023-10-31T16:00:00,2023-10-31T09:30:00,2.954803537895731,2.993322369417277,2.939611856560715,2.97801136848545,40719259.96234159,2023-10-31T16:00:00
2023-11-01T16:00:00,2023-11-01T09:30:00,2.979923098205606,3.005077711249851,2.9520137325509763,2.9771448937626004,45231614.18789273,2023-11-01T16:00:00
2023-11-02T16:00:00,2023-11-02T09:30:00,2.974849205691827,2.9969415888761564,2.902536480548448,2.924253117572528,50082937.26882057,2023-11-02T16:00:00
2023-11-03T16:00:00,2023-11-03T09:30:00,2.92559118726438,2.943660952322806,2.908481019496908,2.9265452050320815,39434356.4589278,2023-11-03T16:00:00
2023-11-06T16:00:00,2023-11-06T09:30:00,2.925801553987054,2.9272239086025054,2.9216892112721835,2.9231102575357664,45129598.35644764,2023-11-06T16:00:00
2023-11-07T16:00:00,2023-11-07T09:30:00,2.925240968966793,2.9408716597984874,2.922741844811302,2.9383613265143045,53160912.59988886,2023-11-07T16:00:00
2023-11-08T16:00:00,2023-11-08T09:30:00,2.9381483038548817,2.9836589193064755,2.9316913579777015,2.977116336337271,44810506.52238554,2023-11-08T16:00:00
2023-11-09T16:00:00,2023-11-09T09:30:00,2.968929566043871,3.07554289534476,2.9583022491019664,3.064573220859305,52377806.034191675,2023-11-09T16:00:00
2023-11-10T16:00:00,2023-11-10T09:30:00,3.0674111785322604,3.0797813846683724,3.0558944373325896,3.0682614510799704,52207825.71199274,2023-11-10T16:00:00
2023-11-13T16:00:00,2023-11-13T09:30:00,3.06595332911852,3.0675208660286977,3.0439200192791094,3.045477087254682,53891424.5881919,2023-11-13T16:00:00
2023-11-14T16:00:00,2023-11-14T09:30:00,3.0435911952985,3.1194479556791777,3.040573078348945,3.116357681284479,57686674.76712739,2023-11-14T16:00:00
2023-11-15T16:00:00,2023-11-15T09:30:00,3.1160701705024683,3.1368201248289744,3.1057836807642425,3.126499207694002,50422022.30829398,2023-11-15T16:00:00
2023-11-16T16:00:00,2023-11-16T09:30:00,3.1297057232489744,3.137524723602334,3.0309248670995133,3.0385160466362504,57562120.053325646,2023-11-16T16:00:00
2023-11-17T16:00:00,2023-11-17T09:30:00,3.044378642843656,3.0818517274149353,3.030875771304344,3.0682430091625252,43172162.58726139,2023-11-17T16:00:00
2023-11-20T16:00:00,2023-11-20T09:30:00,3.0731052972568795,3.097804284841106,3.0502291075080183,3.0749146264493175,40646690.21652411,2023-11-20T16:00:00
2023-11-21T16:00:00,2023-11-21T09:30:00,3.0752191234399837,3.0949591842916835,3.07010430848044,3.0898200844890114,37986784.21595798,2023-11-21T16:00:00
2023-11-22T16:00:00,2023-11-22T09:30:00,3.0925733587469093,3.0927543478988273,3.0630082013598616,3.0631874707378786,54358049.38545256,2023-11-22T16:00:00
2023-11-24T13:00:00,2023-11-24T09:30:00,3.052499211778446,3.095750419457109,3.0511913595961255,3.094424604218226,57376807.94166938,2023-11-24T13:00:00
2023-11-27T16:00:00,2023-11-27T09:30:00,3.1025653494205225,3.141893820447613,3.0963118992441814,3.1355738392161334,49684818.7670115,2023-11-27T16:00:00
2023-11-28T16:00:00,2023-11-28T09:30:00,3.1323383576170345,3.206861898372275,3.109115262303046,3.183261261643897,42808684.21386733,2023-11-28T16:00:00
2023-11-29T16:00:00,2023-11-29T09:30:00,3.1858731484072926,3.2712945114210736,3.1805813038911266,3.265869789741243,45756241.39905469,2023-11-29T16:00:00
2023-11-30T16:00:00,2023-11-30T09:30:00,3.2608990892596807,3.325057263850752,3.2503001102365294,3.31428476408008,48848765.91588775,2023-11-30T16:00:00
2023-12-01T16:00:00,2023-12-01T09:30:00,3.311220045719628,3.3173032687973807,3.2553104286645085,3.2613019444738516,43826131.44385454,2023-12-01T16:00:00
2023-12-04T16:00:00,2023-12-04T09:30:00,3.260727852476718,3.2698222929832887,3.253359726290932,3.2624502747142117,43132000.12183611,2023-12-04T16:00:00
2023-12-05T16:00:00,2023-12-05T09:30:00,3.2616202221729766,3.286365727326807,3.2133969259978676,3.237962946355557,41093719.204972625,2023-12-05T16:00:00
2023-12-06T16:00:00,2023-12-06T09:30:00,3.2385338092737626,3.2896467853982925,3.2259933676416477,3.276957557063669,39189326.382841766,2023-12-06T16:00:00
2023-12-07T16:00:00,2023-12-07T09:30:00,3.2732293298794457,3.316769005278991,3.2725705092130157,3.316101555486582,52805656.74755069,2023-12-07T16:00:00
2023-12-08T16:00:00,2023-12-08T09:30:00,3.3166234314365894,3.354513922502441,3.3162693481736154,3.3541558322741807,59189277.56609245,2023-12-08T16:00:00
2023-12-11T16:00:00,2023-12-11T09:30:00,3.351604146165684,3.3531714619738446,3.265346784869799,3.2668744784129493,63504921.59320312,2023-12-11T16:00:00
2023-12-12T16:00:00,2023-12-12T09:30:00,3.270391534582755,3.336448629595096,3.2481876907312563,3.3139490583221436,57185256.17386528,2023-12-12T16:00:00
2023-12-13T16:00:00,2023-12-13T09:30:00,3.311100996409466,3.327648755972491,3.2905165370109355,3.307044021188042,55626794.0663223,2023-12-13T16:00:00
2023-12-14T16:00:00,2023-12-14T09:30:00,3.298211921515471,3.3394424808746903,3.2852390558000253,3.326358904556055,48895890.949557796,2023-12-14T16:00:00
2023-12-15T16:00:00,2023-12-15T09:30:00,3.334073455208589,3.442707749852604,3.3186988688684846,3.4269050841932853,60601686.95842432,2023-12-15T16:00:00
2023-12-18T16:00:00,2023-12-18T09:30:00,3.42710540367471,3.473118063987526,3.4198482309049565,3.4657789967577033,56724141.29589808,2023-12-18T16:00:00
2023-12-19T16:00:00,2023-12-19T09:30:00,3.4611813477770137,3.4875656050616133,3.4580303965160475,3.4843935221629776,51800569.314524196,2023-12-19T16:00:00
2023-12-20T16:00:00,2023-12-20T09:30:00,3.4792292475857134,3.5407429597840663,3.471778551374955,3.5331767361618867,57091047.21811014,2023-12-20T16:00:00
2023-12-21T16:00:00,2023-12-21T09:30:00,3.5278287940788826,3.5549694604253683,3.519625401293163,3.5467221342462008,36514128.24861406,2023-12-21T16:00:00
2023-12-22T16:00:00,2023-12-22T09:30:00,3.5416136159106917,3.5466964878731955,3.5048443132320073,3.5098816439333316,51931482.69473988,2023-12-22T16:00:00
2023-12-26T16:00:00,2023-12-26T09:30:00,3.5063905136220233,3.670272620376289,3.5030272173796555,3.66675550356944,63453200.2338048,2023-12-26T16:00:00
2023-12-27T16:00:00,2023-12-27T09:30:00,3.668497686320491,3.6724546993200433,3.614461364424022,3.6183643012121256,38975909.24096662,2023-12-27T16:00:00
2023-12-28T16:00:00,2023-12-28T09:30:00,3.624331035051728,3.6434317737998305,3.6204553723965036,3.639539847666874,43694119.27750092,2023-12-28T16:00:00
2023-12-29T16:00:00,2023-12-29T09:30:00,3.6470057830978715,3.6552560339171882,3.601720944699378,3.6098872259764136,47925912.66751779,2023-12-29T16:00:00
2024-01-02T16:00:00,2024-01-02T09:30:00,3.608391038467732,3.6202321733683016,3.6047452136667477,3.6165780765961433,43085848.115062006,2024-01-02T16:00:00
2024-01-03T16:00:00,2024-01-03T09:30:00,3.6147671669142913,3.6168454648567954,3.57538230992929,3.577439146254779,44939686.57281101,2024-01-03T16:00:00
2024-01-04T16:00:00,2024-01-04T09:30:00,3.5880464048555982,3.6474577049916506,3.571170273475199,3.6303824489174485,60183078.77485261,2024-01-04T16:00:00
2024-01-05T16:00:00,2024-01-05T09:30:00,3.6316261054626766,3.7362060535410984,3.6259046090896936,3.730329054220697,57898378.628636226,2024-01-05T16:00:00
2024-01-08T16:00:00,2024-01-08T09:30:00,3.727461644488155,3.7394014141122556,3.66468187257884,3.6764582686755016,60671607.28894364,2024-01-08T16:00:00
2024-01-09T16:00:00,2024-01-09T09:30:00,3.6713432177515015,3.7022608549841483,3.666953506226374,3.6978394627184836,54357465.0126826,2024-01-09T16:00:00
2024-01-10T16:00:00,2024-01-10T09:30:00,3.703528216141746,3.7099854349012396,3.6866597345353624,3.6930987692237864,48249397.67114305,2024-01-10T16:00:00
2024-01-11T16:00:00,2024-01-11T09:30:00,3.697812717767861,3.7234738902935507,3.6136454300173337,3.638897758981396,59518103.43201767,2024-01-11T16:00:00
2024-01-12T16:00:00,2024-01-12T09:30:00,3.6345500607638423,3.6846587397574475,3.5948522808700227,3.6448484770919474,46049557.74532035,2024-01-12T16:00:00
2024-01-16T16:00:00,2024-01-16T09:30:00,3.6448857546610287,3.6475535635439607,3.6034211112079464,3.606060502642654,54656820.554086864,2024-01-16T16:00:00
2024-01-17T16:00:00,2024-01-17T09:30:00,3.6052730912838467,3.6266957651013345,3.604759761505796,3.626179458610944,50604001.184881166,2024-01-17T16:00:00
2024-01-18T16:00:00,2024-01-18T09:30:00,3.6319458845306207,3.6421361561571928,3.5822731760042115,3.5923523587558037,47318760.960678674,2024-01-18T16:00:00
2024-01-19T16:00:00,2024-01-19T09:30:00,3.592158942692646,3.6114773637728894,3.5866517950748973,3.6059490744705487,56479737.24634461,2024-01-19T16:00:00
2024-01-22T16:00:00,2024-01-22T09:30:00,3.60317578304694,3.6232896628550635,3.566914360641704,3.586937594588895,38069283.52150624,2024-01-22T16:00:00
2024-01-23T16:00:00,2024-01-23T09:30:00,3.5827112221271995,3.587848846172777,3.540841598627697,3.5459264731774325,50162652.81745378,2024-01-23T16:00:00
2024-01-24T16:00:00,2024-01-24T09:30:00,3.5505885705641216,3.5926809995875466,3.5345702777400367,3.5765456029825367,52691957.84788537,2024-01-24T16:00:00
2024-01-25T16:00:00,2024-01-25T09:30:00,3.5806998649904624,3.589352202696109,3.5620284263601585,3.5706564954512228,36709346.286959514,2024-01-25T16:00:00
2024-01-26T16:00:00,2024-01-26T09:30:00,3.570747253587089,3.582708129069542,3.4855799065729824,3.4972947393325886,56833161.68060845,2024-01-26T16:00:00
2024-01-29T16:00:00,2024-01-29T09:30:00,3.501101027095137,3.5986823364308798,3.4912337263229407,3.58856852232572,53186834.640761815,2024-01-29T16:00:00
2024-01-30T16:00:00,2024-01-30T09:30:00,3.5887941243907022,3.6265938615464197,3.5740918163775297,3.6117973157494907,46557715.97835917,2024-01-30T16:00:00
2024-01-31T16:00:00,2024-01-31T09:30:00,3.6181520571607533,3.618475354946862,3.5537998259695,3.554117401977771,44891465.1024644,2024-01-31T16:00:00
2024-02-01T16:00:00,2024-02-01T09:30:00,3.5502769670675343,3.5962304280153763,3.537410324534968,3.583244307765453,37334675.10248805,2024-02-01T16:00:00
2024-02-02T16:00:00,2024-02-02T09:30:00,3.577420107588188,3.5941721333581285,3.53973753062187,3.5563910835420636,42215548.93364227,2024-02-02T16:00:00
2024-02-05T16:00:00,2024-02-05T09:30:00,3.547976216606894,3.5600956290843038,3.51395583209384,3.5260001773588434,50370087.07986427,2024-02-05T16:00:00
2024-02-06T16:00:00,2024-02-06T09:30:00,3.512746343991905,3.536386152424203,3.4888669746237295,3.5125051599543613,54053316.55065622,2024-02-06T16:00:00
2024-02-07T16:00:00,2024-02-07T09:30:00,3.51550891534265,3.636129109634677,3.493010626993151,3.613006861296912,47045186.00492168,2024-02-07T16:00:00
2024-02-08T16:00:00,2024-02-08T09:30:00,3.6082248096943283,3.6445660499877657,3.6078071808637007,3.6441442637111994,45788565.58668628,2024-02-08T16:00:00
2024-02-09T16:00:00,2024-02-09T09:30:00,3.64656456806988,3.655029635595936,3.583127480684838,3.5914646402578323,46559379.390130855,2024-02-09T16:00:00
2024-02-12T16:00:00,2024-02-12T09:30:00,3.5859799285659615,3.622399779142312,3.5691843047333833,3.605512669974164,40563256.951011114,2024-02-12T16:00:00
2024-02-13T16:00:00,2024-02-13T09:30:00,3.6020095322634496,3.617484668598458,3.5772495571289706,3.592684631350973,52599731.268497445,2024-02-13T16:00:00
2024-02-14T16:00:00,2024-02-14T09:30:00,3.581944134049983,3.6516331802910864,3.562694042231475,3.632113468329102,50144721.42695058,2024-02-14T16:00:00
2024-02-15T16:00:00,2024-02-15T09:30:00,3.6220057197820643,3.636064130288694,3.5711524431679216,3.5850674820319153,47530445.98445656,2024-02-15T16:00:00
2024-02-16T16:00:00,2024-02-16T09:30:00,3.5847395615076696,3.6214613717122393,3.480328478400128,3.5163497079406034,49316929.17536897,2024-02-16T16:00:00
2024-02-20T16:00:00,2024-02-20T09:30:00,3.5215877839659644,3.5677903854863424,3.512428171843052,3.5585346748956863,43255209.89773667,2024-02-20T16:00:00
2024-02-21T16:00:00,2024-02-21T09:30:00,3.5553921454891064,3.564118993016624,3.4538491830196447,3.462347649232562,45090849.63637851,2024-02-21T16:00:00
2024-02-22T16:00:00,2024-02-22T09:30:00,3.453201640186855,3.5331750315597605,3.423505434185696,3.503050147566914,42855725.850856796,2024-02-22T16:00:00
2024-02-23T16:00:00,2024-02-23T09:30:00,3.510411937688056,3.532486523481312,3.4462332158303086,3.468041361979101,60204999.91430444,2024-02-23T16:00:00
2024-02-26T16:00:00,2024-02-26T09:30:00,3.4736075490556693,3.4846894641601236,3.3750675583324656,3.385869561294262,58747192.85945482,2024-02-26T16:00:00
2024-02-27T16:00:00,2024-02-27T09:30:00,3.390475499223563,3.394554504477912,3.376796842013885,3.380864284230405,54466816.85760967,2024-02-27T16:00:00
2024-02-28T16:00:00,2024-02-28T09:30:00,3.3752657097281955,3.4453374007827544,3.350387272531955,3.420128290097619,44044355.33065622,2024-02-28T16:00:00
2024-02-29T16:00:00,2024-02-29T09:30:00,3.419966070614654,3.441200339406647,3.3628585479117836,3.3838686912474585,59657793.89122376,2024-02-29T16:00:00
2024-03-01T16:00:00,2024-03-01T09:30:00,3.3925945921339316,3.502828094943328,3.354815422073271,3.464250975519623,61544297.69454988,2024-03-01T16:00:00
2024-03-04T16:00:00,2024-03-04T09:30:00,3.4691078253324745,3.527592895624431,3.447378940986038,3.5056352205954595,48956716.43885463,2024-03-04T16:00:00
2024-03-05T16:00:00,2024-03-05T09:30:00,3.4999665826562647,3.5037604191202423,3.4065538683601524,3.410250455806057,46440048.99068687,2024-03-05T16:00:00
2024-03-06T16:00:00,2024-03-06T09:30:00,3.4106540672998285,3.460994323962993,3.3766882417148634,3.4268670375819603,43018440.67747635,2024-03-06T16:00:00
2024-03-07T16:00:00,2024-03-07T09:30:00,3.424584324452017,3.480793766893087,3.4174962775241453,3.473604260758484,42704686.49532998,2024-03-07T16:00:00
2024-03-08T16:00:00,2024-03-08T09:30:00,3.4810650219937145,3.4964267070970854,3.3129222834139584,3.327606768478802,70458467.2055481,2024-03-08T16:00:00
2024-03-11T16:00:00,2024-03-11T09:30:00,3.325758043802,3.329410954752427,3.2626143654586204,3.266201861719576,62353314.85449153,2024-03-11T16:00:00
2024-03-12T16:00:00,2024-03-12T09:30:00,3.2595753409044996,3.264350638232933,3.215284204800248,3.2200015262540314,52803222.34571322,2024-03-12T16:00:00
2024-03-13T16:00:00,2024-03-13T09:30:00,3.2171665026275127,3.2206145044935193,3.137966941971372,3.1413336699124845,58111959.30795255,2024-03-13T16:00:00
2024-03-14T16:00:00,2024-03-14T09:30:00,3.1349305249316024,3.1595342136818805,3.0585722954470387,3.082766589082685,59347276.07878466,2024-03-14T16:00:00
2024-03-15T16:00:00,2024-03-15T09:30:00,3.0787550626966786,3.12305217955476,3.060192827103976,3.1043357147104205,57186337.169000775,2024-03-15T16:00:00
2024-03-18T16:00:00,2024-03-18T09:30:00,3.1091094307366403,3.1300942936527187,3.1071596559874592,3.128132589161349,51136670.941166356,2024-03-18T16:00:00
2024-03-19T16:00:00,2024-03-19T09:30:00,3.1177403964850416,3.1327176470229077,3.0372340414770416,3.051894978532696,51997509.002586655,2024-03-19T16:00:00
2024-03-20T16:00:00,2024-03-20T09:30:00,3.0450022999958097,3.061168326745059,2.9999696998572025,3.01598165495798,37481073.61300072,2024-03-20T16:00:00
2024-03-21T16:00:00,2024-03-21T09:30:00,3.0082991239344046,3.017058494568184,2.9795544977365997,2.98825550666322,45932758.76395084,2024-03-21T16:00:00
2024-03-22T16:00:00,2024-03-22T09:30:00,2.98578564079032,3.026350258649771,2.959289907800027,2.9997307771211745,40177609.201894335,2024-03-22T16:00:00
2024-03-25T16:00:00,2024-03-25T09:30:00,2.9919750107980185,3.001091624957096,2.950573188055569,2.959591127805552,59843838.164720684,2024-03-25T16:00:00
2024-03-26T16:00:00,2024-03-26T09:30:00,2.965679007534428,2.975965299572503,2.934086306502396,2.944298441240142,56147634.79653885,2024-03-26T16:00:00
2024-03-27T16:00:00,2024-03-27T09:30:00,2.958997987540491,2.9597947687443042,2.933653148653788,2.934443317923663,50401086.260033056,2024-03-27T16:00:00
2024-03-28T16:00:00,2024-03-28T09:30:00,2.9294186860374585,2.938099432282961,2.9064623883707257,2.9151007061471375,45078947.28697146,2024-03-28T16:00:00
2024-04-01T16:00:00,2024-04-01T09:30:00,2.9117735339821027,2.92922540586656,2.892424679312825,2.9098651129729274,56009150.548542745,2024-04-01T16:00:00
2024-04-02T16:00:00,2024-04-02T09:30:00,2.914296827009498,2.9389261172501424,2.9089958209337983,2.933590017521944,55850818.011545315,2024-04-02T16:00:00
2024-04-03T16:00:00,2024-04-03T09:30:00,2.9358162771589567,2.9515895717901617,2.9160052475471674,2.9317567314091915,47215998.103523985,2024-04-03T16:00:00
2024-04-04T16:00:00,2024-04-04T09:30:00,2.925768000881679,2.940380240243846,2.9165600964292775,2.931155380763164,38406361.62935064,2024-04-04T16:00:00
2024-04-05T16:00:00,2024-04-05T09:30:00,2.92699935219468,2.9378120248622968,2.907204434133123,2.9179838023213156,54808928.51889837,2024-04-05T16:00:00
2024-04-08T16:00:00,2024-04-08T09:30:00,2.9292423130044583,2.9448697025391533,2.847560121819088,2.8628332215306096,50311688.27090442,2024-04-08T16:00:00
2024-04-09T16:00:00,2024-04-09T09:30:00,2.863567734754784,2.8727317240221395,2.8388420090648547,2.8479560377806297,55558613.667070664,2024-04-09T16:00:00
2024-04-10T16:00:00,2024-04-10T09:30:00,2.8423059367622288,2.855398033734422,2.7149194365141915,2.727482639773926,54687499.95155342,2024-04-10T16:00:00
2024-04-11T16:00:00,2024-04-11T09:30:00,2.724415840261005,2.728324551128074,2.6978868079911207,2.70176301892642,50272782.10760732,2024-04-11T16:00:00
2024-04-12T16:00:00,2024-04-12T09:30:00,2.7044448879204332,2.717670987082509,2.6932025126780488,2.7064203996394838,53316012.2634644,2024-04-12T16:00:00
2024-04-15T16:00:00,2024-04-15T09:30:00,2.70346328616044,2.709792969508545,2.6420899781453637,2.6482904840904253,60573664.13509612,2024-04-15T16:00:00
2024-04-16T16:00:00,2024-04-16T09:30:00,2.640431356677784,2.640478263257192,2.610581605955054,2.610627983085246,40965645.83593704,2024-04-16T16:00:00
2024-04-17T16:00:00,2024-04-17T09:30:00,2.6124711407195975,2.7112754997176567,2.605918509341903,2.7044920603681173,67512675.32470354,2024-04-17T16:00:00
2024-04-18T16:00:00,2024-04-18T09:30:00,2.710094035951767,2.7185319780514146,2.6870450391472684,2.6954373472989475,40685414.382958084,2024-04-18T16:00:00
2024-04-19T16:00:00,2024-04-19T09:30:00,2.6958808060667816,2.6974023421364755,2.669961216702159,2.671468974906914,50361291.708007686,2024-04-19T16:00:00
2024-04-22T16:00:00,2024-04-22T09:30:00,2.667867182858122,2.669786310285672,2.5846482145198544,2.586508816893163,60844847.11676229,2024-04-22T16:00:00
2024-04-23T16:00:00,2024-04-23T09:30:00,2.592285702432746,2.6062936756551522,2.525525543263499,2.539246909965671,41626493.297431715,2024-04-23T16:00:00
2024-04-24T16:00:00,2024-04-24T09:30:00,2.5415050604986065,2.5990809648603896,2.5328151838558703,2.5902245074028913,59934536.67130802,2024-04-24T16:00:00
2024-04-25T16:00:00,2024-04-25T09:30:00,2.589722132880886,2.595048890224389,2.573976111196606,2.5792813931523395,39168177.87768261,2024-04-25T16:00:00
2024-04-26T16:00:00,2024-04-26T09:30:00,2.5748418301847997,2.628110281374336,2.5730934478993186,2.6263269394063324,43106353.305776685,2024-04-26T16:00:00
2024-04-29T16:00:00,2024-04-29T09:30:00,2.625556229150404,2.6586359108381568,2.6141737480616336,2.6471597726709954,58408094.43801863,2024-04-29T16:00:00
2024-04-30T16:00:00,2024-04-30T09:30:00,2.6428375124853267,2.7143631990250445,2.632295581989341,2.703578978825904,63076303.104932524,2024-04-30T16:00:00
2024-05-01T16:00:00,2024-05-01T09:30:00,2.6993648203556733,2.7748974775927144,2.684124402043025,2.759318564780341,60553379.03599062,2024-05-01T16:00:00
2024-05-02T16:00:00,2024-05-02T09:30:00,2.7605886802118986,2.7741427374050946,2.7522286070499553,2.7657669824482287,55483100.77757135,2024-05-02T16:00:00
2024-05-03T16:00:00,2024-05-03T09:30:00,2.768967546566275,2.773270335965582,2.7641043589430176,2.7684062761658588,53290452.98851705,2024-05-03T16:00:00
2024-05-06T16:00:00,2024-05-06T09:30:00,2.7684212335482234,2.7908896212019427,2.7665499699219316,2.7890044447310545,46424159.53554516,2024-05-06T16:00:00
2024-05-07T16:00:00,2024-05-07T09:30:00,2.7855180983006864,2.8200209550727484,2.784558902004481,2.8190502119554184,45696157.606785215,2024-05-07T16:00:00
2024-05-08T16:00:00,2024-05-08T09:30:00,2.817546367240693,2.914908878250482,2.806628224724788,2.9036570522353995,50882830.71049932,2024-05-08T16:00:00
2024-05-09T16:00:00,2024-05-09T09:30:00,2.902097626978088,2.9202576594841796,2.8908304831816185,2.908963858137292,44698965.70398755,2024-05-09T16:00:00
2024-05-10T16:00:00,2024-05-10T09:30:00,2.9046536055371455,2.974654564417444,2.8916351530559683,2.96138185990346,49394879.83234424,2024-05-10T16:00:00
2024-05-13T16:00:00,2024-05-13T09:30:00,2.9644423842204866,2.97015772188362,2.9406379303828087,2.9463183255164904,53922167.28816083,2024-05-13T16:00:00
2024-05-14T16:00:00,2024-05-14T09:30:00,2.9477185585551795,3.0234878981547517,2.9295410226806173,3.004957390684098,52301923.20838919,2024-05-14T16:00:00
2024-05-15T16:00:00,2024-05-15T09:30:00,3.0015453918251342,3.0170447769662743,2.999265738184852,3.0147550906481286,43306524.36077174,2024-05-15T16:00:00
2024-05-16T16:00:00,2024-05-16T09:30:00,3.0157056604748553,3.0637187837025404,2.995239685853456,3.043067121540374,44749454.68444632,2024-05-16T16:00:00
2024-05-17T16:00:00,2024-05-17T09:30:00,3.0427316520657977,3.0737477285065755,3.0366447979082767,3.067611104072474,40656235.839079015,2024-05-17T16:00:00
2024-05-20T16:00:00,2024-05-20T09:30:00,3.062627763476741,3.0884313452782157,3.056439659456115,3.0822036876896464,51180777.95439714,2024-05-20T16:00:00
2024-05-21T16:00:00,2024-05-21T09:30:00,3.069095158770745,3.187716009783498,3.0526074406440715,3.1706825463718644,62397912.221660964,2024-05-21T16:00:00
2024-05-22T16:00:00,2024-05-22T09:30:00,3.166237263324459,3.1743112238974267,3.1519343174367673,3.1599923533798093,52306579.31761528,2024-05-22T16:00:00
2024-05-23T16:00:00,2024-05-23T09:30:00,3.168701936078386,3.172983308660006,3.160592035940767,3.164868228631605,39966601.68211117,2024-05-23T16:00:00
2024-05-24T16:00:00,2024-05-24T09:30:00,3.157318661085522,3.1722486188696393,3.136286024380339,3.151186987425974,37679127.316031575,2024-05-24T16:00:00
2024-05-28T16:00:00,2024-05-28T09:30:00,3.154366643551176,3.1586203054769033,3.1175103514703095,3.121719989398365,43538378.24143087,2024-05-28T16:00:00
2024-05-29T16:00:00,2024-05-29T09:30:00,3.1174334002633994,3.152926299641327,3.1099884636763635,3.145414539555306,43314448.58106101,2024-05-29T16:00:00
2024-05-30T16:00:00,2024-05-30T09:30:00,3.150420333667121,3.2647283559309166,3.124261528328032,3.2378436507777755,48120956.00560341,2024-05-30T16:00:00
2024-05-31T16:00:00,2024-05-31T09:30:00,3.23524687506122,3.242644196690449,3.2042273354480284,3.2115705216099344,51648490.15053106,2024-05-31T16:00:00
2024-06-03T16:00:00,2024-06-03T09:30:00,3.211880484351,3.231352659984713,3.1430310705169204,3.162202068431004,61792632.13485429,2024-06-03T16:00:00
2024-06-04T16:00:00,2024-06-04T09:30:00,3.1607004349471106,3.1913327315805105,3.157858724828097,3.1884660580542494,41897223.857767686,2024-06-04T16:00:00
2024-06-05T16:00:00,2024-06-05T09:30:00,3.1901089806238767,3.2621806988881743,3.167539843704488,3.239263805207803,60597886.003905885,2024-06-05T16:00:00
2024-06-06T16:00:00,2024-06-06T09:30:00,3.24084382330813,3.2560066460409818,3.1604603770185404,3.1753166199149665,63499271.83335798,2024-06-06T16:00:00
2024-06-07T16:00:00,2024-06-07T09:30:00,3.1731324924548154,3.185092311448821,3.1607811310959204,3.172739468748571,40553998.86601179,2024-06-07T16:00:00
2024-06-10T16:00:00,2024-06-10T09:30:00,3.1704177072248485,3.1760367722539242,3.1286919936254542,3.1342469516988474,41696233.97018392,2024-06-10T16:00:00
2024-06-11T16:00:00,2024-06-11T09:30:00,3.122280344909266,3.123987247760533,3.090231515984698,3.0919218222965505,50541766.49804281,2024-06-11T16:00:00
2024-06-12T16:00:00,2024-06-12T09:30:00,3.095554370333529,3.109127943407641,3.024589148187702,3.0379099585764617,50607709.58446093,2024-06-12T16:00:00
2024-06-13T16:00:00,2024-06-13T09:30:00,3.0373777403140987,3.0460747946770743,2.973022961472272,2.981560191044949,60617578.41993614,2024-06-13T16:00:00
2024-06-14T16:00:00,2024-06-14T09:30:00,2.985492365474911,3.083877099683375,2.9782326511216333,3.0763963374126826,48869068.16940511,2024-06-14T16:00:00
2024-06-17T16:00:00,2024-06-17T09:30:00,3.065020712773339,3.0788518530128433,3.0379958315500204,3.051767164138281,52287824.34756517,2024-06-17T16:00:00
2024-06-18T16:00:00,2024-06-18T09:30:00,3.0520945172857092,3.0742937628112226,3.0467987452675738,3.0689687119200806,42487196.40235794,2024-06-18T16:00:00
2024-06-20T16:00:00,2024-06-20T09:30:00,3.060077480636404,3.1416508292514274,3.026920606406201,3.1079749710815427,45237912.166642256,2024-06-20T16:00:00
2024-06-21T16:00:00,2024-06-21T09:30:00,3.1132980617490116,3.122389964356237,3.077074428123259,3.0860868646630464,55244646.60761523,2024-06-21T16:00:00
2024-06-24T16:00:00,2024-06-24T09:30:00,3.084566200624521,3.1148828260657098,3.083571528129843,3.113878701240877,45588290.81226084,2024-06-24T16:00:00
2024-06-25T16:00:00,2024-06-25T09:30:00,3.114325157512912,3.157795317231199,3.0927158569434394,3.136035376435546,41741933.93300751,2024-06-25T16:00:00
2024-06-26T16:00:00,2024-06-26T09:30:00,3.1309976669017714,3.1868903041728927,3.124895494261925,3.180691280930089,41385391.01208159,2024-06-26T16:00:00
2024-06-27T16:00:00,2024-06-27T09:30:00,3.1828891668971986,3.2606785795955107,3.1806298056850952,3.258365641708043,46379641.63327599,2024-06-27T16:00:00
2024-06-28T16:00:00,2024-06-28T09:30:00,3.256983382193188,3.2848670369236292,3.2565232496108854,3.284403030611512,54077048.848231114,2024-06-28T16:00:00
2024-07-01T16:00:00,2024-07-01T09:30:00,3.286003510842552,3.3078232931640104,3.25989158955201,3.28168268061532,36206695.74533682,2024-07-01T16:00:00
2024-07-02T16:00:00,2024-07-02T09:30:00,3.2797385602811335,3.359987641875028,3.2746037412934212,3.354735406446149,58587798.10367336,2024-07-02T16:00:00
2024-07-03T13:00:00,2024-07-03T09:30:00,3.3529590737382375,3.377457922344308,3.3269002210873873,3.351387587416269,46144955.97596927,2024-07-03T13:00:00
2024-07-05T16:00:00,2024-07-05T09:30:00,3.3502780603564113,3.355586120588067,3.3231203363247155,3.328393723799519,51739962.22780478,2024-07-05T16:00:00
2024-07-08T16:00:00,2024-07-08T09:30:00,3.326221735483179,3.353427803371966,3.30908199481471,3.3362364576828405,41891181.00888676,2024-07-08T16:00:00
2024-07-09T16:00:00,2024-07-09T09:30:00,3.3390323871077885,3.345035170439855,3.284301102717186,3.2902161260624765,58308335.78390159,2024-07-09T16:00:00
2024-07-10T16:00:00,2024-07-10T09:30:00,3.2909127387569908,3.2997657641637215,3.2380878373311397,3.246822253032509,43887663.1784207,2024-07-10T16:00:00
2024-07-11T16:00:00,2024-07-11T09:30:00,3.256320929711787,3.27367785560199,3.200632265106448,3.217783779282493,46751950.06878821,2024-07-11T16:00:00
2024-07-12T16:00:00,2024-07-12T09:30:00,3.2109863729106753,3.2212322785285,3.185840336347681,3.196038545085075,39906515.14358661,2024-07-12T16:00:00
2024-07-15T16:00:00,2024-07-15T09:30:00,3.192848195600721,3.258856685096395,3.1873974292822815,3.253302712041579,45482546.93863232,2024-07-15T16:00:00
2024-07-16T16:00:00,2024-07-16T09:30:00,3.258405090674032,3.370504320379413,3.2462149306688852,3.3579417793695066,59142781.96946644,2024-07-16T16:00:00
2024-07-17T16:00:00,2024-07-17T09:30:00,3.357496193963448,3.4598610656066078,3.345541756338645,3.4475858617761896,65651424.50946877,2024-07-17T16:00:00
2024-07-18T16:00:00,2024-07-18T09:30:00,3.4458213277674705,3.4748336190138995,3.38341696866551,3.4121457262442423,40912609.94369428,2024-07-18T16:00:00
2024-07-19T16:00:00,2024-07-19T09:30:00,3.404848053551876,3.4287924637157325,3.365446406192528,3.3892813443138636,45162021.2375622,2024-07-19T16:00:00
2024-07-22T16:00:00,2024-07-22T09:30:00,3.388909421902185,3.432893842100307,3.3758402222438226,3.419705877089583,55420116.75878461,2024-07-22T16:00:00
2024-07-23T16:00:00,2024-07-23T09:30:00,3.4215064707214564,3.4760748617392276,3.407097799978178,3.4614977793318795,59306967.64952805,2024-07-23T16:00:00
2024-07-24T16:00:00,2024-07-24T09:30:00,3.4514883058348866,3.476942386043725,3.4370475876426982,3.4624557809172902,53758810.18638446,2024-07-24T16:00:00
2024-07-25T16:00:00,2024-07-25T09:30:00,3.4625488720661823,3.6063245523801917,3.4357325278860698,3.5786093565126027,68020994.72038607,2024-07-25T16:00:00
2024-07-26T16:00:00,2024-07-26T09:30:00,3.5650682580248207,3.5903522686303546,3.5645970024714306,3.589877733587684,52697564.908011004,2024-07-26T16:00:00
2024-07-29T16:00:00,2024-07-29T09:30:00,3.5914124319616305,3.595413498941306,3.553770235609002,3.557733782383104,45927467.014993876,2024-07-29T16:00:00
2024-07-30T16:00:00,2024-07-30T09:30:00,3.5615980167575745,3.5801516331108716,3.5021049942870457,3.5204442260747006,47574022.77698125,2024-07-30T16:00:00
2024-07-31T16:00:00,2024-07-31T09:30:00,3.522029122450495,3.5507619514765736,3.4372168863712833,3.465488454777192,56264124.75889913,2024-07-31T16:00:00
2024-08-01T16:00:00,2024-08-01T09:30:00,3.473654170205152,3.5043412834939875,3.4619255799979065,3.49254889634866,40807881.22288048,2024-08-01T16:00:00
2024-08-02T16:00:00,2024-08-02T09:30:00,3.493971146313872,3.5083482612342656,3.4709192305749457,3.485260502633455,51050652.730667084,2024-08-02T16:00:00
2024-08-05T16:00:00,2024-08-05T09:30:00,3.478539142063505,3.4799425818101835,3.4420132096653924,3.44340247328942,53210621.30847894,2024-08-05T16:00:00
2024-08-06T16:00:00,2024-08-06T09:30:00,3.4481772469396987,3.457325755576915,3.4067606277319937,3.415823296700302,56135832.07128096,2024-08-06T16:00:00
2024-08-07T16:00:00,2024-08-07T09:30:00,3.418058671221782,3.4285123014445107,3.3992088395237765,3.409636712422977,52867290.3123849,2024-08-07T16:00:00
2024-08-08T16:00:00,2024-08-08T09:30:00,3.412252020282924,3.4504116462417835,3.383425631055885,3.4215070712012405,37022571.16176141,2024-08-08T16:00:00
2024-08-09T16:00:00,2024-08-09T09:30:00,3.423180298435345,3.431691782505996,3.287751302507272,3.2959464289926963,56909999.08393154,2024-08-09T16:00:00
2024-08-12T16:00:00,2024-08-12T09:30:00,3.290550945380415,3.3286965064140435,3.27492660059648,3.312965730719235,39640618.98638446,2024-08-12T16:00:00
2024-08-13T16:00:00,2024-08-13T09:30:00,3.3120795526118956,3.314041813303705,3.1318694614483187,3.13372605557901,56016149.91751735,2024-08-13T16:00:00
2024-08-14T16:00:00,2024-08-14T09:30:00,3.144081922409749,3.2023694282905986,3.13079113965356,3.1888892343601096,43871161.64649744,2024-08-14T16:00:00
2024-08-15T16:00:00,2024-08-15T09:30:00,3.186898468150273,3.238109617687913,3.1721683368321334,3.2232116436071614,52638458.579151474,2024-08-15T16:00:00
2024-08-16T16:00:00,2024-08-16T09:30:00,3.225680561243776,3.2349313009832623,3.184022343889014,3.1931798768254076,45294342.12402454,2024-08-16T16:00:00
2024-08-19T16:00:00,2024-08-19T09:30:00,3.1873455187564423,3.2207222703827973,3.148853579032603,3.1821761993801605,54105775.38893257,2024-08-19T16:00:00
2024-08-20T16:00:00,2024-08-20T09:30:00,3.1866181510430014,3.205189181581303,3.135522836702265,3.1539032105221674,39449497.278277256,2024-08-20T16:00:00
2024-08-21T16:00:00,2024-08-21T09:30:00,3.1483145340892458,3.2400064234854105,3.1459722217509722,3.237597685437527,57915254.073591106,2024-08-21T16:00:00
2024-08-22T16:00:00,2024-08-22T09:30:00,3.233875657343318,3.3693995973411273,3.2174719293206073,3.352394685442334,66787933.43846424,2024-08-22T16:00:00
2024-08-23T16:00:00,2024-08-23T09:30:00,3.353895282271728,3.3677294195998178,3.323532138605693,3.337297814748896,55411250.53901673,2024-08-23T16:00:00
2024-08-26T16:00:00,2024-08-26T09:30:00,3.324459808450566,3.366771928536164,3.320875603908881,3.3631460151798596,46148629.33724687,2024-08-26T16:00:00
2024-08-27T16:00:00,2024-08-27T09:30:00,3.363429721893845,3.3650262646237694,3.273713254329656,3.2752679486935676,61416351.214487605,2024-08-27T16:00:00
2024-08-28T16:00:00,2024-08-28T09:30:00,3.28263309485011,3.3195915406962264,3.2687249118322024,3.305586108092464,55642197.95285197,2024-08-28T16:00:00
2024-08-29T16:00:00,2024-08-29T09:30:00,3.311162658838273,3.3316289826963854,3.287392392250318,3.3078381673992716,46770746.80365095,2024-08-29T16:00:00
2024-08-30T16:00:00,2024-08-30T09:30:00,3.305129638259301,3.3291309464612446,3.293078901014018,3.317036794877811,43573064.6210857,2024-08-30T16:00:00
2024-09-03T16:00:00,2024-09-03T09:30:00,3.317035822898737,3.3424290881179024,3.3112087201034264,3.3365676733325094,42290071.06776078,2024-09-03T16:00:00
2024-09-04T16:00:00,2024-09-04T09:30:00,3.3290613256484027,3.39492588758535,3.3018443246918836,3.3673954827326655,55523288.29573348,2024-09-04T16:00:00
2024-09-05T16:00:00,2024-09-05T09:30:00,3.3620453696683863,3.3780617103786272,3.3607430615951213,3.376753704945074,45640217.246774845,2024-09-05T16:00:00
2024-09-06T16:00:00,2024-09-06T09:30:00,3.380781600535458,3.402553852398373,3.294113919119824,3.315465535167143,44845106.34422935,2024-09-06T16:00:00
2024-09-09T16:00:00,2024-09-09T09:30:00,3.3081075133907296,3.3369601228306007,3.3070748210319985,3.3359187486348953,56452089.35528335,2024-09-09T16:00:00
2024-09-10T16:00:00,2024-09-10T09:30:00,3.3347146337231015,3.3463410837336562,3.3320364525643766,3.3436557217944918,37539281.78846005,2024-09-10T16:00:00
2024-09-11T16:00:00,2024-09-11T09:30:00,3.3379180535514736,3.358681372645338,3.2389136308037716,3.259187209402703,52974788.14497008,2024-09-11T16:00:00
2024-09-12T16:00:00,2024-09-12T09:30:00,3.264054201892964,3.270417012247345,3.2078728149983986,3.2141383214290644,54426039.80242464,2024-09-12T16:00:00
2024-09-13T16:00:00,2024-09-13T09:30:00,3.2175949115927627,3.2189095772518335,3.169141027647529,3.170436424988314,41782327.419533335,2024-09-13T16:00:00
2024-09-16T16:00:00,2024-09-16T09:30:00,3.1765865455822135,3.1802055236675923,3.1329669424501443,3.1365402971932217,54570330.56453336,2024-09-16T16:00:00
2024-09-17T16:00:00,2024-09-17T09:30:00,3.1308275250876196,3.1406980806004756,2.9985032412662482,3.0079865161037187,61023773.82087185,2024-09-17T16:00:00
2024-09-18T16:00:00,2024-09-18T09:30:00,2.9959742353972705,3.0214682983425734,2.887831477556978,2.912616210391432,54048122.98820768,2024-09-18T16:00:00
2024-09-19T16:00:00,2024-09-19T09:30:00,2.9075559752900952,2.926884251518923,2.9022229545896003,2.9215256078072027,38441249.11197282,2024-09-19T16:00:00
2024-09-20T16:00:00,2024-09-20T09:30:00,2.916822405395092,2.929014326550885,2.876148393754866,2.888220763937335,46787528.24488088,2024-09-20T16:00:00
2024-09-23T16:00:00,2024-09-23T09:30:00,2.8841041714723143,2.904348312928231,2.8819674850185835,2.90219822151084,45398274.209592775,2024-09-23T16:00:00
2024-09-24T16:00:00,2024-09-24T09:30:00,2.9025354794137868,2.9088870792422044,2.8677269642648464,2.874016155438986,48969720.42982723,2024-09-24T16:00:00
2024-09-25T16:00:00,2024-09-25T09:30:00,2.873965097185378,2.8900132672548082,2.8650140956208343,2.8810402300970614,35090924.39536408,2024-09-25T16:00:00
2024-09-26T16:00:00,2024-09-26T09:30:00,2.884450472683081,2.8897428975168236,2.8616857711670702,2.8669460787257353,43678621.758481145,2024-09-26T16:00:00
2024-09-27T16:00:00,2024-09-27T09:30:00,2.867862490011092,2.8759314447027706,2.8323388418219415,2.840330332642481,38268456.809204906,2024-09-27T16:00:00
2024-09-30T16:00:00,2024-09-30T09:30:00,2.844923062142349,2.8881798987610483,2.828703606733719,2.871807171854681,48217856.26285694,2024-09-30T16:00:00
2024-10-01T16:00:00,2024-10-01T09:30:00,2.867206301824376,2.8734152200388032,2.8662562468129646,2.872463423068894,49192123.74178258,2024-10-01T16:00:00
2024-10-02T16:00:00,2024-10-02T09:30:00,2.866387773904947,2.8711083057410445,2.845786839488308,2.8504811754254384,42206675.619102396,2024-10-02T16:00:00
2024-10-03T16:00:00,2024-10-03T09:30:00,2.8527263445765514,2.8547283960741305,2.840571858292089,2.842566779778071,42036797.751107424,2024-10-03T16:00:00
2024-10-04T16:00:00,2024-10-04T09:30:00,2.842581683955496,2.8571171474656425,2.8289963179536777,2.8435272623225543,45446349.92811505,2024-10-04T16:00:00
2024-10-07T16:00:00,2024-10-07T09:30:00,2.844204683097948,2.848242915501898,2.8137350425838945,2.8177356940324447,42273235.35299671,2024-10-07T16:00:00
2024-10-08T16:00:00,2024-10-08T09:30:00,2.813454669627139,2.8150320597320624,2.7561439831633496,2.757690108336894,57315657.745741926,2024-10-08T16:00:00
2024-10-09T16:00:00,2024-10-09T09:30:00,2.7598750582254814,2.7654505454396263,2.7330000094206404,2.7385323802524693,41205648.563497,2024-10-09T16:00:00
2024-10-10T16:00:00,2024-10-10T09:30:00,2.736570471649251,2.7393922601247285,2.722740964153728,2.7255513904089455,56275740.997348346,2024-10-10T16:00:00
2024-10-11T16:00:00,2024-10-11T09:30:00,2.728798873087082,2.740662116080549,2.718068914770595,2.729927719009045,48443667.83167215,2024-10-11T16:00:00
2024-10-14T16:00:00,2024-10-14T09:30:00,2.728583971037498,2.7833797163579255,2.7151980835647036,2.769791672141616,60035197.36273036,2024-10-14T16:00:00
2024-10-15T16:00:00,2024-10-15T09:30:00,2.771394719068385,2.772415959979905,2.7609141655310085,2.7619319194624783,40053812.466424964,2024-10-15T16:00:00
2024-10-16T16:00:00,2024-10-16T09:30:00,2.7619343257611138,2.769164338686235,2.6990005706363474,2.7060843831964405,50173748.59176716,2024-10-16T16:00:00
2024-10-17T16:00:00,2024-10-17T09:30:00,2.707984965285675,2.72806563858499,2.6966267723640485,2.7166710134776775,36533123.98370486,2024-10-17T16:00:00
2024-10-18T16:00:00,2024-10-18T09:30:00,2.7191017888685076,2.756578282667524,2.718457829954677,2.7559256028505805,60705488.51605406,2024-10-18T16:00:00
2024-10-21T16:00:00,2024-10-21T09:30:00,2.7552636555636973,2.773741835084837,2.7447276522944075,2.763175576986826,54334148.11919944,2024-10-21T16:00:00
2024-10-22T16:00:00,2024-10-22T09:30:00,2.762387757014725,2.787174806204178,2.7547019045573884,2.779441504727986,56888947.138962634,2024-10-22T16:00:00
2024-10-23T16:00:00,2024-10-23T09:30:00,2.785461903543582,2.7993223975211166,2.705819752223916,2.719351278889529,50640360.722826086,2024-10-23T16:00:00
2024-10-24T16:00:00,2024-10-24T09:30:00,2.7124974308198837,2.7237311238489985,2.694935945746299,2.706143323509568,37554028.976359524,2024-10-24T16:00:00
2024-10-25T16:00:00,2024-10-25T09:30:00,2.706719531330676,2.771668020175503,2.6942474086099946,2.758955203983561,46455081.65668691,2024-10-25T16:00:00
2024-10-28T16:00:00,2024-10-28T09:30:00,2.7578236263980984,2.7844900807903907,2.747282671393885,2.7738877255773278,39023225.05043619,2024-10-28T16:00:00
2024-10-29T16:00:00,2024-10-29T09:30:00,2.771204713892177,2.771658992918684,2.732667640122837,2.7331156752759505,49596496.39837107,2024-10-29T16:00:00
2024-10-30T16:00:00,2024-10-30T09:30:00,2.7299631465402707,2.7344981571850475,2.651009700907179,2.65542088205508,53837473.60443671,2024-10-30T16:00:00
2024-10-31T16:00:00,2024-10-31T09:30:00,2.6546372582972046,2.662157084073171,2.550080870922751,2.5573250390991884,49737450.055404104,2024-10-31T16:00:00
2024-11-01T16:00:00,2024-11-01T09:30:00,2.557172797500521,2.5647481434681465,2.546318720238081,2.5538843244624054,53615705.94979696,2024-11-01T16:00:00
2024-11-04T16:00:00,2024-11-04T09:30:00,2.5570193965377688,2.5679163988123284,2.551820602702113,2.562706043193598,56007118.318048604,2024-11-04T16:00:00
2024-11-05T16:00:00,2024-11-05T09:30:00,2.5691410816858276,2.5714833024011448,2.5442474945027502,2.5465691369489627,54313317.86942141,2024-11-05T16:00:00
2024-11-06T16:00:00,2024-11-06T09:30:00,2.54772963950013,2.5533496230678843,2.4866546972379524,2.492152083436279,61911379.11312895,2024-11-06T16:00:00
2024-11-07T16:00:00,2024-11-07T09:30:00,2.495320632798806,2.5020540951085453,2.3929581142953316,2.3994328295323415,65365496.43703551,2024-11-07T16:00:00
2024-11-08T16:00:00,2024-11-08T09:30:00,2.397419134411963,2.40210497875644,2.3559261660655477,2.360539928638706,48884003.66708731,2024-11-08T16:00:00
2024-11-11T16:00:00,2024-11-11T09:30:00,2.3606339365763636,2.3616731483575037,2.349410609979996,2.350445336477293,49311159.81270543,2024-11-11T16:00:00
2024-11-12T16:00:00,2024-11-12T09:30:00,2.351393963904006,2.3671221576455044,2.3163567413686015,2.3319549095945877,36991020.24566473,2024-11-12T16:00:00
2024-11-13T16:00:00,2024-11-13T09:30:00,2.3329501003375506,2.3330669603336407,2.3106984995868207,2.310814250774243,53466560.88354,2024-11-13T16:00:00
2024-11-14T16:00:00,2024-11-14T09:30:00,2.3143277837345813,2.321116266477003,2.2705820586068106,2.277261817912959,51995833.05229404,2024-11-14T16:00:00
2024-11-15T16:00:00,2024-11-15T09:30:00,2.2765291896621718,2.3227033182899803,2.271645675643681,2.317731418993827,42385817.01079079,2024-11-15T16:00:00
2024-11-18T16:00:00,2024-11-18T09:30:00,2.319998275592705,2.3316818669803197,2.271114698820654,2.2826100015698816,51617788.36167581,2024-11-18T16:00:00
2024-11-19T16:00:00,2024-11-19T09:30:00,2.2826193708218465,2.30509750695852,2.2803489883861245,2.3028070450730116,58008950.63551109,2024-11-19T16:00:00
2024-11-20T16:00:00,2024-11-20T09:30:00,2.302120877265634,2.306410580934395,2.2999659702685347,2.3042536775233606,56154255.344786376,2024-11-20T16:00:00
2024-11-21T16:00:00,2024-11-21T09:30:00,2.304773919709793,2.324641433203929,2.299855269703744,2.319690948559604,41154396.64595656,2024-11-21T16:00:00
2024-11-22T16:00:00,2024-11-22T09:30:00,2.3196422633576663,2.3692324934919378,2.3110190187688784,2.3604575186407644,42983622.866019286,2024-11-22T16:00:00
2024-11-25T16:00:00,2024-11-25T09:30:00,2.35619553293502,2.4245285456472936,2.354216732045485,2.4224940653402127,63940982.30272049,2024-11-25T16:00:00
2024-11-26T16:00:00,2024-11-26T09:30:00,2.4231774098490844,2.4546581453147938,2.4210139642570097,2.452468548197911,59348109.508465506,2024-11-26T16:00:00
2024-11-27T16:00:00,2024-11-27T09:30:00,2.4557648141076904,2.491307114511086,2.4514771899950043,2.486965016639379,54520281.21392381,2024-11-27T16:00:00
2024-11-29T13:00:00,2024-11-29T09:30:00,2.484071884920615,2.515683652281599,2.475523850715982,2.50705652475897,52232332.86332533,2024-11-29T13:00:00
2024-12-02T16:00:00,2024-12-02T09:30:00,2.5015742358846387,2.5899001148396184,2.487445756388059,2.5753549341046376,49049446.979468346,2024-12-02T16:00:00
2024-12-03T16:00:00,2024-12-03T09:30:00,2.5712446767478645,2.585400966341923,2.569961194510275,2.5841110616208587,52636285.03925974,2024-12-03T16:00:00
2024-12-04T16:00:00,2024-12-04T09:30:00,2.588222271622249,2.6414933850004005,2.5870986657284694,2.6403471505164178,45033501.45745619,2024-12-04T16:00:00
2024-12-05T16:00:00,2024-12-05T09:30:00,2.6389246571109504,2.686431352617995,2.630932608975112,2.678319994734617,47407398.431823604,2024-12-05T16:00:00
2024-12-06T16:00:00,2024-12-06T09:30:00,2.6825295379147986,2.691898385503657,2.673597311779132,2.682964710340697,52450225.82327038,2024-12-06T16:00:00
2024-12-09T16:00:00,2024-12-09T09:30:00,2.6854503758916977,2.687321991556114,2.6583642386580264,2.6602182688897957,40994519.89058214,2024-12-09T16:00:00
2024-12-10T16:00:00,2024-12-10T09:30:00,2.661964775406758,2.697368575638377,2.6569508077733692,2.6922974745773485,42010689.56575881,2024-12-10T16:00:00
2024-12-11T16:00:00,2024-12-11T09:30:00,2.6940052049100536,2.6994621333299413,2.647618884361401,2.652992738668367,53732590.07529439,2024-12-11T16:00:00
2024-12-12T16:00:00,2024-12-12T09:30:00,2.653057698229301,2.6792883645996066,2.6482290285799457,2.6744208132383576,37270925.84112448,2024-12-12T16:00:00
2024-12-13T16:00:00,2024-12-13T09:30:00,2.674512476515021,2.6861983849958686,2.669124050561353,2.6807972968134366,38622094.87726497,2024-12-13T16:00:00
2024-12-16T16:00:00,2024-12-16T09:30:00,2.683012810030008,2.6908231453918865,2.6792232109668146,2.6870278752832677,55630449.48649351,2024-12-16T16:00:00
2024-12-17T16:00:00,2024-12-17T09:30:00,2.687575130051474,2.7282989549010743,2.6861432167893375,2.726846118447444,49216294.64397985,2024-12-17T16:00:00
2024-12-18T16:00:00,2024-12-18T09:30:00,2.725861998934318,2.780054528777797,2.7248197899553186,2.778992006015321,55163819.6792989,2024-12-18T16:00:00
2024-12-19T16:00:00,2024-12-19T09:30:00,2.778173648922524,2.783140690272419,2.771075139278504,2.776038362993202,52521568.12453152,2024-12-19T16:00:00
2024-12-20T16:00:00,2024-12-20T09:30:00,2.776305667818742,2.821982485689928,2.764914172390624,2.810450888568193,39542821.260844484,2024-12-20T16:00:00
2024-12-23T16:00:00,2024-12-23T09:30:00,2.8156806529787537,2.831210139828768,2.737609307029723,2.7527919401133403,49016733.97035726,2024-12-23T16:00:00
2024-12-24T13:00:00,2024-12-24T09:30:00,2.7527901610853993,2.8233261059252808,2.743553020685646,2.81388396188105,46728909.907002926,2024-12-24T13:00:00
2024-12-26T16:00:00,2024-12-26T09:30:00,2.8080322280426597,2.840303064569113,2.8005162063962334,2.8327209606864785,55633391.51141832,2024-12-26T16:00:00
2024-12-27T16:00:00,2024-12-27T09:30:00,2.8354086678992543,2.8541887118595324,2.7975776106054173,2.8162306307667992,45491436.416134536,2024-12-27T16:00:00
2024-12-30T16:00:00,2024-12-30T09:30:00,2.8212790797821343,2.8220546047854493,2.797047234406122,2.797816309865027,55703067.59277736,2024-12-30T16:00:00
2024-12-31T16:00:00,2024-12-31T09:30:00,2.796832509529009,2.8116521828553958,2.7870180061171768,2.80182017697283,39586757.46064869,2024-12-31T16:00:00
2025-01-02T16:00:00,2025-01-02T09:30:00,2.805036407337245,2.8170916815136247,2.7635159827461044,2.7754440772352744,40287320.49127736,2025-01-02T16:00:00
2025-01-03T16:00:00,2025-01-03T09:30:00,2.7733351304459584,2.820252813938212,2.7629207451602142,2.809701864852609,59479027.53147468,2025-01-03T16:00:00
2025-01-06T16:00:00,2025-01-06T09:30:00,2.808303210546499,2.811954500842943,2.7912427149332952,2.7948765481966933,35998444.430493414,2025-01-06T16:00:00
2025-01-07T16:00:00,2025-01-07T09:30:00,2.792220329636383,2.7928383285324827,2.7614913633443883,2.762102696339544,52034288.57240638,2025-01-07T16:00:00
2025-01-08T16:00:00,2025-01-08T09:30:00,2.76152462208643,2.7627240945886395,2.7448318041554276,2.746024544174759,50189592.925795086,2025-01-08T16:00:00
2025-01-10T16:00:00,2025-01-10T09:30:00,2.744031954694143,2.7733158434177323,2.730798685868354,2.7600055409550937,48683030.97582085,2025-01-10T16:00:00
2025-01-13T16:00:00,2025-01-13T09:30:00,2.7585340106224545,2.775859451565092,2.7532021078025486,2.7705044114506356,48228953.0052205,2025-01-13T16:00:00
2025-01-14T16:00:00,2025-01-14T09:30:00,2.7725231222907416,2.7968783322056066,2.7603925141637715,2.7846944708313197,55277890.347155385,2025-01-14T16:00:00
2025-01-15T16:00:00,2025-01-15T09:30:00,2.785109534381899,2.7898582957011877,2.750018130256978,2.754715067377811,43205602.33842824,2025-01-15T16:00:00
2025-01-16T16:00:00,2025-01-16T09:30:00,2.754665191233289,2.7768881579007765,2.7542943159055846,2.776514340905036,54713690.081349134,2025-01-16T16:00:00
2025-01-17T16:00:00,2025-01-17T09:30:00,2.7743978388617507,2.7820346415610815,2.746703105759535,2.75428454463993,41859392.69940746,2025-01-17T16:00:00
2025-01-21T16:00:00,2025-01-21T09:30:00,2.7526473711437416,2.8056630645378218,2.7511100516184444,2.8040970110247327,41953500.67619002,2025-01-21T16:00:00
2025-01-22T16:00:00,2025-01-22T09:30:00,2.79761264421572,2.8139856616507446,2.793008729660655,2.809362410994093,37409971.561929606,2025-01-22T16:00:00
2025-01-23T16:00:00,2025-01-23T09:30:00,2.8059876781183886,2.816183300757644,2.76826473837487,2.778359975101333,52264215.55695477,2025-01-23T16:00:00
2025-01-24T16:00:00,2025-01-24T09:30:00,2.778803922495236,2.7820162576380776,2.7330731369136845,2.7362362632632777,51498610.93704023,2025-01-24T16:00:00
2025-01-27T16:00:00,2025-01-27T09:30:00,2.7341895832422725,2.736218919869417,2.7187778383217207,2.7207972350445924,39564790.51081132,2025-01-27T16:00:00
2025-01-28T16:00:00,2025-01-28T09:30:00,2.7214775623086553,2.7225951309389003,2.7108402110500975,2.711953868797056,39106594.33676186,2025-01-28T16:00:00
2025-01-29T16:00:00,2025-01-29T09:30:00,2.708992403459668,2.7515039356797146,2.7025102146333038,2.744935740153884,60452018.834608145,2025-01-29T16:00:00
2025-01-30T16:00:00,2025-01-30T09:30:00,2.7484920821224965,2.7584235552818686,2.7337541906421357,2.743668233179599,36019179.57932576,2025-01-30T16:00:00
2025-01-31T16:00:00,2025-01-31T09:30:00,2.743183028547745,2.751517932602639,2.7427113102408445,2.7510448623732078,41243146.84184054,2025-01-31T16:00:00
2025-02-03T16:00:00,2025-02-03T09:30:00,2.755246648440559,2.761398604828058,2.7516856949344444,2.7578343069637543,50382376.883903645,2025-02-03T16:00:00
2025-02-04T16:00:00,2025-02-04T09:30:00,2.762963848469815,2.7713982050380053,2.7486132844440188,2.757029525612328,52119467.144907534,2025-02-04T16:00:00
2025-02-05T16:00:00,2025-02-05T09:30:00,2.7542954894467284,2.7590150486021274,2.744773981260026,2.7494852980234743,55244533.42940143,2025-02-05T16:00:00
2025-02-06T16:00:00,2025-02-06T09:30:00,2.7477051415387432,2.776087839888061,2.740621065461693,2.7689489933554166,55116819.88724592,2025-02-06T16:00:00
2025-02-07T16:00:00,2025-02-07T09:30:00,2.766134532372621,2.784935911360852,2.762846086416347,2.78162904516242,56219217.42325913,2025-02-07T16:00:00
2025-02-10T16:00:00,2025-02-10T09:30:00,2.785706803322542,2.827467224304951,2.7710035511139237,2.8126219113378568,56979487.31981032,2025-02-10T16:00:00
2025-02-11T16:00:00,2025-02-11T09:30:00,2.8122799354877634,2.8159627217256036,2.810810951973796,2.8144925824440823,49091742.72904422,2025-02-11T16:00:00
2025-02-12T16:00:00,2025-02-12T09:30:00,2.8135454821148453,2.8234651004168243,2.77431810090652,2.784134024266507,46488090.84141123,2025-02-12T16:00:00
2025-02-13T16:00:00,2025-02-13T09:30:00,2.7819176080937695,2.7825047462728056,2.7480369073714197,2.7486170172875806,46047205.97577316,2025-02-13T16:00:00
2025-02-14T16:00:00,2025-02-14T09:30:00,2.7503476719183864,2.760707638254602,2.6895274783293672,2.6996966532052444,48099581.29396705,2025-02-14T16:00:00
2025-02-18T16:00:00,2025-02-18T09:30:00,2.698701658823184,2.797124690051801,2.681013522820097,2.7789108379642027,47716803.269335754,2025-02-18T16:00:00
2025-02-19T16:00:00,2025-02-19T09:30:00,2.7813741652339705,2.837058040922263,2.773417804923244,2.828965541381853,60386714.04357597,2025-02-19T16:00:00
2025-02-20T16:00:00,2025-02-20T09:30:00,2.827733748102731,2.8442841377422092,2.827457294019207,2.8440060927889155,54741236.14333265,2025-02-20T16:00:00
2025-02-21T16:00:00,2025-02-21T09:30:00,2.841528476985832,2.8445162545408653,2.8319090467958605,2.83488984403777,39117549.60504687,2025-02-21T16:00:00
2025-02-24T16:00:00,2025-02-24T09:30:00,2.8326400881113334,2.8344620905773965,2.810222708820428,2.812031455462122,56745051.11527692,2025-02-24T16:00:00
2025-02-25T16:00:00,2025-02-25T09:30:00,2.81320003482832,2.8424046332409176,2.7908370006489487,2.819987642182061,56045626.0158574,2025-02-25T16:00:00
2025-02-26T16:00:00,2025-02-26T09:30:00,2.8161227522655645,2.817195776493494,2.786670737741417,2.7877329446314327,46887668.1283579,2025-02-26T16:00:00
2025-02-27T16:00:00,2025-02-27T09:30:00,2.7913900830243272,2.8782031276228355,2.7866175481377677,2.873290564687763,63729237.46510064,2025-02-27T16:00:00
2025-02-28T16:00:00,2025-02-28T09:30:00,2.8722313240815014,2.92300622417584,2.8691671773267884,2.9198912329943565,55282626.76488071,2025-02-28T16:00:00
2025-03-03T16:00:00,2025-03-03T09:30:00,2.920706329761914,2.9322758134198073,2.8969704535039718,2.908491552060783,43304721.59564037,2025-03-03T16:00:00
2025-03-04T16:00:00,2025-03-04T09:30:00,2.9066884045925425,2.91556310208425,2.8447874033396574,2.8534997051591273,45399099.860205434,2025-03-04T16:00:00
2025-03-05T16:00:00,2025-03-05T09:30:00,2.8543522970848105,2.856577215644161,2.824009999982169,2.826212984430921,54207538.685196556,2025-03-05T16:00:00
2025-03-06T16:00:00,2025-03-06T09:30:00,2.832185549552556,2.86366730558268,2.828811278764502,2.8602595873371977,55416664.543718345,2025-03-06T16:00:00
2025-03-07T16:00:00,2025-03-07T09:30:00,2.86175538873863,2.874456235973191,2.8019264090226077,2.81441716297802,42326419.813261874,2025-03-07T16:00:00
2025-03-10T16:00:00,2025-03-10T09:30:00,2.8126376464208103,2.817691526431052,2.7968925940606937,2.801927229087804,37003088.28528597,2025-03-10T16:00:00
2025-03-11T16:00:00,2025-03-11T09:30:00,2.8040325066773066,2.811832635714698,2.782800665145703,2.7905633262346203,35696759.17816965,2025-03-11T16:00:00
2025-03-12T16:00:00,2025-03-12T09:30:00,2.792641166645923,2.822031276551443,2.78839754664,2.8177495026150736,39060042.2926171,2025-03-12T16:00:00
2025-03-13T16:00:00,2025-03-13T09:30:00,2.8188074586323966,2.873500621987077,2.8081510900717688,2.8626784013978614,39884116.88707824,2025-03-13T16:00:00
2025-03-14T16:00:00,2025-03-14T09:30:00,2.8640171424853538,2.867858408565614,2.8067451990816847,2.8105147068305287,45527151.17657248,2025-03-14T16:00:00
2025-03-17T16:00:00,2025-03-17T09:30:00,2.8057176991359225,2.8168220983581027,2.7832081890862184,2.79426727008716,53144323.30677637,2025-03-17T16:00:00
2025-03-18T16:00:00,2025-03-18T09:30:00,2.791781379701104,2.8016370685634056,2.789591522097573,2.799441202637868,49443201.393706255,2025-03-18T16:00:00
2025-03-19T16:00:00,2025-03-19T09:30:00,2.7978635317126264,2.7997352990759348,2.7666214840099475,2.7684735895370194,44856850.44816513,2025-03-19T16:00:00
2025-03-20T16:00:00,2025-03-20T09:30:00,2.768522277381739,2.7864356556916117,2.715309031550062,2.732992518986892,40787808.89120168,2025-03-20T16:00:00
2025-03-21T16:00:00,2025-03-21T09:30:00,2.734490370836231,2.770012225872546,2.732156662989119,2.767650218274591,57224289.46941245,2025-03-21T16:00:00
2025-03-24T16:00:00,2025-03-24T09:30:00,2.765875490560216,2.777029262383048,2.7581233473419773,2.769267611791939,52159336.70059384,2025-03-24T16:00:00
2025-03-25T16:00:00,2025-03-25T09:30:00,2.7724423464646417,2.7857297880851712,2.746004932166005,2.759229046608359,55744149.177339286,2025-03-25T16:00:00
2025-03-26T16:00:00,2025-03-26T09:30:00,2.7651226387449954,2.776968815894925,2.7522884123683555,2.7641303383628584,45982806.31503486,2025-03-26T16:00:00
2025-03-27T16:00:00,2025-03-27T09:30:00,2.760779150156664,2.7623333202574387,2.7062275347834044,2.707751853369549,47354730.1016045,2025-03-27T16:00:00
2025-03-28T16:00:00,2025-03-28T09:30:00,2.712327869854464,2.7647860116510623,2.7023474214784597,2.7546498327784508,41547479.90254654,2025-03-28T16:00:00
2025-03-31T16:00:00,2025-03-31T09:30:00,2.758452714917242,2.801820920356463,2.75757436117985,2.8009290411960195,45405189.40146749,2025-03-31T16:00:00
2025-04-01T16:00:00,2025-04-01T09:30:00,2.800716202833258,2.8066447843501123,2.7603543246363498,2.766209862818997,57958733.896530844,2025-04-01T16:00:00
2025-04-02T16:00:00,2025-04-02T09:30:00,2.7698457603803437,2.7808041942025565,2.73339542693014,2.744252605694784,54596189.22562718,2025-04-02T16:00:00
2025-04-03T16:00:00,2025-04-03T09:30:00,2.7452036894003315,2.7617445441516355,2.7418751621789728,2.758400016538658,50855400.90885302,2025-04-03T16:00:00
2025-04-04T16:00:00,2025-04-04T09:30:00,2.7608742977679213,2.8345853147338147,2.7574291226995573,2.831052567252406,43384550.06903112,2025-04-04T16:00:00
2025-04-07T16:00:00,2025-04-07T09:30:00,2.8337348438226866,2.8352100757479435,2.8223634876894694,2.8238335650454536,52153243.3227069,2025-04-07T16:00:00
2025-04-08T16:00:00,2025-04-08T09:30:00,2.8228087671039175,2.823349021346752,2.8080867077697906,2.8086242472530842,43968110.710445344,2025-04-08T16:00:00
2025-04-09T16:00:00,2025-04-09T09:30:00,2.811287422913959,2.842627363889784,2.8083636969887533,2.8396741159350483,50373423.58244209,2025-04-09T16:00:00
2025-04-10T16:00:00,2025-04-10T09:30:00,2.837128955883801,2.846367819275263,2.8102291873813576,2.819410351681146,52425262.83792537,2025-04-10T16:00:00
2025-04-11T16:00:00,2025-04-11T09:30:00,2.8241166105042823,2.824876549353554,2.7914139570798655,2.792165298180932,41016271.19557773,2025-04-11T16:00:00
2025-04-14T16:00:00,2025-04-14T09:30:00,2.7968435755844565,2.833575042221717,2.794777703548364,2.8314835835477425,45690241.20917329,2025-04-14T16:00:00
2025-04-15T16:00:00,2025-04-15T09:30:00,2.831943141617354,2.8425650136529996,2.797941399415461,2.8084752495757557,51824117.5509012,2025-04-15T16:00:00
2025-04-16T16:00:00,2025-04-16T09:30:00,2.8066710827057184,2.9123660655240546,2.7985286405847054,2.9039414320928962,52721714.64730804,2025-04-16T16:00:00
2025-04-17T16:00:00,2025-04-17T09:30:00,2.909254399743134,2.9642499297071487,2.908340043222351,2.96331858122551,40896643.146990374,2025-04-17T16:00:00
2025-04-21T16:00:00,2025-04-21T09:30:00,2.9630250069435244,2.9779097450817824,2.9586005478374164,2.9734696897280055,56529365.34179914,2025-04-21T16:00:00
2025-04-22T16:00:00,2025-04-22T09:30:00,2.9739113080463158,2.985512199846799,2.9324909307852556,2.943975044606471,54194275.697301365,2025-04-22T16:00:00
2025-04-23T16:00:00,2025-04-23T09:30:00,2.9435309673253762,2.946894713910076,2.9037287327901034,2.907050791324364,57717530.19403015,2025-04-23T16:00:00
2025-04-24T16:00:00,2025-04-24T09:30:00,2.896470739702984,2.89705886601147,2.8786500441267244,2.879234670663741,49817513.35252067,2025-04-24T16:00:00
2025-04-25T16:00:00,2025-04-25T09:30:00,2.8796445925589085,2.923984384988402,2.854883457831559,2.8990563349514624,38508303.323475055,2025-04-25T16:00:00
2025-04-28T16:00:00,2025-04-28T09:30:00,2.9027119185991412,2.9599614976856072,2.901840306240404,2.959072961504278,46998565.26789123,2025-04-28T16:00:00
2025-04-29T16:00:00,2025-04-29T09:30:00,2.962194471795878,2.9640380377727733,2.9363180302047676,2.938146629647891,43503551.817170255,2025-04-29T16:00:00
2025-04-30T16:00:00,2025-04-30T09:30:00,2.937463382113365,2.9404947754599347,2.913960917866714,2.916971163724311,52445077.74820605,2025-04-30T16:00:00
2025-05-01T16:00:00,2025-05-01T09:30:00,2.919136808021888,2.944225269272307,2.914316881287594,2.939371931355755,53442450.74534251,2025-05-01T16:00:00
2025-05-02T16:00:00,2025-05-02T09:30:00,2.931067823401099,2.9362769858689206,2.930865119077435,2.9360739353367773,50399136.50229514,2025-05-02T16:00:00
2025-05-05T16:00:00,2025-05-05T09:30:00,2.9376879753027056,2.9548639228556746,2.9336322700958632,2.9507901291132637,38515543.61397508,2025-05-05T16:00:00
2025-05-06T16:00:00,2025-05-06T09:30:00,2.945979325219603,2.9568035016816414,2.912297190083955,2.923037071656726,44914273.40132241,2025-05-06T16:00:00
2025-05-07T16:00:00,2025-05-07T09:30:00,2.9286885250285533,2.9385981740708647,2.872509205541337,2.882261762794618,43541470.537582025,2025-05-07T16:00:00
2025-05-08T16:00:00,2025-05-08T09:30:00,2.880224924277567,2.8807264213897983,2.838746650628688,2.8392410117309446,49048361.80397047,2025-05-08T16:00:00
2025-05-09T16:00:00,2025-05-09T09:30:00,2.8367819427316383,2.83752137334448,2.8265516208577446,2.8272885769464877,47520862.70807529,2025-05-09T16:00:00
2025-05-12T16:00:00,2025-05-12T09:30:00,2.8269113926198055,2.8290987868607442,2.8183354713221784,2.8205179184506557,43054898.91691947,2025-05-12T16:00:00
2025-05-13T16:00:00,2025-05-13T09:30:00,2.820212247260207,2.8284788797193503,2.8101638278811927,2.8184252221957893,36482729.66200481,2025-05-13T16:00:00
2025-05-14T16:00:00,2025-05-14T09:30:00,2.8168924945275102,2.8205214467758233,2.803781896989648,2.8073986184471114,37896349.44823129,2025-05-14T16:00:00
2025-05-15T16:00:00,2025-05-15T09:30:00,2.8079541658419824,2.810539696311247,2.766700792540535,2.769250685309797,44642370.95496401,2025-05-15T16:00:00
2025-05-16T16:00:00,2025-05-16T09:30:00,2.772689348575465,2.7862156224528754,2.76216213137996,2.7756770616481594,45169960.509239875,2025-05-16T16:00:00
2025-05-19T16:00:00,2025-05-19T09:30:00,2.775501595533657,2.7862250856043747,2.7150827844434637,2.725613525851834,49382424.09647564,2025-05-19T16:00:00
2025-05-20T16:00:00,2025-05-20T09:30:00,2.7256545715795024,2.7436051521361544,2.7205386232667057,2.7384651588460533,46615575.87945881,2025-05-20T16:00:00
2025-05-21T16:00:00,2025-05-21T09:30:00,2.7379061570035996,2.739841101762813,2.6916288932422523,2.6935324780451255,47878111.23845691,2025-05-21T16:00:00
2025-05-22T16:00:00,2025-05-22T09:30:00,2.6958358058744074,2.705618423650743,2.660943635788677,2.6706348044627135,43311157.6453716,2025-05-22T16:00:00
2025-05-23T16:00:00,2025-05-23T09:30:00,2.6656403705868343,2.7198895004070356,2.6615403473238333,2.7157124612274393,49153530.246563114,2025-05-23T16:00:00
2025-05-27T16:00:00,2025-05-27T09:30:00,2.719804360182031,2.7202249432267713,2.7004471303132207,2.700864784594229,47214756.56895385,2025-05-27T16:00:00
2025-05-28T16:00:00,2025-05-28T09:30:00,2.687145865830398,2.712206888367705,2.6621197593268837,2.6871804596824154,39517468.04287456,2025-05-28T16:00:00
2025-05-29T16:00:00,2025-05-29T09:30:00,2.683625171935455,2.694235616614131,2.64464987387613,2.655147725195501,59962297.27833571,2025-05-29T16:00:00
2025-05-30T16:00:00,2025-05-30T09:30:00,2.6548860857643155,2.6959500743800113,2.6398932511822695,2.6808108359678853,39631893.72854627,2025-05-30T16:00:00
2025-06-02T16:00:00,2025-06-02T09:30:00,2.6844888246961762,2.7408305797120858,2.671024426135721,2.7271521975245023,57514874.716384225,2025-06-02T16:00:00
2025-06-03T16:00:00,2025-06-03T09:30:00,2.72121117771996,2.7331211288197323,2.7036210038240114,2.715505984951795,45370731.187606715,2025-06-03T16:00:00
2025-06-04T16:00:00,2025-06-04T09:30:00,2.72019596959347,2.7840342272111056,2.702071277532051,2.7656069612728067,47710073.06523423,2025-06-04T16:00:00
2025-06-05T16:00:00,2025-06-05T09:30:00,2.762246953802802,2.8614081964773668,2.759496895526631,2.858562247907495,60586386.14718782,2025-06-05T16:00:00
2025-06-06T16:00:00,2025-06-06T09:30:00,2.8566073838077477,2.8984285459784442,2.8407462905381657,2.882424107332782,53463148.71499788,2025-06-06T16:00:00
2025-06-09T16:00:00,2025-06-09T09:30:00,2.885264353016583,2.9114577973946267,2.8818996164469213,2.90806646946082,54373616.41660501,2025-06-09T16:00:00
2025-06-10T16:00:00,2025-06-10T09:30:00,2.9072073977169515,3.011659358013879,2.8896970681974032,2.993628507628436,47252190.26498187,2025-06-10T16:00:00
2025-06-11T16:00:00,2025-06-11T09:30:00,2.9965739008948518,3.012291514853201,2.993264073080603,3.00896799729648,48911670.65776983,2025-06-11T16:00:00
2025-06-12T16:00:00,2025-06-12T09:30:00,3.0176360123560158,3.071120830755529,2.978358872100402,3.0316611413271697,44088239.813026026,2025-06-12T16:00:00
2025-06-13T16:00:00,2025-06-13T09:30:00,3.034651015430925,3.0484637903620575,3.009171168450972,3.0229305957257635,48372441.38833905,2025-06-13T16:00:00
2025-06-16T16:00:00,2025-06-16T09:30:00,3.0367595256651336,3.0634074909783875,2.948583345123403,2.974686612437157,41405722.18660267,2025-06-16T16:00:00
2025-06-17T16:00:00,2025-06-17T09:30:00,2.9750713527301533,3.0497565585211652,2.925986362233666,3.0002560517015047,40631333.95501578,2025-06-17T16:00:00
2025-06-18T16:00:00,2025-06-18T09:30:00,3.0027331818075407,3.042093746946614,2.96252614985792,3.0018754719248775,53365099.69388469,2025-06-18T16:00:00
2025-06-20T16:00:00,2025-06-20T09:30:00,2.984344598854618,3.1014768074678827,2.98039919850245,3.097381968047454,60875579.59912208,2025-06-20T16:00:00
2025-06-23T16:00:00,2025-06-23T09:30:00,3.1073780429098994,3.1836794253534366,3.105837674466063,3.1821020152470165,59693767.417227626,2025-06-23T16:00:00
2025-06-24T16:00:00,2025-06-24T09:30:00,3.184419985416548,3.2041127075360696,3.0864976957040198,3.105703629229148,54522556.64506327,2025-06-24T16:00:00
2025-06-25T16:00:00,2025-06-25T09:30:00,3.1068233062675037,3.132936152102027,3.093658894070586,3.1197171055497557,39221560.60689164,2025-06-25T16:00:00
2025-06-26T16:00:00,2025-06-26T09:30:00,3.120847119518644,3.180036168855254,3.107667771349573,3.16666333863455,41081055.71994539,2025-06-26T16:00:00
2025-06-27T16:00:00,2025-06-27T09:30:00,3.1647640222199334,3.1877689672797658,3.14503683317162,3.168021473288464,47616188.29070319,2025-06-27T16:00:00
2025-06-30T16:00:00,2025-06-30T09:30:00,3.1714129317190505,3.260632309864935,3.133435867048947,3.222048889265852,55177570.73047763,2025-06-30T16:00:00
2025-07-01T16:00:00,2025-07-01T09:30:00,3.2156042959188156,3.218275698186107,3.1266079517334533,3.1292075788802554,64637301.06565845,2025-07-01T16:00:00
2025-07-02T16:00:00,2025-07-02T09:30:00,3.1347124027035047,3.162507161778325,3.130342809373152,3.1581049606829854,37234995.329033606,2025-07-02T16:00:00
2025-07-03T13:00:00,2025-07-03T09:30:00,3.1510913639729643,3.172749369368492,3.0096295099869668,3.03045838368296,63379454.44176185,2025-07-03T13:00:00
2025-07-07T16:00:00,2025-07-07T09:30:00,3.040522141165197,3.190182605848122,2.986952334431065,3.134949125874167,49021762.963238575,2025-07-07T16:00:00
2025-07-08T16:00:00,2025-07-08T09:30:00,3.1384099157446212,3.250093353213083,3.1201287517583207,3.2312712739977996,45732603.22292751,2025-07-08T16:00:00
2025-07-09T16:00:00,2025-07-09T09:30:00,3.233485176927216,3.2883957618157407,3.20305390521676,3.25773625612861,37836984.90402033,2025-07-09T16:00:00
2025-07-10T16:00:00,2025-07-10T09:30:00,3.2681849642910143,3.361416195076218,3.259857893243124,3.3528733448818553,57051075.75112971,2025-07-10T16:00:00
2025-07-11T16:00:00,2025-07-11T09:30:00,3.348896801354426,3.3847106883975404,3.2388708812975793,3.273882548343086,63635647.39745876,2025-07-11T16:00:00
2025-07-14T16:00:00,2025-07-14T09:30:00,3.254871120037185,3.31608587284913,3.231397072155205,3.2923415888970458,39826287.01016792,2025-07-14T16:00:00
2025-07-15T16:00:00,2025-07-15T09:30:00,3.2950017289127462,3.313702261147677,3.2899285226561696,3.308608105598502,41187441.12788568,2025-07-15T16:00:00
2025-07-16T16:00:00,2025-07-16T09:30:00,3.3004760345624318,3.3513361221466877,3.278028420826183,3.328696571337627,53237899.74733881,2025-07-16T16:00:00
2025-07-17T16:00:00,2025-07-17T09:30:00,3.3196604014298416,3.4109173904308254,3.2973605241508377,3.3881573834672434,42180199.76422809,2025-07-17T16:00:00
2025-07-18T16:00:00,2025-07-18T09:30:00,3.3693893869251483,3.5520131162417474,3.3664961436282166,3.5489656735253274,53384239.67794237,2025-07-18T16:00:00
2025-07-21T16:00:00,2025-07-21T09:30:00,3.5305897551537515,3.626322395591486,3.5222266836749743,3.6177528568366335,53093162.98502637,2025-07-21T16:00:00
2025-07-22T16:00:00,2025-07-22T09:30:00,3.6301262496167817,3.640683716281226,3.586098969353304,3.596558812112105,38499668.59267283,2025-07-22T16:00:00
2025-07-23T16:00:00,2025-07-23T09:30:00,3.5984144904591386,3.6223441128177924,3.5542141793518995,3.5780080982610767,36958484.9507962,2025-07-23T16:00:00
2025-07-24T16:00:00,2025-07-24T09:30:00,3.5803955142465114,3.6101148713551057,3.56993797133837,3.5996012327935687,36903228.925459415,2025-07-24T16:00:00
2025-07-25T16:00:00,2025-07-25T09:30:00,3.591707662681193,3.6161711464391657,3.5745423555986338,3.59897112618027,49558861.67090668,2025-07-25T16:00:00
2025-07-28T16:00:00,2025-07-28T09:30:00,3.601336689122315,3.6025964370368495,3.539289931182872,3.5405284083550415,59373058.83462197,2025-07-28T16:00:00
2025-07-29T16:00:00,2025-07-29T09:30:00,3.5403414853780646,3.6280300895017845,3.503813672533678,3.5909798108771276,55615027.9051649,2025-07-29T16:00:00
2025-07-30T16:00:00,2025-07-30T09:30:00,3.58290240432514,3.6843857699825873,3.544837064117643,3.6456537492398424,41702724.75001962,2025-07-30T16:00:00
2025-07-31T16:00:00,2025-07-31T09:30:00,3.647434098345553,3.803907940925646,3.6450046023741325,3.801375906842914,54784519.500902764,2025-07-31T16:00:00
2025-08-01T16:00:00,2025-08-01T09:30:00,3.8135704655402063,3.8238129687470845,3.7847538281524007,3.794946310527314,55390999.327393875,2025-08-01T16:00:00
2025-08-04T16:00:00,2025-08-04T09:30:00,3.7907067409377713,3.9517769261487095,3.7809133271050333,3.9415936909858686,54225754.61742345,2025-08-04T16:00:00
2025-08-05T16:00:00,2025-08-05T09:30:00,3.9255269905775143,3.9476284662223584,3.7874555726495105,3.808900418151138,61797102.03476211,2025-08-05T16:00:00
2025-08-06T16:00:00,2025-08-06T09:30:00,3.823145766819404,4.014052797857689,3.8032688233192737,3.9932912498045607,53642913.29437168,2025-08-06T16:00:00
2025-08-07T16:00:00,2025-08-07T09:30:00,3.9833622672361706,4.062280889250719,3.9826021820317083,4.0615058930715975,53237971.96664989,2025-08-07T16:00:00
2025-08-08T16:00:00,2025-08-08T09:30:00,4.064959401309719,4.221298631293336,4.04816667931804,4.2039318015060765,49212034.19314127,2025-08-08T16:00:00
2025-08-11T16:00:00,2025-08-11T09:30:00,4.2017689844255255,4.253328062569241,4.183345559017501,4.234759982091674,48808725.479323074,2025-08-11T16:00:00
2025-08-12T16:00:00,2025-08-12T09:30:00,4.232187174557846,4.312161654061907,4.209529202960922,4.2891984596510895,59496836.68724282,2025-08-12T16:00:00
2025-08-13T16:00:00,2025-08-13T09:30:00,4.283425366784006,4.377261981248472,4.240960265018637,4.3342925910526695,53790782.58858743,2025-08-13T16:00:00
2025-08-14T16:00:00,2025-08-14T09:30:00,4.3470226306154744,4.424742560806483,4.325613790591229,4.403057750991003,51455246.97101439,2025-08-14T16:00:00
2025-08-15T16:00:00,2025-08-15T09:30:00,4.407041218099947,4.601247307052301,4.402460076293272,4.596469253837057,62858651.81736285,2025-08-15T16:00:00
2025-08-18T16:00:00,2025-08-18T09:30:00,4.575335422666321,4.810084549247829,4.56741785557845,4.801775130762281,54254775.21360997,2025-08-18T16:00:00
2025-08-19T16:00:00,2025-08-19T09:30:00,4.805517079168723,4.833264191066031,4.773276961339569,4.800997979904801,53823999.7202143,2025-08-19T16:00:00
2025-08-20T16:00:00,2025-08-20T09:30:00,4.792230249994979,4.93155225969643,4.7736964447605335,4.912553109450149,47849258.75097214,2025-08-20T16:00:00
2025-08-21T16:00:00,2025-08-21T09:30:00,4.907066977272075,4.92981625998373,4.905234428947446,4.927975903202977,44786866.02780534,2025-08-21T16:00:00
2025-08-22T16:00:00,2025-08-22T09:30:00,4.929737108209909,5.028085062951698,4.9230852310568745,5.021309623606675,49881549.043336384,2025-08-22T16:00:00
2025-08-25T16:00:00,2025-08-25T09:30:00,5.02164772607971,5.032512079406754,4.888676466019003,4.899276067813254,56812711.83290473,2025-08-25T16:00:00
2025-08-26T16:00:00,2025-08-26T09:30:00,4.909279112134195,4.943728333808958,4.751685134984058,4.78526412301482,65332057.8088785,2025-08-26T16:00:00
2025-08-27T16:00:00,2025-08-27T09:30:00,4.777388053448072,4.794145590914915,4.648094799925289,4.664456208881037,50926167.09335153,2025-08-27T16:00:00
2025-08-28T16:00:00,2025-08-28T09:30:00,4.662814996212225,4.745852361555848,4.638375364181868,4.721107197363581,46169538.649154246,2025-08-28T16:00:00
2025-08-29T16:00:00,2025-08-29T09:30:00,4.7163410512406125,4.737017750901575,4.666518511297603,4.6870668713370005,49398861.08017385,2025-08-29T16:00:00
2025-09-02T16:00:00,2025-09-02T09:30:00,4.690724645995246,4.793385351244737,4.682350914861959,4.784843601971105,62560129.649302065,2025-09-02T16:00:00
2025-09-03T16:00:00,2025-09-03T09:30:00,4.795814027698392,4.8091110625444875,4.614367099707899,4.6271966202739945,56940229.90102426,2025-09-03T16:00:00
2025-09-04T16:00:00,2025-09-04T09:30:00,4.616923919655081,4.628901122525514,4.539291198231972,4.551097634856098,58735123.43829769,2025-09-04T16:00:00
2025-09-05T16:00:00,2025-09-05T09:30:00,4.561013111604663,4.59735571128765,4.496717064646488,4.532835139484758,49320093.52621417,2025-09-05T16:00:00
2025-09-08T16:00:00,2025-09-08T09:30:00,4.54698768258071,4.585122147738888,4.457862617972565,4.495565820646836,54915314.42988952,2025-09-08T16:00:00
2025-09-09T16:00:00,2025-09-09T09:30:00,4.508231739908152,4.606879430642196,4.494493796477026,4.592883527652098,49274300.73842123,2025-09-09T16:00:00
2025-09-10T16:00:00,2025-09-10T09:30:00,4.583264487696178,4.618515566766501,4.495333948470605,4.530176715680677,48469685.45106794,2025-09-10T16:00:00
2025-09-11T16:00:00,2025-09-11T09:30:00,4.537812228576587,4.6279779930703775,4.5198223099424135,4.609703066977055,55952243.508371465,2025-09-11T16:00:00
2025-09-12T16:00:00,2025-09-12T09:30:00,4.6304448799500735,4.638634463836896,4.603719181085137,4.611875923196933,56851053.3422946,2025-09-12T16:00:00
2025-09-15T16:00:00,2025-09-15T09:30:00,4.617470150964592,4.630620626703932,4.59718012374313,4.610310208088046,56191233.86277866,2025-09-15T16:00:00
2025-09-16T16:00:00,2025-09-16T09:30:00,4.595668462856613,4.7822494366537045,4.563399811264566,4.748904830389316,58747366.06309317,2025-09-16T16:00:00
2025-09-17T16:00:00,2025-09-17T09:30:00,4.740431722409446,4.781641808360205,4.566821100540013,4.6068700926145425,53062740.10344785,2025-09-17T16:00:00
2025-09-18T16:00:00,2025-09-18T09:30:00,4.613654184409686,4.628393045667776,4.567505903365968,4.582144101957345,41526848.15568725,2025-09-18T16:00:00
2025-09-19T16:00:00,2025-09-19T09:30:00,4.5850999910893195,4.58952429047222,4.4706762234143405,4.474994278519664,46178807.792560965,2025-09-19T16:00:00
2025-09-22T16:00:00,2025-09-22T09:30:00,4.473517467872112,4.52579417635796,4.447285231393488,4.499410108156787,55668597.40443264,2025-09-22T16:00:00
2025-09-23T16:00:00,2025-09-23T09:30:00,4.501141641887449,4.653359176718922,4.472706076097009,4.624146538331427,55103731.79198822,2025-09-23T16:00:00
2025-09-24T16:00:00,2025-09-24T09:30:00,4.627762023123395,4.682158606945479,4.624450536385852,4.678810591394233,49850539.51995207,2025-09-24T16:00:00
2025-09-25T16:00:00,2025-09-25T09:30:00,4.68815824058396,4.7823609756111445,4.662087507216752,4.755913457141034,41111905.70303805,2025-09-25T16:00:00
2025-09-26T16:00:00,2025-09-26T09:30:00,4.734133217144782,4.835350639726404,4.722935404003459,4.82394040246564,42241578.91277013,2025-09-26T16:00:00
2025-09-29T16:00:00,2025-09-29T09:30:00,4.812587262005516,4.943046790754228,4.784564011487398,4.9144305163851785,43595210.614984,2025-09-29T16:00:00
2025-09-30T16:00:00,2025-09-30T09:30:00,4.910061832037515,4.9995899256827165,4.899736486083728,4.989098374155908,48274726.356447205,2025-09-30T16:00:00
2025-10-01T16:00:00,2025-10-01T09:30:00,4.998103469048225,5.0261814401345815,4.929391164440129,4.957239573396029,57407195.33165005,2025-10-01T16:00:00
2025-10-02T16:00:00,2025-10-02T09:30:00,4.968475872654897,4.984524834686953,4.929660259393705,4.945635443230188,48540235.23451237,2025-10-02T16:00:00
2025-10-03T16:00:00,2025-10-03T09:30:00,4.9346477489023,4.966710186581528,4.932509042370986,4.964558516540484,55666028.89930614,2025-10-03T16:00:00
2025-10-06T16:00:00,2025-10-06T09:30:00,4.970502943096686,5.0419367770775665,4.857469704426877,4.92829697318035,43476131.434896566,2025-10-06T16:00:00
2025-10-07T16:00:00,2025-10-07T09:30:00,4.918198756733259,4.948362984407674,4.845852804854803,4.8757567276715035,38262420.077037506,2025-10-07T16:00:00
2025-10-08T16:00:00,2025-10-08T09:30:00,4.8752699838962945,4.901484511621339,4.707201718615297,4.732649369415613,45828732.80851693,2025-10-08T16:00:00
2025-10-09T16:00:00,2025-10-09T09:30:00,4.726040559009252,4.736626977249904,4.652645416644075,4.663090826319509,51627136.71614288,2025-10-09T16:00:00
2025-10-10T16:00:00,2025-10-10T09:30:00,4.658713635244687,4.72333644208442,4.620949292033238,4.685356130174035,46036223.35183418,2025-10-10T16:00:00
2025-10-13T16:00:00,2025-10-13T09:30:00,4.678803529521534,4.705147427384668,4.583997347649279,4.6099535874647986,56593844.88853528,2025-10-13T16:00:00
2025-10-14T16:00:00,2025-10-14T09:30:00,4.617625132269767,4.778033566452329,4.603742391736341,4.763711621616054,64210430.40105942,2025-10-14T16:00:00
2025-10-15T16:00:00,2025-10-15T09:30:00,4.7602413977216385,4.800277153978359,4.725852646356511,4.765847900334404,35562278.53535052,2025-10-15T16:00:00
2025-10-16T16:00:00,2025-10-16T09:30:00,4.759136465504129,4.786383585170725,4.651661063175086,4.678446213116994,46333280.54658532,2025-10-16T16:00:00
2025-10-17T16:00:00,2025-10-17T09:30:00,4.691563140287759,4.866046686641632,4.66888605661435,4.842639362740145,53056791.9768865,2025-10-17T16:00:00
2025-10-20T16:00:00,2025-10-20T09:30:00,4.844797918747605,4.855654709945173,4.815036775788607,4.825851108752948,49995567.778842084,2025-10-20T16:00:00
2025-10-21T16:00:00,2025-10-21T09:30:00,4.824244052883223,4.827311521155751,4.662491779624841,4.66545828486561,48970443.315449975,2025-10-21T16:00:00
2025-10-22T16:00:00,2025-10-22T09:30:00,4.642045574190998,4.64314667615187,4.541481529593414,4.542559033159212,49913392.98217709,2025-10-22T16:00:00
2025-10-23T16:00:00,2025-10-23T09:30:00,4.536546084733373,4.548795311314636,4.530016696241359,4.542257702170067,38037578.6589983,2025-10-23T16:00:00
2025-10-24T16:00:00,2025-10-24T09:30:00,4.548375799191351,4.556246104874713,4.475218111927038,4.482975251432969,53134734.171988055,2025-10-24T16:00:00
2025-10-27T16:00:00,2025-10-27T09:30:00,4.485024277127071,4.5046615525475975,4.424313749945586,4.443770398970923,53536151.48612411,2025-10-27T16:00:00
2025-10-28T16:00:00,2025-10-28T09:30:00,4.4591718885509986,4.4659557852548595,4.3328063430352985,4.3394080387372025,44528668.82387381,2025-10-28T16:00:00
2025-10-29T16:00:00,2025-10-29T09:30:00,4.344994015775459,4.367220676100635,4.270860914620185,4.292820684147371,52552649.60814671,2025-10-29T16:00:00
2025-10-30T16:00:00,2025-10-30T09:30:00,4.292909256127227,4.308043103739027,4.246125609801629,4.261147487245541,45630742.212040775,2025-10-30T16:00:00
2025-10-31T16:00:00,2025-10-31T09:30:00,4.255258568541018,4.276219149819773,4.088437990664601,4.108676537187369,50528602.32966518,2025-10-31T16:00:00
2025-11-03T16:00:00,2025-11-03T09:30:00,4.1060065624111886,4.159831559115595,4.087393415413418,4.141059511811656,57667696.21159897,2025-11-03T16:00:00
2025-11-04T16:00:00,2025-11-04T09:30:00,4.13989122128965,4.160993189386903,4.062639579086101,4.083453873170719,44551935.68150204,2025-11-04T16:00:00
2025-11-05T16:00:00,2025-11-05T09:30:00,4.0894423654481065,4.215400431554808,4.084803694289396,4.210624303229689,59437644.910964884,2025-11-05T16:00:00
2025-11-06T16:00:00,2025-11-06T09:30:00,4.2038918619022665,4.214586767610812,4.140341307162387,4.150901402560695,56538349.278961375,2025-11-06T16:00:00
2025-11-07T16:00:00,2025-11-07T09:30:00,4.154325841445397,4.154835127816289,4.069508512660746,4.070007462287974,60723854.93116179,2025-11-07T16:00:00
2025-11-10T16:00:00,2025-11-10T09:30:00,4.070010997021942,4.087784013936027,4.037834714627322,4.0555445591704204,41580150.09185342,2025-11-10T16:00:00
2025-11-11T16:00:00,2025-11-11T09:30:00,4.0664319096587915,4.067614716293009,3.991713978045484,3.9928753892297624,58565513.19765601,2025-11-11T16:00:00
2025-11-12T16:00:00,2025-11-12T09:30:00,3.9872808723504805,4.00509508231057,3.9601758479973785,3.9779483625529273,44154293.078425206,2025-11-12T16:00:00
2025-11-13T16:00:00,2025-11-13T09:30:00,3.9703737093641958,3.9791883030014006,3.860914450120326,3.8695051062109336,46720046.35202517,2025-11-13T16:00:00
2025-11-14T16:00:00,2025-11-14T09:30:00,3.8756639773888732,3.8757520126163674,3.834685301443283,3.834772407823837,57922198.321665354,2025-11-14T16:00:00
2025-11-17T16:00:00,2025-11-17T09:30:00,3.8375030899772407,3.8389175249056815,3.783125315485373,3.784520221877291,45703969.03416504,2025-11-17T16:00:00
2025-11-18T16:00:00,2025-11-18T09:30:00,3.784809308855921,3.880062734245669,3.7748929134830367,3.8699233357374987,46366397.79346741,2025-11-18T16:00:00
2025-11-19T16:00:00,2025-11-19T09:30:00,3.8736570932123158,3.8974277137344564,3.6965838512661264,3.719407924801811,54957633.422001876,2025-11-19T16:00:00
2025-11-20T16:00:00,2025-11-20T09:30:00,3.7195526593530763,3.771675360190066,3.716740323342946,3.7688257690169276,50648551.31365295,2025-11-20T16:00:00
2025-11-21T16:00:00,2025-11-21T09:30:00,3.75945306362877,3.7712404084393865,3.735133150676648,3.7468810774299643,39357154.0697785,2025-11-21T16:00:00
2025-11-24T16:00:00,2025-11-24T09:30:00,3.760459598565681,3.8184331309481307,3.7594160675545063,3.8173738061917826,50043871.93850884,2025-11-24T16:00:00
2025-11-25T16:00:00,2025-11-25T09:30:00,3.817917108005692,3.842767665655192,3.7970980730844945,3.821926766138633,44692012.04353443,2025-11-25T16:00:00
2025-11-26T16:00:00,2025-11-26T09:30:00,3.8021226310004668,3.8940490244084742,3.7757434869174524,3.867218246648432,40036832.00682267,2025-11-26T16:00:00
2025-11-28T13:00:00,2025-11-28T09:30:00,3.860620600507937,3.9463824855315037,3.842967680746531,3.928419550993542,47987963.04569085,2025-11-28T13:00:00
2025-12-01T16:00:00,2025-12-01T09:30:00,3.9299590957687625,3.953316144845631,3.7818304791424278,3.8044415357706627,53918543.211396635,2025-12-01T16:00:00
2025-12-02T16:00:00,2025-12-02T09:30:00,3.8079262241583365,3.8237275230765366,3.7468815909293354,3.762494366667631,43879541.28493134,2025-12-02T16:00:00
2025-12-03T16:00:00,2025-12-03T09:30:00,3.7433825347839305,3.7540826871929354,3.6702610109861395,3.6807822255378566,59972986.83720454,2025-12-03T16:00:00
2025-12-04T16:00:00,2025-12-04T09:30:00,3.68539039424488,3.6887578817602265,3.5394751630197896,3.542712279877635,49449323.85745787,2025-12-04T16:00:00
2025-12-05T16:00:00,2025-12-05T09:30:00,3.5527477183564233,3.6124382379502,3.532874265096316,3.5923432939221875,57885263.65242904,2025-12-05T16:00:00
2025-12-08T16:00:00,2025-12-08T09:30:00,3.586352570804834,3.5929866724132324,3.5624560137779246,3.5690581237969727,35703971.91692469,2025-12-08T16:00:00
2025-12-09T16:00:00,2025-12-09T09:30:00,3.570865591343987,3.678704486451329,3.560083786867755,3.6676305117923382,52335309.696348675,2025-12-09T16:00:00
2025-12-10T16:00:00,2025-12-10T09:30:00,3.666637958947816,3.6682564115280742,3.6387612504570037,3.640368107534985,56933734.79791395,2025-12-10T16:00:00
2025-12-11T16:00:00,2025-12-11T09:30:00,3.6354140627187554,3.6614784216023257,3.597272835466794,3.623249983119208,36269248.56560615,2025-12-11T16:00:00
2025-12-12T16:00:00,2025-12-12T09:30:00,3.61589087827819,3.670643982926634,3.58405040030172,3.6386035042062277,51607287.918522306,2025-12-12T16:00:00
2025-12-15T16:00:00,2025-12-15T09:30:00,3.6260307994131984,3.6391257882868686,3.5506967717941373,3.5635661769423783,56293253.9252931,2025-12-15T16:00:00
2025-12-16T16:00:00,2025-12-16T09:30:00,3.5713371758140147,3.7318800275104156,3.5434752986109284,3.7029910492873337,62217537.511036515,2025-12-16T16:00:00
2025-12-17T16:00:00,2025-12-17T09:30:00,3.704914928851355,3.7172295244451647,3.6418426550483227,3.6539879768989656,60053355.47084367,2025-12-17T16:00:00
2025-12-18T16:00:00,2025-12-18T09:30:00,3.6540513075026277,3.7603549223812185,3.652381967291997,3.758637802206267,47060937.856062755,2025-12-18T16:00:00
2025-12-19T16:00:00,2025-12-19T09:30:00,3.7473233639905117,3.8199370132820496,3.7275668181928583,3.79990325706919,60217707.94052974,2025-12-19T16:00:00
2025-12-22T16:00:00,2025-12-22T09:30:00,3.80201862562561,3.8098921336616653,3.676678977332094,3.684308722789065,47816364.4320258,2025-12-22T16:00:00
2025-12-23T16:00:00,2025-12-23T09:30:00,3.66938526305874,3.7499739181415648,3.641331532819859,3.721521587516751,49132216.82106144,2025-12-23T16:00:00
2025-12-24T13:00:00,2025-12-24T09:30:00,3.7251507095254954,3.7857328325397197,3.724387800271858,3.78495767484546,51185548.607643105,2025-12-24T13:00:00
2025-12-26T16:00:00,2025-12-26T09:30:00,3.779353632871898,3.870886285054212,3.754556722623365,3.845654365679636,42037496.445486106,2025-12-26T16:00:00
2025-12-29T16:00:00,2025-12-29T09:30:00,3.8327452765967913,3.839760211458023,3.8248378254583955,3.8318511237841197,36704485.54427408,2025-12-29T16:00:00
2025-12-30T16:00:00,2025-12-30T09:30:00,3.8156583205637977,3.845679340497883,3.768083994899437,3.797965812871108,54722212.90173136,2025-12-30T16:00:00
2025-12-31T16:00:00,2025-12-31T09:30:00,3.781410394923792,3.899685176341254,3.7525620121150345,3.870159724826468,63215549.759328075,2025-12-31T16:00:00
