timestamp,open_at,open,high,low,close,volume,available_at
2018-01-02T16:00:00,2018-01-02T09:30:00,159.8633612214373,161.96708948622225,159.8005268544934,161.9034532601733,62954712.56994146,2018-01-02T16:00:00
2018-01-03T16:00:00,2018-01-03T09:30:00,162.2437427286757,162.51734597204668,160.92070806852706,161.19253859107286,61251764.624916464,2018-01-03T16:00:00
2018-01-04T16:00:00,2018-01-04T09:30:00,161.4778026826395,163.49448858567223,160.69876275215697,162.70950637493272,76802129.82999954,2018-01-04T16:00:00
2018-01-05T16:00:00,2018-01-05T09:30:00,162.97799463040602,163.03602624188403,161.71507951938315,161.7726819549037,63615341.004328184,2018-01-05T16:00:00
2018-01-08T16:00:00,2018-01-08T09:30:00,162.0017284977935,162.21917387293678,161.9644477090672,162.18185163321724,73010102.96098481,2018-01-08T16:00:00
2018-01-09T16:00:00,2018-01-09T09:30:00,162.2704449922777,164.28694997181682,161.50270384509255,163.51332843918385,90766471.54363278,2018-01-09T16:00:00
2018-01-10T16:00:00,2018-01-10T09:30:00,164.17035631988415,165.357888475674,163.26047251898265,164.44647434176431,81841276.42557792,2018-01-10T16:00:00
2018-01-11T16:00:00,2018-01-11T09:30:00,164.3792136814897,165.02778812142765,163.81058998141347,164.45888880764076,54534148.042551085,2018-01-11T16:00:00
2018-01-12T16:00:00,2018-01-12T09:30:00,164.68146920660146,165.45767978201576,164.34657911844235,165.12189406231127,58418466.57282488,2018-01-12T16:00:00
2018-01-16T16:00:00,2018-01-16T09:30:00,164.8815932322901,166.60588762409756,164.2261251282177,165.94618734666923,68194756.15424667,2018-01-16T16:00:00
2018-01-17T16:00:00,2018-01-17T09:30:00,166.18610113913323,168.90377072096229,165.33086590782122,168.0390000087497,72391443.06933694,2018-01-17T16:00:00
2018-01-18T16:00:00,2018-01-18T09:30:00,168.08838226766298,168.09980633830423,165.74489704795653,165.75616261006934,61126074.67529329,2018-01-18T16:00:00
2018-01-19T16:00:00,2018-01-19T09:30:00,165.71654997425014,167.25269879335994,164.4414949422226,165.97565019436814,63741098.24010948,2018-01-19T16:00:00
2018-01-22T16:00:00,2018-01-22T09:30:00,165.87466120584634,165.9682578462437,164.48472041606004,164.57758516673587,75617602.10650863,2018-01-22T16:00:00
2018-01-23T16:00:00,2018-01-23T09:30:00,164.60558599182767,165.366786758801,163.92878535660714,164.68964052073704,72468204.89072008,2018-01-23T16:00:00
2018-01-24T16:00:00,2018-01-24T09:30:00,164.82702535219755,167.34166570941025,164.67569338508756,167.18816591790574,86578373.2037082,2018-01-24T16:00:00
2018-01-25T16:00:00,2018-01-25T09:30:00,166.89184695672694,168.35870748163438,166.8720590794286,168.3387480495129,86261488.44954315,2018-01-25T16:00:00
2018-01-26T16:00:00,2018-01-26T09:30:00,168.31307349618837,168.66770434822138,167.39619980000606,167.749643521129,56328058.02776493,2018-01-26T16:00:00
2018-01-29T16:00:00,2018-01-29T09:30:00,168.155928234618,170.9966116189002,167.12151776342898,169.95115780073627,72465112.20669334,2018-01-29T16:00:00
2018-01-30T16:00:00,2018-01-30T09:30:00,170.48507396673432,173.31143819749164,170.36857839296925,173.1930921852759,69083846.97382733,2018-01-30T16:00:00
2018-01-31T16:00:00,2018-01-31T09:30:00,173.16574143728215,173.68949480397163,172.81874864710124,173.34214852592763,54486406.1626339,2018-01-31T16:00:00
2018-02-01T16:00:00,2018-02-01T09:30:00,173.3595523258373,179.08235154481997,171.9506760508891,177.63869905922283,100708037.94429931,2018-02-01T16:00:00
2018-02-02T16:00:00,2018-02-02T09:30:00,177.817922281335,178.03816797971015,177.72639135619607,177.9465708333443,84656357.6138668,2018-02-02T16:00:00
2018-02-05T16:00:00,2018-02-05T09:30:00,177.7178506716817,178.03793897825642,176.58061497228843,176.89922885595215,75599847.21419276,2018-02-05T16:00:00
2018-02-06T16:00:00,2018-02-06T09:30:00,176.89560011867542,177.33866512281477,175.90954553302,176.35124711281964,76202238.24722457,2018-02-06T16:00:00
2018-02-07T16:00:00,2018-02-07T09:30:00,176.24965389022245,177.55351652760976,176.14508685365854,177.44823838367182,65644491.10984381,2018-02-07T16:00:00
2018-02-08T16:00:00,2018-02-08T09:30:00,177.1018249471559,178.20030833112,175.52233340711004,176.6178146920099,62436255.36189354,2018-02-08T16:00:00
2018-02-09T16:00:00,2018-02-09T09:30:00,176.37080538126725,179.53108148044564,175.08783199218425,178.23455065713875,62430857.80831601,2018-02-09T16:00:00
2018-02-12T16:00:00,2018-02-12T09:30:00,178.08104293364488,179.07895120871942,178.0418194425581,179.0395166076628,82316037.9290427,2018-02-12T16:00:00
2018-02-13T16:00:00,2018-02-13T09:30:00,179.01885254962343,179.4082811410542,177.54412205221425,177.93118458556145,57265776.4555315,2018-02-13T16:00:00
2018-02-14T16:00:00,2018-02-14T09:30:00,177.85767539420573,177.93476803360664,177.43337127513064,177.51031335000428,81361536.03445916,2018-02-14T16:00:00
2018-02-15T16:00:00,2018-02-15T09:30:00,177.4884995355413,180.94409368525544,177.01433656762586,180.46198700466505,69788856.375206,2018-02-15T16:00:00
2018-02-16T16:00:00,2018-02-16T09:30:00,180.59668477166946,180.83335076109265,180.26845960591194,180.50500545261616,75428354.40904643,2018-02-16T16:00:00
2018-02-20T16:00:00,2018-02-20T09:30:00,180.58610278137652,181.0174401974496,177.74380208935222,178.16936703158822,90833515.87047921,2018-02-20T16:00:00
2018-02-21T16:00:00,2018-02-21T09:30:00,178.20983710585145,179.47328408919265,177.1718984961713,178.43403966778405,83509290.88130319,2018-02-21T16:00:00
2018-02-22T16:00:00,2018-02-22T09:30:00,178.41093070333855,178.45277679389065,177.478257973503,177.51989507261302,76590920.52256094,2018-02-22T16:00:00
2018-02-23T16:00:00,2018-02-23T09:30:00,177.5070923097773,177.71450598200406,176.83976443897697,177.04664008150414,80377152.34372455,2018-02-23T16:00:00
2018-02-26T16:00:00,2018-02-26T09:30:00,177.21080384094796,182.11824332568713,177.1509825791817,182.0567861998938,82548383.23052484,2018-02-26T16:00:00
2018-02-27T16:00:00,2018-02-27T09:30:00,182.04478780228854,183.33779385136737,182.03248111137518,183.32540058777087,81147294.06714359,2018-02-27T16:00:00
2018-02-28T16:00:00,2018-02-28T09:30:00,183.16940744943776,184.22790474227537,182.82851178968542,183.88567603866662,84641061.83839503,2018-02-28T16:00:00
2018-03-01T16:00:00,2018-03-01T09:30:00,183.78043150957078,185.0377784139761,182.4307664391334,183.6874773913219,84480712.14698787,2018-03-01T16:00:00
2018-03-02T16:00:00,2018-03-02T09:30:00,183.63664896597965,186.5757359771132,182.99828573864377,185.92940261078584,63489740.9139793,2018-03-02T16:00:00
2018-03-05T16:00:00,2018-03-05T09:30:00,186.24653573919642,189.8061126431927,185.2736258563532,188.81976081311936,64842023.057887964,2018-03-05T16:00:00
2018-03-06T16:00:00,2018-03-06T09:30:00,189.0832202972173,189.35510347811478,187.7343522486429,188.00468460067555,87680034.47713767,2018-03-06T16:00:00
2018-03-07T16:00:00,2018-03-07T09:30:00,187.79616198471123,191.04353057246254,186.85778640444755,190.09367483238722,77794238.11541192,2018-03-07T16:00:00
2018-03-08T16:00:00,2018-03-08T09:30:00,189.8460818762339,191.02141857835707,189.69431566037903,190.8688347562981,66400052.75719009,2018-03-08T16:00:00
2018-03-09T16:00:00,2018-03-09T09:30:00,191.2874434052431,192.4657000944311,190.09887543011402,191.27706821212405,67173667.03707878,2018-03-09T16:00:00
2018-03-12T16:00:00,2018-03-12T09:30:00,191.07886275142198,192.1477316586612,190.96600734643314,192.03431194423464,66463873.2280389,2018-03-12T16:00:00
2018-03-13T16:00:00,2018-03-13T09:30:00,192.05817787247423,194.36156331183597,191.7381027604842,194.03818840756017,75243223.93239404,2018-03-13T16:00:00
2018-03-14T16:00:00,2018-03-14T09:30:00,194.00023100350728,195.740286976446,193.6971754413654,195.43499011939352,75219364.37483743,2018-03-14T16:00:00
2018-03-15T16:00:00,2018-03-15T09:30:00,194.98331947553007,200.1252966756564,194.54283929219125,199.67421943980125,84665560.47767723,2018-03-15T16:00:00
2018-03-16T16:00:00,2018-03-16T09:30:00,200.0159062980743,201.0460332522075,198.28971354065513,199.31623704057074,55582878.88163511,2018-03-16T16:00:00
2018-03-19T16:00:00,2018-03-19T09:30:00,199.1937530496407,199.80557958200072,197.93773840611036,198.54758020911885,82280674.84995681,2018-03-19T16:00:00
2018-03-20T16:00:00,2018-03-20T09:30:00,198.1565137716674,199.4032024792163,196.03396751360148,197.27511093300998,89021065.56387049,2018-03-20T16:00:00
2018-03-21T16:00:00,2018-03-21T09:30:00,197.39950757313204,200.0883118641947,197.1930744997775,199.87928553115373,91236029.75225952,2018-03-21T16:00:00
2018-03-22T16:00:00,2018-03-22T09:30:00,199.43762411646895,199.66356883325952,199.02419301131619,199.2499250821462,68473549.2986996,2018-03-22T16:00:00
2018-03-23T16:00:00,2018-03-23T09:30:00,199.51085857985152,204.75072531078308,198.07313195697702,203.28579552023393,95302812.61293757,2018-03-23T16:00:00
2018-03-26T16:00:00,2018-03-26T09:30:00,203.29655958409495,203.56698458586146,199.94750362177945,200.2138279752001,68298448.8077155,2018-03-26T16:00:00
2018-03-27T16:00:00,2018-03-27T09:30:00,200.34243777095017,201.14322609281618,199.40701373790156,200.20726174798045,55696546.8632616,2018-03-27T16:00:00
2018-03-28T16:00:00,2018-03-28T09:30:00,199.86606871500288,200.0946430313655,199.69740704717566,199.92593084747435,68470244.92586058,2018-03-28T16:00:00
2018-03-29T16:00:00,2018-03-29T09:30:00,199.64565656042367,203.54946117401042,198.04299957677952,201.92847881782237,64956311.25142654,2018-03-29T16:00:00
2018-04-02T16:00:00,2018-04-02T09:30:00,201.84424430364376,202.8479494131175,197.55144245832645,198.53871023292467,86810174.29039331,2018-04-02T16:00:00
2018-04-03T16:00:00,2018-04-03T09:30:00,198.16910969858012,200.6714804025316,196.57077998230284,199.06591749760477,62042089.38916155,2018-04-03T16:00:00
2018-04-04T16:00:00,2018-04-04T09:30:00,199.0337971237488,199.80986406641938,196.09610792084507,196.8637133342871,68264979.93750106,2018-04-04T16:00:00
2018-04-05T16:00:00,2018-04-05T09:30:00,196.78610296576028,197.87591966157646,193.92433391410597,195.00428275142372,60099077.74956076,2018-04-05T16:00:00
2018-04-06T16:00:00,2018-04-06T09:30:00,195.01549087489536,197.97963421919573,194.55288894417816,197.51111235202384,91303027.92178716,2018-04-06T16:00:00
2018-04-09T16:00:00,2018-04-09T09:30:00,197.20807226015054,197.94453763653632,195.88183420851664,196.6160888473707,72907749.89602686,2018-04-09T16:00:00
2018-04-10T16:00:00,2018-04-10T09:30:00,196.73249546443967,196.91933844761064,195.81581913447144,196.00196831323615,68111590.0309368,2018-04-10T16:00:00
2018-04-11T16:00:00,2018-04-11T09:30:00,195.55252672295188,196.84986854996464,195.38141733238038,196.67777456218423,58798460.950551815,2018-04-11T16:00:00
2018-04-12T16:00:00,2018-04-12T09:30:00,196.98966008168594,198.26873400388598,196.56788955545227,197.84513184458353,66527563.369821176,2018-04-12T16:00:00
2018-04-13T16:00:00,2018-04-13T09:30:00,197.68863836180864,198.06316462186496,197.29072918547897,197.66521106190712,81707118.04090115,2018-04-13T16:00:00
2018-04-16T16:00:00,2018-04-16T09:30:00,197.40914896354104,198.41293706894018,193.04489690151348,194.0315103547873,76858382.88837571,2018-04-16T16:00:00
2018-04-17T16:00:00,2018-04-17T09:30:00,193.97338364918497,194.3470541920448,193.5256379411352,193.89916551008903,58843062.881868914,2018-04-17T16:00:00
2018-04-18T16:00:00,2018-04-18T09:30:00,193.56275654917377,196.83936013913873,193.02957357661438,196.29864096997795,75088779.62936118,2018-04-18T16:00:00
2018-04-19T16:00:00,2018-04-19T09:30:00,196.67746597939302,200.0032676908672,195.36326511258878,198.67571450668598,81644280.85881187,2018-04-19T16:00:00
2018-04-20T16:00:00,2018-04-20T09:30:00,198.54541722111077,198.93585123645818,196.39419249867746,196.78115714588267,71230668.08873677,2018-04-20T16:00:00
2018-04-23T16:00:00,2018-04-23T09:30:00,196.75861397807478,197.61881599812858,195.76185163074058,196.6214540059672,62568301.98631132,2018-04-23T16:00:00
2018-04-24T16:00:00,2018-04-24T09:30:00,196.67642549916485,197.04357177462995,195.58644670065615,195.9522411028442,55389804.37418996,2018-04-24T16:00:00
2018-04-25T16:00:00,2018-04-25T09:30:00,196.13976181157352,196.8378349459006,192.86918668525425,193.55807142921915,62606199.327778734,2018-04-25T16:00:00
2018-04-26T16:00:00,2018-04-26T09:30:00,194.19390110477417,196.31456256301814,193.06868816609602,195.18361494978194,61064688.211033076,2018-04-26T16:00:00
2018-04-27T16:00:00,2018-04-27T09:30:00,195.40321920903912,198.23818817573203,195.29831720696967,198.13182132663425,74633608.04462706,2018-04-27T16:00:00
2018-04-30T16:00:00,2018-04-30T09:30:00,198.26607663039553,199.45360393781706,196.63442528529916,197.8192764545797,69565175.35856315,2018-04-30T16:00:00
2018-05-01T16:00:00,2018-05-01T09:30:00,197.99018470852766,198.1417611149204,194.9762582794334,195.12564166226008,83922627.22123025,2018-05-01T16:00:00
2018-05-02T16:00:00,2018-05-02T09:30:00,195.12164911526887,195.6399779528103,194.17266865984394,194.68985045039685,75829385.7602786,2018-05-02T16:00:00
2018-05-03T16:00:00,2018-05-03T09:30:00,194.5319540847626,197.2940273843632,192.90396938649826,195.65663057626182,64648141.973219976,2018-05-03T16:00:00
2018-05-04T16:00:00,2018-05-04T09:30:00,195.73995598312524,196.0861937980731,195.51182149078312,195.85792181680876,72550345.00812554,2018-05-04T16:00:00
2018-05-07T16:00:00,2018-05-07T09:30:00,195.6878579135684,196.0887494228764,195.39192120499902,195.79265423192672,64243368.335641414,2018-05-07T16:00:00
2018-05-08T16:00:00,2018-05-08T09:30:00,195.66004816777692,195.7306497193522,195.4808865212225,195.5514488860662,82462792.64779766,2018-05-08T16:00:00
2018-05-09T16:00:00,2018-05-09T09:30:00,195.60404373197832,196.07445121119264,193.69760528981715,194.16455093785603,88574349.88198845,2018-05-09T16:00:00
2018-05-10T16:00:00,2018-05-10T09:30:00,194.48541012168377,194.9348661190314,194.36613943109646,194.8153930621423,69585833.64589679,2018-05-10T16:00:00
2018-05-11T16:00:00,2018-05-11T09:30:00,195.2464870174438,199.37629156703957,194.13223742133857,198.24493019519488,86617106.74714686,2018-05-11T16:00:00
2018-05-14T16:00:00,2018-05-14T09:30:00,198.44596054894348,198.88435198964288,197.8492218609048,198.28726271865327,67091668.21163988,2018-05-14T16:00:00
2018-05-15T16:00:00,2018-05-15T09:30:00,197.85298385103965,200.60418546869326,197.14463922364158,199.88855318470726,60775531.79160815,2018-05-15T16:00:00
2018-05-16T16:00:00,2018-05-16T09:30:00,199.90787320390444,200.92811561830283,197.83760154270692,198.85245757701878,85339382.1337199,2018-05-16T16:00:00
2018-05-17T16:00:00,2018-05-17T09:30:00,198.92847852142125,199.4375891235645,198.8670700873061,199.37604252821154,54996449.90328365,2018-05-17T16:00:00
2018-05-18T16:00:00,2018-05-18T09:30:00,198.97700799420807,199.88947652768803,197.77766692481273,198.6888138579555,80229925.9989289,2018-05-18T16:00:00
2018-05-21T16:00:00,2018-05-21T09:30:00,198.617269175647,201.0822337259465,198.6081819529282,201.0730341460126,65534283.08374505,2018-05-21T16:00:00
2018-05-22T16:00:00,2018-05-22T09:30:00,201.48434925808158,205.64021188358848,200.40917787806868,204.54868841581697,89415347.76278473,2018-05-22T16:00:00
2018-05-23T16:00:00,2018-05-23T09:30:00,204.26533308218922,206.2107667989996,203.7807328299886,205.72270905963967,64861601.96802597,2018-05-23T16:00:00
2018-05-24T16:00:00,2018-05-24T09:30:00,205.46131507537612,206.28740960843757,202.13806195530555,202.95407567700204,61577596.85017896,2018-05-24T16:00:00
2018-05-25T16:00:00,2018-05-25T09:30:00,203.05611725753627,203.28930277174055,202.57584384381892,202.80874528107782,61313445.22021055,2018-05-25T16:00:00
2018-05-29T16:00:00,2018-05-29T09:30:00,202.71516529200454,203.50971357150343,200.5879025743702,201.37720668425652,57837372.02147923,2018-05-29T16:00:00
2018-05-30T16:00:00,2018-05-30T09:30:00,201.28829562130088,201.44022533653342,199.25399402088178,199.40450187377135,66857544.260601684,2018-05-30T16:00:00
2018-05-31T16:00:00,2018-05-31T09:30:00,199.45675758251042,200.54623485434774,198.9387602036408,200.02675716319226,63457737.81371379,2018-05-31T16:00:00
2018-06-01T16:00:00,2018-06-01T09:30:00,199.88287980223737,200.19265369716356,197.66961546860682,197.97643479886622,72057195.03139131,2018-06-01T16:00:00
2018-06-04T16:00:00,2018-06-04T09:30:00,198.1166084660498,198.87784261097127,193.54016348905213,194.2866816995054,83801301.51915912,2018-06-04T16:00:00
2018-06-05T16:00:00,2018-06-05T09:30:00,194.29663054924148,194.50852691507689,191.98598652797713,192.19559153894187,86903464.01728396,2018-06-05T16:00:00
2018-06-06T16:00:00,2018-06-06T09:30:00,192.1242169029492,192.50984609419706,191.70780803249613,192.0933753189238,66646630.65174298,2018-06-06T16:00:00
2018-06-07T16:00:00,2018-06-07T09:30:00,192.16464632130348,192.41410094417986,191.33873874225532,191.58744408179714,65389589.56069593,2018-06-07T16:00:00
2018-06-08T16:00:00,2018-06-08T09:30:00,191.39991210876377,192.48513429945422,191.1437129991907,192.2278269811533,66985378.76192266,2018-06-08T16:00:00
2018-06-11T16:00:00,2018-06-11T09:30:00,192.60859365466885,192.690063876576,191.12634428706684,191.20722175203767,64384229.993932344,2018-06-11T16:00:00
2018-06-12T16:00:00,2018-06-12T09:30:00,190.99652581523767,191.85873851990246,190.98239816218378,191.8445481402354,70268816.56665,2018-06-12T16:00:00
2018-06-13T16:00:00,2018-06-13T09:30:00,191.89100735692782,192.683100315288,189.9581794194929,190.74554410324654,82988211.5898893,2018-06-13T16:00:00
2018-06-14T16:00:00,2018-06-14T09:30:00,190.44396527900713,191.08344631751828,187.9460175523703,188.57923712549768,59967400.1407441,2018-06-14T16:00:00
2018-06-15T16:00:00,2018-06-15T09:30:00,187.98975357013592,189.28573978882656,187.44422173942775,188.7380364985146,57705013.290015616,2018-06-15T16:00:00
2018-06-18T16:00:00,2018-06-18T09:30:00,188.91669524593766,189.93741607472288,188.24678016555922,189.2662614022618,84710067.2202271,2018-06-18T16:00:00
2018-06-19T16:00:00,2018-06-19T09:30:00,189.7156353548752,190.02646406619345,188.275984897672,188.58496112058302,63453129.37234243,2018-06-19T16:00:00
2018-06-20T16:00:00,2018-06-20T09:30:00,188.41934153339665,189.994167083657,186.72948903979471,188.3033450814324,56439844.40578715,2018-06-20T16:00:00
2018-06-21T16:00:00,2018-06-21T09:30:00,188.2199535107803,188.86814102587772,186.15740778851625,186.80070773790302,88120302.87898761,2018-06-21T16:00:00
2018-06-22T16:00:00,2018-06-22T09:30:00,186.48155972732332,188.30831212693707,185.04627916442516,186.87004156102856,69225650.76982741,2018-06-22T16:00:00
2018-06-25T16:00:00,2018-06-25T09:30:00,186.98527937648126,188.53457821713326,184.98796794994425,186.53352369080568,64356501.63172843,2018-06-25T16:00:00
2018-06-26T16:00:00,2018-06-26T09:30:00,186.59436033500896,188.83917781894144,186.43416884375299,188.67719820877102,61926285.34446041,2018-06-26T16:00:00
2018-06-27T16:00:00,2018-06-27T09:30:00,188.74476896183668,188.99669717226672,187.42642257740158,187.6769254773473,79396071.81074487,2018-06-27T16:00:00
2018-06-28T16:00:00,2018-06-28T09:30:00,187.42978512356538,188.08567954507555,186.6012925783952,187.25658088656667,77664135.64577276,2018-06-28T16:00:00
2018-06-29T16:00:00,2018-06-29T09:30:00,187.07492703874286,187.6465336246373,184.95404380292487,185.52090207262677,85195156.05087401,2018-06-29T16:00:00
2018-07-02T16:00:00,2018-07-02T09:30:00,185.63891480243848,186.31942694819443,185.56970379316792,186.2499881149208,78846908.34045714,2018-07-02T16:00:00
2018-07-03T13:00:00,2018-07-03T09:30:00,186.47726179473116,186.86696352305057,183.25550492228027,183.6392758039382,64416973.97020152,2018-07-03T13:00:00
2018-07-05T16:00:00,2018-07-05T09:30:00,183.0685833555879,183.8272934556014,182.03833875255933,182.79591882068667,64700651.39014394,2018-07-05T16:00:00
2018-07-06T16:00:00,2018-07-06T09:30:00,183.09059414447114,183.36109898771977,182.32455502354227,182.59432666278352,83234520.61029941,2018-07-06T16:00:00
2018-07-09T16:00:00,2018-07-09T09:30:00,182.6158517897369,184.60415204390713,182.45233974767075,184.43900757003559,61148424.397226065,2018-07-09T16:00:00
2018-07-10T16:00:00,2018-07-10T09:30:00,184.06672002483822,185.6997386259718,183.9690501865103,185.60125452998227,71169234.60314444,2018-07-10T16:00:00
2018-07-11T16:00:00,2018-07-11T09:30:00,185.95306010356117,187.0162537234968,185.35760861110444,186.41930922664397,59678990.933521405,2018-07-11T16:00:00
2018-07-12T16:00:00,2018-07-12T09:30:00,186.86415972283126,188.26155412917763,185.5654810635505,186.96219414495962,64790416.06823605,2018-07-12T16:00:00
2018-07-13T16:00:00,2018-07-13T09:30:00,187.10513673169942,187.4289516618789,185.7733800855739,186.09544758954812,73791164.15966725,2018-07-13T16:00:00
2018-07-16T16:00:00,2018-07-16T09:30:00,185.62441915108096,187.05955740456506,185.25246046133083,186.68547255041275,77033450.4363972,2018-07-16T16:00:00
2018-07-17T16:00:00,2018-07-17T09:30:00,186.7133898465728,189.22780053772527,186.70368620024237,189.2179667265027,73896407.59126945,2018-07-17T16:00:00
2018-07-18T16:00:00,2018-07-18T09:30:00,189.6379314993209,189.72088664186023,189.52106116031345,189.6040014605099,54558236.024186425,2018-07-18T16:00:00
2018-07-19T16:00:00,2018-07-19T09:30:00,189.24554758605797,189.94627736893352,189.0693504483606,189.76959231919182,79937271.99691491,2018-07-19T16:00:00
2018-07-20T16:00:00,2018-07-20T09:30:00,189.65780568453368,190.98319018241003,187.02434805858468,188.3405270259681,70143745.2059439,2018-07-20T16:00:00
2018-07-23T16:00:00,2018-07-23T09:30:00,188.44791405996057,190.59009992884324,187.80521743728312,189.9423067195569,85149820.56526533,2018-07-23T16:00:00
2018-07-24T16:00:00,2018-07-24T09:30:00,190.08736989523103,191.69237361322385,189.03419924129417,190.63616239872738,66679795.69047088,2018-07-24T16:00:00
2018-07-25T16:00:00,2018-07-25T09:30:00,190.58497854319756,190.63984039158365,189.35052819620265,189.40505039012103,85094043.35358533,2018-07-25T16:00:00
2018-07-26T16:00:00,2018-07-26T09:30:00,189.19709631285022,189.71749314662702,187.0842776115137,187.6002823221497,77129522.81482169,2018-07-26T16:00:00
2018-07-27T16:00:00,2018-07-27T09:30:00,187.66658259715953,190.01590710552358,187.06936858670954,189.413135016696,65137320.35138326,2018-07-27T16:00:00
2018-07-30T16:00:00,2018-07-30T09:30:00,189.38540655658934,190.85645515333306,189.31107181135448,190.78157240582811,71873191.22091876,2018-07-30T16:00:00
2018-07-31T16:00:00,2018-07-31T09:30:00,190.38258732610646,191.5539318793207,190.15450302932368,191.32471887945724,58703241.84346424,2018-07-31T16:00:00
2018-08-01T16:00:00,2018-08-01T09:30:00,191.48547683969556,194.78667913416626,190.37088559418518,193.65943380417536,66781011.922245935,2018-08-01T16:00:00
2018-08-02T16:00:00,2018-08-02T09:30:00,193.45129976552585,196.93970071183423,193.3190340762227,196.80514194800216,84078646.5899297,2018-08-02T16:00:00
2018-08-03T16:00:00,2018-08-03T09:30:00,196.81012364959574,197.5568990800094,196.46718524467315,197.21325821972582,80413801.12492687,2018-08-03T16:00:00
2018-08-06T16:00:00,2018-08-06T09:30:00,196.95421416990393,197.0135379347297,196.31273728101718,196.3718856450748,78102629.10846621,2018-08-06T16:00:00
2018-08-07T16:00:00,2018-08-07T09:30:00,196.7626186300719,197.04539673200256,195.86736634735107,196.1492629629885,70223121.77783474,2018-08-07T16:00:00
2018-08-08T16:00:00,2018-08-08T09:30:00,195.99617860309877,196.58639617021194,193.71559166402383,194.30070352354778,79838917.11679216,2018-08-08T16:00:00
2018-08-09T16:00:00,2018-08-09T09:30:00,194.64197558982187,196.39476475700286,194.2740882052465,196.02426474613807,78479687.73915891,2018-08-09T16:00:00
2018-08-10T16:00:00,2018-08-10T09:30:00,196.18787894886853,196.96377049448802,195.4318711120148,196.20768633010817,86051144.24292997,2018-08-10T16:00:00
2018-08-13T16:00:00,2018-08-13T09:30:00,196.07696773673229,196.1770282532617,195.89351187933303,195.99352981645347,66890484.988216504,2018-08-13T16:00:00
2018-08-14T16:00:00,2018-08-14T09:30:00,196.17204280042932,197.83059401859003,194.998935449875,196.65460097376385,65629080.117853485,2018-08-14T16:00:00
2018-08-15T16:00:00,2018-08-15T09:30:00,196.81722045972592,199.11526122480072,195.89175372059742,198.18337062430973,79458485.57938191,2018-08-15T16:00:00
2018-08-16T16:00:00,2018-08-16T09:30:00,198.12340541281466,198.83902469650727,193.7820348277671,194.48451046804016,75275753.80484292,2018-08-16T16:00:00
2018-08-17T16:00:00,2018-08-17T09:30:00,194.53882385538617,197.5691570764567,194.46421490416185,197.4934149892268,93047833.55276069,2018-08-17T16:00:00
2018-08-20T16:00:00,2018-08-20T09:30:00,198.01772352726604,198.2837434066096,196.42171673897036,196.6859474910876,79262732.5091823,2018-08-20T16:00:00
2018-08-21T16:00:00,2018-08-21T09:30:00,196.75217442204166,198.1219503763045,195.5358474221323,196.90468057941004,61876816.21042841,2018-08-21T16:00:00
2018-08-22T16:00:00,2018-08-22T09:30:00,196.74713924414323,199.04199155652125,196.68447965595644,198.97862129093082,73754113.49295607,2018-08-22T16:00:00
2018-08-23T16:00:00,2018-08-23T09:30:00,199.06477269350617,199.07311221485503,198.66442175524915,198.67274485317714,81940722.87196828,2018-08-23T16:00:00
2018-08-24T16:00:00,2018-08-24T09:30:00,198.36355969753455,199.0894589370755,193.0916646377207,193.800866984062,68569000.04723029,2018-08-24T16:00:00
2018-08-27T16:00:00,2018-08-27T09:30:00,193.78216578213429,197.43472873141297,192.98727874413277,196.62816750312152,82590249.28821489,2018-08-27T16:00:00
2018-08-28T16:00:00,2018-08-28T09:30:00,196.78925702130078,199.1002038888233,195.737069115761,198.04132147619333,68056436.12522472,2018-08-28T16:00:00
2018-08-29T16:00:00,2018-08-29T09:30:00,197.74474049103333,197.96328464549512,196.72305414141343,196.94070969458988,65625115.40977872,2018-08-29T16:00:00
2018-08-30T16:00:00,2018-08-30T09:30:00,196.76578769617032,197.60595335723806,195.4042163857016,196.24214616195977,73827281.97153485,2018-08-30T16:00:00
2018-08-31T16:00:00,2018-08-31T09:30:00,195.78104295498792,196.04244773174787,195.4533814452377,195.71469763843308,65313189.46159733,2018-08-31T16:00:00
2018-09-04T16:00:00,2018-09-04T09:30:00,195.55967549024464,198.64260181311892,194.36830664088228,197.43977918642955,78645514.10857783,2018-09-04T16:00:00
2018-09-05T16:00:00,2018-09-05T09:30:00,197.23314971936185,201.05395245369667,196.00604437796713,199.81080994695685,88659172.29184952,2018-09-05T16:00:00
2018-09-06T16:00:00,2018-09-06T09:30:00,200.03193656402718,205.1099264515811,199.67168058662986,204.74118914654642,97251299.26234488,2018-09-06T16:00:00
2018-09-07T16:00:00,2018-09-07T09:30:00,204.8659601145064,205.8713949272372,203.68153685660053,204.68608890297142,85494700.59064785,2018-09-07T16:00:00
2018-09-10T16:00:00,2018-09-10T09:30:00,204.34845261402407,206.89820823954307,204.12932510771313,206.6765842246084,68754376.4531165,2018-09-10T16:00:00
2018-09-11T16:00:00,2018-09-11T09:30:00,206.45584832284206,209.2665306839883,206.31006956324916,209.11887156001032,61323718.05866891,2018-09-11T16:00:00
2018-09-12T16:00:00,2018-09-12T09:30:00,209.25390354455357,210.85147863812466,205.72967230137837,207.3124249337154,66523101.70164463,2018-09-12T16:00:00
2018-09-13T16:00:00,2018-09-13T09:30:00,207.5952124281337,207.65261275151016,204.41295185858132,204.46948791540888,94056542.86421739,2018-09-13T16:00:00
2018-09-14T16:00:00,2018-09-14T09:30:00,204.76072430633468,207.81582762203587,204.3993713589638,207.44972923405658,72235709.77893294,2018-09-14T16:00:00
2018-09-17T16:00:00,2018-09-17T09:30:00,207.27855929358782,207.66312569746307,207.04753395045228,207.4319294134223,78889946.93286908,2018-09-17T16:00:00
2018-09-18T16:00:00,2018-09-18T09:30:00,207.34345180753598,208.2317647924094,206.88420865560656,207.77157339780914,62892612.53444944,2018-09-18T16:00:00
2018-09-19T16:00:00,2018-09-19T09:30:00,207.94055571706613,208.39714305169488,204.43593247629371,204.88581233081644,66504654.480364114,2018-09-19T16:00:00
2018-09-20T16:00:00,2018-09-20T09:30:00,205.0683371180847,205.81535525023193,202.56468169885616,203.30527739837828,82698709.38269246,2018-09-20T16:00:00
2018-09-21T16:00:00,2018-09-21T09:30:00,203.50736852670542,204.7017667997043,200.8719080013331,202.05779865238685,56994296.4640855,2018-09-21T16:00:00
2018-09-24T16:00:00,2018-09-24T09:30:00,201.78954299306483,204.22305101231007,199.90107854908507,202.32953302609835,58905048.16008481,2018-09-24T16:00:00
2018-09-25T16:00:00,2018-09-25T09:30:00,202.4841309498947,202.55517586009162,202.14539851856853,202.2163494732003,68780663.9276284,2018-09-25T16:00:00
2018-09-26T16:00:00,2018-09-26T09:30:00,201.65546840383564,203.4062737351274,200.91530049012803,202.66240988507204,85190898.94869995,2018-09-26T16:00:00
2018-09-27T16:00:00,2018-09-27T09:30:00,202.42691584464407,202.6897313148833,199.91182434803343,200.17171183559972,77565672.17499152,2018-09-27T16:00:00
2018-09-28T16:00:00,2018-09-28T09:30:00,199.80540225277656,200.90487846431165,199.74775747493516,200.8469331999999,63960577.814428754,2018-09-28T16:00:00
2018-10-01T16:00:00,2018-10-01T09:30:00,200.97205360487274,205.57756316768422,200.39710819572625,204.99111992246097,76900028.37319696,2018-10-01T16:00:00
2018-10-02T16:00:00,2018-10-02T09:30:00,205.15961090683587,206.7914211223111,204.82708483474522,206.45679255686437,79515832.47621581,2018-10-02T16:00:00
2018-10-03T16:00:00,2018-10-03T09:30:00,206.3582819326071,207.25248834687952,206.01323747784028,206.90652719042143,85094233.24555482,2018-10-03T16:00:00
2018-10-04T16:00:00,2018-10-04T09:30:00,206.53607939293275,208.5389179017684,205.2504565172234,207.24885819961267,85094346.24114683,2018-10-04T16:00:00
2018-10-05T16:00:00,2018-10-05T09:30:00,207.32516647402625,210.86394382431584,206.87230949537496,210.40436101127344,70586976.16341136,2018-10-05T16:00:00
2018-10-08T16:00:00,2018-10-08T09:30:00,211.03235550595787,213.56237534934166,210.72266776832498,213.2494340724883,85432006.6551321,2018-10-08T16:00:00
2018-10-09T16:00:00,2018-10-09T09:30:00,213.21981834694807,214.40414706557488,210.98784740422673,212.1663244950198,90100141.86073597,2018-10-09T16:00:00
2018-10-10T16:00:00,2018-10-10T09:30:00,211.88115389036068,213.8569248254926,211.44705802430647,213.41967687886458,70412097.66055325,2018-10-10T16:00:00
2018-10-11T16:00:00,2018-10-11T09:30:00,213.4512863748997,214.3932156503659,211.51439349834646,212.45191268403272,88429343.30378053,2018-10-11T16:00:00
2018-10-12T16:00:00,2018-10-12T09:30:00,212.57679759067273,213.0428730511237,211.72606448453033,212.19129472844753,67698707.74919179,2018-10-12T16:00:00
2018-10-15T16:00:00,2018-10-15T09:30:00,211.95553318197653,213.16268400984958,211.2503559338192,212.45584223068005,57921720.26438184,2018-10-15T16:00:00
2018-10-16T16:00:00,2018-10-16T09:30:00,212.59804858266506,212.65156823052808,209.50189810516827,209.5546516051968,66932890.63337686,2018-10-16T16:00:00
2018-10-17T16:00:00,2018-10-17T09:30:00,210.2716523162501,210.33575442962265,209.60698371035878,209.6709026829195,84600777.33052601,2018-10-17T16:00:00
2018-10-18T16:00:00,2018-10-18T09:30:00,209.7263550846016,210.72679657947504,209.27091480400182,210.2701753426201,78661100.50263663,2018-10-18T16:00:00
2018-10-19T16:00:00,2018-10-19T09:30:00,210.67973550221873,212.613087614224,209.0987012015295,211.02942905779054,55978126.3365809,2018-10-19T16:00:00
2018-10-22T16:00:00,2018-10-22T09:30:00,211.34700582368063,211.44100033661374,211.1134345087914,211.2073669186878,58136687.41643805,2018-10-22T16:00:00
2018-10-23T16:00:00,2018-10-23T09:30:00,210.96328942668688,212.5713817019485,210.35505320102212,211.96027104094588,89489932.17010762,2018-10-23T16:00:00
2018-10-24T16:00:00,2018-10-24T09:30:00,211.28941032699407,215.3350248475209,210.80423435968422,214.84169190892695,71765969.58292477,2018-10-24T16:00:00
2018-10-25T16:00:00,2018-10-25T09:30:00,214.9739708040176,215.45213094780223,213.6349691019661,214.11121023333735,67961325.87506692,2018-10-25T16:00:00
2018-10-26T16:00:00,2018-10-26T09:30:00,213.75946503605124,213.9661175813088,212.91588858894522,213.12192479043324,59820527.1376067,2018-10-26T16:00:00
2018-10-29T16:00:00,2018-10-29T09:30:00,213.25020542651689,213.64225752528367,212.20980521699207,212.60066315789558,78593819.0738169,2018-10-29T16:00:00
2018-10-30T16:00:00,2018-10-30T09:30:00,213.18907886677468,216.4892629588174,212.176695414728,215.4660666417023,90996841.76764604,2018-10-30T16:00:00
2018-10-31T16:00:00,2018-10-31T09:30:00,215.26245563845006,215.43759054044943,215.25575146487338,215.43088112139847,53714362.142973095,2018-10-31T16:00:00
2018-11-01T16:00:00,2018-11-01T09:30:00,215.7391787813414,217.51496805127917,212.61068915986104,214.37525169248084,78728938.74521047,2018-11-01T16:00:00
2018-11-02T16:00:00,2018-11-02T09:30:00,214.3312290230918,214.89073706272853,210.94753170850584,211.49964795376718,86917239.34778973,2018-11-02T16:00:00
2018-11-05T16:00:00,2018-11-05T09:30:00,211.31986351324718,213.23519562343213,210.96974515952584,212.88248828633772,63267485.87598592,2018-11-05T16:00:00
2018-11-06T16:00:00,2018-11-06T09:30:00,213.04430531886933,214.16947134610785,211.12075119003705,212.24167824588548,58569092.28578268,2018-11-06T16:00:00
2018-11-07T16:00:00,2018-11-07T09:30:00,212.08707445069572,213.7093806542731,211.2530012617474,212.8722197305862,54681683.34739493,2018-11-07T16:00:00
2018-11-08T16:00:00,2018-11-08T09:30:00,213.04561905519097,213.67728648435772,213.01441297854996,213.64599246740235,60728836.681292705,2018-11-08T16:00:00
2018-11-09T16:00:00,2018-11-09T09:30:00,214.0783363358016,214.9880615788195,213.8953689276296,214.80447355929545,57236448.982919246,2018-11-09T16:00:00
2018-11-12T16:00:00,2018-11-12T09:30:00,214.75134531794805,218.03832016827204,214.03821874747203,217.316674886657,90428344.88455772,2018-11-12T16:00:00
2018-11-13T16:00:00,2018-11-13T09:30:00,217.63662641381475,219.47820592220364,216.89071736654313,218.7285544945807,84682006.6231328,2018-11-13T16:00:00
2018-11-14T16:00:00,2018-11-14T09:30:00,218.89615475342245,219.49907532553445,217.51890246273908,218.11968434958897,87004986.71971908,2018-11-14T16:00:00
2018-11-15T16:00:00,2018-11-15T09:30:00,218.0366347280955,220.21886760125437,217.52446030137423,219.7027793521211,67093870.60050577,2018-11-15T16:00:00
2018-11-16T16:00:00,2018-11-16T09:30:00,219.38808925537023,222.4012369227252,218.68632228082743,221.69210000090905,70233325.92436442,2018-11-16T16:00:00
2018-11-19T16:00:00,2018-11-19T09:30:00,221.81860380419243,222.19176724706682,219.1104667157457,219.4796954340975,59963813.706422724,2018-11-19T16:00:00
2018-11-20T16:00:00,2018-11-20T09:30:00,219.66751484775497,222.07262321428252,218.7739762424356,221.17296092613194,91299636.08197713,2018-11-20T16:00:00
2018-11-21T16:00:00,2018-11-21T09:30:00,221.03855284730537,221.60569780760957,220.71137691699064,221.27816720590525,63118935.262515664,2018-11-21T16:00:00
2018-11-23T13:00:00,2018-11-23T09:30:00,221.31826855666935,223.62099846228966,220.9625454097471,223.2621509282169,63605646.94865764,2018-11-23T13:00:00
2018-11-26T16:00:00,2018-11-26T09:30:00,223.31679817034725,224.13300859253533,223.22145526251535,224.03735804875916,75819798.39446771,2018-11-26T16:00:00
2018-11-27T16:00:00,2018-11-27T09:30:00,223.88545216120534,228.66243140260323,223.6032797123527,228.37460108659883,77257355.3527688,2018-11-27T16:00:00
2018-11-28T16:00:00,2018-11-28T09:30:00,227.77655364857057,230.6216655783207,227.2633496150489,230.103219327407,78935561.11853738,2018-11-28T16:00:00
2018-11-29T16:00:00,2018-11-29T09:30:00,229.74575913142908,231.11254377551433,227.44841610715488,228.8096316181476,79700746.8650374,2018-11-29T16:00:00
2018-11-30T16:00:00,2018-11-30T09:30:00,228.8459569512694,230.6957831398225,228.47610113122482,230.3235392835964,69557565.399799,2018-11-30T16:00:00
2018-12-03T16:00:00,2018-12-03T09:30:00,230.13273435046116,230.3137144280634,230.0204870924103,230.20143366191837,57843115.07228415,2018-12-03T16:00:00
2018-12-04T16:00:00,2018-12-04T09:30:00,230.18656414060302,230.4150291263804,229.0921070150572,229.3197116315646,71761308.6889826,2018-12-04T16:00:00
2018-12-06T16:00:00,2018-12-06T09:30:00,229.13156385414158,229.23905749734422,227.0473533999057,227.15391926075165,71106602.53286095,2018-12-06T16:00:00
2018-12-07T16:00:00,2018-12-07T09:30:00,226.91141883871057,227.37651578856403,224.31510725970594,224.77582691866226,69534981.31254114,2018-12-07T16:00:00
2018-12-10T16:00:00,2018-12-10T09:30:00,225.0890975157336,225.656508408944,223.1773012777721,223.74131464221472,87365485.80290844,2018-12-10T16:00:00
2018-12-11T16:00:00,2018-12-11T09:30:00,223.116721045485,223.6529661459352,219.45301743355702,219.9817278016974,61136401.54164153,2018-12-11T16:00:00
2018-12-12T16:00:00,2018-12-12T09:30:00,220.35919166087214,220.83473356805803,214.7367608453295,215.20117158669072,78953131.0330975,2018-12-12T16:00:00
2018-12-13T16:00:00,2018-12-13T09:30:00,215.24708516916945,215.4903973713985,213.7823409803992,214.02427093104066,87279727.98262773,2018-12-13T16:00:00
2018-12-14T16:00:00,2018-12-14T09:30:00,213.95849077222775,215.2359862672452,213.13577878530486,214.41153224778523,57922932.320884556,2018-12-14T16:00:00
2018-12-17T16:00:00,2018-12-17T09:30:00,214.57741763394722,216.17648500682427,214.15331919400612,215.75006889721953,62315902.23056742,2018-12-17T16:00:00
2018-12-18T16:00:00,2018-12-18T09:30:00,215.95644620736545,216.1579353924484,214.95041649450062,215.15115433547754,58198333.14035082,2018-12-18T16:00:00
2018-12-19T16:00:00,2018-12-19T09:30:00,215.154860502829,215.9230244428925,214.71647465866465,215.48396803018576,77990263.69791211,2018-12-19T16:00:00
2018-12-20T16:00:00,2018-12-20T09:30:00,215.57669827351086,219.34318404722916,214.87575401640754,218.63230453423975,93834481.92953573,2018-12-20T16:00:00
2018-12-21T16:00:00,2018-12-21T09:30:00,218.18623061709283,218.62874926346782,217.36835979470973,217.81011561613175,86460246.8096996,2018-12-21T16:00:00
2018-12-24T13:00:00,2018-12-24T09:30:00,217.8405635952544,219.5707372946435,217.8098865384294,219.539820942559,87713761.3907691,2018-12-24T13:00:00
2018-12-26T16:00:00,2018-12-26T09:30:00,219.6715783583561,220.00520241171276,215.86156724143447,216.18990353532942,81117605.35634093,2018-12-26T16:00:00
2018-12-27T16:00:00,2018-12-27T09:30:00,216.32066915879486,217.1825472135875,212.87364131073596,213.72517825174182,63487898.07373909,2018-12-27T16:00:00
2018-12-28T16:00:00,2018-12-28T09:30:00,213.29246442057683,213.6768647170715,210.9466927346635,211.32755182314082,61528135.33936022,2018-12-28T16:00:00
2018-12-31T16:00:00,2018-12-31T09:30:00,210.89902211531242,211.77025924879553,205.6489593621557,206.50203225379227,65687117.277265504,2018-12-31T16:00:00
2019-01-02T16:00:00,2019-01-02T09:30:00,206.37239987316096,207.40930529428817,205.11682007904568,206.15262123593732,83440535.60985,2019-01-02T16:00:00
2019-01-03T16:00:00,2019-01-03T09:30:00,205.75401171308954,207.6131201452432,204.79074486749144,206.64567883244402,78221621.4740249,2019-01-03T16:00:00
2019-01-04T16:00:00,2019-01-04T09:30:00,206.15476987363544,207.1523003781292,202.901457040292,203.888019315288,80669261.03830339,2019-01-04T16:00:00
2019-01-07T16:00:00,2019-01-07T09:30:00,203.61950062696494,204.20634126788119,203.27120082193588,203.85763412538782,55901949.55448631,2019-01-07T16:00:00
2019-01-08T16:00:00,2019-01-08T09:30:00,204.03268410683881,204.2256027924698,202.3301373948704,202.52162733349496,59623897.31853142,2019-01-08T16:00:00
2019-01-09T16:00:00,2019-01-09T09:30:00,202.06321137691205,203.10622545361,200.12447086464965,201.16283737212962,69292179.66058098,2019-01-09T16:00:00
2019-01-10T16:00:00,2019-01-10T09:30:00,201.59887609232553,202.00534751394167,199.44815557480135,199.85110306910607,73622853.6461948,2019-01-10T16:00:00
2019-01-11T16:00:00,2019-01-11T09:30:00,199.78087376757722,200.86143583509673,199.7510204370467,200.8314255202257,89643889.04034701,2019-01-11T16:00:00
2019-01-14T16:00:00,2019-01-14T09:30:00,200.9887750024434,201.38683511778055,200.12059851321598,200.51772571110422,86510632.6961371,2019-01-14T16:00:00
2019-01-15T16:00:00,2019-01-15T09:30:00,200.13424371406796,202.73197717503842,199.14603957457769,201.73586470132147,76692734.29083027,2019-01-15T16:00:00
2019-01-16T16:00:00,2019-01-16T09:30:00,201.67605240406138,203.54182311324007,195.68396869712566,197.5112090871295,84635300.52101026,2019-01-16T16:00:00
2019-01-17T16:00:00,2019-01-17T09:30:00,197.2384795038267,197.773045058414,194.08689109071872,194.61434458409863,62208157.789776064,2019-01-17T16:00:00
2019-01-18T16:00:00,2019-01-18T09:30:00,194.53786948826374,198.5297746978745,192.54426589201384,196.5159004486841,90253881.75786239,2019-01-18T16:00:00
2019-01-22T16:00:00,2019-01-22T09:30:00,196.46075903464674,201.45856124644365,195.49755491155622,200.47567287909067,91776326.41047002,2019-01-22T16:00:00
2019-01-23T16:00:00,2019-01-23T09:30:00,200.86645680022397,203.13555376162418,200.74321464365747,203.0109958173571,66496587.331232235,2019-01-23T16:00:00
2019-01-24T16:00:00,2019-01-24T09:30:00,202.69119099707345,206.54839544684455,201.12481295325836,204.96444987688426,79439215.09494744,2019-01-24T16:00:00
2019-01-25T16:00:00,2019-01-25T09:30:00,205.44142043930478,212.77730950487648,204.48415246919177,211.79045777279666,79675975.83143827,2019-01-25T16:00:00
2019-01-28T16:00:00,2019-01-28T09:30:00,211.609464970854,214.49169746403228,205.8289543904844,208.67116569822363,82073715.54931931,2019-01-28T16:00:00
2019-01-29T16:00:00,2019-01-29T09:30:00,208.96490122045242,210.6779063814196,207.14748864597703,208.85963084529425,53311698.41842923,2019-01-29T16:00:00
2019-01-30T16:00:00,2019-01-30T09:30:00,208.51491932848694,211.07528335221448,207.25103497972134,209.8035879170047,88125318.5124255,2019-01-30T16:00:00
2019-01-31T16:00:00,2019-01-31T09:30:00,210.43789012851116,214.41882041152505,207.87940636541347,211.84325041236337,67934947.12612216,2019-01-31T16:00:00
2019-02-01T16:00:00,2019-02-01T09:30:00,211.62288404178875,219.03910190628636,210.6190894371987,218.00503473236674,88005877.67338257,2019-02-01T16:00:00
2019-02-04T16:00:00,2019-02-04T09:30:00,217.63068499536183,223.42446909594543,215.58811029099522,221.34701474608184,87186763.94761315,2019-02-04T16:00:00
2019-02-05T16:00:00,2019-02-05T09:30:00,221.90820648016785,224.15484227721365,216.1581103996912,218.36891380574656,91004683.88249406,2019-02-05T16:00:00
2019-02-06T16:00:00,2019-02-06T09:30:00,218.23780505322344,219.56728784282498,216.28846156934773,217.61414508506073,73730718.1967171,2019-02-06T16:00:00
2019-02-07T16:00:00,2019-02-07T09:30:00,218.20061985839874,221.1181931914825,216.74064730058262,219.64853270052947,71259498.72187972,2019-02-07T16:00:00
2019-02-08T16:00:00,2019-02-08T09:30:00,219.59882773086113,221.77797916011122,216.19666186748074,218.36355528173664,82895875.58869149,2019-02-08T16:00:00
2019-02-11T16:00:00,2019-02-11T09:30:00,217.66010848488727,217.82616430772333,211.04467203424826,211.2058037812587,74250325.71598138,2019-02-11T16:00:00
2019-02-12T16:00:00,2019-02-12T09:30:00,212.14812431664157,216.1374972340954,211.83284113364763,215.8167619183332,86612634.40451294,2019-02-12T16:00:00
2019-02-13T16:00:00,2019-02-13T09:30:00,216.47359500764884,217.823773541741,214.29808121791456,215.6430797025083,85515217.24580184,2019-02-13T16:00:00
2019-02-14T16:00:00,2019-02-14T09:30:00,215.63269111512153,216.07623554993305,212.54469483978093,212.98278857266308,71524390.43433619,2019-02-14T16:00:00
2019-02-15T16:00:00,2019-02-15T09:30:00,212.62417522091613,213.3737362260737,207.6773110187834,208.4120229830829,64992817.56684543,2019-02-15T16:00:00
2019-02-19T16:00:00,2019-02-19T09:30:00,208.279470589657,209.71745856360914,206.4173457596629,207.85238508090487,54693418.38448404,2019-02-19T16:00:00
2019-02-20T16:00:00,2019-02-20T09:30:00,207.79737885556597,208.53064836978126,205.93319005745653,206.66245468334736,84125133.56061602,2019-02-20T16:00:00
2019-02-21T16:00:00,2019-02-21T09:30:00,206.80644621139615,209.32798522403164,202.04530574533456,204.539200804655,72098028.5562637,2019-02-21T16:00:00
2019-02-22T16:00:00,2019-02-22T09:30:00,204.7767256709384,207.09539258808366,203.38996435092378,205.7023627932054,84179951.23626252,2019-02-22T16:00:00
2019-02-25T16:00:00,2019-02-25T09:30:00,205.80859588843094,207.28329100804714,201.23798567125058,202.69033730861565,75681873.34752512,2019-02-25T16:00:00
2019-02-26T16:00:00,2019-02-26T09:30:00,202.9519862434487,203.34612605209426,199.20039513800572,199.58800197231852,64392811.12816443,2019-02-26T16:00:00
2019-02-27T16:00:00,2019-02-27T09:30:00,199.22935097874742,204.1810100031058,198.16294955427375,203.09392294656428,69275764.15178357,2019-02-27T16:00:00
2019-02-28T16:00:00,2019-02-28T09:30:00,202.7127201685728,208.24239922108953,201.4998810843983,207.00388590435236,90850033.86377382,2019-02-28T16:00:00
2019-03-01T16:00:00,2019-03-01T09:30:00,206.83585329853364,208.27833846771162,205.0436844374872,206.48371376525213,56747738.378033414,2019-03-01T16:00:00
2019-03-04T16:00:00,2019-03-04T09:30:00,206.65599593162082,206.76351691737855,203.46343030832287,203.56934534157662,64392828.95068293,2019-03-04T16:00:00
2019-03-05T16:00:00,2019-03-05T09:30:00,203.18360290677677,206.5252335911706,203.0700077414981,206.40983471569922,62564121.2138895,2019-03-05T16:00:00
2019-03-06T16:00:00,2019-03-06T09:30:00,207.07519973695446,214.426172720589,204.48602747549086,211.77819637034793,92823049.9391442,2019-03-06T16:00:00
2019-03-07T16:00:00,2019-03-07T09:30:00,211.8752068317209,216.0817400050252,209.5367570568197,213.72289741637118,73743381.42165866,2019-03-07T16:00:00
2019-03-08T16:00:00,2019-03-08T09:30:00,213.94298516167927,213.97527229806892,213.56690597266973,213.59914121796186,74483550.88030915,2019-03-08T16:00:00
2019-03-11T16:00:00,2019-03-11T09:30:00,213.31995739046332,216.5924056502948,212.6406601783722,215.90487700636746,81790443.59730868,2019-03-11T16:00:00
2019-03-12T16:00:00,2019-03-12T09:30:00,216.441227887637,218.1981572124253,213.35812915183877,215.10420539634387,82736849.57209063,2019-03-12T16:00:00
2019-03-13T16:00:00,2019-03-13T09:30:00,215.21692577969927,222.39040908057834,214.428915765368,221.57910414996402,90984141.05013907,2019-03-13T16:00:00
2019-03-14T16:00:00,2019-03-14T09:30:00,221.31176352846424,221.56743808290278,217.4707902347417,217.72231801511063,67309253.22462802,2019-03-14T16:00:00
2019-03-15T16:00:00,2019-03-15T09:30:00,217.38285668618434,220.14459742803572,215.6821262284772,218.43563042221598,86618433.15689115,2019-03-15T16:00:00
2019-03-18T16:00:00,2019-03-18T09:30:00,218.79518020957116,220.2118537057377,213.33017572722724,214.72046591945752,90730110.85947494,2019-03-18T16:00:00
2019-03-19T16:00:00,2019-03-19T09:30:00,214.99381055743436,215.07744797601455,214.32694330071217,214.4103537414933,79322142.42990838,2019-03-19T16:00:00
2019-03-20T16:00:00,2019-03-20T09:30:00,215.0609505292413,217.80102085429334,214.0917497465299,216.8238752169582,69414532.27763085,2019-03-20T16:00:00
2019-03-21T16:00:00,2019-03-21T09:30:00,217.43307779925482,219.9435464126248,211.05269094494054,213.51795580651822,81982193.45911741,2019-03-21T16:00:00
2019-03-22T16:00:00,2019-03-22T09:30:00,213.48621440522854,217.70241852705848,211.85729049996996,216.05390286908798,70026323.6119547,2019-03-22T16:00:00
2019-03-25T16:00:00,2019-03-25T09:30:00,216.3053633216685,220.05637943437245,212.6957651254217,216.44446005973634,73039803.95379275,2019-03-25T16:00:00
2019-03-26T16:00:00,2019-03-26T09:30:00,216.04542610127416,217.4320362126884,213.2928897320184,214.670676506027,62582339.309945025,2019-03-26T16:00:00
2019-03-27T16:00:00,2019-03-27T09:30:00,213.4075362817759,214.2017495258594,209.44208299978354,210.22445013374428,92141698.16403659,2019-03-27T16:00:00
2019-03-28T16:00:00,2019-03-28T09:30:00,210.37942209770716,218.1597095253864,209.62672958051917,217.38196341503658,74113074.39776747,2019-03-28T16:00:00
2019-03-29T16:00:00,2019-03-29T09:30:00,217.16174449685403,217.75475194124112,216.9034011623557,217.49601095148032,72840447.38273326,2019-03-29T16:00:00
2019-04-01T16:00:00,2019-04-01T09:30:00,217.67599631411784,218.35240037349195,214.75711061575058,215.42652469109788,82922010.17164616,2019-04-01T16:00:00
2019-04-02T16:00:00,2019-04-02T09:30:00,214.48875265333396,217.40175683162386,214.45868172856888,217.3712817816285,83910982.84454043,2019-04-02T16:00:00
2019-04-03T16:00:00,2019-04-03T09:30:00,216.76826475732383,217.3578256808186,208.6431445387199,209.21215454198853,103959624.95906796,2019-04-03T16:00:00
2019-04-04T16:00:00,2019-04-04T09:30:00,209.27327586832564,210.8480212190345,204.26939916822218,205.8181452562691,94865754.59487465,2019-04-04T16:00:00
2019-04-05T16:00:00,2019-04-05T09:30:00,205.56033522263814,211.43655425730725,204.42793478266398,210.27816402022398,97984798.67927255,2019-04-05T16:00:00
2019-04-08T16:00:00,2019-04-08T09:30:00,209.75143347417125,211.2538488116501,203.78195164662347,205.252139272931,89965449.67446215,2019-04-08T16:00:00
2019-04-09T16:00:00,2019-04-09T09:30:00,204.64127440546184,207.15398561541096,202.959565373499,205.46550320393888,78861305.65917535,2019-04-09T16:00:00
2019-04-10T16:00:00,2019-04-10T09:30:00,206.22064410453427,207.00002697561615,204.26469676476475,205.03961610116957,71514750.59054872,2019-04-10T16:00:00
2019-04-11T16:00:00,2019-04-11T09:30:00,205.30975300259752,207.67681215455048,205.02344023648524,207.38760174421003,61219254.79562792,2019-04-11T16:00:00
2019-04-12T16:00:00,2019-04-12T09:30:00,207.27959141982595,212.32078893309205,206.61338203192358,211.64056311326482,66947261.744938724,2019-04-12T16:00:00
2019-04-15T16:00:00,2019-04-15T09:30:00,211.38777356575187,214.05580135289117,210.71599209573054,213.37769599293614,62633166.3364237,2019-04-15T16:00:00
2019-04-16T16:00:00,2019-04-16T09:30:00,213.79926135194134,216.58975545113697,213.7590012076891,216.54897751291017,72588698.50969823,2019-04-16T16:00:00
2019-04-17T16:00:00,2019-04-17T09:30:00,216.06334141032994,219.05370563404082,214.23876217419414,217.21936419045534,65661381.15992249,2019-04-17T16:00:00
2019-04-18T16:00:00,2019-04-18T09:30:00,217.14579813253903,217.35456562101325,215.88145391720036,216.08920558047635,56882963.89872617,2019-04-18T16:00:00
2019-04-22T16:00:00,2019-04-22T09:30:00,215.39443575975346,218.07122805172267,212.12402509638687,214.79334742462848,86987143.65341197,2019-04-22T16:00:00
2019-04-23T16:00:00,2019-04-23T09:30:00,215.16788902313073,216.11648904709054,213.78238196387446,214.7290472879943,56700512.72404656,2019-04-23T16:00:00
2019-04-24T16:00:00,2019-04-24T09:30:00,214.39101232315218,217.55529190524487,208.38306298247326,211.50474300323896,85253371.76739047,2019-04-24T16:00:00
2019-04-25T16:00:00,2019-04-25T09:30:00,211.6927007766178,216.9410666489864,209.29530267177566,214.51174317833545,69381366.89737913,2019-04-25T16:00:00
2019-04-26T16:00:00,2019-04-26T09:30:00,214.80768283886005,218.51295043358246,213.8462364559862,217.5392778486152,66077551.629741795,2019-04-26T16:00:00
2019-04-29T16:00:00,2019-04-29T09:30:00,218.20478062914466,223.45156983989037,210.88402784727455,216.07971942314876,92941402.53017588,2019-04-29T16:00:00
2019-04-30T16:00:00,2019-04-30T09:30:00,216.13653311958743,216.46005791288536,211.59694240916548,211.9141469075704,75248154.1181086,2019-04-30T16:00:00
2019-05-01T16:00:00,2019-05-01T09:30:00,212.31680956423597,212.9616350088597,211.63197410034803,212.27667766073392,77856294.52885614,2019-05-01T16:00:00
2019-05-02T16:00:00,2019-05-02T09:30:00,212.99322105865173,213.47019197301043,210.41340135111264,210.88565263715603,61972474.53287863,2019-05-02T16:00:00
2019-05-03T16:00:00,2019-05-03T09:30:00,211.5315055358713,213.5881470600837,211.2752861007571,213.32974948584132,89984754.70149478,2019-05-03T16:00:00
2019-05-06T16:00:00,2019-05-06T09:30:00,213.83654875930293,220.1230219761277,213.1971849095582,219.4668237996702,101868888.99911225,2019-05-06T16:00:00
2019-05-07T16:00:00,2019-05-07T09:30:00,220.34297967176335,220.94743049808355,216.29853404455153,216.89352222583238,64771509.95233963,2019-05-07T16:00:00
2019-05-08T16:00:00,2019-05-08T09:30:00,217.2615184093883,218.4438896830838,210.69529825783357,211.84820945479572,97072525.50973713,2019-05-08T16:00:00
2019-05-09T16:00:00,2019-05-09T09:30:00,211.81317456730298,212.3276972458212,205.20574619195745,205.7054323434507,84142259.40116477,2019-05-09T16:00:00
2019-05-10T16:00:00,2019-05-10T09:30:00,206.83301007126389,210.73776593618447,205.10794301644043,208.99466980568155,80308418.0649342,2019-05-10T16:00:00
2019-05-13T16:00:00,2019-05-13T09:30:00,208.70455991016405,208.9798913216489,207.83245947435495,208.10700256426423,65291816.14494533,2019-05-13T16:00:00
2019-05-14T16:00:00,2019-05-14T09:30:00,207.80233150288106,209.19212283539056,202.33618253264416,203.6985274391349,78527612.58660406,2019-05-14T16:00:00
2019-05-15T16:00:00,2019-05-15T09:30:00,203.10487933947024,203.74772120049627,200.0324262837611,200.66755383053143,81129240.87659238,2019-05-15T16:00:00
2019-05-16T16:00:00,2019-05-16T09:30:00,200.48403425128848,204.01990880950228,198.4975358125122,202.01820898215135,69474941.51965304,2019-05-16T16:00:00
2019-05-17T16:00:00,2019-05-17T09:30:00,200.77203310355995,209.40779441523998,200.5827811190001,209.21058806946044,98076733.75252357,2019-05-17T16:00:00
2019-05-20T16:00:00,2019-05-20T09:30:00,209.57341457046164,212.5491883871012,208.83568664718783,211.8036098624302,60055780.30954594,2019-05-20T16:00:00
2019-05-21T16:00:00,2019-05-21T09:30:00,211.81057194458845,213.0670002152439,205.79265992786128,207.02067525596217,91274660.03813784,2019-05-21T16:00:00
2019-05-22T16:00:00,2019-05-22T09:30:00,207.08176342064039,210.6480588438602,204.1729375525785,207.73012559410097,79807330.6582255,2019-05-22T16:00:00
2019-05-23T16:00:00,2019-05-23T09:30:00,207.70582028380292,210.92959547971623,207.41485043742009,210.6345228877021,88922273.1680446,2019-05-23T16:00:00
2019-05-24T16:00:00,2019-05-24T09:30:00,210.341698567195,210.58408026940677,206.2768062369081,206.514778088357,96646124.19125064,2019-05-24T16:00:00
2019-05-28T16:00:00,2019-05-28T09:30:00,206.99155088119375,211.19159928357763,206.2923488704285,210.48061148648193,65069234.197828144,2019-05-28T16:00:00
2019-05-29T16:00:00,2019-05-29T09:30:00,210.53080416516934,216.94676957819314,207.91973504835914,214.28908903276627,67942262.75925782,2019-05-29T16:00:00
2019-05-30T16:00:00,2019-05-30T09:30:00,214.31257510496283,219.9037460006137,212.0119956670823,217.56821823717004,94068472.4474139,2019-05-30T16:00:00
2019-05-31T16:00:00,2019-05-31T09:30:00,218.56661326026833,221.0564086763997,212.03838843333833,214.48165010681421,89124257.06902288,2019-05-31T16:00:00
2019-06-03T16:00:00,2019-06-03T09:30:00,214.41255611647932,215.69400468263578,206.68236862247898,207.92504421294177,73972112.37241751,2019-06-03T16:00:00
2019-06-04T16:00:00,2019-06-04T09:30:00,207.24646650720527,207.86609126681626,204.37161265272232,204.9844745166032,92404403.40063338,2019-06-04T16:00:00
2019-06-05T16:00:00,2019-06-05T09:30:00,205.59184238054826,205.7244662578608,203.21198789425532,203.3431611847373,64855651.15037465,2019-06-05T16:00:00
2019-06-06T16:00:00,2019-06-06T09:30:00,203.39128627142208,206.90497939019687,201.18735735082217,204.68701012730187,65548015.914468385,2019-06-06T16:00:00
2019-06-07T16:00:00,2019-06-07T09:30:00,204.69795591956398,207.10853923441186,203.19555410374016,205.59952029363146,77635985.91504145,2019-06-07T16:00:00
2019-06-10T16:00:00,2019-06-10T09:30:00,204.92382262922519,206.07536638615377,200.69436309588696,201.8285131488422,69737858.4229503,2019-06-10T16:00:00
2019-06-11T16:00:00,2019-06-11T09:30:00,202.40717263567666,204.03841456112926,202.25745282198326,203.8875996811961,81383483.46516234,2019-06-11T16:00:00
2019-06-12T16:00:00,2019-06-12T09:30:00,204.21676878757992,204.9598336052104,201.75170827675967,202.48848454510465,68583318.85739027,2019-06-12T16:00:00
2019-06-13T16:00:00,2019-06-13T09:30:00,202.60355432717728,203.90777340700697,201.2779237009837,202.58200405533142,59750911.32941989,2019-06-13T16:00:00
2019-06-14T16:00:00,2019-06-14T09:30:00,202.48518223002577,204.17820500636847,200.27567102039527,201.9643389121466,71535903.22681732,2019-06-14T16:00:00
2019-06-17T16:00:00,2019-06-17T09:30:00,202.1554680570179,203.75327127047007,199.0973328961404,200.68350193405442,81071730.00812009,2019-06-17T16:00:00
2019-06-18T16:00:00,2019-06-18T09:30:00,200.28325052717042,204.09396576176255,198.7856900841396,202.57923773427314,88603852.2403003,2019-06-18T16:00:00
2019-06-19T16:00:00,2019-06-19T09:30:00,202.14835782714323,204.58426464737002,200.69341286648165,203.12230975369346,68559105.00771208,2019-06-19T16:00:00
2019-06-20T16:00:00,2019-06-20T09:30:00,202.4884723265699,203.211437854945,195.54491704670576,196.24559297747888,70108563.13363662,2019-06-20T16:00:00
2019-06-21T16:00:00,2019-06-21T09:30:00,195.7450570623311,197.08618883328114,194.5446918131973,195.88496562441895,58733436.15293562,2019-06-21T16:00:00
2019-06-24T16:00:00,2019-06-24T09:30:00,195.9209866017201,197.8168926146092,194.44449678120014,196.33726565297772,73667612.45008713,2019-06-24T16:00:00
2019-06-25T16:00:00,2019-06-25T09:30:00,195.4093038426812,196.93646101763585,193.59139764088357,195.11626466447524,68840168.07023086,2019-06-25T16:00:00
2019-06-26T16:00:00,2019-06-26T09:30:00,195.29332611830148,196.14805265602433,190.79353554190115,191.63223885701143,85664468.10954264,2019-06-26T16:00:00
2019-06-27T16:00:00,2019-06-27T09:30:00,191.16957304580117,202.19258514239883,190.0052327882566,200.96856301018647,95755988.64895146,2019-06-27T16:00:00
2019-06-28T16:00:00,2019-06-28T09:30:00,200.81520811701088,202.05278932160272,199.45098794588452,200.68778386202908,56842003.157628186,2019-06-28T16:00:00
2019-07-01T16:00:00,2019-07-01T09:30:00,200.4969825936063,200.7087930857051,198.8231909713976,199.0334553533208,56759374.75577839,2019-07-01T16:00:00
2019-07-02T16:00:00,2019-07-02T09:30:00,199.2975189567281,199.45662591294388,196.87695353876188,197.03425364230245,75383892.72697204,2019-07-02T16:00:00
2019-07-03T13:00:00,2019-07-03T09:30:00,197.66467584491232,199.39370350980445,194.1634655049911,195.87685460231867,92479721.25796025,2019-07-03T13:00:00
2019-07-05T16:00:00,2019-07-05T09:30:00,195.80093871775526,200.0828616752677,195.03744167517596,199.30569833659476,76316749.37600835,2019-07-05T16:00:00
2019-07-08T16:00:00,2019-07-08T09:30:00,200.1555461290145,202.44217230708048,198.52348350775,200.80481556136053,56761918.107060365,2019-07-08T16:00:00
2019-07-09T16:00:00,2019-07-09T09:30:00,200.06247212833657,201.19091295407046,197.42946252370098,198.54936877732513,86180222.7430031,2019-07-09T16:00:00
2019-07-10T16:00:00,2019-07-10T09:30:00,198.8896774987918,199.3632031732216,198.12706505853276,198.5999008193416,71017326.94829421,2019-07-10T16:00:00
2019-07-11T16:00:00,2019-07-11T09:30:00,198.6521729898366,206.14071618935125,196.55481887695376,203.987036999307,87139429.99604306,2019-07-11T16:00:00
2019-07-12T16:00:00,2019-07-12T09:30:00,203.8838437318633,206.89413671280423,199.7149106227829,202.70784021151943,57198674.85354129,2019-07-12T16:00:00
2019-07-15T16:00:00,2019-07-15T09:30:00,202.33128163504378,204.18038018285372,198.95306202096438,200.7880570933456,73373178.86859882,2019-07-15T16:00:00
2019-07-16T16:00:00,2019-07-16T09:30:00,201.0598171422136,201.29333624364148,196.13186003846226,196.3599204875388,76255635.1393694,2019-07-16T16:00:00
2019-07-17T16:00:00,2019-07-17T09:30:00,196.02792215000073,199.41420675516105,194.61299806285174,197.98515541278582,80196703.70652907,2019-07-17T16:00:00
2019-07-18T16:00:00,2019-07-18T09:30:00,198.7293560071412,201.56754106653506,194.246205964895,197.06055781621234,63202764.98133512,2019-07-18T16:00:00
2019-07-19T16:00:00,2019-07-19T09:30:00,198.67418257614796,201.1367817327343,198.2289988150026,200.68708750839264,73404571.43792212,2019-07-19T16:00:00
2019-07-22T16:00:00,2019-07-22T09:30:00,200.87616772464128,205.84992173049145,199.23887851664472,204.18565773331727,71689191.21184339,2019-07-22T16:00:00
2019-07-23T16:00:00,2019-07-23T09:30:00,204.53647944794304,205.52329654818047,202.91033568111627,203.89405329948792,58445598.41232788,2019-07-23T16:00:00
2019-07-24T16:00:00,2019-07-24T09:30:00,204.0473607007801,204.84115279247013,203.96041207181176,204.75390309177024,73543047.39892706,2019-07-24T16:00:00
2019-07-25T16:00:00,2019-07-25T09:30:00,205.28185408641394,207.2018734840589,204.67192306451233,206.58806147418403,80677140.88584724,2019-07-25T16:00:00
2019-07-26T16:00:00,2019-07-26T09:30:00,206.7794991749095,206.99318571694997,204.71169951998502,204.92346803399076,85816282.01707965,2019-07-26T16:00:00
2019-07-29T16:00:00,2019-07-29T09:30:00,205.1747925441915,205.36612727671306,202.1350086266294,202.32368457258968,61468738.0503015,2019-07-29T16:00:00
2019-07-30T16:00:00,2019-07-30T09:30:00,201.76338877161183,202.04980833475864,196.5190623116412,196.7984337167127,90566547.05426747,2019-07-30T16:00:00
2019-07-31T16:00:00,2019-07-31T09:30:00,197.07636498803234,198.6451106251456,196.4163912070089,197.9821036859192,85846561.41978216,2019-07-31T16:00:00
2019-08-01T16:00:00,2019-08-01T09:30:00,198.1862117860939,198.68350465892007,193.19446996442792,193.68045690548095,82637542.66132523,2019-08-01T16:00:00
2019-08-02T16:00:00,2019-08-02T09:30:00,193.31923748854456,193.67261289652794,189.68639104593763,190.03376080917985,91485468.86293928,2019-08-02T16:00:00
2019-08-05T16:00:00,2019-08-05T09:30:00,189.62219884360096,191.97352830915588,189.14855488616934,191.49520589909858,63859876.74616817,2019-08-05T16:00:00
2019-08-06T16:00:00,2019-08-06T09:30:00,191.57747077815603,193.18218242970912,190.97151897390836,192.5730815487963,83471286.94862865,2019-08-06T16:00:00
2019-08-07T16:00:00,2019-08-07T09:30:00,192.6517060856829,192.66824201922515,191.47021460760408,191.48665054057298,90671671.2438163,2019-08-07T16:00:00
2019-08-08T16:00:00,2019-08-08T09:30:00,191.52759535048546,195.39739823252657,189.59415138787548,193.44460235556986,78262129.69388898,2019-08-08T16:00:00
2019-08-09T16:00:00,2019-08-09T09:30:00,193.51756065420545,194.75923013013,192.74801803184525,193.9878174827869,61369005.82009407,2019-08-09T16:00:00
2019-08-12T16:00:00,2019-08-12T09:30:00,194.22800938487933,194.97697650662877,192.79900741725956,193.5453420898546,71155019.73237592,2019-08-12T16:00:00
2019-08-13T16:00:00,2019-08-13T09:30:00,193.11527628945748,193.65325583733627,189.88626854218734,190.4167304950093,82265104.12840083,2019-08-13T16:00:00
2019-08-14T16:00:00,2019-08-14T09:30:00,190.01210131318004,192.4291416744952,189.50283596625917,191.91477682759916,73195821.0008466,2019-08-14T16:00:00
2019-08-15T16:00:00,2019-08-15T09:30:00,191.71228156249472,193.2348251042902,189.59546589748993,191.11325205756398,85671600.48928294,2019-08-15T16:00:00
2019-08-16T16:00:00,2019-08-16T09:30:00,191.6313155782417,191.77370447099463,191.15754971261484,191.29969219738447,66325188.94501786,2019-08-16T16:00:00
2019-08-19T16:00:00,2019-08-19T09:30:00,190.736122042982,193.45147867274727,190.73309624963048,193.44840985229456,64909095.00254867,2019-08-19T16:00:00
2019-08-20T16:00:00,2019-08-20T09:30:00,193.3077502853838,193.5327722561371,191.79915212528226,192.02267819401337,64054375.790701255,2019-08-20T16:00:00
2019-08-21T16:00:00,2019-08-21T09:30:00,192.0596413864518,192.870455509871,189.4441546388857,190.2473177138109,66192206.37903917,2019-08-21T16:00:00
2019-08-22T16:00:00,2019-08-22T09:30:00,190.38050704872455,190.9441795812998,187.3232921172231,187.87955992532977,81875330.5915498,2019-08-22T16:00:00
2019-08-23T16:00:00,2019-08-23T09:30:00,187.85146712987247,189.05234142208144,182.82312282860892,183.99937190924905,78204502.38919348,2019-08-23T16:00:00
2019-08-26T16:00:00,2019-08-26T09:30:00,183.06953303297414,183.37605177034553,180.86050426868664,181.1638322348096,79288903.56218712,2019-08-26T16:00:00
2019-08-27T16:00:00,2019-08-27T09:30:00,180.42455248726932,182.30027253558143,178.4422713454354,180.3168719309274,64580331.370663,2019-08-27T16:00:00
2019-08-28T16:00:00,2019-08-28T09:30:00,180.30523286353284,180.32291772785388,179.01357902567003,179.03113892313286,56502705.47082503,2019-08-28T16:00:00
2019-08-29T16:00:00,2019-08-29T09:30:00,178.97118810013654,179.6091401320552,176.55174166272636,177.18332074924854,88728560.86073495,2019-08-29T16:00:00
2019-08-30T16:00:00,2019-08-30T09:30:00,177.27025305970014,177.48633603116346,175.00158562014434,175.21516354724287,92093841.4240478,2019-08-30T16:00:00
2019-09-03T16:00:00,2019-09-03T09:30:00,175.12620372810824,175.1490657273003,173.6758749499839,173.69855057498103,87865060.99424838,2019-09-03T16:00:00
2019-09-04T16:00:00,2019-09-04T09:30:00,174.1173052027635,182.03569802799225,174.04524952567527,181.96039661228363,105123755.22699083,2019-09-04T16:00:00
2019-09-05T16:00:00,2019-09-05T09:30:00,182.23893527708475,183.93422543288588,182.08807781544232,183.7820905467099,85199072.7810598,2019-09-05T16:00:00
2019-09-06T16:00:00,2019-09-06T09:30:00,183.9208375938123,184.43349505022232,182.96072961889635,183.47213637403166,79429524.056309,2019-09-06T16:00:00
2019-09-09T16:00:00,2019-09-09T09:30:00,183.0464132141902,183.88551604967574,182.42579160220612,183.26415617690773,80378749.55735144,2019-09-09T16:00:00
2019-09-10T16:00:00,2019-09-10T09:30:00,183.58657132104008,187.17717027970522,182.9070064288637,186.48686963004147,89579613.26885954,2019-09-10T16:00:00
2019-09-11T16:00:00,2019-09-11T09:30:00,186.74332067981297,187.11790622983028,186.00287626602437,186.37672647036464,87737178.54807681,2019-09-11T16:00:00
2019-09-12T16:00:00,2019-09-12T09:30:00,186.7617601069712,187.64884495839144,183.08623951418696,183.96001658657855,64498395.96453721,2019-09-12T16:00:00
2019-09-13T16:00:00,2019-09-13T09:30:00,183.67355278937322,184.4837595770614,180.41678023890682,181.21614710579695,72611389.73809305,2019-09-13T16:00:00
2019-09-16T16:00:00,2019-09-16T09:30:00,181.53788210918796,182.18592487306873,178.1691715663096,178.8074674639568,82741734.79994078,2019-09-16T16:00:00
2019-09-17T16:00:00,2019-09-17T09:30:00,178.86369293787953,182.0088383362819,177.87856715729617,181.0118810016898,60850045.56005635,2019-09-17T16:00:00
2019-09-18T16:00:00,2019-09-18T09:30:00,180.9948893526908,182.29573649601176,177.67384974911096,178.96007224734865,70135923.23807386,2019-09-18T16:00:00
2019-09-19T16:00:00,2019-09-19T09:30:00,179.2330725570384,179.6636913433697,176.2881212628456,176.71268465793287,86748062.21880038,2019-09-19T16:00:00
2019-09-20T16:00:00,2019-09-20T09:30:00,176.6176469496721,177.7523804828057,175.64658238746202,176.7804209699186,68604589.61568312,2019-09-20T16:00:00
2019-09-23T16:00:00,2019-09-23T09:30:00,176.62262521498874,178.4258995107827,176.10928984496996,177.90882593157377,65736686.93956434,2019-09-23T16:00:00
2019-09-24T16:00:00,2019-09-24T09:30:00,177.63913316122034,178.40492840851155,176.9372679939025,177.7028116428697,74009190.73084114,2019-09-24T16:00:00
2019-09-25T16:00:00,2019-09-25T09:30:00,177.94441369910555,178.53663154694922,174.62536028057812,175.20847262687818,67287470.3310413,2019-09-25T16:00:00
2019-09-26T16:00:00,2019-09-26T09:30:00,175.5675614296119,176.9022940661274,172.6050112341163,173.92727376819863,83416367.68826741,2019-09-26T16:00:00
2019-09-27T16:00:00,2019-09-27T09:30:00,173.89605594415525,174.61614094436652,171.1628532093465,171.8745674415093,90988464.1270155,2019-09-27T16:00:00
2019-09-30T16:00:00,2019-09-30T09:30:00,171.31159301996388,171.89771558092815,170.9863913194159,171.57201951139794,74399598.8025496,2019-09-30T16:00:00
2019-10-01T16:00:00,2019-10-01T09:30:00,171.88109114110557,172.83587985424717,171.5290517489221,172.48260846039287,70993977.58228768,2019-10-01T16:00:00
2019-10-02T16:00:00,2019-10-02T09:30:00,172.40466906613253,173.266855551108,171.50386676338587,172.36585916211698,59690340.139334105,2019-10-02T16:00:00
2019-10-03T16:00:00,2019-10-03T09:30:00,172.25205460533857,174.6128369595034,171.2345253290658,173.58741940127385,66388628.15105138,2019-10-03T16:00:00
2019-10-04T16:00:00,2019-10-04T09:30:00,173.1286186946659,175.1678077900044,172.50970283015965,174.54383269034565,57790639.029326275,2019-10-04T16:00:00
2019-10-07T16:00:00,2019-10-07T09:30:00,174.20076864674348,175.35716582596524,171.48880465015458,172.63480650091557,79854058.00131063,2019-10-07T16:00:00
2019-10-08T16:00:00,2019-10-08T09:30:00,172.682932565419,174.978003885701,171.72424351953893,174.0119365682079,83763562.17446554,2019-10-08T16:00:00
2019-10-09T16:00:00,2019-10-09T09:30:00,174.32597349394257,176.95284283882535,174.11281875346592,176.73674036556642,78161326.59401384,2019-10-09T16:00:00
2019-10-10T16:00:00,2019-10-10T09:30:00,176.58524875336852,177.39027179046226,175.44104616048256,176.2445158524545,54387595.85291488,2019-10-10T16:00:00
2019-10-11T16:00:00,2019-10-11T09:30:00,176.47708619640824,176.6077328409223,175.35677556852195,175.4866890183146,60924299.89031677,2019-10-11T16:00:00
2019-10-14T16:00:00,2019-10-14T09:30:00,175.226387427733,176.88510623975958,170.66194100278395,172.29289090431806,62071936.01738134,2019-10-14T16:00:00
2019-10-15T16:00:00,2019-10-15T09:30:00,171.99155253585334,172.8451387723357,171.88318725450617,172.7363042514939,62715301.02625765,2019-10-15T16:00:00
2019-10-16T16:00:00,2019-10-16T09:30:00,172.95721381982165,176.61962526207088,171.7976018651678,175.44334475058454,95399811.06865948,2019-10-16T16:00:00
2019-10-17T16:00:00,2019-10-17T09:30:00,175.36366838852305,176.11200657930664,174.87146920190034,175.61909049076166,56555669.781727456,2019-10-17T16:00:00
2019-10-18T16:00:00,2019-10-18T09:30:00,175.75231682484545,177.33539125724312,175.4104687481824,176.99113361270682,84961844.10853331,2019-10-18T16:00:00
2019-10-21T16:00:00,2019-10-21T09:30:00,176.8242117223755,177.93222123403373,174.15972208967685,175.25791694134858,87561754.77087379,2019-10-21T16:00:00
2019-10-22T16:00:00,2019-10-22T09:30:00,175.77320998428902,176.55304602260045,175.40611574825584,176.18509159084286,79289084.6245894,2019-10-22T16:00:00
2019-10-23T16:00:00,2019-10-23T09:30:00,176.10543966450274,179.61040815615826,175.43852551010104,178.93278679235655,61539337.848969534,2019-10-23T16:00:00
2019-10-24T16:00:00,2019-10-24T09:30:00,179.29002688950334,183.16919632568172,178.866222093183,182.7372430185113,79915066.72878945,2019-10-24T16:00:00
2019-10-25T16:00:00,2019-10-25T09:30:00,182.5801458498287,183.67279727416374,182.22962915975344,183.32085856654896,62564824.594475664,2019-10-25T16:00:00
2019-10-28T16:00:00,2019-10-28T09:30:00,183.16678711445326,184.02177377076038,183.01571411899675,183.87012067718783,88314925.56653465,2019-10-28T16:00:00
2019-10-29T16:00:00,2019-10-29T09:30:00,184.0977188437576,184.29091818426394,183.70864810333114,183.90164167279178,78878799.48942904,2019-10-29T16:00:00
2019-10-30T16:00:00,2019-10-30T09:30:00,183.6858436590732,183.94558723938238,181.16517208186238,181.42171403747102,71916620.20944996,2019-10-30T16:00:00
2019-10-31T16:00:00,2019-10-31T09:30:00,181.59895930153195,183.2719251112133,179.27446666841732,180.941374531281,87560596.10390982,2019-10-31T16:00:00
2019-11-01T16:00:00,2019-11-01T09:30:00,180.9980753971746,184.68434583828196,180.89354323777403,184.5777463047997,64388051.1891895,2019-11-01T16:00:00
2019-11-04T16:00:00,2019-11-04T09:30:00,184.77084767752913,188.82490879652238,183.17578561846597,187.20880074192652,92706840.66124038,2019-11-04T16:00:00
2019-11-05T16:00:00,2019-11-05T09:30:00,187.44179466477178,187.79196380275758,186.03488972786297,186.38308103139065,70929068.69308008,2019-11-05T16:00:00
2019-11-06T16:00:00,2019-11-06T09:30:00,185.79351439758986,186.3721827149439,184.35295127441915,184.92892676650797,60178491.27054191,2019-11-06T16:00:00
2019-11-07T16:00:00,2019-11-07T09:30:00,184.6604326345894,184.7189364546897,184.50489536474709,184.5633684331238,83946584.43309633,2019-11-07T16:00:00
2019-11-08T16:00:00,2019-11-08T09:30:00,184.17015994889482,186.11314544630636,183.52172633884413,185.4601699179478,73792176.3853693,2019-11-08T16:00:00
2019-11-11T16:00:00,2019-11-11T09:30:00,185.48942418209796,190.68446800164517,184.9340436455279,190.11523715257917,78025826.63746703,2019-11-11T16:00:00
2019-11-12T16:00:00,2019-11-12T09:30:00,190.23174712453743,191.1283492714357,190.21829242813317,191.11483211626393,76011483.20088305,2019-11-12T16:00:00
2019-11-13T16:00:00,2019-11-13T09:30:00,191.1773430245859,192.33084896360475,190.710151676806,191.8619845170332,84332569.46494423,2019-11-13T16:00:00
2019-11-14T16:00:00,2019-11-14T09:30:00,191.9287183963115,193.1275137620699,189.4560875534213,190.64687647717807,90515903.9751863,2019-11-14T16:00:00
2019-11-15T16:00:00,2019-11-15T09:30:00,190.76141673582504,191.31395057786983,190.49514909698647,191.04728392133777,74766377.82310912,2019-11-15T16:00:00
2019-11-18T16:00:00,2019-11-18T09:30:00,190.7684922181298,193.99352438645417,189.49372940037435,192.7058158869967,87535697.68018888,2019-11-18T16:00:00
2019-11-19T16:00:00,2019-11-19T09:30:00,192.70477238796755,194.00390577265372,190.74340688280773,192.03804547904048,58753427.6550235,2019-11-19T16:00:00
2019-11-20T16:00:00,2019-11-20T09:30:00,191.59678263882148,191.82378311086237,189.4747635670187,189.6995161914015,85768481.14195451,2019-11-20T16:00:00
2019-11-21T16:00:00,2019-11-21T09:30:00,189.4371246724679,190.17034583623865,187.60152550497176,188.33046330805004,74292016.0580324,2019-11-21T16:00:00
2019-11-22T16:00:00,2019-11-22T09:30:00,188.34352260038887,188.96502370654164,185.379338870634,185.9930839350057,65576961.675397664,2019-11-22T16:00:00
2019-11-25T16:00:00,2019-11-25T09:30:00,185.7902336415208,187.96390067892037,185.4999870457091,187.67071634148766,63863303.68810065,2019-11-25T16:00:00
2019-11-26T16:00:00,2019-11-26T09:30:00,187.64228871422682,187.66999489293633,182.4743675521005,182.50131464421335,80726276.24558261,2019-11-26T16:00:00
2019-11-27T16:00:00,2019-11-27T09:30:00,182.39651381371215,184.32305612914496,182.19736433414803,184.12202265421064,57805989.575031035,2019-11-27T16:00:00
2019-11-29T13:00:00,2019-11-29T09:30:00,183.77836023480785,186.16806406498736,182.26319862624948,184.64575124689893,63933746.51705326,2019-11-29T13:00:00
2019-12-02T16:00:00,2019-12-02T09:30:00,184.6870632971701,184.97247953398812,183.1917193318285,183.47526284665838,71946992.97990443,2019-12-02T16:00:00
2019-12-03T16:00:00,2019-12-03T09:30:00,183.276699394863,183.49013855420446,182.99281641917506,183.20617344587603,58492396.79044032,2019-12-03T16:00:00
2019-12-04T16:00:00,2019-12-04T09:30:00,183.46734809602034,183.65592407750063,182.15128652544928,182.33870243422112,87928033.83481316,2019-12-04T16:00:00
2019-12-05T16:00:00,2019-12-05T09:30:00,181.82795194193776,182.0125687399685,180.6014441026361,180.7850019540901,64772178.88765412,2019-12-05T16:00:00
2019-12-06T16:00:00,2019-12-06T09:30:00,180.477203565889,185.71733510705894,178.10493222625962,183.30785642753594,88832984.12476698,2019-12-06T16:00:00
2019-12-09T16:00:00,2019-12-09T09:30:00,182.95993432154137,185.64264836780848,182.6084978861637,185.28674251032095,91499120.82010056,2019-12-09T16:00:00
2019-12-10T16:00:00,2019-12-10T09:30:00,185.06005614420965,187.43292402807273,185.04474685776276,187.41741972626113,66569740.286329605,2019-12-10T16:00:00
2019-12-11T16:00:00,2019-12-11T09:30:00,187.2789103531892,188.43328915312054,186.56784684045527,187.7205488205069,84937287.333164,2019-12-11T16:00:00
2019-12-12T16:00:00,2019-12-12T09:30:00,187.4752717225918,188.1938776975697,186.8105735300266,187.52898904890125,78114756.210305,2019-12-12T16:00:00
2019-12-13T16:00:00,2019-12-13T09:30:00,187.5432718708032,190.43140928542988,187.02869251738136,189.91033520730235,74717727.0366424,2019-12-13T16:00:00
2019-12-16T16:00:00,2019-12-16T09:30:00,189.5384095496565,189.77822210767522,187.67535470691257,187.91311086361202,63261398.1180271,2019-12-16T16:00:00
2019-12-17T16:00:00,2019-12-17T09:30:00,187.6623419239939,188.25499346825555,185.69847929978044,186.2867867391131,64006424.15653297,2019-12-17T16:00:00
2019-12-18T16:00:00,2019-12-18T09:30:00,186.2333245605435,189.43064035429788,185.53195517776848,188.71990630861958,80207484.11549403,2019-12-18T16:00:00
2019-12-19T16:00:00,2019-12-19T09:30:00,188.92664581893706,190.25597507347794,187.15983826267737,188.4860675117632,74507736.57588714,2019-12-19T16:00:00
2019-12-20T16:00:00,2019-12-20T09:30:00,188.45337606128314,189.2479463330786,186.88110664595777,187.6723840447263,76967222.24866569,2019-12-20T16:00:00
2019-12-23T16:00:00,2019-12-23T09:30:00,188.03042912721136,189.4005574413529,187.23981359712002,188.60751542427863,55970753.513204046,2019-12-23T16:00:00
2019-12-24T13:00:00,2019-12-24T09:30:00,188.6729403216731,190.17777794413203,188.62038520498112,190.1248184047287,57072829.19772508,2019-12-24T13:00:00
2019-12-26T16:00:00,2019-12-26T09:30:00,190.34132459215076,195.78543624911546,189.0523438292085,194.46850644241428,91831344.53424454,2019-12-26T16:00:00
2019-12-27T16:00:00,2019-12-27T09:30:00,194.690418709029,196.35403411524078,194.21373200376442,195.8744483910527,89688913.66238856,2019-12-27T16:00:00
2019-12-30T16:00:00,2019-12-30T09:30:00,195.7797879811785,196.52572184291753,194.23609030843411,194.97897301250114,55409787.070464455,2019-12-30T16:00:00
2019-12-31T16:00:00,2019-12-31T09:30:00,195.63836115607512,198.85655630717164,195.01745431277672,198.2274324043643,76859229.36002295,2019-12-31T16:00:00
2020-01-02T16:00:00,2020-01-02T09:30:00,198.42799814823732,201.95121144768063,195.2015795468371,198.72004420774329,78378029.97957417,2020-01-02T16:00:00
2020-01-03T16:00:00,2020-01-03T09:30:00,198.65812890620109,200.95031989650613,197.58375990493508,199.86940018262305,86961517.61669719,2020-01-03T16:00:00
2020-01-06T16:00:00,2020-01-06T09:30:00,199.72251146756636,200.25284382632145,196.63854055330543,197.16207406501434,84998527.03569877,2020-01-06T16:00:00
2020-01-07T16:00:00,2020-01-07T09:30:00,197.3716218709201,200.04384444754697,197.34542252632892,200.01729391329206,62009507.6292094,2020-01-07T16:00:00
2020-01-08T16:00:00,2020-01-08T09:30:00,200.27915783324713,200.32642928541125,197.94699388621942,197.99372591287934,89453209.14814371,2020-01-08T16:00:00
2020-01-09T16:00:00,2020-01-09T09:30:00,198.4488226121012,198.8592216791818,198.02334766219835,198.4337154872193,64906147.10236989,2020-01-09T16:00:00
2020-01-10T16:00:00,2020-01-10T09:30:00,198.03462161968577,199.11867641424786,196.8743204845132,197.95795560416684,76425359.26823537,2020-01-10T16:00:00
2020-01-13T16:00:00,2020-01-13T09:30:00,197.80114244701696,198.95689366939908,193.24691517351377,194.382692407053,74117544.30993757,2020-01-13T16:00:00
2020-01-14T16:00:00,2020-01-14T09:30:00,194.61181135803017,194.66967151897646,194.18775955655624,194.24551081245522,56208793.95628483,2020-01-14T16:00:00
2020-01-15T16:00:00,2020-01-15T09:30:00,193.9479132271612,199.71670751457393,192.46808102368817,198.20439812012015,91660433.41582842,2020-01-15T16:00:00
2020-01-16T16:00:00,2020-01-16T09:30:00,198.45541446955067,198.85771321885673,194.65780670807897,195.05320867838645,76164142.32931273,2020-01-16T16:00:00
2020-01-17T16:00:00,2020-01-17T09:30:00,195.4830548584107,197.81081697226128,194.78846069552748,197.11044035183812,62749967.64284982,2020-01-17T16:00:00
2020-01-21T16:00:00,2020-01-21T09:30:00,197.17851119734718,199.24783015017024,195.22789253648355,197.29604873122742,83441869.17404114,2020-01-21T16:00:00
2020-01-22T16:00:00,2020-01-22T09:30:00,197.5100302061669,199.21348328408362,193.6757276208343,195.36064300606867,74910981.67179814,2020-01-22T16:00:00
2020-01-23T16:00:00,2020-01-23T09:30:00,195.69910225523208,197.4694638814503,194.5591251134171,196.32583592037236,77407350.05876467,2020-01-23T16:00:00
2020-01-24T16:00:00,2020-01-24T09:30:00,196.40801439103035,197.56013422097087,194.04390416103033,195.18887256449665,69942612.4836808,2020-01-24T16:00:00
2020-01-27T16:00:00,2020-01-27T09:30:00,195.42559676234927,197.60568725891363,194.93389348320804,197.10974655137227,73260195.9297451,2020-01-27T16:00:00
2020-01-28T16:00:00,2020-01-28T09:30:00,196.96128646744944,199.08391455423387,194.81950667416154,196.9419261167761,69430488.18137464,2020-01-28T16:00:00
2020-01-29T16:00:00,2020-01-29T09:30:00,196.70376202654322,199.55370138719005,196.15225290795024,198.99576605129204,67396320.02903712,2020-01-29T16:00:00
2020-01-30T16:00:00,2020-01-30T09:30:00,198.2702795072835,198.3342139572239,197.27221507651376,197.3358482087215,87064171.40056644,2020-01-30T16:00:00
2020-01-31T16:00:00,2020-01-31T09:30:00,197.2820036255999,197.97505721525422,197.25342648905723,197.94638384041423,83868870.17770441,2020-01-31T16:00:00
2020-02-03T16:00:00,2020-02-03T09:30:00,198.0580993606204,198.3599498315597,195.91179162509175,196.21082675999455,83145522.96540844,2020-02-03T16:00:00
2020-02-04T16:00:00,2020-02-04T09:30:00,196.50130573323855,199.92538100391627,195.4376455081241,198.84901265726546,73950050.87233108,2020-02-04T16:00:00
2020-02-05T16:00:00,2020-02-05T09:30:00,198.9223668647252,199.33750950339927,195.67215114259366,196.08136472893582,92995292.27674197,2020-02-05T16:00:00
2020-02-06T16:00:00,2020-02-06T09:30:00,195.84865969701082,197.26236436490012,194.59495751757876,196.00764446317095,83958565.05287877,2020-02-06T16:00:00
2020-02-07T16:00:00,2020-02-07T09:30:00,196.19711802339862,197.38179109447125,191.3770500205222,192.5396385806321,75172621.61215833,2020-02-07T16:00:00
2020-02-10T16:00:00,2020-02-10T09:30:00,193.21721546393928,194.37349439332795,192.45158048226972,193.60631757086645,62963882.55018595,2020-02-10T16:00:00
2020-02-11T16:00:00,2020-02-11T09:30:00,193.54680231506006,194.06392290915022,190.75850174153294,191.2695379141508,65388527.794146895,2020-02-11T16:00:00
2020-02-12T16:00:00,2020-02-12T09:30:00,191.98632790022629,192.01737925735006,190.89251030074675,190.9233897410849,87401274.85951158,2020-02-12T16:00:00
2020-02-13T16:00:00,2020-02-13T09:30:00,190.84656094392585,196.49682796765543,190.33515926864865,195.97169274132943,95123552.41650705,2020-02-13T16:00:00
2020-02-14T16:00:00,2020-02-14T09:30:00,195.87882987355752,196.5828382359295,192.1864411241037,192.87967020272296,70414823.75577502,2020-02-14T16:00:00
2020-02-18T16:00:00,2020-02-18T09:30:00,192.911580566164,193.60165175943152,191.03038270746745,191.71617778094995,68202913.85686348,2020-02-18T16:00:00
2020-02-19T16:00:00,2020-02-19T09:30:00,191.92637428786975,193.89705552537222,190.74081715189806,192.70667833776344,68715312.62719788,2020-02-19T16:00:00
2020-02-20T16:00:00,2020-02-20T09:30:00,192.62868529595,194.7434724812468,192.3051892692226,194.41697324632278,84636302.73616602,2020-02-20T16:00:00
2020-02-21T16:00:00,2020-02-21T09:30:00,194.2217833187544,196.77528429154273,193.90726184598475,196.45714289224782,65974272.08006219,2020-02-21T16:00:00
2020-02-24T16:00:00,2020-02-24T09:30:00,196.5340646507498,199.01157320295357,196.17212891155256,198.64574860157336,70570149.56225567,2020-02-24T16:00:00
2020-02-25T16:00:00,2020-02-25T09:30:00,199.17589726742926,201.3736570449962,198.6432331727896,200.83655179531348,59643901.42920992,2020-02-25T16:00:00
2020-02-26T16:00:00,2020-02-26T09:30:00,201.11769233159524,202.31076780317758,198.3809759988904,199.56483959813175,82761021.34851278,2020-02-26T16:00:00
2020-02-27T16:00:00,2020-02-27T09:30:00,199.44191888124288,202.02300483672556,198.93195567364305,201.50775937627165,60688065.725663185,2020-02-27T16:00:00
2020-02-28T16:00:00,2020-02-28T09:30:00,201.68801551135158,201.7792751464752,199.5476285946018,199.63796062249665,82914227.73839556,2020-02-28T16:00:00
2020-03-02T16:00:00,2020-03-02T09:30:00,199.54614370532298,200.8990153384091,197.81330850104504,199.16358649443944,64434837.43300506,2020-03-02T16:00:00
2020-03-03T16:00:00,2020-03-03T09:30:00,199.07905605048802,201.7659813769115,197.60660157238215,200.28461022181617,87454410.77142276,2020-03-03T16:00:00
2020-03-04T16:00:00,2020-03-04T09:30:00,199.87217851138678,202.45016423207596,198.97090117787667,201.54136011043585,76043913.95629543,2020-03-04T16:00:00
2020-03-05T16:00:00,2020-03-05T09:30:00,201.40194982972983,202.28820852169548,200.9134506679711,201.79874693106476,58678562.78499025,2020-03-05T16:00:00
2020-03-06T16:00:00,2020-03-06T09:30:00,202.0247370158475,202.98212169015608,199.30947266681204,200.2584871754012,78814342.1390095,2020-03-06T16:00:00
2020-03-09T16:00:00,2020-03-09T09:30:00,200.37044491170005,202.88789060629617,199.6881344726073,202.19935228965062,80599988.73965856,2020-03-09T16:00:00
2020-03-10T16:00:00,2020-03-10T09:30:00,202.38205729598656,203.19318756612753,196.9045347861038,197.69688728876682,77569117.16859429,2020-03-10T16:00:00
2020-03-11T16:00:00,2020-03-11T09:30:00,198.37331969686952,198.52333529624198,195.42322505863132,195.571121555322,61377873.85719346,2020-03-11T16:00:00
2020-03-12T16:00:00,2020-03-12T09:30:00,195.99663791057768,197.65410477956632,191.1617805390189,192.79214829330195,65806928.550757654,2020-03-12T16:00:00
2020-03-13T16:00:00,2020-03-13T09:30:00,193.35085249778342,194.21981935748204,192.98281943501175,193.8508346053642,62106519.169027455,2020-03-13T16:00:00
2020-03-16T16:00:00,2020-03-16T09:30:00,193.88452292438615,195.01778476367244,193.30184397794568,194.43345611457343,82358039.62506567,2020-03-16T16:00:00
2020-03-17T16:00:00,2020-03-17T09:30:00,194.79213233517112,195.99031797043713,191.0228788362585,192.20515169824816,92823622.20524764,2020-03-17T16:00:00
2020-03-18T16:00:00,2020-03-18T09:30:00,192.31243729392827,193.2121857089784,189.39877581132018,190.28905769047242,83723138.83149672,2020-03-18T16:00:00
2020-03-19T16:00:00,2020-03-19T09:30:00,189.25637617862108,190.56504700050493,188.604401940726,189.91081825798204,63782640.58250509,2020-03-19T16:00:00
2020-03-20T16:00:00,2020-03-20T09:30:00,190.472983535704,191.03393720782813,187.2956778303472,187.8489034386848,73654520.81098427,2020-03-20T16:00:00
2020-03-23T16:00:00,2020-03-23T09:30:00,187.757453648259,188.69046540804786,187.46998200698891,188.40200690431877,61359095.74451014,2020-03-23T16:00:00
2020-03-24T16:00:00,2020-03-24T09:30:00,188.62256059989875,191.2732837369221,188.49857110646136,191.14763440692417,94046265.57817516,2020-03-24T16:00:00
2020-03-25T16:00:00,2020-03-25T09:30:00,191.36393754673688,191.90422841566087,190.99289708407608,191.5328604240865,70124974.41464211,2020-03-25T16:00:00
2020-03-26T16:00:00,2020-03-26T09:30:00,191.89412980121435,195.822442998579,190.21596867908568,194.12477434407816,59122797.45466134,2020-03-26T16:00:00
2020-03-27T16:00:00,2020-03-27T09:30:00,194.21004352058247,196.41694154594313,191.73680902165884,193.9406457563512,56003717.86250998,2020-03-27T16:00:00
2020-03-30T16:00:00,2020-03-30T09:30:00,194.0720208945064,194.8157946007405,193.17948127671357,193.92268264975263,83923090.60628353,2020-03-30T16:00:00
2020-03-31T16:00:00,2020-03-31T09:30:00,194.4158011329952,194.6770877189149,194.27719634527458,194.53839553001458,62491091.85992036,2020-03-31T16:00:00
2020-04-01T16:00:00,2020-04-01T09:30:00,194.995015828539,197.25397077099535,193.8477855154635,196.10023801278265,82551460.17006654,2020-04-01T16:00:00
2020-04-02T16:00:00,2020-04-02T09:30:00,196.010602679275,199.688753463795,194.81914838937504,198.48227506485821,60836087.834656835,2020-04-02T16:00:00
2020-04-03T16:00:00,2020-04-03T09:30:00,198.36698675509535,199.27597023170603,197.8255772930609,198.7335602686707,78138506.3075839,2020-04-03T16:00:00
2020-04-06T16:00:00,2020-04-06T09:30:00,198.88681046905202,199.58199671683968,198.55851547638056,199.2530971085612,67436676.696462,2020-04-06T16:00:00
2020-04-07T16:00:00,2020-04-07T09:30:00,199.4530668897173,199.8584975345094,195.3457856850253,195.74367620682105,76623293.7668472,2020-04-07T16:00:00
2020-04-08T16:00:00,2020-04-08T09:30:00,195.69944770237683,195.95339096501382,193.48746958024847,193.73886875898853,84425553.43246199,2020-04-08T16:00:00
2020-04-09T16:00:00,2020-04-09T09:30:00,193.6600735451164,195.91149945979916,191.76694190059152,194.0148992031376,62907613.79148548,2020-04-09T16:00:00
2020-04-13T16:00:00,2020-04-13T09:30:00,194.45915390097832,195.18778034759413,192.09972192565343,192.8222148627335,65108291.434765875,2020-04-13T16:00:00
2020-04-14T16:00:00,2020-04-14T09:30:00,193.37944454931932,198.48647605932263,191.76411974142616,196.84222616550844,80015645.91929607,2020-04-14T16:00:00
2020-04-15T16:00:00,2020-04-15T09:30:00,196.37768422440425,197.01648997329883,192.03942257777217,192.6661549270761,65212168.57533051,2020-04-15T16:00:00
2020-04-16T16:00:00,2020-04-16T09:30:00,192.07836545818867,192.51368756018485,190.8815417399932,191.31513407148253,71228085.65780187,2020-04-16T16:00:00
2020-04-17T16:00:00,2020-04-17T09:30:00,191.640817140876,191.89567963402402,190.06932822665303,190.32243741092924,66064590.203605324,2020-04-17T16:00:00
2020-04-20T16:00:00,2020-04-20T09:30:00,190.60690868917885,193.875225674579,190.59180435311663,193.85986356337133,88713036.91911204,2020-04-20T16:00:00
2020-04-21T16:00:00,2020-04-21T09:30:00,193.88626024707938,195.38465999861103,191.15947553494232,192.6483080938506,79986756.77431852,2020-04-21T16:00:00
2020-04-22T16:00:00,2020-04-22T09:30:00,192.51147328723434,194.8090412738263,192.23181217028414,194.52645299899194,89643138.35778347,2020-04-22T16:00:00
2020-04-23T16:00:00,2020-04-23T09:30:00,193.97371072231414,194.39706356396053,189.2254123222478,189.63930520725978,80340766.92009984,2020-04-23T16:00:00
2020-04-24T16:00:00,2020-04-24T09:30:00,189.22888224179002,189.79867530620072,186.8739386394833,187.43834014603237,72491384.93162791,2020-04-24T16:00:00
2020-04-27T16:00:00,2020-04-27T09:30:00,187.57781890481164,189.52588724763856,182.65153672733777,184.5683505752797,90851910.90705086,2020-04-27T16:00:00
2020-04-28T16:00:00,2020-04-28T09:30:00,184.38094885458108,186.04912905020657,183.46563355232038,185.13009479138424,82337784.39592683,2020-04-28T16:00:00
2020-04-29T16:00:00,2020-04-29T09:30:00,185.3189577917646,187.14736892027057,184.84972132687102,186.67469965214167,74968011.38541044,2020-04-29T16:00:00
2020-04-30T16:00:00,2020-04-30T09:30:00,186.62943684932972,187.95023123777537,185.73141305685968,187.05018289885948,69175806.66798037,2020-04-30T16:00:00
2020-05-01T16:00:00,2020-05-01T09:30:00,187.3103745921991,190.09358987432623,186.48597748004596,189.26060931942123,60122885.183853686,2020-05-01T16:00:00
2020-05-04T16:00:00,2020-05-04T09:30:00,188.73324179118438,189.30432428986896,187.97578733033225,188.54630417986488,86817638.82129954,2020-05-04T16:00:00
2020-05-05T16:00:00,2020-05-05T09:30:00,188.87981329413148,189.3703334307822,188.32328087756827,188.81362913421444,73220860.36654337,2020-05-05T16:00:00
2020-05-06T16:00:00,2020-05-06T09:30:00,188.55096934879407,191.39183372518636,188.4267384970259,191.26581413967708,88409423.02110818,2020-05-06T16:00:00
2020-05-07T16:00:00,2020-05-07T09:30:00,191.54067477617832,195.8381226588605,190.48809697629318,194.76781070595086,96363810.18676451,2020-05-07T16:00:00
2020-05-08T16:00:00,2020-05-08T09:30:00,194.6732065803752,195.7070015034716,192.20304973187532,193.22917625909352,69121773.91178301,2020-05-08T16:00:00
2020-05-11T16:00:00,2020-05-11T09:30:00,192.79741820585028,194.09171033058433,190.78725833172336,192.07671219606263,83800273.30548492,2020-05-11T16:00:00
2020-05-12T16:00:00,2020-05-12T09:30:00,191.77608633924237,193.43396946469454,190.8806937922557,192.53503343330087,57406882.25036567,2020-05-12T16:00:00
2020-05-13T16:00:00,2020-05-13T09:30:00,192.70212005235078,193.9216249012119,190.06551980303766,191.27599952598692,74020906.88852109,2020-05-13T16:00:00
2020-05-14T16:00:00,2020-05-14T09:30:00,191.6600713334131,191.79717847952728,186.85987776483947,186.99364670827813,75508500.36938056,2020-05-14T16:00:00
2020-05-15T16:00:00,2020-05-15T09:30:00,186.9606920708283,189.40417568910001,186.68159873224238,189.12185618302072,66635528.59508948,2020-05-15T16:00:00
2020-05-18T16:00:00,2020-05-18T09:30:00,189.0672528344902,190.3079426677429,188.01275401058888,189.25241114664271,71810005.64809614,2020-05-18T16:00:00
2020-05-19T16:00:00,2020-05-19T09:30:00,189.39135706815364,190.29485038716876,187.00226417547302,187.89863645622688,82757353.75958006,2020-05-19T16:00:00
2020-05-20T16:00:00,2020-05-20T09:30:00,188.11451475553034,188.1332507752698,184.31571966559076,184.33407915768123,78491885.13543043,2020-05-20T16:00:00
2020-05-21T16:00:00,2020-05-21T09:30:00,184.21834824612543,185.17073503103,183.36982589005342,184.32173646174073,70720554.95637237,2020-05-21T16:00:00
2020-05-22T16:00:00,2020-05-22T09:30:00,184.63809564665286,186.6427956754553,184.5271181521228,186.53068063485466,86988641.21021216,2020-05-22T16:00:00
2020-05-26T16:00:00,2020-05-26T09:30:00,186.20227014405967,188.65597299027647,185.172265402025,187.61813618083022,87944840.78294559,2020-05-26T16:00:00
2020-05-27T16:00:00,2020-05-27T09:30:00,188.0123255823152,191.1739846699155,188.0121822404766,191.17383891771823,90069601.36577742,2020-05-27T16:00:00
2020-05-28T16:00:00,2020-05-28T09:30:00,191.20403033390323,192.39159490334396,186.79358723690885,187.96100946586589,67592549.91352566,2020-05-28T16:00:00
2020-05-29T16:00:00,2020-05-29T09:30:00,188.171993567723,189.99652318045366,185.76043793478354,187.57921997073163,80105996.24110222,2020-05-29T16:00:00
2020-06-01T16:00:00,2020-06-01T09:30:00,187.29548412190135,195.48238083286287,185.6294059784452,193.75880849237257,104451661.50528574,2020-06-01T16:00:00
2020-06-02T16:00:00,2020-06-02T09:30:00,193.68095164842742,195.57252984000658,193.58596890388574,195.47666646203163,76980544.48432037,2020-06-02T16:00:00
2020-06-03T16:00:00,2020-06-03T09:30:00,195.61439795508585,199.15727214607793,193.5996874774163,197.1269829539708,88352709.3267875,2020-06-03T16:00:00
2020-06-04T16:00:00,2020-06-04T09:30:00,197.42593264305017,197.54100575472344,197.33290677727092,197.44796950531241,76461991.92253043,2020-06-04T16:00:00
2020-06-05T16:00:00,2020-06-05T09:30:00,196.9961301681921,198.12863690036278,195.2858074675515,196.414973199169,67992833.22783029,2020-06-05T16:00:00
2020-06-08T16:00:00,2020-06-08T09:30:00,196.39825305078912,198.4355504119116,195.42608053339956,197.45813148996226,85185181.90539682,2020-06-08T16:00:00
2020-06-09T16:00:00,2020-06-09T09:30:00,197.74412212249322,199.17608388048714,197.26458836729765,198.694246054293,82878974.77854642,2020-06-09T16:00:00
2020-06-10T16:00:00,2020-06-10T09:30:00,198.50394608093802,198.56891189498745,196.0586947882913,196.1228813341567,64281343.54406405,2020-06-10T16:00:00
2020-06-11T16:00:00,2020-06-11T09:30:00,195.94675397744368,197.57879090089034,195.56232753106454,197.19192156968197,76175753.51159023,2020-06-11T16:00:00
2020-06-12T16:00:00,2020-06-12T09:30:00,196.9543241000403,197.75792293114412,193.37995645837177,194.1722038831814,88647893.16777918,2020-06-12T16:00:00
2020-06-15T16:00:00,2020-06-15T09:30:00,194.11817330483706,197.7596762440721,193.76805760683294,197.4036348172652,90923823.10001026,2020-06-15T16:00:00
2020-06-16T16:00:00,2020-06-16T09:30:00,197.91574588347305,199.3525382200777,191.8501101037965,193.25305308062855,98974137.52460873,2020-06-16T16:00:00
2020-06-17T16:00:00,2020-06-17T09:30:00,193.74111410481578,194.52662359039425,191.53644771743444,192.31617990926657,58538439.48744376,2020-06-17T16:00:00
2020-06-18T16:00:00,2020-06-18T09:30:00,192.2003717702217,193.73585275810825,191.54069865642032,193.07318396467952,83780750.3646659,2020-06-18T16:00:00
2020-06-19T16:00:00,2020-06-19T09:30:00,192.728403279869,193.0263896914104,192.41239681942253,192.71035532617736,63878029.074454606,2020-06-19T16:00:00
2020-06-22T16:00:00,2020-06-22T09:30:00,192.94050167997108,194.40063977183928,191.87002282039725,193.32801092070596,72818835.62798056,2020-06-22T16:00:00
2020-06-23T16:00:00,2020-06-23T09:30:00,193.31458375092888,195.96729529291926,191.9375621769746,194.58125097448286,63466905.73686292,2020-06-23T16:00:00
2020-06-24T16:00:00,2020-06-24T09:30:00,194.79254566484707,196.14240688617727,191.95838993753694,193.29789361239068,70497248.18183829,2020-06-24T16:00:00
2020-06-25T16:00:00,2020-06-25T09:30:00,193.75938866917383,197.65944413262812,193.0715097691657,196.96020179970208,96555161.33727711,2020-06-25T16:00:00
2020-06-26T16:00:00,2020-06-26T09:30:00,197.0163780743001,200.31106507425045,196.48138278604475,199.76859617526966,69967608.21440756,2020-06-26T16:00:00
2020-06-29T16:00:00,2020-06-29T09:30:00,199.63615487999843,203.47972562241316,199.17082378251638,203.00653851149946,74145744.0357015,2020-06-29T16:00:00
2020-06-30T16:00:00,2020-06-30T09:30:00,203.1626705062938,204.39832114184887,202.69203952458977,203.92592207040664,57941054.92066177,2020-06-30T16:00:00
2020-07-01T16:00:00,2020-07-01T09:30:00,204.06203895326072,207.13478749002255,203.0788329471474,206.1415619842297,77310237.9968477,2020-07-01T16:00:00
2020-07-02T16:00:00,2020-07-02T09:30:00,206.55638834202495,211.6109431664419,205.37901019155805,210.41159023942095,67267421.24508806,2020-07-02T16:00:00
2020-07-06T16:00:00,2020-07-06T09:30:00,210.0314302299562,213.37447479931296,209.41736656178034,212.75245573654718,67255237.99183397,2020-07-06T16:00:00
2020-07-07T16:00:00,2020-07-07T09:30:00,212.71376029701617,217.11750638711294,211.782290615956,216.1708979631957,92390044.85323976,2020-07-07T16:00:00
2020-07-08T16:00:00,2020-07-08T09:30:00,215.73948926662808,216.37600888615466,214.36167142262008,214.99599743754615,79554276.38896617,2020-07-08T16:00:00
2020-07-09T16:00:00,2020-07-09T09:30:00,215.45970529551852,216.76433629620067,214.56219183542416,215.8651339926528,55993527.30746448,2020-07-09T16:00:00
2020-07-10T16:00:00,2020-07-10T09:30:00,216.3412007560466,219.60918629720916,216.05872031426125,219.32281271320244,73222174.28975959,2020-07-10T16:00:00
2020-07-13T16:00:00,2020-07-13T09:30:00,219.49908454104403,222.73140738692635,218.81776672922047,222.04219584273977,91179093.77010563,2020-07-13T16:00:00
2020-07-14T16:00:00,2020-07-14T09:30:00,221.924905246734,226.07711560273182,219.7974034269457,223.93038805289345,85136027.4588436,2020-07-14T16:00:00
2020-07-15T16:00:00,2020-07-15T09:30:00,224.15150718937088,226.85814393080406,223.93835394644626,226.64262180281142,81187842.73617631,2020-07-15T16:00:00
2020-07-16T16:00:00,2020-07-16T09:30:00,226.7240517318399,233.4341501042456,226.5050521788122,233.2088866549142,96580083.31476651,2020-07-16T16:00:00
2020-07-17T16:00:00,2020-07-17T09:30:00,233.73983288997724,236.96887569419587,232.21984392275803,235.4378447098736,88254611.08403878,2020-07-17T16:00:00
2020-07-20T16:00:00,2020-07-20T09:30:00,235.38155989712354,241.91441479261115,233.44669693304482,239.94206397080245,94273993.86597672,2020-07-20T16:00:00
2020-07-21T16:00:00,2020-07-21T09:30:00,239.3740324919895,242.60884022120874,239.022135262531,242.25271112488952,62013667.34160366,2020-07-21T16:00:00
2020-07-22T16:00:00,2020-07-22T09:30:00,242.55379670485644,242.61100844915725,242.10316068843574,242.16027961291863,85426838.62334815,2020-07-22T16:00:00
2020-07-23T16:00:00,2020-07-23T09:30:00,242.54641404131817,247.64300258128932,242.24901886146222,247.33973013827782,73092718.89445129,2020-07-23T16:00:00
2020-07-24T16:00:00,2020-07-24T09:30:00,248.1613871811512,249.21446726876115,247.36613124980062,248.41838775549306,84360954.19496375,2020-07-24T16:00:00
2020-07-27T16:00:00,2020-07-27T09:30:00,248.62083056694777,248.77508865466655,246.74354021688382,246.89672857655341,61348240.960146196,2020-07-27T16:00:00
2020-07-28T16:00:00,2020-07-28T09:30:00,246.51404624321833,250.38374012722687,245.28781595474933,249.14442559112283,79471799.2560678,2020-07-28T16:00:00
2020-07-29T16:00:00,2020-07-29T09:30:00,249.18501066665584,252.87469339549077,248.52211854855776,252.20377064909192,77399114.90272611,2020-07-29T16:00:00
2020-07-30T16:00:00,2020-07-30T09:30:00,252.0920628402697,252.58737886881948,251.59185103952228,252.08715742981371,64522571.71835648,2020-07-30T16:00:00
2020-07-31T16:00:00,2020-07-31T09:30:00,252.53328842360213,253.26064657984324,252.24317847199222,252.97003489438944,75251768.7947252,2020-07-31T16:00:00
2020-08-03T16:00:00,2020-08-03T09:30:00,253.0110767128834,254.66867235314615,252.6434260444799,254.29914998408333,84944662.09666917,2020-08-03T16:00:00
2020-08-04T16:00:00,2020-08-04T09:30:00,254.32254171111774,255.466528839529,253.9246756232275,255.06749733163153,67178030.47400504,2020-08-04T16:00:00
2020-08-05T16:00:00,2020-08-05T09:30:00,255.1754841255611,255.48110095885446,251.48011597879645,251.78166812969687,79008444.54303204,2020-08-05T16:00:00
2020-08-06T16:00:00,2020-08-06T09:30:00,251.769687372485,253.00754713643877,250.98397899099004,252.22043209669422,56489991.95790626,2020-08-06T16:00:00
2020-08-07T16:00:00,2020-08-07T09:30:00,252.06858836688573,254.7269987237521,251.08268789348753,253.734582150626,72927539.39928779,2020-08-07T16:00:00
2020-08-10T16:00:00,2020-08-10T09:30:00,253.40797022580722,254.2513760832609,252.92267144242408,253.76539280387655,55149153.62804648,2020-08-10T16:00:00
2020-08-11T16:00:00,2020-08-11T09:30:00,253.30407240682138,254.47881250785477,251.35065822831277,252.52177027204684,62342720.99676431,2020-08-11T16:00:00
2020-08-12T16:00:00,2020-08-12T09:30:00,252.1609155443129,252.8015029923493,250.7507193933897,251.38934675462633,72961163.31093344,2020-08-12T16:00:00
2020-08-13T16:00:00,2020-08-13T09:30:00,251.82521676862316,251.92366037628184,250.77291622461968,250.87098680434485,73319216.96427202,2020-08-13T16:00:00
2020-08-14T16:00:00,2020-08-14T09:30:00,251.14504189750386,252.11524646646038,245.71199969205537,246.66489690303908,83498569.00096205,2020-08-14T16:00:00
2020-08-17T16:00:00,2020-08-17T09:30:00,246.82856467580353,248.1581013740736,246.5221926506743,247.85046093648458,63446789.22698669,2020-08-17T16:00:00
2020-08-18T16:00:00,2020-08-18T09:30:00,247.91348252851722,250.67465843245375,247.89667891685968,250.65766881945302,79401993.21100703,2020-08-18T16:00:00
2020-08-19T16:00:00,2020-08-19T09:30:00,250.58114361697574,252.30096604691596,247.00782581035284,248.71483916692077,78100362.58099878,2020-08-19T16:00:00
2020-08-20T16:00:00,2020-08-20T09:30:00,248.5344880031434,248.66738864648846,248.3808342829671,248.51372382293204,85661372.16914783,2020-08-20T16:00:00
2020-08-21T16:00:00,2020-08-21T09:30:00,248.60137126175468,249.95051565345705,248.50773500333628,249.85640668316086,81954575.70069009,2020-08-21T16:00:00
2020-08-24T16:00:00,2020-08-24T09:30:00,249.72410781691454,249.83456729432086,248.63925718790796,248.74928547600186,69131398.9708972,2020-08-24T16:00:00
2020-08-25T16:00:00,2020-08-25T09:30:00,248.27487076116134,250.096396255277,247.28409393424394,249.1023173827853,65415040.656841815,2020-08-25T16:00:00
2020-08-26T16:00:00,2020-08-26T09:30:00,248.92382037935877,250.35376123269518,245.60054776141516,247.01954954650347,57568997.91942443,2020-08-26T16:00:00
2020-08-27T16:00:00,2020-08-27T09:30:00,246.9700457260621,248.07287330954549,245.18965085488168,246.28943923736796,72673264.83723909,2020-08-27T16:00:00
2020-08-28T16:00:00,2020-08-28T09:30:00,246.3353929971434,247.36596818513888,245.87258175261093,246.90209223457225,85942075.16070865,2020-08-28T16:00:00
2020-08-31T16:00:00,2020-08-31T09:30:00,246.48644851374982,247.53567361405518,241.9567024334923,242.9910485764679,80222214.72458765,2020-08-31T16:00:00
2020-09-01T16:00:00,2020-09-01T09:30:00,242.7299568275875,242.98227025403477,241.93593867319353,242.18768842138115,72584229.49286377,2020-09-01T16:00:00
2020-09-02T16:00:00,2020-09-02T09:30:00,242.01100163137758,244.95124015615505,240.49333747767272,243.42471055688964,64991330.42223971,2020-09-02T16:00:00
2020-09-03T16:00:00,2020-09-03T09:30:00,242.9928380798325,245.23271713204875,241.6655536082194,243.90047493283194,54626494.33635341,2020-09-03T16:00:00
2020-09-04T16:00:00,2020-09-04T09:30:00,244.2857524824197,244.6558171194516,242.65683193002135,243.0249866527648,80696812.75479467,2020-09-04T16:00:00
2020-09-08T16:00:00,2020-09-08T09:30:00,242.6207415147907,243.52815574136298,241.60038062732104,242.50737084166326,64068377.78786622,2020-09-08T16:00:00
2020-09-09T16:00:00,2020-09-09T09:30:00,242.3762213644164,242.6812165352602,239.4205294038185,239.72218485629526,61791428.24822578,2020-09-09T16:00:00
2020-09-10T16:00:00,2020-09-10T09:30:00,240.0526210424764,241.4431309373255,238.98269069607895,240.37177808695512,66138359.447722994,2020-09-10T16:00:00
2020-09-11T16:00:00,2020-09-11T09:30:00,240.28626573429202,241.08507101674775,237.06186460594202,237.8525793655322,72183604.4882407,2020-09-11T16:00:00
2020-09-14T16:00:00,2020-09-14T09:30:00,237.79652168672308,237.82505373175232,235.11480769435948,235.14302135882411,89842008.28998001,2020-09-14T16:00:00
2020-09-15T16:00:00,2020-09-15T09:30:00,235.33096693337717,236.04123785532715,234.69303187285476,235.4031072369081,83966671.0268056,2020-09-15T16:00:00
2020-09-16T16:00:00,2020-09-16T09:30:00,235.40152591094827,237.56319698249783,230.4029925018565,232.53837148343172,84386613.84831065,2020-09-16T16:00:00
2020-09-17T16:00:00,2020-09-17T09:30:00,232.63160440433163,235.59648859877873,231.34453510311792,234.3001876102953,71902827.83456005,2020-09-17T16:00:00
2020-09-18T16:00:00,2020-09-18T09:30:00,234.0145643463612,234.4651662767714,232.23743874062217,232.6854814828654,86423768.8185567,2020-09-18T16:00:00
2020-09-21T16:00:00,2020-09-21T09:30:00,232.99221065599824,233.10591856112353,231.4753159750911,231.58833874428979,89654626.86673254,2020-09-21T16:00:00
2020-09-22T16:00:00,2020-09-22T09:30:00,231.66657240346478,232.444889097643,228.47216187714682,229.24233399871144,65862743.333925575,2020-09-22T16:00:00
2020-09-23T16:00:00,2020-09-23T09:30:00,229.3343807794477,230.03897449960115,228.6188868371403,229.32344696487266,63744152.061847605,2020-09-23T16:00:00
2020-09-24T16:00:00,2020-09-24T09:30:00,229.4414203937359,230.58596656168493,228.94281667815034,230.08596217952098,88080986.37096266,2020-09-24T16:00:00
2020-09-25T16:00:00,2020-09-25T09:30:00,230.14658325991394,231.85042412523424,229.13388572880044,230.8346987288938,67792723.13953897,2020-09-25T16:00:00
2020-09-28T16:00:00,2020-09-28T09:30:00,230.67259154411602,232.85359550175815,230.36696273930343,232.54548521334218,91652201.90669666,2020-09-28T16:00:00
2020-09-29T16:00:00,2020-09-29T09:30:00,232.2995299828422,232.84476175921992,230.4526738027945,230.99484334045098,65232156.79249904,2020-09-29T16:00:00
2020-09-30T16:00:00,2020-09-30T09:30:00,230.94559991390605,231.86594317589118,227.8421980259777,228.75380675452,61528904.39076337,2020-09-30T16:00:00
2020-10-01T16:00:00,2020-10-01T09:30:00,228.58447944756637,228.86602841018885,227.03641491573197,227.31640197924125,76242351.61074695,2020-10-01T16:00:00
2020-10-02T16:00:00,2020-10-02T09:30:00,227.44164957244467,227.74514720365954,227.21613558641118,227.5195559715164,80246504.47521374,2020-10-02T16:00:00
2020-10-05T16:00:00,2020-10-05T09:30:00,227.56477377381887,228.74243317339418,225.98846957008575,227.1640552306057,58116796.314246446,2020-10-05T16:00:00
2020-10-06T16:00:00,2020-10-06T09:30:00,227.61508972665445,227.67064488935426,225.63327464044664,225.68835953639336,75338441.18897802,2020-10-06T16:00:00
2020-10-07T16:00:00,2020-10-07T09:30:00,225.67313534242274,226.0345634339696,224.83882107547342,225.19949059859084,56229472.2672639,2020-10-07T16:00:00
2020-10-08T16:00:00,2020-10-08T09:30:00,225.61531528720113,226.36061536027904,222.32631712242713,223.0631864655483,79076654.37884036,2020-10-08T16:00:00
2020-10-09T16:00:00,2020-10-09T09:30:00,223.4321726789961,223.52954068588213,218.71712682324693,218.8124816459844,73562458.7580834,2020-10-09T16:00:00
2020-10-12T16:00:00,2020-10-12T09:30:00,218.36336631006964,218.4869564199613,216.6197535037583,216.74242618793332,81115492.82242624,2020-10-12T16:00:00
2020-10-13T16:00:00,2020-10-13T09:30:00,216.58973429058835,216.60092128448926,215.0780925219968,215.0892020124763,61783944.745631956,2020-10-13T16:00:00
2020-10-14T16:00:00,2020-10-14T09:30:00,215.371147512737,216.21538126789443,215.21990306827922,216.0636505130243,70294895.71131383,2020-10-14T16:00:00
2020-10-15T16:00:00,2020-10-15T09:30:00,215.92374877753412,215.98010033524912,214.63136192338234,214.68739081766947,85485312.96222174,2020-10-15T16:00:00
2020-10-16T16:00:00,2020-10-16T09:30:00,214.81990811994564,215.6823374337707,214.60807327521766,215.4698616670261,87943906.71786752,2020-10-16T16:00:00
2020-10-19T16:00:00,2020-10-19T09:30:00,215.76323955963505,215.9089795782479,213.1534457881484,213.2975203053962,93848813.01167482,2020-10-19T16:00:00
2020-10-20T16:00:00,2020-10-20T09:30:00,213.56681510433748,215.48454981407957,211.92650289412086,213.84212308507801,82455346.88466737,2020-10-20T16:00:00
2020-10-21T16:00:00,2020-10-21T09:30:00,213.72921298629666,214.1671009227832,213.0771228292722,213.5145710077502,82111325.03945789,2020-10-21T16:00:00
2020-10-22T16:00:00,2020-10-22T09:30:00,213.42255147960574,214.28000243423176,210.89573756944094,211.74645460181767,69751865.74784993,2020-10-22T16:00:00
2020-10-23T16:00:00,2020-10-23T09:30:00,211.78590785679881,212.15348030502216,211.14158037360374,211.50867165482913,66729382.41867665,2020-10-23T16:00:00
2020-10-26T16:00:00,2020-10-26T09:30:00,211.38318725056615,212.27831479689542,211.13153857740227,212.02590098218982,56466649.017523915,2020-10-26T16:00:00
2020-10-27T16:00:00,2020-10-27T09:30:00,211.78366185360366,212.55293591681914,209.87507143018675,210.6401920016196,90510572.15968874,2020-10-27T16:00:00
2020-10-28T16:00:00,2020-10-28T09:30:00,210.46158543890436,211.10258267615433,206.46940250851924,207.10016194789998,91226643.64257611,2020-10-28T16:00:00
2020-10-29T16:00:00,2020-10-29T09:30:00,206.83174696503477,207.91604973005263,203.73006997033264,204.803741038496,65684518.205599405,2020-10-29T16:00:00
2020-10-30T16:00:00,2020-10-30T09:30:00,205.09569771995888,206.05094694954835,203.28362457994547,204.23486441117032,67563934.12159328,2020-10-30T16:00:00
2020-11-02T16:00:00,2020-11-02T09:30:00,204.5178556063618,206.56791127465286,203.75377041345936,205.79903953796128,57864396.47346857,2020-11-02T16:00:00
2020-11-03T16:00:00,2020-11-03T09:30:00,206.18725000311264,206.84986082197892,202.3746237565115,203.0270789351086,78947531.90294039,2020-11-03T16:00:00
2020-11-04T16:00:00,2020-11-04T09:30:00,202.98843306248978,204.855725400349,202.60661209866552,204.47111551287176,59171845.726276994,2020-11-04T16:00:00
2020-11-05T16:00:00,2020-11-05T09:30:00,204.79511802570215,204.89803528161892,204.23611612826687,204.33880406924348,75191717.99712409,2020-11-05T16:00:00
2020-11-06T16:00:00,2020-11-06T09:30:00,204.54216068383965,204.851258682276,204.51799434137348,204.82705867954877,63756438.63971316,2020-11-06T16:00:00
2020-11-09T16:00:00,2020-11-09T09:30:00,204.8843512689259,207.53876826653723,204.8118437904832,207.465347387343,84751174.28218819,2020-11-09T16:00:00
2020-11-10T16:00:00,2020-11-10T09:30:00,207.0831263683653,207.29086048269224,205.66857781379397,205.87510010429708,59774300.870264724,2020-11-10T16:00:00
2020-11-11T16:00:00,2020-11-11T09:30:00,205.96994408563606,207.86632522158862,205.33124277760854,207.2237359748466,77923414.94566782,2020-11-11T16:00:00
2020-11-12T16:00:00,2020-11-12T09:30:00,206.89807374759738,207.29854338848097,206.32233965676448,206.72246939979965,74311280.26187734,2020-11-12T16:00:00
2020-11-13T16:00:00,2020-11-13T09:30:00,206.57224783783454,206.95378123715352,204.87230129533393,205.25139511511318,68136230.30925073,2020-11-13T16:00:00
2020-11-16T16:00:00,2020-11-16T09:30:00,205.29271947799515,206.28542318403362,204.69722824479382,205.68878309172823,71326187.57731454,2020-11-16T16:00:00
2020-11-17T16:00:00,2020-11-17T09:30:00,205.28145412956331,205.86563470176873,203.7426739949588,204.32413025868223,66706173.12034039,2020-11-17T16:00:00
2020-11-18T16:00:00,2020-11-18T09:30:00,204.63054419005462,206.4689325684012,203.12549605034422,204.96145062722846,54836329.78735396,2020-11-18T16:00:00
2020-11-19T16:00:00,2020-11-19T09:30:00,205.50177599161472,206.14583639951442,205.08401070358715,205.7276120086482,67965196.3236334,2020-11-19T16:00:00
2020-11-20T16:00:00,2020-11-20T09:30:00,205.889758746078,206.44147374465848,205.55963686258409,206.11099712942723,63458045.2039859,2020-11-20T16:00:00
2020-11-23T16:00:00,2020-11-23T09:30:00,205.81538064689522,207.84218217148043,205.7077873252422,207.73358607688994,59780985.43111117,2020-11-23T16:00:00
2020-11-24T16:00:00,2020-11-24T09:30:00,207.92385927970523,210.24755424677565,207.66866932045366,209.98982867353897,68272450.9214475,2020-11-24T16:00:00
2020-11-25T16:00:00,2020-11-25T09:30:00,210.01972340307833,210.30900536273134,208.2143971038474,208.50158797803635,68660486.34805317,2020-11-25T16:00:00
2020-11-27T13:00:00,2020-11-27T09:30:00,208.32193971690648,209.36709468727815,206.4665981025387,207.50766785613638,80786210.14423488,2020-11-27T13:00:00
2020-11-30T16:00:00,2020-11-30T09:30:00,207.0821989851609,207.33534498450737,206.54645352995624,206.79925364500536,80518172.50814971,2020-11-30T16:00:00
2020-12-01T16:00:00,2020-12-01T09:30:00,206.52408600645492,206.99752937622264,205.5744036988037,206.04675281249592,63941742.12737189,2020-12-01T16:00:00
2020-12-02T16:00:00,2020-12-02T09:30:00,206.09098344981726,206.65754594897297,205.98965807526875,206.55599195131927,59610786.65752165,2020-12-02T16:00:00
2020-12-03T16:00:00,2020-12-03T09:30:00,206.6451735826462,208.14482825782596,205.89326827204752,207.39021202805122,66362855.68798497,2020-12-03T16:00:00
2020-12-04T16:00:00,2020-12-04T09:30:00,207.13437926205765,207.90308474988674,204.8377667190155,205.60078080227734,76787871.11791626,2020-12-04T16:00:00
2020-12-07T16:00:00,2020-12-07T09:30:00,205.49088182306716,205.93398794174433,204.00653259628984,204.44738859939935,87608132.92288285,2020-12-07T16:00:00
2020-12-08T16:00:00,2020-12-08T09:30:00,204.45943970682197,208.5085102775988,203.91246388123668,207.95219054363116,96480944.3644147,2020-12-08T16:00:00
2020-12-09T16:00:00,2020-12-09T09:30:00,207.873130340114,208.53704997695394,204.3276131837306,204.98229988554706,74014052.53152718,2020-12-09T16:00:00
2020-12-10T16:00:00,2020-12-10T09:30:00,204.7933701307485,205.7420181128783,202.4077208027854,203.34968130037953,59710204.839788854,2020-12-10T16:00:00
2020-12-11T16:00:00,2020-12-11T09:30:00,203.20387917382024,206.20013643714762,202.66912544627326,205.65892198994044,62716923.831131384,2020-12-11T16:00:00
2020-12-14T16:00:00,2020-12-14T09:30:00,205.5557307201991,205.6912775131315,205.44216314546085,205.5776978017908,62480872.47583669,2020-12-14T16:00:00
2020-12-15T16:00:00,2020-12-15T09:30:00,205.65456437624138,205.72956360744973,203.60798388690122,203.6822638487672,81151072.051389,2020-12-15T16:00:00
2020-12-16T16:00:00,2020-12-16T09:30:00,203.54516358837026,205.79594042474767,202.1170288981562,204.36207404266725,59928548.037046365,2020-12-16T16:00:00
2020-12-17T16:00:00,2020-12-17T09:30:00,204.3891217713015,206.47033998502894,204.1514593335781,206.2305363615292,82996738.59720196,2020-12-17T16:00:00
2020-12-18T16:00:00,2020-12-18T09:30:00,206.28704022929617,206.9633378318222,205.86129442648962,206.53707599234872,65146272.9160507,2020-12-18T16:00:00
2020-12-21T16:00:00,2020-12-21T09:30:00,206.5165265866708,207.13600394213742,204.7840550902186,205.40018380776314,81303006.77879493,2020-12-21T16:00:00
2020-12-22T16:00:00,2020-12-22T09:30:00,205.59878722820218,206.47585335276653,205.02834829984653,205.90456603354056,56425979.850351065,2020-12-22T16:00:00
2020-12-23T16:00:00,2020-12-23T09:30:00,205.92929995940267,206.71615425469508,205.658980265645,206.445157404134,54773853.20221704,2020-12-23T16:00:00
2020-12-24T13:00:00,2020-12-24T09:30:00,206.36656245014,207.13628413563742,205.37732640574217,206.14622626459237,58438076.55022633,2020-12-24T13:00:00
2020-12-28T16:00:00,2020-12-28T09:30:00,206.30879894985517,206.97244086401585,205.48736973396217,206.15050244932402,77907130.83719718,2020-12-28T16:00:00
2020-12-29T16:00:00,2020-12-29T09:30:00,206.19222453925553,209.90780631229504,206.15100070978048,209.86584801851996,83256384.41815834,2020-12-29T16:00:00
2020-12-30T16:00:00,2020-12-30T09:30:00,209.97115118938126,210.1995690010726,209.51756120383337,209.74573379446562,74747590.03025337,2020-12-30T16:00:00
2020-12-31T16:00:00,2020-12-31T09:30:00,210.0364870368805,210.52850490474552,209.54315112790727,210.0351659009649,67097491.15093491,2020-12-31T16:00:00
2021-01-04T16:00:00,2021-01-04T09:30:00,210.0469430822756,210.13369500966834,209.7232317325436,209.8098857523926,84091532.28386605,2021-01-04T16:00:00
2021-01-05T16:00:00,2021-01-05T09:30:00,209.87210621342118,212.5025059886369,208.75625134029477,211.3786411214764,75192495.54056081,2021-01-05T16:00:00
2021-01-06T16:00:00,2021-01-06T09:30:00,211.4325904908977,214.4685408217979,210.1064053884066,213.13169827324685,80530088.67872117,2021-01-06T16:00:00
2021-01-07T16:00:00,2021-01-07T09:30:00,213.16939129649074,213.17224337541919,210.72200189290845,210.7248212649523,78189617.41215318,2021-01-07T16:00:00
2021-01-08T16:00:00,2021-01-08T09:30:00,210.52283368021102,212.14300271838792,210.51133113780966,212.13141228650062,84193017.83717296,2021-01-08T16:00:00
2021-01-11T16:00:00,2021-01-11T09:30:00,212.13277715199948,213.0843725495909,211.64614777249798,212.5966789863041,83031475.01034057,2021-01-11T16:00:00
2021-01-12T16:00:00,2021-01-12T09:30:00,212.4785118607109,213.78820112995865,210.70626363960164,212.01308407391335,61546309.565729104,2021-01-12T16:00:00
2021-01-13T16:00:00,2021-01-13T09:30:00,211.97618634366808,213.3345508773885,211.78467354236528,213.14198481941716,79186159.38730076,2021-01-13T16:00:00
2021-01-14T16:00:00,2021-01-14T09:30:00,213.2441844325477,216.82022957891738,213.24067299989426,216.81665931931397,94702051.94983959,2021-01-14T16:00:00
2021-01-15T16:00:00,2021-01-15T09:30:00,216.49121780601192,217.2694485968538,212.30793978643132,213.07388614027965,69797548.27159101,2021-01-15T16:00:00
2021-01-19T16:00:00,2021-01-19T09:30:00,212.89193481585198,215.24864529949744,212.6212357413212,214.97529716144365,92033183.88908136,2021-01-19T16:00:00
2021-01-20T16:00:00,2021-01-20T09:30:00,214.7907333817701,215.8858839438101,214.62325602180564,215.71768381890325,83152661.91772811,2021-01-20T16:00:00
2021-01-21T16:00:00,2021-01-21T09:30:00,215.34785640270357,215.95144728940215,210.60116247074686,211.19310816061207,63759840.74746161,2021-01-21T16:00:00
2021-01-22T16:00:00,2021-01-22T09:30:00,211.5261457055276,212.70849861687796,209.848900915906,211.02847201541726,65689624.818349466,2021-01-22T16:00:00
2021-01-25T16:00:00,2021-01-25T09:30:00,211.25879833228402,211.9868109426129,210.4554614946438,211.18321363481314,55543800.72416282,2021-01-25T16:00:00
2021-01-26T16:00:00,2021-01-26T09:30:00,211.16999083293496,211.50368025642868,211.10023816625628,211.43384043620438,68357764.18660925,2021-01-26T16:00:00
2021-01-27T16:00:00,2021-01-27T09:30:00,211.51680451011364,211.94024349744137,210.48950807544674,210.91173576565313,80954183.37178673,2021-01-27T16:00:00
2021-01-28T16:00:00,2021-01-28T09:30:00,210.91081603380405,211.31612041373228,210.22235919838434,210.6271184005189,67667673.76664178,2021-01-28T16:00:00
2021-01-29T16:00:00,2021-01-29T09:30:00,210.49758193317658,210.76216657739633,209.9638153191555,210.22806118964974,86047834.86073196,2021-01-29T16:00:00
2021-02-01T16:00:00,2021-02-01T09:30:00,210.09534116606798,210.42221853909749,210.07317533351696,210.40002056174768,69398969.31146264,2021-02-01T16:00:00
2021-02-02T16:00:00,2021-02-02T09:30:00,210.81909704323866,210.85754402022644,210.39838008506172,210.4367573349414,64312077.9743749,2021-02-02T16:00:00
2021-02-03T16:00:00,2021-02-03T09:30:00,210.48851350935766,211.167770445579,210.0715424221335,210.75028080562103,85456635.56484514,2021-02-03T16:00:00
2021-02-04T16:00:00,2021-02-04T09:30:00,210.5801110648915,211.5745426814068,209.4280329966424,210.42171662018293,82376661.7063921,2021-02-04T16:00:00
2021-02-05T16:00:00,2021-02-05T09:30:00,210.80000779735747,212.46764511798995,210.0076598447869,211.67201947735626,71193760.27332112,2021-02-05T16:00:00
2021-02-08T16:00:00,2021-02-08T09:30:00,211.98081011550187,213.6184895465984,211.65561912585972,213.29128820674032,82773167.2327711,2021-02-08T16:00:00
2021-02-09T16:00:00,2021-02-09T09:30:00,212.93456646693093,214.27071651371065,212.65746763468388,213.9922412940393,64118268.057781674,2021-02-09T16:00:00
2021-02-10T16:00:00,2021-02-10T09:30:00,214.0866720289407,215.5131398977054,213.15065964208955,214.57499251562098,73060545.68568262,2021-02-10T16:00:00
2021-02-11T16:00:00,2021-02-11T09:30:00,214.42406896685912,214.60688981846624,213.30287798645412,213.4848980883103,82056273.97275391,2021-02-11T16:00:00
2021-02-12T16:00:00,2021-02-12T09:30:00,213.4578536144609,214.16389765154278,211.5367458164841,212.238757509377,61754721.39714901,2021-02-12T16:00:00
2021-02-16T16:00:00,2021-02-16T09:30:00,212.3956601409846,213.09223960324897,210.19377540216573,210.88540177376606,66229529.71751687,2021-02-16T16:00:00
2021-02-17T16:00:00,2021-02-17T09:30:00,210.76826530800034,210.95145005205077,208.83926350573788,209.02092959020374,66755890.295844905,2021-02-17T16:00:00
2021-02-18T16:00:00,2021-02-18T09:30:00,209.1815528460826,209.9661814862281,207.53290979834864,208.31428536529125,73937680.68004355,2021-02-18T16:00:00
2021-02-19T16:00:00,2021-02-19T09:30:00,208.11767862977104,208.92305250950423,205.2871886418314,206.08469528175482,81309484.81276886,2021-02-19T16:00:00
2021-02-22T16:00:00,2021-02-22T09:30:00,206.12364100693014,206.801143759825,204.72885116961493,205.4039885143379,68637485.99597493,2021-02-22T16:00:00
2021-02-23T16:00:00,2021-02-23T09:30:00,205.1618985569196,206.06278650099827,202.0995167668272,202.99087149778197,76292394.80430898,2021-02-23T16:00:00
2021-02-24T16:00:00,2021-02-24T09:30:00,202.9150043652434,206.25805435421003,202.23666556287654,205.5708371820161,79793396.52502598,2021-02-24T16:00:00
2021-02-25T16:00:00,2021-02-25T09:30:00,205.69079454411647,206.2378110290976,205.48461656893517,206.03129175023923,56557416.996833876,2021-02-25T16:00:00
2021-02-26T16:00:00,2021-02-26T09:30:00,205.83532402177846,207.4918360252396,205.34277225004655,206.99650561454698,83377979.8960954,2021-02-26T16:00:00
2021-03-01T16:00:00,2021-03-01T09:30:00,207.0328510526266,207.5504041692887,204.96351149284288,205.47717563896356,62065233.77758019,2021-03-01T16:00:00
2021-03-02T16:00:00,2021-03-02T09:30:00,205.67394657417285,206.5344577395133,204.87887874545117,205.7391379025583,57383708.34510053,2021-03-02T16:00:00
2021-03-03T16:00:00,2021-03-03T09:30:00,205.30440058708038,207.28849172988848,203.86044052305388,205.84075931330426,54713446.77117818,2021-03-03T16:00:00
2021-03-04T16:00:00,2021-03-04T09:30:00,205.78354852649886,206.04379503979726,205.16918338023493,205.42898148627918,75607415.69089235,2021-03-04T16:00:00
2021-03-05T16:00:00,2021-03-05T09:30:00,205.07128441785727,207.22017139022626,203.8426236516273,205.9860300319654,80195376.29449926,2021-03-05T16:00:00
2021-03-08T16:00:00,2021-03-08T09:30:00,206.29643078388872,207.1175859119031,202.2240296760062,203.03219162369615,75360450.35390069,2021-03-08T16:00:00
2021-03-09T16:00:00,2021-03-09T09:30:00,203.11941648470594,203.69691094276058,202.35063649371733,202.92758555191563,82846623.22523881,2021-03-09T16:00:00
2021-03-10T16:00:00,2021-03-10T09:30:00,202.61629687141325,203.45641906016166,201.23707635085847,202.0749539313365,69625715.52205005,2021-03-10T16:00:00
2021-03-11T16:00:00,2021-03-11T09:30:00,201.94824734805306,202.03695062802822,200.11247404810246,200.2004096118825,82548159.37187226,2021-03-11T16:00:00
2021-03-12T16:00:00,2021-03-12T09:30:00,200.25249297429187,200.5746932774011,199.40295803555432,199.7243085055684,67029693.42519332,2021-03-12T16:00:00
2021-03-15T16:00:00,2021-03-15T09:30:00,199.72898666126665,200.7379985719844,197.58575254666178,198.58900537999156,57616560.390797496,2021-03-15T16:00:00
2021-03-16T16:00:00,2021-03-16T09:30:00,198.40431727469192,198.73725091755344,196.29872932762473,196.62868335655006,73203251.38379923,2021-03-16T16:00:00
2021-03-17T16:00:00,2021-03-17T09:30:00,196.5318050278784,196.71459025171788,194.35557995402115,194.5365094448931,66369366.72247823,2021-03-17T16:00:00
2021-03-18T16:00:00,2021-03-18T09:30:00,194.80392712829513,195.25601337312008,193.50033156226107,193.95043709185478,60721134.89440044,2021-03-18T16:00:00
2021-03-19T16:00:00,2021-03-19T09:30:00,194.10383473854606,194.1229657458711,194.03473343050464,194.05385951223707,83819671.73477533,2021-03-19T16:00:00
2021-03-22T16:00:00,2021-03-22T09:30:00,194.46356367603047,196.0510405348107,193.682347954761,195.26659879193895,66997676.71034458,2021-03-22T16:00:00
2021-03-23T16:00:00,2021-03-23T09:30:00,195.4067935423098,196.16514712741144,194.37221805454038,195.12949547447874,62308114.923242815,2021-03-23T16:00:00
2021-03-24T16:00:00,2021-03-24T09:30:00,194.93582263336953,195.08947741614733,194.10902473507127,194.26214850589696,70253260.85306554,2021-03-24T16:00:00
2021-03-25T16:00:00,2021-03-25T09:30:00,194.19389133788886,196.2469019934376,193.3514892992059,195.39927108606958,88928856.83796954,2021-03-25T16:00:00
2021-03-26T16:00:00,2021-03-26T09:30:00,195.64840840262318,196.37641715643844,192.92168189384952,193.64222563104963,86749139.48557368,2021-03-26T16:00:00
2021-03-29T16:00:00,2021-03-29T09:30:00,193.63962702868406,194.0460134545956,192.6696944110556,193.0748956499777,71541541.4965274,2021-03-29T16:00:00
2021-03-30T16:00:00,2021-03-30T09:30:00,193.59803962760407,194.31007690846278,190.12460243860536,190.82644603170016,89262946.45054986,2021-03-30T16:00:00
2021-03-31T16:00:00,2021-03-31T09:30:00,190.72002787867956,191.01687944784314,190.44133034868992,190.7381554282219,70618157.03795072,2021-03-31T16:00:00
2021-04-01T16:00:00,2021-04-01T09:30:00,190.56031972194637,191.59485749738795,188.68032258666395,189.71024537180514,74847352.23644857,2021-04-01T16:00:00
2021-04-05T16:00:00,2021-04-05T09:30:00,189.67419347360206,190.32701586528648,189.02977275699826,189.6825667005275,72671781.3886115,2021-04-05T16:00:00
2021-04-06T16:00:00,2021-04-06T09:30:00,189.29871591926366,190.3643780465137,189.26747301046692,190.33296443961143,58327230.974022634,2021-04-06T16:00:00
2021-04-07T16:00:00,2021-04-07T09:30:00,190.57901012065702,191.57384955238118,188.61484732780482,189.60460025310687,73125689.97480361,2021-04-07T16:00:00
2021-04-08T16:00:00,2021-04-08T09:30:00,189.61877346038568,190.4458565575693,185.30569322525295,186.1175044145254,76385265.51022255,2021-04-08T16:00:00
2021-04-09T16:00:00,2021-04-09T09:30:00,186.42630537920067,188.79057481601208,185.3926047124981,187.74953706523613,68788041.72882827,2021-04-09T16:00:00
2021-04-12T16:00:00,2021-04-12T09:30:00,187.87927152092885,188.15942427980764,185.43007903212447,185.70699263685123,87713208.35765654,2021-04-12T16:00:00
2021-04-13T16:00:00,2021-04-13T09:30:00,185.9347520757045,190.77733450763702,185.34163198068617,190.17070200036784,86223076.44886306,2021-04-13T16:00:00
2021-04-14T16:00:00,2021-04-14T09:30:00,191.1599913676726,191.2120737571272,189.35767951902582,189.40928492072612,82096171.45838156,2021-04-14T16:00:00
2021-04-15T16:00:00,2021-04-15T09:30:00,188.96353622064166,195.10161126385447,187.66563861672557,193.7706956458579,94000473.06268077,2021-04-15T16:00:00
2021-04-16T16:00:00,2021-04-16T09:30:00,194.1883780394884,199.95895156746136,192.42752318927447,198.16206425885193,71318998.26661967,2021-04-16T16:00:00
2021-04-19T16:00:00,2021-04-19T09:30:00,198.42290510767455,198.48577169468447,197.0378198181906,197.1002673521608,68535344.6012061,2021-04-19T16:00:00
2021-04-20T16:00:00,2021-04-20T09:30:00,196.7144285761695,199.65882690730686,193.59376343965172,196.5354833396254,55217950.50603339,2021-04-20T16:00:00
2021-04-21T16:00:00,2021-04-21T09:30:00,196.82261205107798,198.02485745635877,195.50810599086293,196.70966146360294,67617755.66649298,2021-04-21T16:00:00
2021-04-22T16:00:00,2021-04-22T09:30:00,196.51877692336723,202.87272017577584,195.2793296196492,201.60121782990592,69804373.13347265,2021-04-22T16:00:00
2021-04-23T16:00:00,2021-04-23T09:30:00,201.25033962419403,202.39206722514152,195.24963958773046,196.3636441292565,86518988.36059771,2021-04-23T16:00:00
2021-04-26T16:00:00,2021-04-26T09:30:00,196.65771244855813,198.53599834607863,194.6483998713476,196.52542225983626,55522261.80862462,2021-04-26T16:00:00
2021-04-27T16:00:00,2021-04-27T09:30:00,196.57119562888067,197.97704317634881,192.33599695754523,193.7214636516625,61287342.21068502,2021-04-27T16:00:00
2021-04-28T16:00:00,2021-04-28T09:30:00,192.9252749741227,193.77856814692453,192.17069108032845,193.0235996781283,80915866.8452541,2021-04-28T16:00:00
2021-04-29T16:00:00,2021-04-29T09:30:00,193.5138948218851,194.9558112808943,192.4847355466987,193.9244684639407,61724893.78079215,2021-04-29T16:00:00
2021-04-30T16:00:00,2021-04-30T09:30:00,193.63360241515235,194.03419137558097,187.17621140307455,187.56424408238942,84221338.23040366,2021-04-30T16:00:00
2021-05-03T16:00:00,2021-05-03T09:30:00,187.1920475139985,189.14683535965452,184.11142364995482,186.054330675473,72001765.3021394,2021-05-03T16:00:00
2021-05-04T16:00:00,2021-05-04T09:30:00,186.4787668493863,187.34218047732793,184.9673192851721,185.82771850012344,62603030.70855133,2021-05-04T16:00:00
2021-05-05T16:00:00,2021-05-05T09:30:00,186.13164904573117,187.24517667183076,185.95937197665782,187.07202921912884,78434443.0032174,2021-05-05T16:00:00
2021-05-06T16:00:00,2021-05-06T09:30:00,186.93464125975578,191.2577982210825,186.88935666293102,191.21147756798374,72997581.58671427,2021-05-06T16:00:00
2021-05-07T16:00:00,2021-05-07T09:30:00,191.0125701088138,191.60855361074928,189.105610730259,189.69749101824752,61007315.61589761,2021-05-07T16:00:00
2021-05-10T16:00:00,2021-05-10T09:30:00,190.35023483502835,191.0002907382654,188.43991693492146,189.0856542299458,74225448.5560153,2021-05-10T16:00:00
2021-05-11T16:00:00,2021-05-11T09:30:00,189.2828387390029,190.23673238827263,187.2598017489407,188.2082801443712,61631615.68249692,2021-05-11T16:00:00
2021-05-12T16:00:00,2021-05-12T09:30:00,188.16672606500893,192.46929627501635,186.23780118426205,190.51628571155712,90864470.76917195,2021-05-12T16:00:00
2021-05-13T16:00:00,2021-05-13T09:30:00,191.0265358742928,195.99629296992006,189.5228635178852,194.4655502859248,83471408.2336527,2021-05-13T16:00:00
2021-05-14T16:00:00,2021-05-14T09:30:00,193.83075365252046,195.1414288230231,188.15601903443135,189.4369837227565,94049851.59546714,2021-05-14T16:00:00
2021-05-17T16:00:00,2021-05-17T09:30:00,189.24340879330765,193.2342006117408,189.15624337058443,193.1452380083649,96213450.776316,2021-05-17T16:00:00
2021-05-18T16:00:00,2021-05-18T09:30:00,193.2128074132567,199.68173320932505,191.14872491968882,197.5710913919583,73120212.8425235,2021-05-18T16:00:00
2021-05-19T16:00:00,2021-05-19T09:30:00,197.06195217942513,199.4532464477795,196.22013566554153,198.60483897319705,78551842.41968055,2021-05-19T16:00:00
2021-05-20T16:00:00,2021-05-20T09:30:00,198.22876893777192,202.1518448838953,197.0144522103447,200.9210357740981,91700850.54598473,2021-05-20T16:00:00
2021-05-21T16:00:00,2021-05-21T09:30:00,200.98968563301491,205.4777518959277,200.42467759754854,204.90174655059087,81645175.17908393,2021-05-21T16:00:00
2021-05-24T16:00:00,2021-05-24T09:30:00,205.1305242842673,205.60417226295345,199.96891908143357,200.43171747859836,95238877.06728545,2021-05-24T16:00:00
2021-05-25T16:00:00,2021-05-25T09:30:00,200.4277371196576,202.4193574362002,199.93526134174385,201.92320710328661,80104742.19703855,2021-05-25T16:00:00
2021-05-26T16:00:00,2021-05-26T09:30:00,202.60630170388117,203.34158155753758,198.3764952538043,199.09904690615247,92166785.44752637,2021-05-26T16:00:00
2021-05-27T16:00:00,2021-05-27T09:30:00,198.7635202732667,200.44601172218907,198.1176323023423,199.7967661879333,58426705.90816289,2021-05-27T16:00:00
2021-05-28T16:00:00,2021-05-28T09:30:00,200.54275662586602,201.0799089688118,198.74566655685754,199.2794351021145,67605695.99574319,2021-05-28T16:00:00
2021-06-01T16:00:00,2021-06-01T09:30:00,198.9330977897858,199.78092850603207,195.7547057324484,196.59256134292198,80114657.49532194,2021-06-01T16:00:00
2021-06-02T16:00:00,2021-06-02T09:30:00,196.6862766870988,201.62707301529855,194.84146036329284,199.75348782529804,94637499.30642316,2021-06-02T16:00:00
2021-06-03T16:00:00,2021-06-03T09:30:00,199.40582698924672,201.1574788353644,195.100058099481,196.82907483641637,85210820.2301337,2021-06-03T16:00:00
2021-06-04T16:00:00,2021-06-04T09:30:00,196.71511217008154,199.9852323641808,196.42313136858218,199.68883771385137,92567330.6506176,2021-06-04T16:00:00
2021-06-07T16:00:00,2021-06-07T09:30:00,199.88826378238585,202.3650540803891,199.4251508523994,201.89728652790265,70241833.04187565,2021-06-07T16:00:00
2021-06-08T16:00:00,2021-06-08T09:30:00,201.55485133576573,205.8938305777501,199.31007242893392,203.62598481484284,69200007.9603565,2021-06-08T16:00:00
2021-06-09T16:00:00,2021-06-09T09:30:00,203.60409612620802,205.01460562216087,201.8951211105254,203.30354850062707,70342846.53151292,2021-06-09T16:00:00
2021-06-10T16:00:00,2021-06-10T09:30:00,202.84556853590468,204.2875316634555,198.85447744080784,200.27818990929444,94263893.66760103,2021-06-10T16:00:00
2021-06-11T16:00:00,2021-06-11T09:30:00,199.47540864429104,203.93588206784722,198.02983212035682,202.46861411045458,66160734.09289174,2021-06-11T16:00:00
2021-06-14T16:00:00,2021-06-14T09:30:00,202.83238797524382,203.5342368856085,198.35206056937545,199.04078963635982,83628282.16857265,2021-06-14T16:00:00
2021-06-15T16:00:00,2021-06-15T09:30:00,198.58744443457914,200.89085291995977,195.17462938657445,197.4650188993335,87215092.710755,2021-06-15T16:00:00
2021-06-16T16:00:00,2021-06-16T09:30:00,197.45417507121724,198.85826345680778,192.81551573935084,194.1964384963267,87355363.96572822,2021-06-16T16:00:00
2021-06-17T16:00:00,2021-06-17T09:30:00,194.49719586781254,199.2708462120935,193.24423899601433,197.9953540982119,87425574.65928209,2021-06-17T16:00:00
2021-06-18T16:00:00,2021-06-18T09:30:00,198.36761977269524,199.4049530474499,197.67162291879197,198.7077627606177,68519286.67060897,2021-06-18T16:00:00
2021-06-21T16:00:00,2021-06-21T09:30:00,199.07270084906708,200.070752637756,197.4842040150847,198.47928068940953,54354025.95208972,2021-06-21T16:00:00
2021-06-22T16:00:00,2021-06-22T09:30:00,198.65702805691006,198.95992865175816,193.8952429193562,194.19133448634273,86814669.93595462,2021-06-22T16:00:00
2021-06-23T16:00:00,2021-06-23T09:30:00,194.48019506782768,195.52933551840047,193.72703094342805,194.77502958733695,61518825.715607,2021-06-23T16:00:00
2021-06-24T16:00:00,2021-06-24T09:30:00,194.46041781730833,194.98752802852985,192.52120867824803,193.04448080836164,61303200.86123318,2021-06-24T16:00:00
2021-06-25T16:00:00,2021-06-25T09:30:00,193.1668611202589,195.12011962276742,192.3454450466816,194.29391092162865,68637349.73035298,2021-06-25T16:00:00
2021-06-28T16:00:00,2021-06-28T09:30:00,194.31482942828535,199.75944068748865,193.5886102655214,199.01565298321702,98403683.64455967,2021-06-28T16:00:00
2021-06-29T16:00:00,2021-06-29T09:30:00,198.61634922954627,199.6401366956059,195.32716554197017,196.33921529768003,75510620.76179612,2021-06-29T16:00:00
2021-06-30T16:00:00,2021-06-30T09:30:00,196.51957439918144,197.24787401092343,196.22098267365368,196.94863037799433,87077475.47982551,2021-06-30T16:00:00
2021-07-01T16:00:00,2021-07-01T09:30:00,196.54685333895247,197.13404923793698,195.06182861869135,195.64633416085076,69427068.32129695,2021-07-01T16:00:00
2021-07-02T16:00:00,2021-07-02T09:30:00,195.19483856521256,197.1104604931062,189.94345856930101,191.82601925340228,62607863.47700744,2021-07-02T16:00:00
2021-07-06T16:00:00,2021-07-06T09:30:00,191.92720788948847,194.24343761497084,190.4784880876106,192.78821866493294,78964793.15535937,2021-07-06T16:00:00
2021-07-07T16:00:00,2021-07-07T09:30:00,192.9786942439252,193.890232105672,192.85645935369254,193.7674975784748,74591332.61470678,2021-07-07T16:00:00
2021-07-08T16:00:00,2021-07-08T09:30:00,194.52730265786624,197.60843824907803,194.178372161584,197.2546156750689,68540774.79148868,2021-07-08T16:00:00
2021-07-09T16:00:00,2021-07-09T09:30:00,197.85973741783073,200.01804183375052,190.83324883541616,192.9378642045932,92729847.71802604,2021-07-09T16:00:00
2021-07-12T16:00:00,2021-07-12T09:30:00,193.04398085447184,193.23774639037154,191.33198154233924,191.52422163850434,80840048.65670533,2021-07-12T16:00:00
2021-07-13T16:00:00,2021-07-13T09:30:00,191.72126156203188,194.57474016192427,191.314576483512,194.16287585553692,87827462.50996363,2021-07-13T16:00:00
2021-07-14T16:00:00,2021-07-14T09:30:00,193.60297946741434,202.90280578460715,191.802909296571,201.03364719701375,88238262.72339201,2021-07-14T16:00:00
2021-07-15T16:00:00,2021-07-15T09:30:00,201.27590557831414,203.91145667289598,201.13212417320662,203.7658965432133,87109357.41753553,2021-07-15T16:00:00
2021-07-16T16:00:00,2021-07-16T09:30:00,204.27305696593845,205.10555913951112,204.19264548856066,205.02485172037873,55597535.97569477,2021-07-16T16:00:00
2021-07-19T16:00:00,2021-07-19T09:30:00,204.81665654943154,208.05049029087536,204.36996248719683,207.59773085583242,86598886.4134419,2021-07-19T16:00:00
2021-07-20T16:00:00,2021-07-20T09:30:00,207.3133052735978,207.33846077518547,203.0743900327988,203.0990341725941,82710383.96584302,2021-07-20T16:00:00
2021-07-21T16:00:00,2021-07-21T09:30:00,203.43328919455928,205.61845470009933,199.26862111484175,201.4322930498385,92912676.2911165,2021-07-21T16:00:00
2021-07-22T16:00:00,2021-07-22T09:30:00,201.87779397504508,202.59941991125288,200.34641527619232,201.06513631218684,59065850.57451787,2021-07-22T16:00:00
2021-07-23T16:00:00,2021-07-23T09:30:00,202.1668534414792,204.50099682316315,199.5235305696515,201.85406258430524,65148972.94743868,2021-07-23T16:00:00
2021-07-26T16:00:00,2021-07-26T09:30:00,201.27868165266378,203.18336731534382,191.93685570063366,193.7704919046813,79804457.34322292,2021-07-26T16:00:00
2021-07-27T16:00:00,2021-07-27T09:30:00,193.73349331929634,195.95908115051378,191.56181433497702,193.786804567323,75663115.92591831,2021-07-27T16:00:00
2021-07-28T16:00:00,2021-07-28T09:30:00,194.36594243538391,195.06212112745732,194.12846444922982,194.82408338074168,71723595.66352749,2021-07-28T16:00:00
2021-07-29T16:00:00,2021-07-29T09:30:00,195.81523141095914,197.19719209272492,192.3449005860709,193.71201789552725,91995562.7486744,2021-07-29T16:00:00
2021-07-30T16:00:00,2021-07-30T09:30:00,193.40460450836738,194.09185788952882,187.86257909936438,188.5325197763433,71739634.59607172,2021-07-30T16:00:00
2021-08-02T16:00:00,2021-08-02T09:30:00,187.67226471638827,192.33531827448846,186.8155397060416,191.4612963122556,91222723.58618717,2021-08-02T16:00:00
2021-08-03T16:00:00,2021-08-03T09:30:00,191.3657344731814,191.67189839546728,188.81312841360227,189.11569251864816,92780883.45303734,2021-08-03T16:00:00
2021-08-04T16:00:00,2021-08-04T09:30:00,189.20673965428696,192.28995121797342,186.59101066579652,189.66784754495197,66489545.75222497,2021-08-04T16:00:00
2021-08-05T16:00:00,2021-08-05T09:30:00,189.45514533524772,190.07920178384236,189.29408772857403,189.9177509118031,57843100.42684455,2021-08-05T16:00:00
2021-08-06T16:00:00,2021-08-06T09:30:00,189.99638136609528,190.33700552243914,189.28052287306596,189.6204731037603,78110352.15824513,2021-08-06T16:00:00
2021-08-09T16:00:00,2021-08-09T09:30:00,188.84325838167643,191.91349991012476,188.37630518078484,191.44012542953973,63949241.87079525,2021-08-09T16:00:00
2021-08-10T16:00:00,2021-08-10T09:30:00,190.98253211039687,195.54343526836217,189.91697496705146,194.45848459223643,91063520.26776415,2021-08-10T16:00:00
2021-08-11T16:00:00,2021-08-11T09:30:00,194.55943273797345,199.7445400642139,194.21788378486292,199.39450314825518,81810785.31792329,2021-08-11T16:00:00
2021-08-12T16:00:00,2021-08-12T09:30:00,199.93214134948235,204.11389046104307,198.62254012871608,202.78559844414295,83885431.52093267,2021-08-12T16:00:00
2021-08-13T16:00:00,2021-08-13T09:30:00,202.7328093221994,202.82531963232762,199.72887169435413,199.8200528658787,80748228.0184032,2021-08-13T16:00:00
2021-08-16T16:00:00,2021-08-16T09:30:00,199.48787290933672,201.2174581824361,198.03117541318562,199.75878245447407,76659082.19802192,2021-08-16T16:00:00
2021-08-17T16:00:00,2021-08-17T09:30:00,199.84146744530148,200.76840099913096,198.9915874139516,199.9181946644754,86589650.24719268,2021-08-17T16:00:00
2021-08-18T16:00:00,2021-08-18T09:30:00,199.9688545369595,206.05011349185335,198.31604189496477,204.3609982433344,93117455.09644543,2021-08-18T16:00:00
2021-08-19T16:00:00,2021-08-19T09:30:00,204.93444619481477,205.78657771772615,202.70951138037543,203.55591085854127,68209310.52080211,2021-08-19T16:00:00
2021-08-20T16:00:00,2021-08-20T09:30:00,203.11731206753623,204.26717841980644,202.23483675308475,203.38354640811906,79840200.00146411,2021-08-20T16:00:00
2021-08-23T16:00:00,2021-08-23T09:30:00,204.2190670449017,205.81870474794738,197.15254115017606,198.70901892281353,77893919.89154868,2021-08-23T16:00:00
2021-08-24T16:00:00,2021-08-24T09:30:00,198.43198172377288,199.40868260862712,193.60107519345806,194.55871147771848,84898306.85627145,2021-08-24T16:00:00
2021-08-25T16:00:00,2021-08-25T09:30:00,194.74098858033878,197.16077979078395,193.72501708245565,196.13752251968717,59396466.75325721,2021-08-25T16:00:00
2021-08-26T16:00:00,2021-08-26T09:30:00,195.51217313223793,200.44920862485685,195.09198288950765,200.01933170112486,91051884.59406365,2021-08-26T16:00:00
2021-08-27T16:00:00,2021-08-27T09:30:00,199.56462046096328,204.71615770466795,198.6432926564185,203.7753900859663,88375889.2852886,2021-08-27T16:00:00
2021-08-30T16:00:00,2021-08-30T09:30:00,203.35656983330043,207.82130068848082,202.38978383580246,206.8379636506249,88654560.06388998,2021-08-30T16:00:00
2021-08-31T16:00:00,2021-08-31T09:30:00,207.033530706876,212.60865804390687,205.00172755446087,210.54241906650137,81880315.88926233,2021-08-31T16:00:00
2021-09-01T16:00:00,2021-09-01T09:30:00,210.7762799459815,215.01853683459515,210.2309589599203,214.46367580755899,90923544.1335546,2021-09-01T16:00:00
2021-09-02T16:00:00,2021-09-02T09:30:00,213.2647993358624,215.69062174743698,212.43540275209423,214.8550406423083,78204375.37174986,2021-09-02T16:00:00
2021-09-03T16:00:00,2021-09-03T09:30:00,215.2348506044962,215.56789651820205,210.42422186387984,210.75032860522313,79540426.5759208,2021-09-03T16:00:00
2021-09-07T16:00:00,2021-09-07T09:30:00,212.09958414471302,213.8393091954839,211.10951318734578,212.84575514671272,83876256.65106493,2021-09-07T16:00:00
2021-09-08T16:00:00,2021-09-08T09:30:00,212.62467633415082,212.67895143370689,210.6620222564517,210.71581009410102,80820980.65013021,2021-09-08T16:00:00
2021-09-09T16:00:00,2021-09-09T09:30:00,210.5034003580749,210.92618471764212,207.03748153068955,207.45414162386052,70948535.22168814,2021-09-09T16:00:00
2021-09-10T16:00:00,2021-09-10T09:30:00,206.9274397439014,212.43630291945567,203.71112488250682,209.18489990030383,71554249.92062812,2021-09-10T16:00:00
2021-09-13T16:00:00,2021-09-13T09:30:00,209.2904381765927,211.50072562858904,204.42596831634683,206.60792612857935,82304073.28610468,2021-09-13T16:00:00
2021-09-14T16:00:00,2021-09-14T09:30:00,205.5904629638721,209.19850453820828,202.88655606818523,206.4828609066995,73588519.33438464,2021-09-14T16:00:00
2021-09-15T16:00:00,2021-09-15T09:30:00,206.16026909298913,208.56727752217378,205.07827131743556,207.47836195614497,73443789.13653286,2021-09-15T16:00:00
2021-09-16T16:00:00,2021-09-16T09:30:00,207.1041613989598,210.30539353744396,205.01717989957734,208.2072957907995,82813263.27883169,2021-09-16T16:00:00
2021-09-17T16:00:00,2021-09-17T09:30:00,208.3362697876058,210.6228622247231,207.40592134908943,209.68648425556756,75186874.62314244,2021-09-17T16:00:00
2021-09-20T16:00:00,2021-09-20T09:30:00,209.9080937715675,210.32486491262927,209.43554953261716,209.85220971625427,82938773.89245962,2021-09-20T16:00:00
2021-09-21T16:00:00,2021-09-21T09:30:00,209.05228120133373,209.64612277319657,207.93285674032958,208.5252010690509,65546056.43798084,2021-09-21T16:00:00
2021-09-22T16:00:00,2021-09-22T09:30:00,208.41539575916983,210.85206364442683,207.56467048790984,209.9948910731746,89904976.20955563,2021-09-22T16:00:00
2021-09-23T16:00:00,2021-09-23T09:30:00,210.45497698473184,212.09536395088898,208.07027079888334,209.7048106087353,87033204.35690756,2021-09-23T16:00:00
2021-09-24T16:00:00,2021-09-24T09:30:00,209.98372677681618,210.87940113733896,206.8578402376865,207.7439609970168,83090340.38588274,2021-09-24T16:00:00
2021-09-27T16:00:00,2021-09-27T09:30:00,207.60895498433743,207.7489281886105,207.30512608699183,207.44498874266048,60268657.79925734,2021-09-27T16:00:00
2021-09-28T16:00:00,2021-09-28T09:30:00,207.26214197238522,208.2588150624945,204.34633642607955,205.33373628356387,66706204.202800445,2021-09-28T16:00:00
2021-09-29T16:00:00,2021-09-29T09:30:00,205.04919416236427,209.5160289064771,204.2376889964316,208.69011439069976,81413303.35876061,2021-09-29T16:00:00
2021-09-30T16:00:00,2021-09-30T09:30:00,208.72715569498743,215.5202257539398,207.28764415004946,214.0440456478611,98227912.19373652,2021-09-30T16:00:00
2021-10-01T16:00:00,2021-10-01T09:30:00,214.44000473104197,217.06437095777275,212.8724437608455,215.48914078086187,70872302.1943066,2021-10-01T16:00:00
2021-10-04T16:00:00,2021-10-04T09:30:00,215.49877339979048,216.05244011822455,213.05151298150906,213.60030208339248,92393104.35807648,2021-10-04T16:00:00
2021-10-05T16:00:00,2021-10-05T09:30:00,213.4538258352688,213.8134680937393,210.7612146530643,211.11691952479532,59878562.79343203,2021-10-05T16:00:00
2021-10-06T16:00:00,2021-10-06T09:30:00,211.25666181767585,212.4000714312483,203.9671218762574,205.0770850297451,84199479.1249906,2021-10-06T16:00:00
2021-10-07T16:00:00,2021-10-07T09:30:00,204.6058083670627,205.4946329657629,201.6473911409536,202.5271860318577,85693914.85410316,2021-10-07T16:00:00
2021-10-08T16:00:00,2021-10-08T09:30:00,202.73925981579868,205.5251849722102,201.8015331422482,204.57894921255595,87524757.02643976,2021-10-08T16:00:00
2021-10-11T16:00:00,2021-10-11T09:30:00,204.42887753143236,208.93948933167854,203.9963791329746,208.49838131851425,98638826.9889449,2021-10-11T16:00:00
2021-10-12T16:00:00,2021-10-12T09:30:00,209.03426932838556,214.04215049638358,208.43269225539146,213.4279289660331,70651745.25167894,2021-10-12T16:00:00
2021-10-13T16:00:00,2021-10-13T09:30:00,213.74300419277623,214.57793960786515,213.39993707900783,214.23408428850513,58591416.11049656,2021-10-13T16:00:00
2021-10-14T16:00:00,2021-10-14T09:30:00,213.94230675572234,214.62696065014293,207.34485825478572,208.01052939384,79035946.82272542,2021-10-14T16:00:00
2021-10-15T16:00:00,2021-10-15T09:30:00,208.16045778558185,210.9977947017884,206.92034296276012,209.74822078929623,76361083.83716044,2021-10-15T16:00:00
2021-10-18T16:00:00,2021-10-18T09:30:00,209.73578572220893,212.43504116850855,209.24983610162505,211.94397525904768,71728693.10949114,2021-10-18T16:00:00
2021-10-19T16:00:00,2021-10-19T09:30:00,211.87923045364406,214.78961527860818,207.61705734053663,210.50861532024282,79670896.70296629,2021-10-19T16:00:00
2021-10-20T16:00:00,2021-10-20T09:30:00,210.3066764308886,213.33461140089253,206.3489781406164,209.3633310961242,66411754.338298455,2021-10-20T16:00:00
2021-10-21T16:00:00,2021-10-21T09:30:00,210.0076001285907,210.65179736563675,207.87225319529284,208.51186226410567,72956027.74944296,2021-10-21T16:00:00
2021-10-22T16:00:00,2021-10-22T09:30:00,208.13259270760818,208.88306832622277,202.50642302793509,203.23925445635615,73241606.0814231,2021-10-22T16:00:00
2021-10-25T16:00:00,2021-10-25T09:30:00,203.09069059555065,204.7637106492318,201.47204165842345,203.14463179644846,70131935.48283236,2021-10-25T16:00:00
2021-10-26T16:00:00,2021-10-26T09:30:00,203.50966176050886,210.45318227195,201.6715021913015,208.56932234902348,90636536.83647461,2021-10-26T16:00:00
2021-10-27T16:00:00,2021-10-27T09:30:00,208.17044578651573,210.7689388959715,207.2050065155348,209.79596091728936,64902489.85873009,2021-10-27T16:00:00
2021-10-28T16:00:00,2021-10-28T09:30:00,209.03610190971133,209.55120326128204,204.20935987769195,204.71381035028148,76172228.33381791,2021-10-28T16:00:00
2021-10-29T16:00:00,2021-10-29T09:30:00,204.89801855276986,205.4974815680513,204.2905285964972,204.88996805872793,76236241.18565977,2021-10-29T16:00:00
2021-11-01T16:00:00,2021-11-01T09:30:00,205.25210137721464,206.08519965158973,202.97517429835787,203.80238832876717,83680720.91570422,2021-11-01T16:00:00
2021-11-02T16:00:00,2021-11-02T09:30:00,204.2703017944548,205.91964212649623,200.27771254563868,201.90797876551244,60723904.2704414,2021-11-02T16:00:00
2021-11-03T16:00:00,2021-11-03T09:30:00,202.03000955995762,204.33465355258807,198.0430818425813,200.3283138538186,84919326.43027554,2021-11-03T16:00:00
2021-11-04T16:00:00,2021-11-04T09:30:00,200.0953602374051,200.82161215289872,194.43599715324171,195.14427897564647,87950718.98586732,2021-11-04T16:00:00
2021-11-05T16:00:00,2021-11-05T09:30:00,195.49955547003273,198.85466355215385,194.9576641540856,198.30499603499794,71450079.95786688,2021-11-05T16:00:00
2021-11-08T16:00:00,2021-11-08T09:30:00,198.20595162235955,199.8855326035251,194.65480781072006,196.31839378152202,86989365.20689307,2021-11-08T16:00:00
2021-11-09T16:00:00,2021-11-09T09:30:00,197.03337928616384,200.06343810986573,195.41281938296555,198.43137993261612,76290687.3128747,2021-11-09T16:00:00
2021-11-10T16:00:00,2021-11-10T09:30:00,198.5493390586773,199.04790967735536,197.5116738957731,198.00888740433965,61854906.68811738,2021-11-10T16:00:00
2021-11-11T16:00:00,2021-11-11T09:30:00,198.19420824688132,199.7720855442904,197.4464639962033,199.0212211512533,81706532.09171587,2021-11-11T16:00:00
2021-11-12T16:00:00,2021-11-12T09:30:00,198.9546873770693,203.34430498427744,198.57798098498802,202.96001479279053,74028001.56022689,2021-11-12T16:00:00
2021-11-15T16:00:00,2021-11-15T09:30:00,202.46182151983635,204.9319623717789,196.53292522801664,198.96034623741178,81221204.19335033,2021-11-15T16:00:00
2021-11-16T16:00:00,2021-11-16T09:30:00,198.7500935174731,198.84892604961752,195.7973099101437,195.8947225509168,93999511.93264689,2021-11-16T16:00:00
2021-11-17T16:00:00,2021-11-17T09:30:00,195.88599361784424,200.77372022925653,195.82337497301342,200.70955964075722,68531983.6611563,2021-11-17T16:00:00
2021-11-18T16:00:00,2021-11-18T09:30:00,201.30677111342192,203.04264642979572,196.74460098224245,198.4558930777702,80538885.2133989,2021-11-18T16:00:00
2021-11-19T16:00:00,2021-11-19T09:30:00,198.23331121598238,198.6784601749893,196.56954278534025,197.01194907672223,88633524.73507679,2021-11-19T16:00:00
2021-11-22T16:00:00,2021-11-22T09:30:00,197.02934673162244,198.7448836995427,193.59607947779477,195.29652877828406,60916128.27773317,2021-11-22T16:00:00
2021-11-23T16:00:00,2021-11-23T09:30:00,195.38457208307042,196.0762449181071,195.27984428531877,195.97120268134938,74639877.88767464,2021-11-23T16:00:00
2021-11-24T16:00:00,2021-11-24T09:30:00,195.49018961271452,200.19056757811836,194.34492855144467,199.02460049998018,89575734.41721989,2021-11-24T16:00:00
2021-11-26T13:00:00,2021-11-26T09:30:00,198.34533110189946,199.54355862802814,191.23349576927566,192.3957813641056,97335729.90518734,2021-11-26T13:00:00
2021-11-29T16:00:00,2021-11-29T09:30:00,192.1559275005945,194.04687186658018,187.00813720470566,188.86671347877777,82174976.43096319,2021-11-29T16:00:00
2021-11-30T16:00:00,2021-11-30T09:30:00,188.39969072855968,190.2927728918275,188.1517306797643,190.04265048077585,65758079.211281076,2021-11-30T16:00:00
2021-12-01T16:00:00,2021-12-01T09:30:00,190.5473113166354,192.89860097302196,188.04074803089426,190.39009772449424,61275212.99834104,2021-12-01T16:00:00
2021-12-02T16:00:00,2021-12-02T09:30:00,189.8816719706734,191.700960698853,189.81173948366174,191.6303841697288,84604657.12183812,2021-12-02T16:00:00
2021-12-03T16:00:00,2021-12-03T09:30:00,191.9188683040927,198.82086714237448,191.40787724753963,198.29290497837647,102101703.5280908,2021-12-03T16:00:00
2021-12-06T16:00:00,2021-12-06T09:30:00,198.52417074061614,198.99851251392542,195.6377095556661,196.1062741515594,74856538.10210785,2021-12-06T16:00:00
2021-12-07T16:00:00,2021-12-07T09:30:00,195.62559051922156,199.29478344215266,194.23894949609166,197.89207702005282,80999049.45334564,2021-12-07T16:00:00
2021-12-08T16:00:00,2021-12-08T09:30:00,197.35216090495052,197.52636789555606,196.92145557064927,197.0954359446191,53874931.29278264,2021-12-08T16:00:00
2021-12-09T16:00:00,2021-12-09T09:30:00,196.96550840916674,198.40330143529394,189.84666795590942,191.24268598172108,98263331.32363679,2021-12-09T16:00:00
2021-12-10T16:00:00,2021-12-10T09:30:00,191.2569477116092,192.45111260344277,191.1388470820863,192.33234791730496,86106382.17722802,2021-12-10T16:00:00
2021-12-13T16:00:00,2021-12-13T09:30:00,192.24278068380804,193.3176153284782,186.90998540632083,187.96087982618545,88287011.86054179,2021-12-13T16:00:00
2021-12-14T16:00:00,2021-12-14T09:30:00,187.6963232541357,188.67249725183004,186.64553963596987,187.6213235741459,80894750.56997225,2021-12-14T16:00:00
2021-12-15T16:00:00,2021-12-15T09:30:00,186.87013732811928,189.27108649008503,186.76797348048626,189.1676665593257,67918200.83918,2021-12-15T16:00:00
2021-12-16T16:00:00,2021-12-16T09:30:00,189.6586074949991,189.75549792377225,188.74856791022518,188.84504271514976,73955254.94228536,2021-12-16T16:00:00
2021-12-17T16:00:00,2021-12-17T09:30:00,189.50379163520967,190.3984655279588,187.96136687494857,188.85296813898753,74799185.34840994,2021-12-17T16:00:00
2021-12-20T16:00:00,2021-12-20T09:30:00,188.8446485771209,188.92937253025045,185.77336984242677,185.85675329530002,94559143.61085878,2021-12-20T16:00:00
2021-12-21T16:00:00,2021-12-21T09:30:00,185.83500290924218,185.9558358452036,184.50956444966747,184.62961362194454,57678391.85198674,2021-12-21T16:00:00
2021-12-22T16:00:00,2021-12-22T09:30:00,184.34334380824606,184.7755230445471,182.86007479417773,183.28978403808603,78194507.56385775,2021-12-22T16:00:00
2021-12-23T16:00:00,2021-12-23T09:30:00,183.01810333570344,183.84457733830814,181.44258424211887,182.2656603592294,78321473.13479395,2021-12-23T16:00:00
2021-12-27T16:00:00,2021-12-27T09:30:00,181.93446740379702,184.2750215336884,181.5112824130084,183.8473870348544,70688834.03334287,2021-12-27T16:00:00
2021-12-28T16:00:00,2021-12-28T09:30:00,184.53434650145164,189.13187126041086,181.42854077068992,186.00137470814133,86917539.39164142,2021-12-28T16:00:00
2021-12-29T16:00:00,2021-12-29T09:30:00,185.64272286517198,186.2495290071683,179.39517260038278,179.98348050571371,76521493.14670937,2021-12-29T16:00:00
2021-12-30T16:00:00,2021-12-30T09:30:00,179.58156569364232,181.77518504787304,178.70694011118908,180.8941666357378,87322905.56207576,2021-12-30T16:00:00
2021-12-31T16:00:00,2021-12-31T09:30:00,180.38454648938307,181.58837011015092,180.03943198585932,181.24161584827735,56143872.09237661,2021-12-31T16:00:00
2022-01-03T16:00:00,2022-01-03T09:30:00,180.81261506610025,183.85500131082256,180.0254676867651,183.05807855877347,82770797.29311122,2022-01-03T16:00:00
2022-01-04T16:00:00,2022-01-04T09:30:00,182.73232634728458,182.91648481697786,180.15603208341014,180.3377773156972,83550675.89206855,2022-01-04T16:00:00
2022-01-05T16:00:00,2022-01-05T09:30:00,180.9854366093341,181.320642841319,179.38305138899543,179.7159063021193,79168959.96742597,2022-01-05T16:00:00
2022-01-06T16:00:00,2022-01-06T09:30:00,179.6284098058983,180.11933862356247,175.93865641439504,176.4208188077616,66731486.947285615,2022-01-06T16:00:00
2022-01-07T16:00:00,2022-01-07T09:30:00,176.8258110573959,180.41246231895755,176.76455539873393,180.3499858224259,78760691.05236255,2022-01-07T16:00:00
2022-01-10T16:00:00,2022-01-10T09:30:00,180.54174696020223,183.53785330064747,180.1760207017975,183.16680941191788,66333569.88782707,2022-01-10T16:00:00
2022-01-11T16:00:00,2022-01-11T09:30:00,183.05973962041338,184.4944233884041,181.3042916303769,182.73644163329558,62736503.719687305,2022-01-11T16:00:00
2022-01-12T16:00:00,2022-01-12T09:30:00,182.1500487221203,185.93065591683316,181.0751976001573,184.83993203438277,62462177.672784105,2022-01-12T16:00:00
2022-01-13T16:00:00,2022-01-13T09:30:00,183.97439586855782,184.23701281349796,178.73814370348833,178.99365081097324,87263399.93191163,2022-01-13T16:00:00
2022-01-14T16:00:00,2022-01-14T09:30:00,178.37765538039292,178.58283438499558,178.3747247132652,178.57990039507044,55508539.555603795,2022-01-14T16:00:00
2022-01-18T16:00:00,2022-01-18T09:30:00,177.87432741857543,180.38184401014237,177.7594969297867,180.26546986938106,60501073.04845266,2022-01-18T16:00:00
2022-01-19T16:00:00,2022-01-19T09:30:00,180.83385359269766,181.17686436238913,180.47065826959692,180.81363067989523,68009918.21881121,2022-01-19T16:00:00
2022-01-20T16:00:00,2022-01-20T09:30:00,180.8690926271635,181.15222286268835,178.08282432513187,178.36203003595426,80372025.68969348,2022-01-20T16:00:00
2022-01-21T16:00:00,2022-01-21T09:30:00,177.8693092703735,179.9763065626781,176.54977058274287,178.6509690649897,64299147.500633284,2022-01-21T16:00:00
2022-01-24T16:00:00,2022-01-24T09:30:00,178.25761214933866,178.83634196841942,176.82045755172194,177.39639133781185,85897686.34381442,2022-01-24T16:00:00
2022-01-25T16:00:00,2022-01-25T09:30:00,176.82471624887407,176.90145074938627,175.76493388051082,175.8412415943272,79766856.05856301,2022-01-25T16:00:00
2022-01-26T16:00:00,2022-01-26T09:30:00,175.80721101654441,178.14634698936575,175.2771674014318,177.6108655111348,70767314.7291141,2022-01-26T16:00:00
2022-01-27T16:00:00,2022-01-27T09:30:00,177.69357423360893,180.84722305596367,177.23411323629963,180.38081368293106,67400929.28600004,2022-01-27T16:00:00
2022-01-28T16:00:00,2022-01-28T09:30:00,180.54432190850522,181.22592892426096,178.98097520770895,179.65924078632605,60544788.7110542,2022-01-28T16:00:00
2022-01-31T16:00:00,2022-01-31T09:30:00,179.54582550758585,182.05355128372383,179.000159171793,181.50194002641103,62178669.734312996,2022-01-31T16:00:00
2022-02-01T16:00:00,2022-02-01T09:30:00,182.92384691654505,185.41093021597544,181.7309619567565,184.20966019678133,62639602.06294533,2022-02-01T16:00:00
2022-02-02T16:00:00,2022-02-02T09:30:00,183.34108548825222,187.0874214306958,182.037188909429,185.76627722188255,79083003.9315096,2022-02-02T16:00:00
2022-02-03T16:00:00,2022-02-03T09:30:00,186.13356187398682,190.6858822771986,184.38288315121818,188.90909825436222,61848185.14285495,2022-02-03T16:00:00
2022-02-04T16:00:00,2022-02-04T09:30:00,188.54244198349213,192.82634780527366,187.84735101636076,192.11807471327901,69739715.57761732,2022-02-04T16:00:00
2022-02-07T16:00:00,2022-02-07T09:30:00,191.78811152950874,192.62227361207837,186.26709724375726,187.08078530939335,90812835.25321236,2022-02-07T16:00:00
2022-02-08T16:00:00,2022-02-08T09:30:00,187.44038149518317,188.38630572188123,187.1273289356425,188.07219793745872,76145689.43256874,2022-02-08T16:00:00
2022-02-09T16:00:00,2022-02-09T09:30:00,187.4569643654891,189.1725917264798,186.66960343365014,188.38134817709317,87827376.17360988,2022-02-09T16:00:00
2022-02-10T16:00:00,2022-02-10T09:30:00,188.83555479587642,189.9426595556665,188.07761907061933,189.1833279613598,72838363.85866132,2022-02-10T16:00:00
2022-02-11T16:00:00,2022-02-11T09:30:00,188.86252486728694,191.90743732058172,186.76118447026235,189.7957139850017,81203719.24145588,2022-02-11T16:00:00
2022-02-14T16:00:00,2022-02-14T09:30:00,189.75238111752068,190.30709757141685,188.82440618217015,189.37802826409512,55222699.557007246,2022-02-14T16:00:00
2022-02-15T16:00:00,2022-02-15T09:30:00,190.00083141607595,191.6182989735354,189.53481428700627,191.1494645792723,66554555.40735573,2022-02-15T16:00:00
2022-02-16T16:00:00,2022-02-16T09:30:00,191.29173962603141,196.89583932226728,190.96446876769483,196.55955603714324,97024584.18592842,2022-02-16T16:00:00
2022-02-17T16:00:00,2022-02-17T09:30:00,196.72146817045035,197.77225962898228,196.26828737892333,197.31770530553052,88629007.56599896,2022-02-17T16:00:00
2022-02-18T16:00:00,2022-02-18T09:30:00,197.91711997496392,201.05647923022948,197.80277125644912,200.9403837889304,69515545.6439684,2022-02-18T16:00:00
2022-02-22T16:00:00,2022-02-22T09:30:00,201.00642745167215,202.0750549703133,199.28768225432233,200.3528350241063,78682892.46694545,2022-02-22T16:00:00
2022-02-23T16:00:00,2022-02-23T09:30:00,199.96275260523663,204.77530361588862,199.1845943772896,203.9815063439341,66063268.319478355,2022-02-23T16:00:00
2022-02-24T16:00:00,2022-02-24T09:30:00,203.9845737285598,204.78881603916844,203.09701468159886,203.90092720219246,80097198.08530757,2022-02-24T16:00:00
2022-02-25T16:00:00,2022-02-25T09:30:00,204.26546085869936,207.13866326109422,203.5906413824458,206.45660503405728,83984424.92490494,2022-02-25T16:00:00
2022-02-28T16:00:00,2022-02-28T09:30:00,206.62224377947922,211.35611729481062,205.7580784811421,210.47583495261176,76268126.82214472,2022-02-28T16:00:00
2022-03-01T16:00:00,2022-03-01T09:30:00,210.39575087710188,212.63555188172597,210.16709860783635,212.4047163245066,82262493.07691333,2022-03-01T16:00:00
2022-03-02T16:00:00,2022-03-02T09:30:00,212.60612899946267,215.74200714789527,212.04435393225765,215.17344838153164,65948540.37076674,2022-03-02T16:00:00
2022-03-03T16:00:00,2022-03-03T09:30:00,214.84264156985577,214.95686438077607,214.7899953294941,214.90420305504435,68531918.27125806,2022-03-03T16:00:00
2022-03-04T16:00:00,2022-03-04T09:30:00,215.0897064347069,215.3223762967071,214.64994162175796,214.88238721950117,78291691.50864764,2022-03-04T16:00:00
2022-03-07T16:00:00,2022-03-07T09:30:00,214.5160303150566,216.1877625749238,212.95887980228903,214.62978631864854,63792063.18976912,2022-03-07T16:00:00
2022-03-08T16:00:00,2022-03-08T09:30:00,215.00344042150755,216.89401265268148,214.53468651488512,216.42216561891001,81842478.81325002,2022-03-08T16:00:00
2022-03-09T16:00:00,2022-03-09T09:30:00,216.50048119023617,222.35857935939083,216.09299690299923,221.94085552420648,69675839.58446014,2022-03-09T16:00:00
2022-03-10T16:00:00,2022-03-10T09:30:00,222.03274515563882,225.11721315222115,221.93545345041412,225.01861308060307,80647797.47897685,2022-03-10T16:00:00
2022-03-11T16:00:00,2022-03-11T09:30:00,224.77145798864822,225.74864155381255,224.6868071061189,225.6636546622699,66433285.144525796,2022-03-11T16:00:00
2022-03-14T16:00:00,2022-03-14T09:30:00,225.8747003987746,227.7551052888868,224.71060952911472,226.5873416785188,87120070.53942803,2022-03-14T16:00:00
2022-03-15T16:00:00,2022-03-15T09:30:00,226.67492951759667,228.87373737742107,225.44741760487847,227.64099393958898,78929157.33527632,2022-03-15T16:00:00
2022-03-16T16:00:00,2022-03-16T09:30:00,227.3794525903778,227.7358875501636,225.159412421465,225.51292144865283,89157260.35816571,2022-03-16T16:00:00
2022-03-17T16:00:00,2022-03-17T09:30:00,225.8862937375997,227.8920123442279,225.02953420905277,227.03091141856268,57600031.30102107,2022-03-17T16:00:00
2022-03-18T16:00:00,2022-03-18T09:30:00,227.05822383851594,227.8984491998787,226.95230214395653,227.79218511550894,67759804.85716528,2022-03-18T16:00:00
2022-03-21T16:00:00,2022-03-21T09:30:00,227.90054083420114,230.7389039336585,227.71602943042515,230.5522456732736,86363918.76088998,2022-03-21T16:00:00
2022-03-22T16:00:00,2022-03-22T09:30:00,230.7618665083475,232.85910460409434,230.2573642539675,232.35112783317786,84943880.37973695,2022-03-22T16:00:00
2022-03-23T16:00:00,2022-03-23T09:30:00,232.7022905543159,234.25381759480274,231.07327374383962,232.6242806585364,83773917.82926685,2022-03-23T16:00:00
2022-03-24T16:00:00,2022-03-24T09:30:00,232.608332951741,234.02692456408224,231.031136001217,232.4487544034101,69684812.81953658,2022-03-24T16:00:00
2022-03-25T16:00:00,2022-03-25T09:30:00,232.83752942867528,235.72219505633151,232.1554951334982,235.03372759519425,77330106.06821626,2022-03-25T16:00:00
2022-03-28T16:00:00,2022-03-28T09:30:00,234.89020883817412,238.32669389377693,233.164106429068,236.58811434143817,82329436.45469695,2022-03-28T16:00:00
2022-03-29T16:00:00,2022-03-29T09:30:00,236.94432561912805,237.66153500306933,235.12209122196825,235.83594563836135,56137580.589018025,2022-03-29T16:00:00
2022-03-30T16:00:00,2022-03-30T09:30:00,235.8645748132678,242.74404324001114,235.16077190472816,242.0218674136887,81300472.38562484,2022-03-30T16:00:00
2022-03-31T16:00:00,2022-03-31T09:30:00,241.83691630986135,247.03050839944453,240.41007009142584,245.5815686022277,64049888.582653746,2022-03-31T16:00:00
2022-04-01T16:00:00,2022-04-01T09:30:00,245.6434411108963,245.66685739942463,244.05798189669085,244.08124926719887,89317402.30157095,2022-04-01T16:00:00
2022-04-04T16:00:00,2022-04-04T09:30:00,243.8178779958848,244.64760161481513,243.73343997510565,244.56290557909847,86638023.23881026,2022-04-04T16:00:00
2022-04-05T16:00:00,2022-04-05T09:30:00,244.16525169100885,245.46982129977874,240.7269097178863,242.02001738660604,90889646.1927832,2022-04-05T16:00:00
2022-04-06T16:00:00,2022-04-06T09:30:00,241.90520381701415,243.3881501685158,239.44262842497668,240.91953233545473,86907903.4854714,2022-04-06T16:00:00
2022-04-07T16:00:00,2022-04-07T09:30:00,241.0033572707788,241.04712556896862,238.31196315393947,238.3552505329975,65029717.51076053,2022-04-07T16:00:00
2022-04-08T16:00:00,2022-04-08T09:30:00,238.06290271186083,238.579719625902,237.55882833725678,238.07561832725474,82329670.29435083,2022-04-08T16:00:00
2022-04-11T16:00:00,2022-04-11T09:30:00,238.18125011295854,239.79501813475179,237.3176547950307,238.92871267415794,70432688.71486759,2022-04-11T16:00:00
2022-04-12T16:00:00,2022-04-12T09:30:00,238.70863008861335,238.77305533739326,234.97340974211033,235.03684400982888,83513235.72990659,2022-04-12T16:00:00
2022-04-13T16:00:00,2022-04-13T09:30:00,234.97407069585915,236.0971898964722,234.40396214446076,235.52574284415593,78603027.85883307,2022-04-13T16:00:00
2022-04-14T16:00:00,2022-04-14T09:30:00,235.39211213047736,237.33536598732405,234.34410556785548,236.28339129507725,72608750.6775216,2022-04-14T16:00:00
2022-04-18T16:00:00,2022-04-18T09:30:00,236.34930972520755,242.16314321535717,234.7058570175671,240.49089205385263,77844003.57533514,2022-04-18T16:00:00
2022-04-19T16:00:00,2022-04-19T09:30:00,240.4189631660553,244.16957567465107,239.8839611261834,243.6274338553664,72517002.127365,2022-04-19T16:00:00
2022-04-20T16:00:00,2022-04-20T09:30:00,243.53716990103072,245.18232905280723,238.6230251924635,240.24595127631383,71858764.78185177,2022-04-20T16:00:00
2022-04-21T16:00:00,2022-04-21T09:30:00,240.32132292815226,242.4057816507643,238.77583113322075,240.85684593995114,76887903.03034203,2022-04-21T16:00:00
2022-04-22T16:00:00,2022-04-22T09:30:00,240.8669002053205,242.13302792585037,236.85650679245094,238.1081329284094,76983802.65551291,2022-04-22T16:00:00
2022-04-25T16:00:00,2022-04-25T09:30:00,238.6096186989811,238.9155443989498,237.29718670301293,237.6018202864422,72780188.63732333,2022-04-25T16:00:00
2022-04-26T16:00:00,2022-04-26T09:30:00,237.48523486100953,240.74447632968003,236.18080009673906,239.42936305562878,81716664.32850191,2022-04-26T16:00:00
2022-04-27T16:00:00,2022-04-27T09:30:00,239.78974096450284,244.37385267596005,239.22134648334833,243.79596190083842,93899510.69606024,2022-04-27T16:00:00
2022-04-28T16:00:00,2022-04-28T09:30:00,243.13890558673512,246.83536800071877,242.73128866408263,246.42224663043774,91892234.49314229,2022-04-28T16:00:00
2022-04-29T16:00:00,2022-04-29T09:30:00,246.21376840974523,246.34825865638516,245.57768927785398,245.71190539002234,63989057.96070472,2022-04-29T16:00:00
2022-05-02T16:00:00,2022-05-02T09:30:00,246.06084501803375,247.36141998371866,241.68115714657304,242.96537072664208,77054913.45443119,2022-05-02T16:00:00
2022-05-03T16:00:00,2022-05-03T09:30:00,242.8926443491681,246.01649473824872,242.4714733695521,245.59064547872111,93592651.66708413,2022-05-03T16:00:00
2022-05-04T16:00:00,2022-05-04T09:30:00,245.62327818284464,245.8186083704078,241.2513910890437,241.44339725564456,62800434.08576772,2022-05-04T16:00:00
2022-05-05T16:00:00,2022-05-05T09:30:00,241.64102809719282,242.29048450181045,238.95411960215918,239.59808520765912,73266626.09401597,2022-05-05T16:00:00
2022-05-06T16:00:00,2022-05-06T09:30:00,239.72018716195686,245.27755816990148,237.71275295817318,243.24064341059966,80821770.21439473,2022-05-06T16:00:00
2022-05-09T16:00:00,2022-05-09T09:30:00,243.08270618139036,243.90465828426343,239.1439048973916,239.9552820280678,87239489.12632261,2022-05-09T16:00:00
2022-05-10T16:00:00,2022-05-10T09:30:00,239.87652303366858,241.71099654024658,239.13373680666297,240.96484029992843,83254506.9440533,2022-05-10T16:00:00
2022-05-11T16:00:00,2022-05-11T09:30:00,241.03220868500884,242.002846724021,238.6949554470987,239.6600678674407,57991898.94508067,2022-05-11T16:00:00
2022-05-12T16:00:00,2022-05-12T09:30:00,240.30217358312927,241.82007958820014,239.4712555720747,240.9867942923659,67650359.85011847,2022-05-12T16:00:00
2022-05-13T16:00:00,2022-05-13T09:30:00,240.34557560136156,240.70523115411586,235.9297917597416,236.2833685847877,85716977.55313914,2022-05-13T16:00:00
2022-05-16T16:00:00,2022-05-16T09:30:00,236.65950752587935,237.86601575805994,232.82900952267275,234.02207190676734,92578001.45828435,2022-05-16T16:00:00
2022-05-17T16:00:00,2022-05-17T09:30:00,234.26096823435446,236.9429841135648,234.1588435557048,236.83973523674666,84453673.79477711,2022-05-17T16:00:00
2022-05-18T16:00:00,2022-05-18T09:30:00,236.7250109286176,237.52806318001313,232.5618645532998,233.3534794159663,75136594.9441264,2022-05-18T16:00:00
2022-05-19T16:00:00,2022-05-19T09:30:00,233.21730869684262,234.91977160412694,233.0366695867559,234.73795467350232,74467618.3313926,2022-05-19T16:00:00
2022-05-20T16:00:00,2022-05-20T09:30:00,234.55590210504383,234.56161484582134,231.88431514639026,231.889962956722,77322530.46961766,2022-05-20T16:00:00
2022-05-23T16:00:00,2022-05-23T09:30:00,231.36572436075846,232.18547185161876,230.43160467850606,231.25094549856604,85131125.36797869,2022-05-23T16:00:00
2022-05-24T16:00:00,2022-05-24T09:30:00,231.6432947830259,232.39627183215646,230.99279627456085,231.7454863502992,85204346.7222085,2022-05-24T16:00:00
2022-05-25T16:00:00,2022-05-25T09:30:00,231.66675752473643,232.8019216249872,226.8636230680002,227.98072566003162,94971423.97910361,2022-05-25T16:00:00
2022-05-26T16:00:00,2022-05-26T09:30:00,227.9635900205263,228.84635467833397,225.97576182819705,226.8542306101581,68969276.70791268,2022-05-26T16:00:00
2022-05-27T16:00:00,2022-05-27T09:30:00,226.9660462215971,228.06822917348015,224.84262969629611,225.93982917619644,79649465.03690423,2022-05-27T16:00:00
2022-05-31T16:00:00,2022-05-31T09:30:00,226.05139693155675,227.41690638396557,224.31599716440414,225.67925863975128,76294181.37980652,2022-05-31T16:00:00
2022-06-01T16:00:00,2022-06-01T09:30:00,225.53408512484103,226.414914926486,223.81819830094415,224.69575397637973,70522996.65749516,2022-06-01T16:00:00
2022-06-02T16:00:00,2022-06-02T09:30:00,224.52973172836116,225.9338149036929,223.3588610628664,224.76173439788894,81330787.61110522,2022-06-02T16:00:00
2022-06-03T16:00:00,2022-06-03T09:30:00,224.73537223710994,227.5539216645949,224.56458669338292,227.38112550542272,68290094.90529203,2022-06-03T16:00:00
2022-06-06T16:00:00,2022-06-06T09:30:00,227.6363364465257,230.02754390674122,226.87409783664808,229.25986891026747,87088148.97077596,2022-06-06T16:00:00
2022-06-07T16:00:00,2022-06-07T09:30:00,229.31536192820357,232.15190395369413,228.32163165255344,231.15022237307977,73053265.88864997,2022-06-07T16:00:00
2022-06-08T16:00:00,2022-06-08T09:30:00,231.2038685600113,234.53087132679516,229.7851041391041,233.10046856856434,79620307.63702716,2022-06-08T16:00:00
2022-06-09T16:00:00,2022-06-09T09:30:00,233.141335534852,234.79761776328533,231.88237442902187,233.53652265060003,62988066.9144789,2022-06-09T16:00:00
2022-06-10T16:00:00,2022-06-10T09:30:00,233.52142676794028,235.56302834180997,233.0366718788688,235.07504837109045,63785502.68025423,2022-06-10T16:00:00
2022-06-13T16:00:00,2022-06-13T09:30:00,234.96632492155445,239.0351378843907,233.93929802087007,237.99487333913783,89566638.91746467,2022-06-13T16:00:00
2022-06-14T16:00:00,2022-06-14T09:30:00,237.946464984546,239.41982449171593,230.3185391864121,231.75355230852907,79912952.78279167,2022-06-14T16:00:00
2022-06-15T16:00:00,2022-06-15T09:30:00,231.93819434869678,235.43404170380765,230.6716558426943,234.15539578701376,90104077.64070794,2022-06-15T16:00:00
2022-06-16T16:00:00,2022-06-16T09:30:00,233.74620364468615,234.8918071539505,233.5829324278113,234.7278502590421,67334634.34632623,2022-06-16T16:00:00
2022-06-17T16:00:00,2022-06-17T09:30:00,234.46180776485525,234.9506734503418,233.6411274340094,234.12929982225987,85148637.9475257,2022-06-17T16:00:00
2022-06-21T16:00:00,2022-06-21T09:30:00,234.11660756766332,234.54656564136113,227.78256212199213,228.20165731567994,95876304.6005592,2022-06-21T16:00:00
2022-06-22T16:00:00,2022-06-22T09:30:00,228.55453546828244,228.81615266838477,228.03193486564004,228.29325298617582,71609936.27454878,2022-06-22T16:00:00
2022-06-23T16:00:00,2022-06-23T09:30:00,228.41320469855148,228.56149138474757,226.3449974018516,226.4920368588739,63117020.53152092,2022-06-23T16:00:00
2022-06-24T16:00:00,2022-06-24T09:30:00,226.00937513312087,232.667273065811,225.39374865290665,232.03523276417238,91544628.68557417,2022-06-24T16:00:00
2022-06-27T16:00:00,2022-06-27T09:30:00,231.9921633575572,232.96838664581998,228.04042547727994,229.00407488584239,69893328.59914854,2022-06-27T16:00:00
2022-06-28T16:00:00,2022-06-28T09:30:00,228.8460356292524,230.5993976599306,228.61486891936863,230.36669487015533,64451157.33349436,2022-06-28T16:00:00
2022-06-29T16:00:00,2022-06-29T09:30:00,230.4493914258038,232.0781904606285,226.04317638561488,227.65220511715708,68255664.08841805,2022-06-29T16:00:00
2022-06-30T16:00:00,2022-06-30T09:30:00,227.55722477757737,229.33214521023208,226.4764232158083,228.24806245866395,72912725.40710367,2022-06-30T16:00:00
2022-07-01T16:00:00,2022-07-01T09:30:00,228.7038027188713,228.979694038891,226.8499194744825,227.1239049228759,81547430.23327115,2022-07-01T16:00:00
2022-07-05T16:00:00,2022-07-05T09:30:00,227.2578366125038,227.48488127702348,226.03625204170066,226.2623021055433,61861629.02941362,2022-07-05T16:00:00
2022-07-06T16:00:00,2022-07-06T09:30:00,226.68502834598695,227.0016382723997,225.10261415273158,225.4174536634716,75877229.31473562,2022-07-06T16:00:00
2022-07-07T16:00:00,2022-07-07T09:30:00,225.43074043746898,226.29744868186913,224.217421789181,225.08279228553792,60226114.600320846,2022-07-07T16:00:00
2022-07-08T16:00:00,2022-07-08T09:30:00,225.12032222635688,225.9837015835335,224.25986956873237,225.12323778210083,74863313.42658946,2022-07-08T16:00:00
2022-07-11T16:00:00,2022-07-11T09:30:00,225.21767941324626,225.356109887348,224.8968738024101,225.03519211034478,67870273.83985497,2022-07-11T16:00:00
2022-07-12T16:00:00,2022-07-12T09:30:00,225.0891374630738,226.01614688882952,224.25958370927515,225.18623528629303,55120333.176370576,2022-07-12T16:00:00
2022-07-13T16:00:00,2022-07-13T09:30:00,225.15848784904978,226.78623412373884,222.2207975010832,223.83900478990253,72720003.20307977,2022-07-13T16:00:00
2022-07-14T16:00:00,2022-07-14T09:30:00,223.98269009047013,224.24043063943247,220.91242814053925,221.166928546588,90474611.28763472,2022-07-14T16:00:00
2022-07-15T16:00:00,2022-07-15T09:30:00,220.99974348578,221.55202483305746,217.23216053346172,217.77638666846727,68165068.45566222,2022-07-15T16:00:00
2022-07-18T16:00:00,2022-07-18T09:30:00,218.14618831483787,218.3585327870227,216.85476223001393,217.066055295903,77068038.69151372,2022-07-18T16:00:00
2022-07-19T16:00:00,2022-07-19T09:30:00,217.24324328580906,217.73546373287985,215.6789118099903,216.1686975974089,81917590.10742143,2022-07-19T16:00:00
2022-07-20T16:00:00,2022-07-20T09:30:00,216.45081113907773,217.4762419605398,214.6337848596023,215.6554476645958,66214871.64665371,2022-07-20T16:00:00
2022-07-21T16:00:00,2022-07-21T09:30:00,216.1781730063437,216.77756692477942,213.2217872661204,213.81462781891523,63168909.04010869,2022-07-21T16:00:00
2022-07-22T16:00:00,2022-07-22T09:30:00,213.70913712876205,214.59177299786788,210.99433733222145,211.86937483556517,60582914.601534136,2022-07-22T16:00:00
2022-07-25T16:00:00,2022-07-25T09:30:00,211.40231905323452,212.69721772991005,209.4018773001333,210.6924276925152,57981407.2908722,2022-07-25T16:00:00
2022-07-26T16:00:00,2022-07-26T09:30:00,210.74259908260797,210.80964776705227,210.13851812430406,210.20539589519245,74453100.58669838,2022-07-26T16:00:00
2022-07-27T16:00:00,2022-07-27T09:30:00,210.4574955023622,212.87775282066497,209.46891771985887,211.88248148004172,77107299.38227378,2022-07-27T16:00:00
2022-07-28T16:00:00,2022-07-28T09:30:00,211.95861605157546,213.4316076262273,211.5400457298501,213.01095916489285,60177994.985139854,2022-07-28T16:00:00
2022-07-29T16:00:00,2022-07-29T09:30:00,213.04897434112357,214.20948193836176,212.61283848969722,213.7718662437378,66211222.11163313,2022-07-29T16:00:00
2022-08-01T16:00:00,2022-08-01T09:30:00,213.923791190879,217.97598931521645,213.50373725945383,217.5488173979827,69600581.00815956,2022-08-01T16:00:00
2022-08-02T16:00:00,2022-08-02T09:30:00,217.37904661617205,218.02675167564487,214.36638340503129,215.00702074947372,89884103.20191297,2022-08-02T16:00:00
2022-08-03T16:00:00,2022-08-03T09:30:00,214.85439948553787,215.50088614660294,214.17990585346598,214.82630798855376,60812142.561535835,2022-08-03T16:00:00
2022-08-04T16:00:00,2022-08-04T09:30:00,215.0549486135171,215.50150102599775,213.85674557368773,214.30173396813868,69066956.17118722,2022-08-04T16:00:00
2022-08-05T16:00:00,2022-08-05T09:30:00,213.98314473044388,214.47181747907817,209.89622081399418,210.37665743701763,67938551.80225234,2022-08-05T16:00:00
2022-08-08T16:00:00,2022-08-08T09:30:00,210.55905461832734,210.88552361504514,209.52136078886357,209.84672532854916,79553388.68613602,2022-08-08T16:00:00
2022-08-09T16:00:00,2022-08-09T09:30:00,209.7153272136448,210.03607392347863,209.33999891016495,209.66066201293242,78310937.41760994,2022-08-09T16:00:00
2022-08-10T16:00:00,2022-08-10T09:30:00,210.03398317836883,210.65822272990414,209.0080365981779,209.63107868195902,71181148.41541956,2022-08-10T16:00:00
2022-08-11T16:00:00,2022-08-11T09:30:00,209.78044955135584,209.81029035586087,209.35880111503334,209.38858617784103,81973569.0331385,2022-08-11T16:00:00
2022-08-12T16:00:00,2022-08-12T09:30:00,209.44192454749387,211.3217715674885,207.0171793980909,208.89209138786723,84121922.19001377,2022-08-12T16:00:00
2022-08-15T16:00:00,2022-08-15T09:30:00,209.0753254219795,213.40741965638196,208.92181962007547,213.250848131822,86379901.53267999,2022-08-15T16:00:00
2022-08-16T16:00:00,2022-08-16T09:30:00,213.25198326610465,213.56531492653727,210.3341079914347,210.64360715847465,61357419.63994782,2022-08-16T16:00:00
2022-08-17T16:00:00,2022-08-17T09:30:00,210.49161474645467,211.30928892241127,209.76308727381414,210.58045397046607,62741550.22966342,2022-08-17T16:00:00
2022-08-18T16:00:00,2022-08-18T09:30:00,210.81297683244443,212.55691928718124,210.64212482671735,212.3847934129312,83516961.87064274,2022-08-18T16:00:00
2022-08-19T16:00:00,2022-08-19T09:30:00,212.3837536603242,214.07029318257932,211.12509173939145,212.80911044553363,76331775.00923464,2022-08-19T16:00:00
2022-08-22T16:00:00,2022-08-22T09:30:00,213.0131408534072,213.4807787921108,211.18838354678434,211.65303558131646,84833632.5222797,2022-08-22T16:00:00
2022-08-23T16:00:00,2022-08-23T09:30:00,211.5864910746099,212.33362194916762,210.58049704571297,211.32671061216126,76834334.3579575,2022-08-23T16:00:00
2022-08-24T16:00:00,2022-08-24T09:30:00,211.64222143516906,213.1681655003078,210.78495807620337,212.3082045561277,68684338.83091749,2022-08-24T16:00:00
2022-08-25T16:00:00,2022-08-25T09:30:00,212.52655409884338,212.68698779151364,210.37822465407697,210.5371565749225,92318026.8684096,2022-08-25T16:00:00
2022-08-26T16:00:00,2022-08-26T09:30:00,211.0097968543594,212.69077597726928,209.65162356645124,211.3305382242632,58938828.292617306,2022-08-26T16:00:00
2022-08-29T16:00:00,2022-08-29T09:30:00,211.32176865815,215.3730015390583,210.16665013513156,214.20213845490684,92617805.68349646,2022-08-29T16:00:00
2022-08-30T16:00:00,2022-08-30T09:30:00,214.63236269583913,214.63651489087113,214.344141424597,214.34828812403177,72390307.28342412,2022-08-30T16:00:00
2022-08-31T16:00:00,2022-08-31T09:30:00,214.33071126004074,216.94810058289238,213.28346095685248,215.89321566122945,72230546.25615284,2022-08-31T16:00:00
2022-09-01T16:00:00,2022-09-01T09:30:00,216.05796403451657,217.11372463336818,214.3124940300948,215.36486783567906,67830011.74105395,2022-09-01T16:00:00
2022-09-02T16:00:00,2022-09-02T09:30:00,215.31022982904022,217.10841363861627,211.52229762524033,213.30372391029107,92276443.75093912,2022-09-02T16:00:00
2022-09-06T16:00:00,2022-09-06T09:30:00,213.42437536398495,213.4294474476237,212.6123457286092,212.6173986342442,67900594.5996937,2022-09-06T16:00:00
2022-09-07T16:00:00,2022-09-07T09:30:00,212.26770372748686,213.28833878293997,210.70621547889783,211.7242374153513,72265923.36403792,2022-09-07T16:00:00
2022-09-08T16:00:00,2022-09-08T09:30:00,211.66665148963375,211.911166080511,207.73493581328557,207.9751860708337,72933612.3126427,2022-09-08T16:00:00
2022-09-09T16:00:00,2022-09-09T09:30:00,207.82958392719277,209.467252022656,205.71996642258316,207.35388608549067,67348842.83858296,2022-09-09T16:00:00
2022-09-12T16:00:00,2022-09-12T09:30:00,206.932984208937,207.32852434855238,206.86987372476946,207.26531251079874,85997479.83896184,2022-09-12T16:00:00
2022-09-13T16:00:00,2022-09-13T09:30:00,207.04138896459108,208.32604382391182,205.2584997469845,206.54004384936096,65302658.11395401,2022-09-13T16:00:00
2022-09-14T16:00:00,2022-09-14T09:30:00,206.7176974123662,207.56577641530066,205.10855814481937,205.95350196328434,63642207.54581861,2022-09-14T16:00:00
2022-09-15T16:00:00,2022-09-15T09:30:00,206.59421581197591,207.422655577668,204.6813373971917,205.50541107189616,61888595.607320055,2022-09-15T16:00:00
2022-09-16T16:00:00,2022-09-16T09:30:00,205.68008244619102,206.05207597874536,204.8675118623022,205.2387071222967,54703532.513885975,2022-09-16T16:00:00
2022-09-19T16:00:00,2022-09-19T09:30:00,204.91661618214206,206.3885730674751,204.5030935360572,205.9729187979967,74700017.08392048,2022-09-19T16:00:00
2022-09-20T16:00:00,2022-09-20T09:30:00,205.75838031458179,206.71612406630922,203.41358974409218,204.36484701488715,80171985.02653472,2022-09-20T16:00:00
2022-09-21T16:00:00,2022-09-21T09:30:00,204.20513017369603,204.24237910738617,201.24520252778117,201.28191824015911,92270089.50393698,2022-09-21T16:00:00
2022-09-22T16:00:00,2022-09-22T09:30:00,201.1388858220447,204.66136406341658,200.35377142322042,203.86560633460059,88733900.29639608,2022-09-22T16:00:00
2022-09-23T16:00:00,2022-09-23T09:30:00,203.9151581839765,204.57548004227087,203.81641236360292,204.47646241058698,84628882.518597,2022-09-23T16:00:00
2022-09-26T16:00:00,2022-09-26T09:30:00,204.63299884599093,204.89276643960665,204.3500030334921,204.6097411029941,79662424.62259704,2022-09-26T16:00:00
2022-09-27T16:00:00,2022-09-27T09:30:00,205.032152050499,206.23854569353185,204.18534140684122,205.39025603177933,77198869.54290156,2022-09-27T16:00:00
2022-09-28T16:00:00,2022-09-28T09:30:00,204.92645865761065,204.94963728357396,203.743669288587,203.7667167395702,67391462.53949715,2022-09-28T16:00:00
2022-09-29T16:00:00,2022-09-29T09:30:00,204.38046116115888,204.47199534768802,203.05258286116194,203.1435630883827,78857743.32990825,2022-09-29T16:00:00
2022-09-30T16:00:00,2022-09-30T09:30:00,202.82579061365988,203.0897690827078,199.72905061124482,199.98933742664465,84904906.07192457,2022-09-30T16:00:00
2022-10-03T16:00:00,2022-10-03T09:30:00,199.81025736165125,203.2046159042804,199.3058244686248,202.69290559413486,72615613.71564737,2022-10-03T16:00:00
2022-10-04T16:00:00,2022-10-04T09:30:00,203.03027698447548,205.7303932907658,202.490438386463,205.18482594771618,79386889.18724924,2022-10-04T16:00:00
2022-10-05T16:00:00,2022-10-05T09:30:00,205.4365324845363,206.1962404145309,203.55343500804153,204.30897320387692,81428835.11118025,2022-10-05T16:00:00
2022-10-06T16:00:00,2022-10-06T09:30:00,204.09559751718893,206.72568051776642,203.06071207857335,205.68274729071487,89514852.49021472,2022-10-06T16:00:00
2022-10-07T16:00:00,2022-10-07T09:30:00,205.07161234421758,206.87127633284157,202.30075680297898,204.09182236728802,63323711.95178211,2022-10-07T16:00:00
2022-10-10T16:00:00,2022-10-10T09:30:00,204.3504411769296,204.58363470547144,203.78240459235536,204.01521557981044,68683457.59933381,2022-10-10T16:00:00
2022-10-11T16:00:00,2022-10-11T09:30:00,203.60407147724837,204.7586938096462,203.40885589842185,204.56255923278275,86502099.19676305,2022-10-11T16:00:00
2022-10-12T16:00:00,2022-10-12T09:30:00,204.51699524264825,204.57420735439794,204.37607383365167,204.4332625217941,60607768.4861129,2022-10-12T16:00:00
2022-10-13T16:00:00,2022-10-13T09:30:00,204.018577731232,205.22527387022842,203.65144856831742,204.85663662964134,60737803.152098455,2022-10-13T16:00:00
2022-10-14T16:00:00,2022-10-14T09:30:00,204.89002759389095,205.11125115610471,202.88033457711254,203.09962500845413,71676082.88262542,2022-10-14T16:00:00
2022-10-17T16:00:00,2022-10-17T09:30:00,202.54902040131725,204.08697103603606,198.037829825284,199.5530319802289,62442402.3834304,2022-10-17T16:00:00
2022-10-18T16:00:00,2022-10-18T09:30:00,199.64422978536737,200.51920915558412,196.9451968932345,197.81214680618604,74669401.9665054,2022-10-18T16:00:00
2022-10-19T16:00:00,2022-10-19T09:30:00,198.0512581101433,198.4248317767996,197.45791315674455,197.83107149697875,59032561.23172675,2022-10-19T16:00:00
2022-10-20T16:00:00,2022-10-20T09:30:00,197.4501835710339,197.65720745476975,196.2422342151848,196.44820754041763,70668322.96055835,2022-10-20T16:00:00
2022-10-21T16:00:00,2022-10-21T09:30:00,196.40057734316204,198.28235928332336,195.77184651629952,197.64962990482465,63777678.585295856,2022-10-21T16:00:00
2022-10-24T16:00:00,2022-10-24T09:30:00,197.90752843800638,199.64481446452066,197.83459153506553,199.57126440780084,87107967.14988069,2022-10-24T16:00:00
2022-10-25T16:00:00,2022-10-25T09:30:00,200.2771626046404,200.5257336800296,198.15021287983382,198.39644973591314,82056586.84698653,2022-10-25T16:00:00
2022-10-26T16:00:00,2022-10-26T09:30:00,198.28847789529226,199.65229261552668,197.69294353074085,199.0544577274278,70006096.88504899,2022-10-26T16:00:00
2022-10-27T16:00:00,2022-10-27T09:30:00,198.77236141951337,200.40394161640313,197.3574327657152,198.98748166420884,63581783.036590375,2022-10-27T16:00:00
2022-10-28T16:00:00,2022-10-28T09:30:00,198.92775827372537,199.5556878460752,197.262738544762,197.88738410228035,87494366.99806993,2022-10-28T16:00:00
2022-10-31T16:00:00,2022-10-31T09:30:00,197.73504126506566,203.7981627391265,197.16290974989394,203.21018929367597,95929613.06159286,2022-10-31T16:00:00
2022-11-01T16:00:00,2022-11-01T09:30:00,203.45995677896835,203.82520654341374,202.03496011472822,202.39830400820722,79866883.35277589,2022-11-01T16:00:00
2022-11-02T16:00:00,2022-11-02T09:30:00,202.21904291391093,203.21668483708237,202.05297319605705,203.04993276191615,82666432.41014571,2022-11-02T16:00:00
2022-11-03T16:00:00,2022-11-03T09:30:00,203.02753387707813,204.51341587532136,202.17304936246302,203.65628512747494,79093029.08799592,2022-11-03T16:00:00
2022-11-04T16:00:00,2022-11-04T09:30:00,203.87932969711315,204.84631351993912,201.91412237944505,202.87634914341928,71374428.51848239,2022-11-04T16:00:00
2022-11-07T16:00:00,2022-11-07T09:30:00,202.72820411940936,203.7536460146388,200.6823772927432,201.70263162660058,61971654.30232009,2022-11-07T16:00:00
2022-11-08T16:00:00,2022-11-08T09:30:00,201.4911975006785,203.7071172863821,200.4392006345137,202.64907507632094,72995198.93907252,2022-11-08T16:00:00
2022-11-09T16:00:00,2022-11-09T09:30:00,202.63004308201494,203.22282081320958,200.22171439581876,200.809165296965,78006742.7103283,2022-11-09T16:00:00
2022-11-10T16:00:00,2022-11-10T09:30:00,200.38364515043605,200.43989116914014,198.99249150877623,199.04836272483496,80416860.87473105,2022-11-10T16:00:00
2022-11-11T16:00:00,2022-11-11T09:30:00,199.0331799954149,199.30528651821757,197.23767668232375,197.5076976548916,69823647.86632569,2022-11-11T16:00:00
2022-11-14T16:00:00,2022-11-14T09:30:00,197.43696964167142,200.57942153661475,197.1489202423376,200.28721379187627,89946764.25991653,2022-11-14T16:00:00
2022-11-15T16:00:00,2022-11-15T09:30:00,200.23031956039978,203.07344331134382,199.56269996134282,202.39859412488693,90899306.03245112,2022-11-15T16:00:00
2022-11-16T16:00:00,2022-11-16T09:30:00,202.8037189223653,206.9900579430296,201.69874650540095,205.86838773314,92811862.62109928,2022-11-16T16:00:00
2022-11-17T16:00:00,2022-11-17T09:30:00,205.5213602896294,206.84500776227736,205.28595675603918,206.60835918349932,57957673.64559451,2022-11-17T16:00:00
2022-11-18T16:00:00,2022-11-18T09:30:00,206.063481074524,207.98307080222312,205.1682949194074,207.08345365657252,60568938.39933511,2022-11-18T16:00:00
2022-11-21T16:00:00,2022-11-21T09:30:00,206.68692395655466,208.68333270662978,206.27005949416514,208.26328889206457,87662586.95407932,2022-11-21T16:00:00
2022-11-22T16:00:00,2022-11-22T09:30:00,208.17635035477662,208.17709672026055,204.1266913581208,204.12742320716487,85590066.79977621,2022-11-22T16:00:00
2022-11-23T16:00:00,2022-11-23T09:30:00,204.20799255294799,207.6119617195753,203.67947643912598,207.07602278076303,83954352.62476464,2022-11-23T16:00:00
2022-11-25T13:00:00,2022-11-25T09:30:00,206.74677498783524,206.9974266272717,206.5515903135723,206.80218963736647,58258593.66385793,2022-11-25T13:00:00
2022-11-28T16:00:00,2022-11-28T09:30:00,206.82375973727443,206.99946279370988,204.3491078896338,204.52285625878264,79740502.0022007,2022-11-28T16:00:00
2022-11-29T16:00:00,2022-11-29T09:30:00,204.7158399267277,206.1316386303666,204.04508014094094,205.4584456666333,63252090.01216527,2022-11-29T16:00:00
2022-11-30T16:00:00,2022-11-30T09:30:00,205.7336864512466,206.37875931914425,204.95342858568742,205.59807625116832,82115437.93851331,2022-11-30T16:00:00
2022-12-01T16:00:00,2022-12-01T09:30:00,205.573481631519,205.86587722520426,203.84671545956985,204.13706798321448,84847264.80312775,2022-12-01T16:00:00
2022-12-02T16:00:00,2022-12-02T09:30:00,204.07627343584744,205.76452449472913,198.78219406178263,200.4403665448684,92326125.22232799,2022-12-02T16:00:00
2022-12-05T16:00:00,2022-12-05T09:30:00,200.10995182245097,201.72383040162853,199.8198944721419,201.43185696319398,63543509.99584106,2022-12-05T16:00:00
2022-12-06T16:00:00,2022-12-06T09:30:00,201.05386290123243,201.48494036672477,198.82726124569658,199.25448067474807,73330237.04911909,2022-12-06T16:00:00
2022-12-07T16:00:00,2022-12-07T09:30:00,199.32273068927645,200.11496386819633,197.00359721658376,197.78973732119616,73748198.16395292,2022-12-07T16:00:00
2022-12-08T16:00:00,2022-12-08T09:30:00,197.7555523509613,199.37402513173723,195.68115785974928,197.2958684917254,70356564.45190819,2022-12-08T16:00:00
2022-12-09T16:00:00,2022-12-09T09:30:00,197.308098901779,197.95619095179515,193.8618842007998,194.5007550518844,68661787.34451918,2022-12-09T16:00:00
2022-12-12T16:00:00,2022-12-12T09:30:00,194.7359337529798,195.33361505524152,190.82052291856712,191.40799013430905,82954073.26280688,2022-12-12T16:00:00
2022-12-13T16:00:00,2022-12-13T09:30:00,191.72703341573856,192.3498357456271,191.00854751644383,191.63103801676365,70907939.13647605,2022-12-13T16:00:00
2022-12-14T16:00:00,2022-12-14T09:30:00,191.55481992067962,191.8846988463585,189.720098161479,190.0473811081258,79380558.33130907,2022-12-14T16:00:00
2022-12-15T16:00:00,2022-12-15T09:30:00,190.44006418387582,190.47524703559372,189.36391032734082,189.39890082932348,82198855.43008536,2022-12-15T16:00:00
2022-12-16T16:00:00,2022-12-16T09:30:00,189.38278471864146,189.6430257277275,186.29556437567,186.5519153357958,86527645.60554585,2022-12-16T16:00:00
2022-12-19T16:00:00,2022-12-19T09:30:00,186.5069178500512,187.01338998196258,184.1497090098581,184.6511416561778,82279817.12385033,2022-12-19T16:00:00
2022-12-20T16:00:00,2022-12-20T09:30:00,184.32242368123994,185.67489293560556,183.957029223576,185.3075456059891,67497513.7920737,2022-12-20T16:00:00
2022-12-21T16:00:00,2022-12-21T09:30:00,185.21619981114497,185.93332119452108,181.69701080326382,182.40324095277404,75608088.13292074,2022-12-21T16:00:00
2022-12-22T16:00:00,2022-12-22T09:30:00,182.781586837048,183.4105433467294,175.3096206648522,175.91494888288986,94037528.9844036,2022-12-22T16:00:00
2022-12-23T16:00:00,2022-12-23T09:30:00,175.94471912002646,178.60576183434083,175.06924516146267,177.721447149389,59995827.69137707,2022-12-23T16:00:00
2022-12-27T16:00:00,2022-12-27T09:30:00,177.2294397575651,177.9092532596939,176.25876084204012,176.9374543517933,75727290.65706109,2022-12-27T16:00:00
2022-12-28T16:00:00,2022-12-28T09:30:00,177.00721238262432,177.1896600367308,174.67568284997844,174.85591308308156,63812916.181399144,2022-12-28T16:00:00
2022-12-29T16:00:00,2022-12-29T09:30:00,174.64511072741763,175.3988705363433,172.48886773785867,173.23654825963942,57248811.40558022,2022-12-29T16:00:00
2022-12-30T16:00:00,2022-12-30T09:30:00,173.52827782635688,173.937277190897,173.22421384739147,173.6330296611001,63932573.461232826,2022-12-30T16:00:00
2023-01-03T16:00:00,2023-01-03T09:30:00,173.77739314816478,174.42141063372495,173.19553058220188,173.83934064762335,87306286.51762676,2023-01-03T16:00:00
2023-01-04T16:00:00,2023-01-04T09:30:00,173.97479966088756,175.06851854164438,170.12965381544237,171.2059660048092,77203215.63699575,2023-01-04T16:00:00
2023-01-05T16:00:00,2023-01-05T09:30:00,171.62325864138788,171.7786008510071,168.51293178245513,168.66559690907033,83965629.25168666,2023-01-05T16:00:00
2023-01-06T16:00:00,2023-01-06T09:30:00,168.4943820389317,169.2990419058843,165.54604965754672,166.3404231025415,66175027.632580236,2023-01-06T16:00:00
2023-01-09T16:00:00,2023-01-09T09:30:00,166.30881658013902,166.52994523107031,165.92499641323224,166.1459084571658,58802037.94509436,2023-01-09T16:00:00
2023-01-10T16:00:00,2023-01-10T09:30:00,165.8596200200324,166.19590296220412,164.7595337685277,165.09426494145262,80660637.71910475,2023-01-10T16:00:00
2023-01-11T16:00:00,2023-01-11T09:30:00,165.1522392579975,165.27054680201715,164.48896584821748,164.60688272364868,61940977.84758042,2023-01-11T16:00:00
2023-01-12T16:00:00,2023-01-12T09:30:00,164.69511390124123,164.9574249782016,163.16430901386468,163.4245965287875,80258952.2416704,2023-01-12T16:00:00
2023-01-13T16:00:00,2023-01-13T09:30:00,163.42125492551628,164.04480872757085,163.36148108949766,163.98482875576084,65618416.17628704,2023-01-13T16:00:00
2023-01-17T16:00:00,2023-01-17T09:30:00,164.1954522859499,164.21378342022962,163.79115373630083,163.80944177553496,74417674.4688007,2023-01-17T16:00:00
2023-01-18T16:00:00,2023-01-18T09:30:00,163.29752904883733,163.94771348173026,159.31828305092964,159.9551595259778,66897867.38416541,2023-01-18T16:00:00
2023-01-19T16:00:00,2023-01-19T09:30:00,159.8566441986956,160.4797084594633,158.36017086517165,158.97981756804435,71317434.26564582,2023-01-19T16:00:00
2023-01-20T16:00:00,2023-01-20T09:30:00,159.49908297652334,159.85357527175407,156.62349111048078,156.9723676925444,87738107.24655707,2023-01-20T16:00:00
2023-01-23T16:00:00,2023-01-23T09:30:00,156.92364224860256,157.04234181213442,156.742977151083,156.8616298074083,81762924.17378272,2023-01-23T16:00:00
2023-01-24T16:00:00,2023-01-24T09:30:00,157.0307093487476,158.7952981298655,155.83782468821056,157.59810325832564,79146719.7830659,2023-01-24T16:00:00
2023-01-25T16:00:00,2023-01-25T09:30:00,157.64272178486112,158.11364579808216,155.8951682907586,156.36226721902764,65747638.75694917,2023-01-25T16:00:00
2023-01-26T16:00:00,2023-01-26T09:30:00,156.7258055616402,157.2555554012413,155.90676222900478,156.43553090950542,63925921.509820946,2023-01-26T16:00:00
2023-01-27T16:00:00,2023-01-27T09:30:00,156.47395693289832,156.97571926407278,153.72076474096698,154.21528422543858,68649559.12780967,2023-01-27T16:00:00
2023-01-30T16:00:00,2023-01-30T09:30:00,154.46005656651514,154.5532374159952,154.21793530367998,154.31102624789912,71954438.50076976,2023-01-30T16:00:00
2023-01-31T16:00:00,2023-01-31T09:30:00,154.14112663925974,155.1075238151946,153.06933947715802,154.03507173541777,82372743.49295834,2023-01-31T16:00:00
2023-02-01T16:00:00,2023-02-01T09:30:00,154.63353620503167,155.08702486164168,153.6760878162949,154.1280941797967,87056195.97483383,2023-02-01T16:00:00
2023-02-02T16:00:00,2023-02-02T09:30:00,154.12586395771177,154.5076338412393,152.64265462991446,153.0216894723929,57115113.74489191,2023-02-02T16:00:00
2023-02-03T16:00:00,2023-02-03T09:30:00,152.82270744283497,153.6656596925588,150.85527209248818,151.69198742231276,79225908.77375488,2023-02-03T16:00:00
2023-02-06T16:00:00,2023-02-06T09:30:00,151.7527238467548,153.53905353850058,151.62570616409488,153.41064816605345,88940050.42562583,2023-02-06T16:00:00
2023-02-07T16:00:00,2023-02-07T09:30:00,153.48075642959532,153.5408133545328,151.03226922427672,151.09139119207654,74264826.2023909,2023-02-07T16:00:00
2023-02-08T16:00:00,2023-02-08T09:30:00,151.10592235132847,152.6706528914658,150.95606432595824,152.5193930684209,71457819.99167867,2023-02-08T16:00:00
2023-02-09T16:00:00,2023-02-09T09:30:00,152.2764302034709,152.54659626043264,150.12833382200904,150.39516216763457,70526178.05119923,2023-02-09T16:00:00
2023-02-10T16:00:00,2023-02-10T09:30:00,150.21080415052234,151.13649652025413,147.6113624992288,148.52667622556942,92457441.1683577,2023-02-10T16:00:00
2023-02-13T16:00:00,2023-02-13T09:30:00,148.4663118884229,150.01469153925498,146.62861696741612,148.17394750184565,66233847.26597411,2023-02-13T16:00:00
2023-02-14T16:00:00,2023-02-14T09:30:00,148.17611379627292,149.1075089113637,147.1348398857294,148.06553996350914,81507858.99732085,2023-02-14T16:00:00
2023-02-15T16:00:00,2023-02-15T09:30:00,148.0825808551957,148.51075716951038,147.11175519103057,147.53835790109483,80866545.92286621,2023-02-15T16:00:00
2023-02-16T16:00:00,2023-02-16T09:30:00,147.44117222264248,147.82484582390063,147.32560632510072,147.70906994538603,88445092.34504175,2023-02-16T16:00:00
2023-02-17T16:00:00,2023-02-17T09:30:00,147.773486421399,148.2317631743746,146.64907713140258,147.10528164040008,70757291.40106498,2023-02-17T16:00:00
2023-02-21T16:00:00,2023-02-21T09:30:00,147.19152888430622,148.56464256765364,146.64753619271934,148.01759688139663,65579991.01769144,2023-02-21T16:00:00
2023-02-22T16:00:00,2023-02-22T09:30:00,147.90152402833647,149.86955037137133,147.4284689050952,149.3917289074357,66447454.085450254,2023-02-22T16:00:00
2023-02-23T16:00:00,2023-02-23T09:30:00,149.46905125133395,150.06833749363628,146.4757290950551,147.0653779688378,74314811.4604912,2023-02-23T16:00:00
2023-02-24T16:00:00,2023-02-24T09:30:00,147.15667299468032,148.56713451318154,147.013313680271,148.42254199535458,68575983.96198536,2023-02-24T16:00:00
2023-02-27T16:00:00,2023-02-27T09:30:00,148.137578966714,148.41113799742945,145.34710446006025,145.61600701681883,72209959.2462252,2023-02-27T16:00:00
2023-02-28T16:00:00,2023-02-28T09:30:00,145.54188555374327,146.38232455696632,143.9082792505151,144.74411146679236,77736968.08809906,2023-02-28T16:00:00
2023-03-01T16:00:00,2023-03-01T09:30:00,144.8571627874613,145.12378358918923,143.01987278858394,143.28359732147683,59252780.21311409,2023-03-01T16:00:00
2023-03-02T16:00:00,2023-03-02T09:30:00,143.14124322229804,145.2358911349871,142.78292246668644,144.87323474209785,67967766.33995818,2023-03-02T16:00:00
2023-03-03T16:00:00,2023-03-03T09:30:00,144.80251405466544,144.92947789143707,143.07783056673838,143.20339228258018,76386894.10514581,2023-03-03T16:00:00
2023-03-06T16:00:00,2023-03-06T09:30:00,143.5400928413208,144.08158405302277,135.23460191984853,135.74669328034506,102967755.69465064,2023-03-06T16:00:00
2023-03-07T16:00:00,2023-03-07T09:30:00,135.742702676109,136.58894620963403,134.54249053346715,135.38651352207617,65587596.46412417,2023-03-07T16:00:00
2023-03-08T16:00:00,2023-03-08T09:30:00,135.6062443520308,136.9174435128717,133.63050488302005,134.93521575761645,83239361.31531568,2023-03-08T16:00:00
2023-03-09T16:00:00,2023-03-09T09:30:00,134.60105840651994,135.49591734134947,131.7696428969958,132.6515409896167,73886776.76164976,2023-03-09T16:00:00
2023-03-10T16:00:00,2023-03-10T09:30:00,132.91342278165993,134.18158072923296,129.13714192487024,130.38113876034538,91449525.24481176,2023-03-10T16:00:00
2023-03-13T16:00:00,2023-03-13T09:30:00,129.9266927867786,134.459025979181,128.47729130561066,132.97561217778463,81759270.51294476,2023-03-13T16:00:00
2023-03-14T16:00:00,2023-03-14T09:30:00,132.67848322935708,133.8137641823191,132.65310814022814,133.78817686152954,83341953.03159201,2023-03-14T16:00:00
2023-03-15T16:00:00,2023-03-15T09:30:00,133.89881937681676,134.28259446678132,132.64186011938867,133.02312533240107,76283579.11537573,2023-03-15T16:00:00
2023-03-16T16:00:00,2023-03-16T09:30:00,133.12592511889733,135.07291356072304,132.67063477464518,134.61253900056516,65868294.709925234,2023-03-16T16:00:00
2023-03-17T16:00:00,2023-03-17T09:30:00,135.41551916299136,135.5951380788494,131.77435632089345,131.94937765011886,92249807.11689584,2023-03-17T16:00:00
2023-03-20T16:00:00,2023-03-20T09:30:00,132.00081252140663,133.433628539602,129.60189594995606,131.02411025574898,60115005.48129122,2023-03-20T16:00:00
2023-03-21T16:00:00,2023-03-21T09:30:00,131.54083403785512,132.61258774532538,128.53099328951515,129.58682635152525,61821100.03457954,2023-03-21T16:00:00
2023-03-22T16:00:00,2023-03-22T09:30:00,129.63867370307867,129.94019520796172,128.68936693433747,128.98937826844377,61709767.66726417,2023-03-22T16:00:00
2023-03-23T16:00:00,2023-03-23T09:30:00,128.75625236039585,130.20588197996852,128.71155909077254,130.16070120461467,87041998.14717205,2023-03-23T16:00:00
2023-03-24T16:00:00,2023-03-24T09:30:00,130.55846755849416,130.8295214838279,126.99536433937307,127.25956938453804,100303360.12010208,2023-03-24T16:00:00
2023-03-27T16:00:00,2023-03-27T09:30:00,127.02022566060438,127.06021965670061,126.6278969220606,126.66777994596747,80550352.82860358,2023-03-27T16:00:00
2023-03-28T16:00:00,2023-03-28T09:30:00,126.28103606908222,133.30949890583784,125.25516469763674,132.23525712886962,97096579.18154487,2023-03-28T16:00:00
2023-03-29T16:00:00,2023-03-29T09:30:00,132.34522949332725,133.73230171004056,131.22875124443442,132.6135597985252,66702647.40107053,2023-03-29T16:00:00
2023-03-30T16:00:00,2023-03-30T09:30:00,132.9584424781528,133.32830696186068,130.5438569405311,130.90801754153378,89746791.03240673,2023-03-30T16:00:00
2023-03-31T16:00:00,2023-03-31T09:30:00,130.29896909075438,131.90396695491287,129.42961535759363,131.02973754020192,80572136.18041565,2023-03-31T16:00:00
2023-04-03T16:00:00,2023-04-03T09:30:00,130.65629718429759,131.8128094799097,127.09372686783223,128.22875159350386,83988204.98749076,2023-04-03T16:00:00
2023-04-04T16:00:00,2023-04-04T09:30:00,128.20945622430267,128.91135450537118,128.15257072487537,128.85418294590875,70009735.73289733,2023-04-04T16:00:00
2023-04-05T16:00:00,2023-04-05T09:30:00,129.08702093266857,131.48511248104367,129.02584768469868,131.4228323118072,63203398.80285387,2023-04-05T16:00:00
2023-04-06T16:00:00,2023-04-06T09:30:00,132.13641352958905,132.39723310273007,128.67952645060657,128.934024937809,72717258.80402686,2023-04-06T16:00:00
2023-04-10T16:00:00,2023-04-10T09:30:00,129.19139863616036,130.44016104037118,123.752455615561,124.96032047244358,91605052.86613268,2023-04-10T16:00:00
2023-04-11T16:00:00,2023-04-11T09:30:00,124.78401416878908,124.79993522997589,123.72513242629323,123.74092040024267,59303640.30765969,2023-04-11T16:00:00
2023-04-12T16:00:00,2023-04-12T09:30:00,124.4156760666404,128.4200434729525,122.99437084825249,126.96956304923442,67538126.48039281,2023-04-12T16:00:00
2023-04-13T16:00:00,2023-04-13T09:30:00,126.89550698064889,127.07114188619678,123.30006880716915,123.47096383400567,73318488.52461249,2023-04-13T16:00:00
2023-04-14T16:00:00,2023-04-14T09:30:00,123.43404483122677,124.30271558491596,120.82729800230837,121.68365030255505,64292226.120259784,2023-04-14T16:00:00
2023-04-17T16:00:00,2023-04-17T09:30:00,121.60628911795322,124.4863298621317,120.69130741425194,123.5566732121401,91823909.77325407,2023-04-17T16:00:00
2023-04-18T16:00:00,2023-04-18T09:30:00,123.2588541141236,123.31385081161955,117.92174317808258,117.9743820042829,82051265.11832945,2023-04-18T16:00:00
2023-04-19T16:00:00,2023-04-19T09:30:00,117.971182604217,118.11275736285079,116.38719825180418,116.5270399248933,71686942.93654543,2023-04-19T16:00:00
2023-04-20T16:00:00,2023-04-20T09:30:00,116.74587410192167,120.46948958240347,116.71321043593173,120.43579353478282,101545777.66204616,2023-04-20T16:00:00
2023-04-21T16:00:00,2023-04-21T09:30:00,120.69958461015973,123.68579562419198,119.91824812931014,122.89027791312947,67255376.95227891,2023-04-21T16:00:00
2023-04-24T16:00:00,2023-04-24T09:30:00,123.0937511263661,124.95406801840085,122.42707630977557,124.28096326990229,70274134.57239828,2023-04-24T16:00:00
2023-04-25T16:00:00,2023-04-25T09:30:00,124.09029038513403,126.31318255891976,123.22270765964092,125.43618991762251,75140874.40867895,2023-04-25T16:00:00
2023-04-26T16:00:00,2023-04-26T09:30:00,125.70811816450998,126.32080342638639,123.32494011410868,123.92895395759182,84452862.53722568,2023-04-26T16:00:00
2023-04-27T16:00:00,2023-04-27T09:30:00,123.91341757099768,125.2668858341616,120.97877191260264,122.31477873395816,88720143.05142203,2023-04-27T16:00:00
2023-04-28T16:00:00,2023-04-28T09:30:00,122.25781820607324,125.1421036938112,121.08759967896248,123.95563413519153,81670484.87338579,2023-04-28T16:00:00
2023-05-01T16:00:00,2023-05-01T09:30:00,123.64946346888215,124.36136457138932,119.30292685620559,119.99378068091501,91483930.41367537,2023-05-01T16:00:00
2023-05-02T16:00:00,2023-05-02T09:30:00,120.17752144179678,124.66190446902826,119.78571057657238,124.25679408385874,79441240.10424724,2023-05-02T16:00:00
2023-05-03T16:00:00,2023-05-03T09:30:00,123.81484716046067,124.55787599810623,123.11858918950796,123.86135648752051,75730625.08565517,2023-05-03T16:00:00
2023-05-04T16:00:00,2023-05-04T09:30:00,124.09747706961318,126.17559405174995,120.86016763645888,122.91854236198738,77106864.94849412,2023-05-04T16:00:00
2023-05-05T16:00:00,2023-05-05T09:30:00,122.67283855082124,125.90783411865492,121.69768766496067,124.91486094911976,70451483.37794049,2023-05-05T16:00:00
2023-05-08T16:00:00,2023-05-08T09:30:00,125.03358158871926,128.23217726515898,123.50755924579764,126.68598747387446,91926007.92883219,2023-05-08T16:00:00
2023-05-09T16:00:00,2023-05-09T09:30:00,126.38063715540082,128.80695472562533,125.90345465881003,128.3224404528525,79425126.48605064,2023-05-09T16:00:00
2023-05-10T16:00:00,2023-05-10T09:30:00,128.58534071586132,129.8674271352866,126.89778646417332,128.17578936818393,75686134.84076919,2023-05-10T16:00:00
2023-05-11T16:00:00,2023-05-11T09:30:00,128.21612375775175,129.30932027880348,126.7044939712302,127.79409216584276,68215460.4628526,2023-05-11T16:00:00
2023-05-12T16:00:00,2023-05-12T09:30:00,127.77287013268862,129.42432971788082,127.123641604936,128.77003448431452,65688621.26455181,2023-05-12T16:00:00
2023-05-15T16:00:00,2023-05-15T09:30:00,128.96186244813842,131.0007276259806,126.68387579215117,128.7188997712701,80712165.8207331,2023-05-15T16:00:00
2023-05-16T16:00:00,2023-05-16T09:30:00,128.99694310086923,129.43480334658946,127.472307692877,127.90646648375618,78855884.87043013,2023-05-16T16:00:00
2023-05-17T16:00:00,2023-05-17T09:30:00,127.72221019034382,127.73925642772241,125.92428209038903,125.94109061353564,75666054.16034217,2023-05-17T16:00:00
2023-05-18T16:00:00,2023-05-18T09:30:00,125.52835235514621,127.67855313719785,125.04694652393766,127.19077186624567,75053184.7805487,2023-05-18T16:00:00
2023-05-19T16:00:00,2023-05-19T09:30:00,127.62096426146955,130.94737008255035,127.0786469167687,130.39327198870666,99450327.70428489,2023-05-19T16:00:00
2023-05-22T16:00:00,2023-05-22T09:30:00,130.12686630467763,130.26504110898424,129.8642816873842,130.0023242470981,65518866.92423956,2023-05-22T16:00:00
2023-05-23T16:00:00,2023-05-23T09:30:00,129.7398626793084,131.62424328402554,121.5476666020407,123.33908032773364,82282842.8645442,2023-05-23T16:00:00
2023-05-24T16:00:00,2023-05-24T09:30:00,122.9242060078822,123.38081206004824,122.02051023540818,122.47544936610088,79460130.52959976,2023-05-24T16:00:00
2023-05-25T16:00:00,2023-05-25T09:30:00,122.22904503810466,123.49957398004031,120.57394485096131,121.84043431793447,61726825.90990262,2023-05-25T16:00:00
2023-05-26T16:00:00,2023-05-26T09:30:00,122.11725890195342,123.35622570528655,118.52700110991367,119.7418678748577,64993890.69267182,2023-05-26T16:00:00
2023-05-30T16:00:00,2023-05-30T09:30:00,119.81320674691518,123.40217647339601,118.32496757258185,121.88816357906552,88586948.16623053,2023-05-30T16:00:00
2023-05-31T16:00:00,2023-05-31T09:30:00,121.2029108372097,121.96556286838118,119.41017375967733,120.16630308439937,60460580.84553772,2023-05-31T16:00:00
2023-06-01T16:00:00,2023-06-01T09:30:00,120.23714046574429,122.58954073643037,118.34621738856916,120.69147255394948,59244139.30906724,2023-06-01T16:00:00
2023-06-02T16:00:00,2023-06-02T09:30:00,120.89656068233738,124.9822614835155,120.55595306605807,124.63113228148526,80118150.03681871,2023-06-02T16:00:00
2023-06-05T16:00:00,2023-06-05T09:30:00,124.21949414790672,127.70973817811445,123.8156910620296,127.29593443902593,76052499.453079,2023-06-05T16:00:00
2023-06-06T16:00:00,2023-06-06T09:30:00,126.7736358332015,128.71905563234796,126.70188166633456,128.64624156636737,62259770.70194366,2023-06-06T16:00:00
2023-06-07T16:00:00,2023-06-07T09:30:00,129.00825012859173,130.9893499272255,127.93988243591998,129.9134856259364,64021237.345376074,2023-06-07T16:00:00
2023-06-08T16:00:00,2023-06-08T09:30:00,129.5535090713536,130.66212735111245,128.81484954345152,129.9213704327077,71418194.0104822,2023-06-08T16:00:00
2023-06-09T16:00:00,2023-06-09T09:30:00,129.9466364692147,130.1795831248952,129.47597029326084,129.70849003974374,54792178.891922355,2023-06-09T16:00:00
2023-06-12T16:00:00,2023-06-12T09:30:00,129.51680119919226,132.51565820908786,128.50561486017781,131.4890735982793,64164564.32271479,2023-06-12T16:00:00
2023-06-13T16:00:00,2023-06-13T09:30:00,131.68652739520857,133.6790790670065,126.74296298076305,128.69017680752182,94201633.95081604,2023-06-13T16:00:00
2023-06-14T16:00:00,2023-06-14T09:30:00,129.03533135353044,129.3050867216787,128.3184066122997,128.58722519017664,77628042.34474806,2023-06-14T16:00:00
2023-06-15T16:00:00,2023-06-15T09:30:00,128.31388869346966,129.6582798024993,125.52287976415427,126.85195364997081,75300981.05044638,2023-06-15T16:00:00
2023-06-16T16:00:00,2023-06-16T09:30:00,127.15987403061347,128.17428997826372,124.27658410565552,125.27597124770676,82681774.37885898,2023-06-16T16:00:00
2023-06-20T16:00:00,2023-06-20T09:30:00,125.2353144058689,126.00502386876725,121.1490044844357,121.89820371272941,88686383.48910517,2023-06-20T16:00:00
2023-06-21T16:00:00,2023-06-21T09:30:00,121.85434857761962,123.28231655429865,121.12718215451025,122.55099290276038,80611174.76783416,2023-06-21T16:00:00
2023-06-22T16:00:00,2023-06-22T09:30:00,122.5063969326202,123.01399725917526,120.76143148855182,121.26388351073675,72640071.38275133,2023-06-22T16:00:00
2023-06-23T16:00:00,2023-06-23T09:30:00,121.70294215275837,123.2110202158787,119.02558876912664,120.51899600189189,89610222.91714428,2023-06-23T16:00:00
2023-06-26T16:00:00,2023-06-26T09:30:00,120.36918938443182,121.35066552981081,119.17639472692309,120.15613364094798,61917559.06071558,2023-06-26T16:00:00
2023-06-27T16:00:00,2023-06-27T09:30:00,119.9362285940185,121.04411876417385,119.47080152952293,120.57620818136053,89135094.11650047,2023-06-27T16:00:00
2023-06-28T16:00:00,2023-06-28T09:30:00,120.77840281907376,123.07312215070195,120.56694506718529,122.85802341759266,82211578.5407629,2023-06-28T16:00:00
2023-06-29T16:00:00,2023-06-29T09:30:00,122.83030250449801,123.62208124889897,121.6123054784603,122.40131894378807,69817322.90308931,2023-06-29T16:00:00
2023-06-30T16:00:00,2023-06-30T09:30:00,122.67306034202066,123.6097376883129,120.18791413368714,121.11267708209093,70261561.11070716,2023-06-30T16:00:00
2023-07-03T13:00:00,2023-07-03T09:30:00,121.21999931675883,122.09369016714479,120.7792121486805,121.6513345529493,66667130.33418388,2023-07-03T13:00:00
2023-07-05T16:00:00,2023-07-05T09:30:00,121.40488974222359,122.1729392109105,120.44687468280058,121.21371471189423,61260480.26593583,2023-07-05T16:00:00
2023-07-06T16:00:00,2023-07-06T09:30:00,121.06821677436666,121.62100013249135,118.3735472384763,118.91650613677452,89539138.98709062,2023-07-06T16:00:00
2023-07-07T16:00:00,2023-07-07T09:30:00,118.923912217703,119.44969258223789,117.20866009978839,117.72915827885036,90234871.49240069,2023-07-07T16:00:00
2023-07-10T16:00:00,2023-07-10T09:30:00,117.6240891014942,117.93694056916219,114.1589112343372,114.4633559205191,70323047.14161223,2023-07-10T16:00:00
2023-07-11T16:00:00,2023-07-11T09:30:00,114.12826474168041,114.76682201275169,113.22568861051808,113.86276036218351,68097392.27571188,2023-07-11T16:00:00
2023-07-12T16:00:00,2023-07-12T09:30:00,113.69255556248056,113.76354921187476,113.58688152290412,113.65785350310614,75300952.18425944,2023-07-12T16:00:00
2023-07-13T16:00:00,2023-07-13T09:30:00,113.71855326247258,115.69974493540347,112.3551124569518,114.32898528954546,67407203.2398031,2023-07-13T16:00:00
2023-07-14T16:00:00,2023-07-14T09:30:00,114.03766789813155,114.15585553600168,111.42622934312276,111.54183031683465,94952201.260378,2023-07-14T16:00:00
2023-07-17T16:00:00,2023-07-17T09:30:00,111.38691492438521,111.79963706171435,110.78261529535192,111.19462494025505,53793249.58114517,2023-07-17T16:00:00
2023-07-18T16:00:00,2023-07-18T09:30:00,110.95176506117829,111.84086459720855,108.0850829451157,108.95820732966314,84739071.82141337,2023-07-18T16:00:00
2023-07-19T16:00:00,2023-07-19T09:30:00,108.9816542920532,109.4915323305048,108.66861017839328,109.1779244410861,66752257.13328159,2023-07-19T16:00:00
2023-07-20T16:00:00,2023-07-20T09:30:00,109.05835368608274,109.99329586613761,108.17247885733069,109.10702567755614,85828966.24077737,2023-07-20T16:00:00
2023-07-21T16:00:00,2023-07-21T09:30:00,109.0238037616552,109.23865429541029,107.0445872048637,107.25595388025472,90347169.53721778,2023-07-21T16:00:00
2023-07-24T16:00:00,2023-07-24T09:30:00,107.18026212218018,109.37085341343308,106.26293900468117,108.44272525965162,83131084.81938729,2023-07-24T16:00:00
2023-07-25T16:00:00,2023-07-25T09:30:00,108.58047961398387,113.62089472973327,107.28593016016896,112.28221142323261,91709760.56909482,2023-07-25T16:00:00
2023-07-26T16:00:00,2023-07-26T09:30:00,112.54692661816239,112.669088859601,110.51465745162575,110.63474414552239,96891317.05741858,2023-07-26T16:00:00
2023-07-27T16:00:00,2023-07-27T09:30:00,110.78577976493604,113.14921489282929,109.77705896505738,112.12827051742894,73517351.26835075,2023-07-27T16:00:00
2023-07-28T16:00:00,2023-07-28T09:30:00,112.12536235340843,114.32147307962599,111.37917771651072,113.56570309902266,65624991.70328664,2023-07-28T16:00:00
2023-07-31T16:00:00,2023-07-31T09:30:00,113.5218300108485,117.6332086094559,112.29219473460275,116.3726936120894,96060399.68509856,2023-07-31T16:00:00
2023-08-01T16:00:00,2023-08-01T09:30:00,116.39375688866191,117.10006474645664,114.9237814447584,115.62542687442172,84829363.84562123,2023-08-01T16:00:00
2023-08-02T16:00:00,2023-08-02T09:30:00,116.03264440596891,118.43882041314127,115.65574145675149,118.05534722103839,93166225.62829109,2023-08-02T16:00:00
2023-08-03T16:00:00,2023-08-03T09:30:00,117.58452584960003,119.98883148518101,116.21542963246814,118.60782052956439,87859661.87052013,2023-08-03T16:00:00
2023-08-04T16:00:00,2023-08-04T09:30:00,118.123450394314,118.76373041320521,117.9249971473921,118.56453612041794,67089984.2277972,2023-08-04T16:00:00
2023-08-07T16:00:00,2023-08-07T09:30:00,118.07582617683939,119.67764561734646,116.79087229590935,118.38928058553158,68112944.24568048,2023-08-07T16:00:00
2023-08-08T16:00:00,2023-08-08T09:30:00,118.66660059503144,119.65218337817637,116.2022776859093,117.17547596698236,88257391.94407237,2023-08-08T16:00:00
2023-08-09T16:00:00,2023-08-09T09:30:00,117.56841863701214,119.18554590829994,114.8402385003915,116.4418703522906,91041287.04453115,2023-08-09T16:00:00
2023-08-10T16:00:00,2023-08-10T09:30:00,116.87620359860524,120.739170892794,116.44552080653168,120.29588674441436,98664875.36778845,2023-08-10T16:00:00
2023-08-11T16:00:00,2023-08-11T09:30:00,119.9005847252805,120.74988337166492,116.53708757848058,117.36845021213071,87240940.10083422,2023-08-11T16:00:00
2023-08-14T16:00:00,2023-08-14T09:30:00,117.27225091352989,117.72484934717991,116.65031143270211,117.10225378245633,66471689.86106731,2023-08-14T16:00:00
2023-08-15T16:00:00,2023-08-15T09:30:00,117.15931209728613,118.12036120520493,116.70079178594175,117.6598818400713,72818627.92818359,2023-08-15T16:00:00
2023-08-16T16:00:00,2023-08-16T09:30:00,116.99237609926114,119.2858651717103,115.73452593496526,118.0169987192268,80255540.45423454,2023-08-16T16:00:00
2023-08-17T16:00:00,2023-08-17T09:30:00,117.87864924642098,118.05969514208277,116.459934751353,116.6390768289783,63075481.68976618,2023-08-17T16:00:00
2023-08-18T16:00:00,2023-08-18T09:30:00,117.28331868313894,119.19726800591735,117.213047708461,119.12589304221879,72702668.43285087,2023-08-18T16:00:00
2023-08-21T16:00:00,2023-08-21T09:30:00,119.0070318125502,120.27617325274768,116.85986859313115,118.1195455030752,61779114.16768948,2023-08-21T16:00:00
2023-08-22T16:00:00,2023-08-22T09:30:00,118.21488405027208,119.04401969540139,116.26741730643671,117.08865379694467,68747397.27968174,2023-08-22T16:00:00
2023-08-23T16:00:00,2023-08-23T09:30:00,117.25705054958227,118.50744074293466,113.30115986040825,114.52238852736468,79767008.36556841,2023-08-23T16:00:00
2023-08-24T16:00:00,2023-08-24T09:30:00,114.1257036268766,115.28405308761859,113.42425445753928,114.57981283340219,80322711.10353775,2023-08-24T16:00:00
2023-08-25T16:00:00,2023-08-25T09:30:00,114.54359361760174,117.90789815671681,114.11460328960231,117.46795546631068,94871037.30911945,2023-08-25T16:00:00
2023-08-28T16:00:00,2023-08-28T09:30:00,117.2853485367546,117.43099899125347,115.28631817739783,115.42966415587432,83582153.89212461,2023-08-28T16:00:00
2023-08-29T16:00:00,2023-08-29T09:30:00,115.16496511706484,117.50668463686523,113.92608146179153,116.25606352323962,80450176.00055477,2023-08-29T16:00:00
2023-08-30T16:00:00,2023-08-30T09:30:00,116.45419156045938,118.18917416066573,115.91042155633926,117.63986777223927,80940843.09585379,2023-08-30T16:00:00
2023-08-31T16:00:00,2023-08-31T09:30:00,117.79155654421355,119.06628482871521,116.77925734880814,118.05174953790625,83421217.79667564,2023-08-31T16:00:00
2023-09-01T16:00:00,2023-09-01T09:30:00,118.04560928688534,118.33646153880753,117.20086105115588,117.49034518939607,84921767.21919914,2023-09-01T16:00:00
2023-09-05T16:00:00,2023-09-05T09:30:00,117.18473704242273,118.35824148050116,117.17379291826403,118.3471887925772,83742967.17357081,2023-09-05T16:00:00
2023-09-06T16:00:00,2023-09-06T09:30:00,118.20335015371025,122.22254084998453,116.92484483738772,120.9147090655146,80834814.310965,2023-09-06T16:00:00
2023-09-07T16:00:00,2023-09-07T09:30:00,120.87582055995907,121.22146043754486,118.67870575980217,119.01903623220858,80222392.62472448,2023-09-07T16:00:00
2023-09-08T16:00:00,2023-09-08T09:30:00,118.98495636755162,120.87826413029137,118.85914496482135,120.75058579982202,82494213.92941543,2023-09-08T16:00:00
2023-09-11T16:00:00,2023-09-11T09:30:00,121.02887999819269,121.07395930163983,120.03198974528,120.07671439815105,90485023.93024023,2023-09-11T16:00:00
2023-09-12T16:00:00,2023-09-12T09:30:00,120.0172840289072,120.5327912734498,119.99101429433662,120.50641447657453,77599853.58773366,2023-09-12T16:00:00
2023-09-13T16:00:00,2023-09-13T09:30:00,120.60272984675538,122.17194149075212,119.87076727624985,121.4349281390415,73518813.12348738,2023-09-13T16:00:00
2023-09-14T16:00:00,2023-09-14T09:30:00,121.50879955194901,123.5313232568728,120.89218221259436,122.90760742594622,83967254.0072165,2023-09-14T16:00:00
2023-09-15T16:00:00,2023-09-15T09:30:00,122.9258618380049,124.3465753460379,120.62324292336919,122.03364464674786,77171745.68945922,2023-09-15T16:00:00
2023-09-18T16:00:00,2023-09-18T09:30:00,121.9935047466073,122.41096731993557,120.56099590951166,120.9749730607309,78892209.45540339,2023-09-18T16:00:00
2023-09-19T16:00:00,2023-09-19T09:30:00,120.94407698795348,122.73974740355266,119.6191374008599,121.40970685198727,87831886.30412196,2023-09-19T16:00:00
2023-09-20T16:00:00,2023-09-20T09:30:00,121.38005149786302,122.83178610452964,119.89868888419834,121.35006484326445,59296916.06877974,2023-09-20T16:00:00
2023-09-21T16:00:00,2023-09-21T09:30:00,121.44174596360303,123.27847827861379,120.9164464215308,122.74753053023937,84091221.39438096,2023-09-21T16:00:00
2023-09-22T16:00:00,2023-09-22T09:30:00,122.84960624182038,122.96700558426222,122.51555890590052,122.63275101396911,69320974.93686558,2023-09-22T16:00:00
2023-09-25T16:00:00,2023-09-25T09:30:00,122.7049460675288,124.97342064539586,121.6987572862545,123.95696522313696,59612243.70461679,2023-09-25T16:00:00
2023-09-26T16:00:00,2023-09-26T09:30:00,124.21605663284494,125.45807353391992,123.98940810505745,125.2295757073192,59806137.58657327,2023-09-26T16:00:00
2023-09-27T16:00:00,2023-09-27T09:30:00,125.30451154425447,125.72556078832979,123.64833143388267,124.06521638824333,90019590.91759686,2023-09-27T16:00:00
2023-09-28T16:00:00,2023-09-28T09:30:00,124.00396765383469,126.29443812286874,122.99080795360105,125.27092688262604,87559174.0125134,2023-09-28T16:00:00
2023-09-29T16:00:00,2023-09-29T09:30:00,124.77921805806842,126.27069176319904,124.06252241887535,125.54957143761705,61277479.07110315,2023-09-29T16:00:00
2023-10-02T16:00:00,2023-10-02T09:30:00,125.54392458553185,126.19592014068925,125.40840682284883,126.05984546978318,77797214.49791862,2023-10-02T16:00:00
2023-10-03T16:00:00,2023-10-03T09:30:00,125.89461576700238,126.10757596007701,125.18125106475067,125.39336335173748,84442997.47476451,2023-10-03T16:00:00
2023-10-04T16:00:00,2023-10-04T09:30:00,125.09586623983871,125.35006672693325,124.95812997198922,125.21220236768835,58906484.22853169,2023-10-04T16:00:00
2023-10-05T16:00:00,2023-10-05T09:30:00,125.04366798684576,125.88253361756364,125.01939893064466,125.85810649135261,83062469.19130984,2023-10-05T16:00:00
2023-10-06T16:00:00,2023-10-06T09:30:00,126.05114325077997,126.24182269193324,124.84175636709557,125.03089245968677,80922029.65115711,2023-10-06T16:00:00
2023-10-09T16:00:00,2023-10-09T09:30:00,125.34437483300562,126.16511906289328,124.12081420390916,124.93890344185871,72056856.35465658,2023-10-09T16:00:00
2023-10-10T16:00:00,2023-10-10T09:30:00,125.17207863374817,125.284928143892,124.34517168550995,124.4573768527079,74438809.86968912,2023-10-10T16:00:00
2023-10-11T16:00:00,2023-10-11T09:30:00,124.63986284997699,124.80378015003983,124.45033229722863,124.6142158682428,61705220.76039302,2023-10-11T16:00:00
2023-10-12T16:00:00,2023-10-12T09:30:00,124.77675427316542,125.39246465453373,124.5493962867408,125.16440033119792,65701473.62678923,2023-10-12T16:00:00
2023-10-13T16:00:00,2023-10-13T09:30:00,125.02676767725822,125.05202161160362,123.3970746770677,123.4220044681478,63331386.51956283,2023-10-13T16:00:00
2023-10-16T16:00:00,2023-10-16T09:30:00,123.3818526961552,123.88973039421973,121.90581474249967,122.40969072252769,82524449.06816274,2023-10-16T16:00:00
2023-10-17T16:00:00,2023-10-17T09:30:00,122.69666356656484,122.80317325842533,122.54448728175704,122.65095729722763,69535012.79037878,2023-10-17T16:00:00
2023-10-18T16:00:00,2023-10-18T09:30:00,123.0381869085002,126.55957470778304,122.17034279828974,125.67314504331978,70243836.95118864,2023-10-18T16:00:00
2023-10-19T16:00:00,2023-10-19T09:30:00,125.74836696660896,127.28774635779283,125.30918898874427,126.84473928386197,77872146.17845052,2023-10-19T16:00:00
2023-10-20T16:00:00,2023-10-20T09:30:00,127.02849915582186,128.53546755776838,123.89981369009155,125.38731231376704,65185381.3579439,2023-10-20T16:00:00
2023-10-23T16:00:00,2023-10-23T09:30:00,125.20259140527719,125.37690974058462,123.71358395159723,123.88606930614812,84083241.01749438,2023-10-23T16:00:00
2023-10-24T16:00:00,2023-10-24T09:30:00,123.6850077578229,125.10122236935315,123.61644698824836,125.03191498547385,91328175.87874463,2023-10-24T16:00:00
2023-10-25T16:00:00,2023-10-25T09:30:00,124.94613312902389,126.729982703929,124.86933038426871,126.65213130453243,89203680.60454273,2023-10-25T16:00:00
2023-10-26T16:00:00,2023-10-26T09:30:00,126.7392011032989,129.6011911800515,126.0297229536799,128.87973048037355,76471550.86784893,2023-10-26T16:00:00
2023-10-27T16:00:00,2023-10-27T09:30:00,129.0671202510776,130.4603969602108,128.54117884789116,129.9309355572495,83850358.06172901,2023-10-27T16:00:00
2023-10-30T16:00:00,2023-10-30T09:30:00,130.2495171346082,130.88197148250424,129.53715358177465,130.169218020171,55768018.63892967,2023-10-30T16:00:00
2023-10-31T16:00:00,2023-10-31T09:30:00,130.16281728806297,130.2327406339759,129.47823099108646,129.54782396315005,82926582.12273541,2023-10-31T16:00:00
2023-11-01T16:00:00,2023-11-01T09:30:00,129.36473187032686,129.53526425127086,127.4158616431492,127.58404667267773,71800483.29043077,2023-11-01T16:00:00
2023-11-02T16:00:00,2023-11-02T09:30:00,127.6257122834427,128.9283846096846,124.27012727171919,125.55162948881495,63099031.945523426,2023-11-02T16:00:00
2023-11-03T16:00:00,2023-11-03T09:30:00,125.554646246598,126.02333313388735,122.87188859444467,123.33227953916511,86681211.36742677,2023-11-03T16:00:00
2023-11-06T16:00:00,2023-11-06T09:30:00,123.34948316309072,124.04821752227949,123.1170346013686,123.81489191112578,81117210.17109281,2023-11-06T16:00:00
2023-11-07T16:00:00,2023-11-07T09:30:00,123.83783988164744,124.98721391201126,121.62488363789535,122.7642937831723,67822555.42637493,2023-11-07T16:00:00
2023-11-08T16:00:00,2023-11-08T09:30:00,123.01042179293758,125.5366317260909,122.04322986296117,124.55727736141293,74407665.82813591,2023-11-08T16:00:00
2023-11-09T16:00:00,2023-11-09T09:30:00,124.67140520302276,126.42335923395059,124.05658704258151,125.8029607968812,90941106.68611832,2023-11-09T16:00:00
2023-11-10T16:00:00,2023-11-10T09:30:00,125.72156790585304,126.84369078637742,124.29567655103311,125.4150637407579,75675174.54992512,2023-11-10T16:00:00
2023-11-13T16:00:00,2023-11-13T09:30:00,125.31714022483465,125.79682979527047,124.72234355411234,125.2015908239789,76428611.06767792,2023-11-13T16:00:00
2023-11-14T16:00:00,2023-11-14T09:30:00,125.48641380039965,126.35102605218337,125.18585835597388,126.04912285015254,78023800.35530527,2023-11-14T16:00:00
2023-11-15T16:00:00,2023-11-15T09:30:00,126.18281886971357,126.77611274367301,125.55545371651942,126.14858663532557,83490445.29339457,2023-11-15T16:00:00
2023-11-16T16:00:00,2023-11-16T09:30:00,126.74646592410829,127.60433860805765,125.06550874782623,125.91777249069219,84905359.2250273,2023-11-16T16:00:00
2023-11-17T16:00:00,2023-11-17T09:30:00,125.87883290241297,126.4289290456947,125.76832796163008,126.3180385405408,82752914.50212522,2023-11-17T16:00:00
2023-11-20T16:00:00,2023-11-20T09:30:00,126.31431576450686,127.77797101785643,125.65761656219287,127.11709820635173,79706604.88671821,2023-11-20T16:00:00
2023-11-21T16:00:00,2023-11-21T09:30:00,127.33975140020395,128.4322093623924,126.27172398301983,127.36397874496508,82759023.7082868,2023-11-21T16:00:00
2023-11-22T16:00:00,2023-11-22T09:30:00,127.35586124187408,127.40978778465555,125.9037526847927,125.95708694182147,59588711.81906377,2023-11-22T16:00:00
2023-11-24T13:00:00,2023-11-24T09:30:00,126.23297436440087,127.14380200509403,124.9090890611681,125.8169146439962,77650429.00492813,2023-11-24T13:00:00
2023-11-27T16:00:00,2023-11-27T09:30:00,125.92130182002589,126.7220727164522,125.77535533503986,126.57536814939156,78716527.59731548,2023-11-27T16:00:00
2023-11-28T16:00:00,2023-11-28T09:30:00,126.69196745165884,127.9149998055025,126.34648016030425,127.56712596864216,64924926.932128884,2023-11-28T16:00:00
2023-11-29T16:00:00,2023-11-29T09:30:00,127.79533631110154,130.44502349701906,127.53175931201899,130.17653529147483,75214679.90571575,2023-11-29T16:00:00
2023-11-30T16:00:00,2023-11-30T09:30:00,130.3282904330812,133.04599554894622,129.25368171754388,131.95794964348616,83832398.45934032,2023-11-30T16:00:00
2023-12-01T16:00:00,2023-12-01T09:30:00,132.0580778851569,132.251441799394,131.14807251239583,131.3403855571975,74112918.27134785,2023-12-01T16:00:00
2023-12-04T16:00:00,2023-12-04T09:30:00,131.07506824829207,132.92349192560127,130.08879411556046,131.930778998753,66747220.705383606,2023-12-04T16:00:00
2023-12-05T16:00:00,2023-12-05T09:30:00,131.972799634608,132.25396845625605,131.81002741041786,132.0910503843034,53153689.249003835,2023-12-05T16:00:00
2023-12-06T16:00:00,2023-12-06T09:30:00,132.37906841751973,133.85617678936617,131.92897315057135,133.4026014603231,88783696.3492013,2023-12-06T16:00:00
2023-12-07T16:00:00,2023-12-07T09:30:00,133.50227334695143,136.53642027766878,133.076123115878,136.10197159607603,73053123.79006246,2023-12-07T16:00:00
2023-12-08T16:00:00,2023-12-08T09:30:00,136.3194145915596,138.70225400005617,135.73536368071123,138.11052918514247,66277279.21855695,2023-12-08T16:00:00
2023-12-11T16:00:00,2023-12-11T09:30:00,138.22439402275546,138.36031118243088,136.67993933366438,136.81447010379705,74296902.97979763,2023-12-11T16:00:00
2023-12-12T16:00:00,2023-12-12T09:30:00,137.36949239720036,139.25912736547977,136.66259588225194,138.54617569731258,77600077.88924362,2023-12-12T16:00:00
2023-12-13T16:00:00,2023-12-13T09:30:00,138.31076768219484,139.16719449096755,138.25013629950027,139.10621440776586,81661341.52688499,2023-12-13T16:00:00
2023-12-14T16:00:00,2023-12-14T09:30:00,138.73856447022155,140.32388482689126,137.8314511270476,139.4123659722757,69843858.5247684,2023-12-14T16:00:00
2023-12-15T16:00:00,2023-12-15T09:30:00,139.215594746112,141.37211705974184,138.98513918181834,141.13847838055463,91522742.42789263,2023-12-15T16:00:00
2023-12-18T16:00:00,2023-12-18T09:30:00,141.25002851842248,144.92025663408,140.97505397605855,144.6386853188679,97088235.08981553,2023-12-18T16:00:00
2023-12-19T16:00:00,2023-12-19T09:30:00,144.8591144681535,146.81166564955643,144.19555930446805,146.1422329139044,64022284.11893061,2023-12-19T16:00:00
2023-12-20T16:00:00,2023-12-20T09:30:00,145.91629318516158,149.53125481279685,144.60045397330978,148.19486794345832,62359671.636961885,2023-12-20T16:00:00
2023-12-21T16:00:00,2023-12-21T09:30:00,148.55677721562054,150.22666965321358,148.1998297628465,149.86657506024807,66527047.83828737,2023-12-21T16:00:00
2023-12-22T16:00:00,2023-12-22T09:30:00,150.09667868664832,151.14845435660604,150.01758075058513,151.06884410888424,83837916.36703402,2023-12-22T16:00:00
2023-12-26T16:00:00,2023-12-26T09:30:00,151.3737301619886,154.33570235623634,151.35193611254823,154.31348505526205,64545116.15300573,2023-12-26T16:00:00
2023-12-27T16:00:00,2023-12-27T09:30:00,153.9641975452416,154.78504833321492,150.05344688725663,150.85773576250725,70748017.52485138,2023-12-27T16:00:00
2023-12-28T16:00:00,2023-12-28T09:30:00,150.7517591472388,152.23610779891413,150.47242257049,151.95454251590894,91050474.71174736,2023-12-28T16:00:00
2023-12-29T16:00:00,2023-12-29T09:30:00,152.16049843593058,152.46289931187397,152.1398784750979,152.44224117080253,79403523.30339575,2023-12-29T16:00:00
2024-01-02T16:00:00,2024-01-02T09:30:00,152.48280613009422,155.17074676225485,151.79240952548358,154.47134664012574,92768440.16810825,2024-01-02T16:00:00
2024-01-03T16:00:00,2024-01-03T09:30:00,154.60019428164108,155.15370392903762,152.59452907555686,153.14282094034962,65348012.507701494,2024-01-03T16:00:00
2024-01-04T16:00:00,2024-01-04T09:30:00,153.34139593358742,153.63015655596695,153.32902848191912,153.6177668141435,60325344.95489226,2024-01-04T16:00:00
2024-01-05T16:00:00,2024-01-05T09:30:00,153.50025467808734,155.5692638378087,153.38644926961967,155.45400991114275,82880488.26053742,2024-01-05T16:00:00
2024-01-08T16:00:00,2024-01-08T09:30:00,155.44704171189727,156.6553838840174,151.51379395282302,152.7007885750378,96364266.9561333,2024-01-08T16:00:00
2024-01-09T16:00:00,2024-01-09T09:30:00,152.5301332791831,155.45292166865136,152.07917539923469,154.9946773231815,82889740.78194752,2024-01-09T16:00:00
2024-01-10T16:00:00,2024-01-10T09:30:00,154.96524503526496,155.6786642848452,153.41780457956358,154.12736645643545,64763222.27020917,2024-01-10T16:00:00
2024-01-11T16:00:00,2024-01-11T09:30:00,154.07583927600763,154.34991656043982,152.29974777776937,152.57114844802257,78901359.01710068,2024-01-11T16:00:00
2024-01-12T16:00:00,2024-01-12T09:30:00,152.33384656270886,153.07339948442757,149.42154881964538,150.1505020034572,92518061.45642488,2024-01-12T16:00:00
2024-01-16T16:00:00,2024-01-16T09:30:00,150.3798435204285,150.9930836636461,148.90597197138035,149.51568813986216,55843061.04937695,2024-01-16T16:00:00
2024-01-17T16:00:00,2024-01-17T09:30:00,149.51092355174364,149.71580085019187,148.9883905655391,149.1928319778275,62200236.157622784,2024-01-17T16:00:00
2024-01-18T16:00:00,2024-01-18T09:30:00,149.21534742134958,150.06057982803003,148.6768378306884,149.5209672729351,78569883.40097475,2024-01-18T16:00:00
2024-01-19T16:00:00,2024-01-19T09:30:00,149.62879959103873,151.07911794014777,148.887474966173,150.33429797663416,66603403.67744998,2024-01-19T16:00:00
2024-01-22T16:00:00,2024-01-22T09:30:00,150.2506627090062,151.22157306148253,149.7113957057838,150.68076238080198,56036039.008460954,2024-01-22T16:00:00
2024-01-23T16:00:00,2024-01-23T09:30:00,150.63979087628368,151.57792914867645,147.42947154977855,148.35337070074817,85516494.34338376,2024-01-23T16:00:00
2024-01-24T16:00:00,2024-01-24T09:30:00,148.25715541931973,148.7139219377804,148.0489259116565,148.50534384556718,73964215.72773376,2024-01-24T16:00:00
2024-01-25T16:00:00,2024-01-25T09:30:00,148.63930904746482,148.78534842070457,146.68054061239783,146.82479721247472,87950250.44953208,2024-01-25T16:00:00
2024-01-26T16:00:00,2024-01-26T09:30:00,147.1749102148875,147.57497536176297,145.567813883404,145.96458901755332,71827771.85134307,2024-01-26T16:00:00
2024-01-29T16:00:00,2024-01-29T09:30:00,145.81243318724086,149.10605551478162,145.58162338102883,148.87040517538216,72801427.6043544,2024-01-29T16:00:00
2024-01-30T16:00:00,2024-01-30T09:30:00,149.0999224827728,151.7374476720303,147.50606628776396,150.13255281101536,64521352.27318883,2024-01-30T16:00:00
2024-01-31T16:00:00,2024-01-31T09:30:00,150.0005925652151,150.13233401362683,148.13675975228142,148.26697861462245,71278203.8986771,2024-01-31T16:00:00
2024-02-01T16:00:00,2024-02-01T09:30:00,148.13033588253967,150.0334438929057,147.3000060464172,149.19713422498455,72431661.49297707,2024-02-01T16:00:00
2024-02-02T16:00:00,2024-02-02T09:30:00,149.2282684181061,150.08020292806768,148.70042918164611,149.55122136623356,66588733.35460626,2024-02-02T16:00:00
2024-02-05T16:00:00,2024-02-05T09:30:00,149.72015062561672,150.5785561588022,149.032359539294,149.8899848803273,57260838.30111924,2024-02-05T16:00:00
2024-02-06T16:00:00,2024-02-06T09:30:00,150.1835719256439,151.66055476622472,149.39442447639615,150.86781194195282,72941926.03983712,2024-02-06T16:00:00
2024-02-07T16:00:00,2024-02-07T09:30:00,150.83906394314877,155.40377819848794,150.41957903698756,154.9727973394845,74862373.2712139,2024-02-07T16:00:00
2024-02-08T16:00:00,2024-02-08T09:30:00,154.9712483976069,157.90447953844372,154.6996128553374,157.6281868811724,90452279.76971269,2024-02-08T16:00:00
2024-02-09T16:00:00,2024-02-09T09:30:00,157.80525576127303,158.022297140938,156.56739954270697,156.78303498562798,78526973.45298982,2024-02-09T16:00:00
2024-02-12T16:00:00,2024-02-12T09:30:00,156.50936773753818,157.3321831261839,155.456108810955,156.27770628780056,58882351.094566524,2024-02-12T16:00:00
2024-02-13T16:00:00,2024-02-13T09:30:00,156.5391793684254,156.8792337253313,154.84679893825768,155.1839092045796,71796777.93727449,2024-02-13T16:00:00
2024-02-14T16:00:00,2024-02-14T09:30:00,155.22451258285494,156.6832636980944,154.54797453282077,156.00333120716525,80888712.8764159,2024-02-14T16:00:00
2024-02-15T16:00:00,2024-02-15T09:30:00,156.13876923850313,156.37149130888537,154.45313880350363,154.68369210719058,71094978.50561158,2024-02-15T16:00:00
2024-02-16T16:00:00,2024-02-16T09:30:00,154.79169415562592,155.57182064600167,151.47873254845462,152.2460292767526,94573581.26265441,2024-02-16T16:00:00
2024-02-20T16:00:00,2024-02-20T09:30:00,152.66822009725152,153.96967980189183,152.61722418800736,153.9182663385252,84882589.68207923,2024-02-20T16:00:00
2024-02-21T16:00:00,2024-02-21T09:30:00,154.14143665721483,154.58522040575383,152.96944411863643,153.41112525063937,82739786.34129518,2024-02-21T16:00:00
2024-02-22T16:00:00,2024-02-22T09:30:00,153.05590269387247,156.81204332370802,152.30209564934512,156.0435221222495,66895402.8736324,2024-02-22T16:00:00
2024-02-23T16:00:00,2024-02-23T09:30:00,155.88245077051926,157.22712467439663,153.03011068566562,154.36166598896247,72059806.87550926,2024-02-23T16:00:00
2024-02-26T16:00:00,2024-02-26T09:30:00,154.29966759477253,154.7590126093345,151.94883647068733,152.40253378053865,74074779.16349092,2024-02-26T16:00:00
2024-02-27T16:00:00,2024-02-27T09:30:00,152.4730388687797,152.52662992193078,151.06082487968283,151.11393823766434,78221874.7462635,2024-02-27T16:00:00
2024-02-28T16:00:00,2024-02-28T09:30:00,150.76329792267435,153.14444232513344,149.93390299030963,152.30655745092153,72944155.52670075,2024-02-28T16:00:00
2024-02-29T16:00:00,2024-02-29T09:30:00,152.18224371948347,152.23424151742813,150.7628162991203,150.81434671249733,87489369.598484,2024-02-29T16:00:00
2024-03-01T16:00:00,2024-03-01T09:30:00,150.60068644577643,152.1465563302903,149.88127641572314,151.4232171228007,82977667.08634815,2024-03-01T16:00:00
2024-03-04T16:00:00,2024-03-04T09:30:00,151.3499342305416,155.90634026017847,150.25638021245138,154.78794545830152,71151484.9677569,2024-03-04T16:00:00
2024-03-05T16:00:00,2024-03-05T09:30:00,154.63468014858464,155.6023528449104,153.0920901052808,154.05614242903252,61390365.99419385,2024-03-05T16:00:00
2024-03-06T16:00:00,2024-03-06T09:30:00,153.9790270314687,155.52419173372127,153.4847647475318,155.0265669174542,79660667.95261142,2024-03-06T16:00:00
2024-03-07T16:00:00,2024-03-07T09:30:00,154.79099665118719,156.66823882813475,154.60611449114865,156.48133772696883,59752223.77441334,2024-03-07T16:00:00
2024-03-08T16:00:00,2024-03-08T09:30:00,156.04940812162704,156.5483770593036,151.10326304915628,151.58796649993818,90357893.16232064,2024-03-08T16:00:00
2024-03-11T16:00:00,2024-03-11T09:30:00,151.65677752670723,152.24881113325756,150.76023081553922,151.3510710133107,77635899.58243604,2024-03-11T16:00:00
2024-03-12T16:00:00,2024-03-12T09:30:00,151.46656518358725,152.22172279178503,148.39440197889138,149.13794995227397,93965817.32177258,2024-03-12T16:00:00
2024-03-13T16:00:00,2024-03-13T09:30:00,148.96701865306093,149.68297525327384,146.47344949309453,147.1808213760909,64040525.896390796,2024-03-13T16:00:00
2024-03-14T16:00:00,2024-03-14T09:30:00,146.9105866949874,147.8681207010628,145.4919166635411,146.44642535827435,81557239.06149043,2024-03-14T16:00:00
2024-03-15T16:00:00,2024-03-15T09:30:00,146.196126579527,149.21760691066098,145.06177331439574,148.06872393822616,65506564.16250629,2024-03-15T16:00:00
2024-03-18T16:00:00,2024-03-18T09:30:00,148.30747292636758,150.569209750421,147.70354461361094,149.95855799346353,86946648.79475547,2024-03-18T16:00:00
2024-03-19T16:00:00,2024-03-19T09:30:00,149.95646579867028,150.77540521076412,147.13255399099543,147.94048376014638,69661362.00051235,2024-03-19T16:00:00
2024-03-20T16:00:00,2024-03-20T09:30:00,147.8466343910088,148.84997144152626,146.6041773104365,147.60588052413598,87966484.38943377,2024-03-20T16:00:00
2024-03-21T16:00:00,2024-03-21T09:30:00,147.4049159614262,147.67724166948236,145.1970821642294,145.46582546671578,92077842.97883669,2024-03-21T16:00:00
2024-03-22T16:00:00,2024-03-22T09:30:00,145.25973243170134,145.839986247398,144.50707670672196,145.08663908458203,87316079.61747655,2024-03-22T16:00:00
2024-03-25T16:00:00,2024-03-25T09:30:00,145.12275298631144,145.39717802195472,143.38706385894204,143.65872043010853,79131249.58820766,2024-03-25T16:00:00
2024-03-26T16:00:00,2024-03-26T09:30:00,143.6026346413119,144.5765218979638,141.44483223002194,142.41063556317874,84914704.86831558,2024-03-26T16:00:00
2024-03-27T16:00:00,2024-03-27T09:30:00,142.72139839066176,143.06096410920148,142.5722570568246,142.91162399297866,62953917.152876996,2024-03-27T16:00:00
2024-03-28T16:00:00,2024-03-28T09:30:00,142.91217205028588,143.02423326477836,141.32921168709268,141.4401186255553,80166207.30909969,2024-03-28T16:00:00
2024-04-01T16:00:00,2024-04-01T09:30:00,141.87895912802608,142.7519267711051,141.59198375150524,142.4637685138054,55795652.964540504,2024-04-01T16:00:00
2024-04-02T16:00:00,2024-04-02T09:30:00,142.0580403957928,142.64805977687982,141.70638282735862,142.29581361274856,76700712.98585276,2024-04-02T16:00:00
2024-04-03T16:00:00,2024-04-03T09:30:00,142.33391019572062,142.51325576739012,141.6692746781437,141.84800799650282,76988664.4819883,2024-04-03T16:00:00
2024-04-04T16:00:00,2024-04-04T09:30:00,142.07000581411725,143.08217386533218,141.54114554862545,142.55152114320381,75304559.92625988,2024-04-04T16:00:00
2024-04-05T16:00:00,2024-04-05T09:30:00,142.75328255992642,143.85678696860694,138.796469508995,139.87774558306643,64942526.53128491,2024-04-05T16:00:00
2024-04-08T16:00:00,2024-04-08T09:30:00,140.04742900771555,140.3451926748568,136.13235752221888,136.42241381604697,83552929.13822755,2024-04-08T16:00:00
2024-04-09T16:00:00,2024-04-09T09:30:00,136.62896509731854,138.4043430886245,136.3431881146221,138.11545691786552,81154980.08571629,2024-04-09T16:00:00
2024-04-10T16:00:00,2024-04-10T09:30:00,137.96938615346178,138.16573539943676,134.2683625657082,134.4597170741072,95348456.54469042,2024-04-10T16:00:00
2024-04-11T16:00:00,2024-04-11T09:30:00,134.5227673082375,134.65101926314904,132.0627705895085,132.18879737307634,76314367.87217228,2024-04-11T16:00:00
2024-04-12T16:00:00,2024-04-12T09:30:00,132.0943070938962,132.67421416868004,130.83227726048653,131.40917654438556,88183801.96507357,2024-04-12T16:00:00
2024-04-15T16:00:00,2024-04-15T09:30:00,131.26134876128722,131.79180924615673,129.60656590053583,130.13246427617068,79596716.59711488,2024-04-15T16:00:00
2024-04-16T16:00:00,2024-04-16T09:30:00,130.28684112011155,131.58058088555708,129.29934397130654,130.5907800594701,72817432.86538842,2024-04-16T16:00:00
2024-04-17T16:00:00,2024-04-17T09:30:00,130.8847703956018,135.45271920696405,130.63454284506616,135.19425272073684,76098688.5553188,2024-04-17T16:00:00
2024-04-18T16:00:00,2024-04-18T09:30:00,134.89515962391147,137.0882028360727,134.12519510495574,136.31016166434142,78255076.08509746,2024-04-18T16:00:00
2024-04-19T16:00:00,2024-04-19T09:30:00,136.2534790151307,136.59222763277307,134.74871178232357,135.0845542602644,74217541.65678625,2024-04-19T16:00:00
2024-04-22T16:00:00,2024-04-22T09:30:00,135.23890054517398,136.45675551066972,130.6171667242727,131.80409049722275,78400174.78351866,2024-04-22T16:00:00
2024-04-23T16:00:00,2024-04-23T09:30:00,131.3338501713993,131.3727458409965,128.5575348687179,128.59561958735358,88944273.50850794,2024-04-23T16:00:00
2024-04-24T16:00:00,2024-04-24T09:30:00,128.31079450454155,128.92632348720647,127.83382229956307,128.44883812998182,78598101.6677133,2024-04-24T16:00:00
2024-04-25T16:00:00,2024-04-25T09:30:00,128.60253120756866,129.25396138929096,126.91445052245376,127.56060286427947,59238470.323811404,2024-04-25T16:00:00
2024-04-26T16:00:00,2024-04-26T09:30:00,127.6872283647591,129.2076108976196,127.65968494972465,129.17974553167195,82607434.3352639,2024-04-26T16:00:00
2024-04-29T16:00:00,2024-04-29T09:30:00,129.0328596918966,129.68805474254265,127.63838679760627,128.28980883068294,82955524.56617722,2024-04-29T16:00:00
2024-04-30T16:00:00,2024-04-30T09:30:00,128.13522585204456,129.1902957763711,128.0402114644699,129.094570019242,87378010.81697734,2024-04-30T16:00:00
2024-05-01T16:00:00,2024-05-01T09:30:00,129.05749406404144,130.15897669533686,128.7833302807483,129.8830591197462,74630954.59405743,2024-05-01T16:00:00
2024-05-02T16:00:00,2024-05-02T09:30:00,129.64468904800836,130.34547270833895,129.41090650516392,130.1108495588303,81047169.66023535,2024-05-02T16:00:00
2024-05-03T16:00:00,2024-05-03T09:30:00,130.1752713160847,130.30034935629737,129.6931447608017,129.8178794033815,71203874.55551651,2024-05-03T16:00:00
2024-05-06T16:00:00,2024-05-06T09:30:00,129.83253220413465,130.52576368637722,129.06578361568702,129.75862045143373,54258533.510332696,2024-05-06T16:00:00
2024-05-07T16:00:00,2024-05-07T09:30:00,129.63815188994593,133.08317902914465,129.58775072404094,133.03145860180265,99459621.40855618,2024-05-07T16:00:00
2024-05-08T16:00:00,2024-05-08T09:30:00,132.83548223459994,135.60044621847618,132.41932429010416,135.17695272229747,96649554.67884156,2024-05-08T16:00:00
2024-05-09T16:00:00,2024-05-09T09:30:00,135.26738078234467,136.32460568412222,135.10269297302693,136.15883253379167,81423298.84140785,2024-05-09T16:00:00
2024-05-10T16:00:00,2024-05-10T09:30:00,136.22690183612468,137.8099620714016,136.16628144089938,137.74866449822707,63870295.82539397,2024-05-10T16:00:00
2024-05-13T16:00:00,2024-05-13T09:30:00,137.65944911648216,138.02346949010857,137.38684143238444,137.75068113878842,59260312.17219527,2024-05-13T16:00:00
2024-05-14T16:00:00,2024-05-14T09:30:00,137.89747294690486,139.57762389643977,137.2716988010214,138.94708663853294,90928657.10274792,2024-05-14T16:00:00
2024-05-15T16:00:00,2024-05-15T09:30:00,138.74166982158584,142.6228570653249,137.94884501044814,141.81248440432543,95364853.53302811,2024-05-15T16:00:00
2024-05-16T16:00:00,2024-05-16T09:30:00,141.8553043401867,142.28317180504897,141.28382736534266,141.71126036120566,60929376.97461782,2024-05-16T16:00:00
2024-05-17T16:00:00,2024-05-17T09:30:00,141.74534016261052,141.92277060978645,140.51539271401865,140.69150401646328,63337308.69982662,2024-05-17T16:00:00
2024-05-20T16:00:00,2024-05-20T09:30:00,140.8667216865437,142.40770083135465,139.93388352210343,141.4708619696171,66777390.76482733,2024-05-20T16:00:00
2024-05-21T16:00:00,2024-05-21T09:30:00,141.16077729188433,142.41782834483436,140.79616783517767,142.05091970595956,76976199.79021084,2024-05-21T16:00:00
2024-05-22T16:00:00,2024-05-22T09:30:00,142.09728517995873,142.83733199240282,141.98970632465497,142.7292746711949,57907085.71820113,2024-05-22T16:00:00
2024-05-23T16:00:00,2024-05-23T09:30:00,142.60519678235607,143.79498355978868,140.9989440538006,142.18522692962958,67096511.00240903,2024-05-23T16:00:00
2024-05-24T16:00:00,2024-05-24T09:30:00,141.84262486295802,142.1097324995964,141.4753799646515,141.74229867436358,58359892.26210041,2024-05-24T16:00:00
2024-05-28T16:00:00,2024-05-28T09:30:00,141.38215133592428,141.50056425726686,138.38696227614125,138.50296376854652,74326819.35147914,2024-05-28T16:00:00
2024-05-29T16:00:00,2024-05-29T09:30:00,138.3584822408467,139.04113919413751,138.21195513534076,138.89404490658418,57758700.178914584,2024-05-29T16:00:00
2024-05-30T16:00:00,2024-05-30T09:30:00,138.78298880185724,142.5434041931479,138.2369932172544,141.9848120979967,84944547.5314578,2024-05-30T16:00:00
2024-05-31T16:00:00,2024-05-31T09:30:00,141.91246888314498,142.64343383105495,139.72638209031942,140.44981316846653,85500113.43109886,2024-05-31T16:00:00
2024-06-03T16:00:00,2024-06-03T09:30:00,140.68149340424648,141.8112112450047,137.8791655161123,138.99534302459222,90812732.62311141,2024-06-03T16:00:00
2024-06-04T16:00:00,2024-06-04T09:30:00,138.98807185765324,141.52280060248606,138.74189502383265,141.2725774333077,66985484.00542777,2024-06-04T16:00:00
2024-06-05T16:00:00,2024-06-05T09:30:00,141.21570364145074,144.3289079904178,140.5752142324311,143.67725412183879,68065388.76097094,2024-06-05T16:00:00
2024-06-06T16:00:00,2024-06-06T09:30:00,143.98790847988232,144.4636473681689,143.87337494825672,144.34882674824306,59599505.90203069,2024-06-06T16:00:00
2024-06-07T16:00:00,2024-06-07T09:30:00,144.46720754830616,145.64159523956295,144.2776020313378,145.45069894251102,88037035.83816464,2024-06-07T16:00:00
2024-06-10T16:00:00,2024-06-10T09:30:00,145.85920648932128,146.51875668933545,142.87802633986604,143.52703084344645,68200302.31224553,2024-06-10T16:00:00
2024-06-11T16:00:00,2024-06-11T09:30:00,143.69872178571578,144.18812530204735,143.47253421260788,143.96152406756795,68867308.49773616,2024-06-11T16:00:00
2024-06-12T16:00:00,2024-06-12T09:30:00,143.94482635756708,145.53952266676913,139.7813052044117,141.3472239108378,96615314.7352546,2024-06-12T16:00:00
2024-06-13T16:00:00,2024-06-13T09:30:00,141.21779357830115,141.5012666953809,138.089359213326,138.36711001925914,91212941.86783193,2024-06-13T16:00:00
2024-06-14T16:00:00,2024-06-14T09:30:00,137.41057992383014,140.43251377405977,137.28141340140945,140.30063059186938,78642585.2759391,2024-06-14T16:00:00
2024-06-17T16:00:00,2024-06-17T09:30:00,140.1801039613556,141.88932827739947,139.63384231138915,141.33855232123275,90294444.13375914,2024-06-17T16:00:00
2024-06-18T16:00:00,2024-06-18T09:30:00,141.10031757130798,141.37003320575275,140.1752752790859,140.44373584650089,82931067.62866768,2024-06-18T16:00:00
2024-06-20T16:00:00,2024-06-20T09:30:00,140.34486692223405,140.52083960421592,138.70125766028553,138.8753878225946,69400765.13256998,2024-06-20T16:00:00
2024-06-21T16:00:00,2024-06-21T09:30:00,139.0897671879862,139.59120411662667,137.00548604218653,137.50119596234597,75027023.69930045,2024-06-21T16:00:00
2024-06-24T16:00:00,2024-06-24T09:30:00,137.2648463845569,139.44516648958114,136.7939604048558,138.9684363578287,88725770.01407047,2024-06-24T16:00:00
2024-06-25T16:00:00,2024-06-25T09:30:00,139.17748766614378,139.5059106284731,138.89918001854514,139.22750296728006,61022523.42468648,2024-06-25T16:00:00
2024-06-26T16:00:00,2024-06-26T09:30:00,139.01972083659155,141.81511508891228,138.23458367301737,141.01868842101547,69184094.02091937,2024-06-26T16:00:00
2024-06-27T16:00:00,2024-06-27T09:30:00,141.01261690175613,141.88306358224742,140.78068964393916,141.65008785873823,88659042.43145774,2024-06-27T16:00:00
2024-06-28T16:00:00,2024-06-28T09:30:00,141.31306469510372,143.98280563048485,140.80198752139887,143.46394950067452,68850290.54258665,2024-06-28T16:00:00
2024-07-01T16:00:00,2024-07-01T09:30:00,143.15242073148886,144.17618353194393,142.93973427086442,143.9622938151061,60839406.42691736,2024-07-01T16:00:00
2024-07-02T16:00:00,2024-07-02T09:30:00,143.9765401237379,146.63210415793236,142.54468091534355,145.18819493708187,66400436.0990927,2024-07-02T16:00:00
2024-07-03T13:00:00,2024-07-03T09:30:00,145.22370240898667,145.75645596405246,143.2542325143478,143.78169606514177,62963945.811859354,2024-07-03T13:00:00
2024-07-05T16:00:00,2024-07-05T09:30:00,143.49677908890655,144.8271657880606,142.70503024101544,144.03246129356148,81251605.64450516,2024-07-05T16:00:00
2024-07-08T16:00:00,2024-07-08T09:30:00,143.92702677942125,144.3444141555452,143.56871241544292,143.98595309122567,75651164.43262072,2024-07-08T16:00:00
2024-07-09T16:00:00,2024-07-09T09:30:00,144.01335293380694,144.0587385446176,142.31300082918722,142.35786471515456,75343257.1778229,2024-07-09T16:00:00
2024-07-10T16:00:00,2024-07-10T09:30:00,142.06307120588477,142.8946420617205,141.18366613266278,142.01495534070045,71102623.20564762,2024-07-10T16:00:00
2024-07-11T16:00:00,2024-07-11T09:30:00,141.89907300726472,142.71338418432777,139.0586895698884,139.86130668966481,92918071.4537704,2024-07-11T16:00:00
2024-07-12T16:00:00,2024-07-12T09:30:00,140.0057836652861,140.50128639670987,138.87867591080055,139.37193535225308,79299170.91896632,2024-07-12T16:00:00
2024-07-15T16:00:00,2024-07-15T09:30:00,139.50101581817276,143.0830269481522,139.27440831807755,142.85097772071398,81754897.72259608,2024-07-15T16:00:00
2024-07-16T16:00:00,2024-07-16T09:30:00,143.13611129630715,145.17244718306182,142.5087751626396,144.53896264050982,84843987.60073808,2024-07-16T16:00:00
2024-07-17T16:00:00,2024-07-17T09:30:00,144.6775972661086,147.50240986898538,143.24418282085836,146.05534518481835,88890570.10727333,2024-07-17T16:00:00
2024-07-18T16:00:00,2024-07-18T09:30:00,145.71600117892407,146.070897013322,144.2200981953422,144.57220828672237,72313635.23949298,2024-07-18T16:00:00
2024-07-19T16:00:00,2024-07-19T09:30:00,144.43402667452912,144.9564136739729,144.07459808360935,144.59658056262057,64008051.689464316,2024-07-19T16:00:00
2024-07-22T16:00:00,2024-07-22T09:30:00,144.6305121999222,146.0994087321905,144.620114677463,146.08890636542245,73449659.2225131,2024-07-22T16:00:00
2024-07-23T16:00:00,2024-07-23T09:30:00,146.1357472995211,148.26311298204948,145.20151254435078,147.32129908418645,84277353.78930423,2024-07-23T16:00:00
2024-07-24T16:00:00,2024-07-24T09:30:00,147.65669145583067,148.48688977347487,145.73203854711096,146.5560485104546,80866609.55892707,2024-07-24T16:00:00
2024-07-25T16:00:00,2024-07-25T09:30:00,146.53071653989088,149.94935451944863,146.01083739280492,149.41922716995052,80093286.35977244,2024-07-25T16:00:00
2024-07-26T16:00:00,2024-07-26T09:30:00,149.74675869065825,150.82413411100868,149.31473510782007,150.39025402614797,82843082.29962555,2024-07-26T16:00:00
2024-07-29T16:00:00,2024-07-29T09:30:00,150.4476654502394,151.51309799690986,149.06534813133325,150.12852057421946,60693596.941509895,2024-07-29T16:00:00
2024-07-30T16:00:00,2024-07-30T09:30:00,150.5118125843642,151.42637788944955,149.33005550238792,150.24298732601963,87070985.3289899,2024-07-30T16:00:00
2024-07-31T16:00:00,2024-07-31T09:30:00,150.46381886403614,151.36560230175994,149.24787358309692,150.14776278378275,63932162.00880728,2024-07-31T16:00:00
2024-08-01T16:00:00,2024-08-01T09:30:00,149.92894328921994,151.2495550866907,149.77779795660396,151.09723198692762,65701306.67996255,2024-08-01T16:00:00
2024-08-02T16:00:00,2024-08-02T09:30:00,151.15628118381713,152.26734545912083,150.55407546684862,151.66312049736928,79479440.85613391,2024-08-02T16:00:00
2024-08-05T16:00:00,2024-08-05T09:30:00,151.89466916455754,152.20824443052618,148.80952743668735,149.1173691730443,83679399.52303326,2024-08-05T16:00:00
2024-08-06T16:00:00,2024-08-06T09:30:00,149.1210370943155,149.1580496292607,147.75558186662354,147.79226459405422,68151516.11466122,2024-08-06T16:00:00
2024-08-07T16:00:00,2024-08-07T09:30:00,147.71382158929686,148.07350648867688,146.9946273603817,147.35343471346462,57367280.20166055,2024-08-07T16:00:00
2024-08-08T16:00:00,2024-08-08T09:30:00,147.60316776128766,148.61535209629324,145.03427102991003,146.0357065462305,71234994.29591332,2024-08-08T16:00:00
2024-08-09T16:00:00,2024-08-09T09:30:00,145.68858175646199,146.40919114701626,140.98322773097837,141.6840296816131,82365920.80419144,2024-08-09T16:00:00
2024-08-12T16:00:00,2024-08-12T09:30:00,141.69119903957233,143.61290503724456,141.04617330425768,142.9620937640158,69149412.85937856,2024-08-12T16:00:00
2024-08-13T16:00:00,2024-08-13T09:30:00,143.02961593542972,143.4400494684497,137.59875603550313,137.99474164296132,79309473.05333246,2024-08-13T16:00:00
2024-08-14T16:00:00,2024-08-14T09:30:00,138.04364332665497,141.74429412871785,137.67971589244868,141.3715931486192,75430838.17711854,2024-08-14T16:00:00
2024-08-15T16:00:00,2024-08-15T09:30:00,141.1512170758166,143.6313185876939,140.5196782645142,142.991545777248,88969209.11735892,2024-08-15T16:00:00
2024-08-16T16:00:00,2024-08-16T09:30:00,143.11154066634575,143.38705093165632,141.5138431145116,141.78680306972828,76302281.87395884,2024-08-16T16:00:00
2024-08-19T16:00:00,2024-08-19T09:30:00,141.7627263583053,142.36381795465934,141.11315118952368,141.71403633411768,60172321.636876844,2024-08-19T16:00:00
2024-08-20T16:00:00,2024-08-20T09:30:00,141.6962893270671,142.2146970921411,139.92131525305288,140.43510888364156,78734543.31307708,2024-08-20T16:00:00
2024-08-21T16:00:00,2024-08-21T09:30:00,140.45194825738363,141.6274293379822,140.4317205653293,141.60703529191767,57939408.61197813,2024-08-21T16:00:00
2024-08-22T16:00:00,2024-08-22T09:30:00,141.69079004928994,145.56077341238785,141.5635753834077,145.43020137964484,88412772.67410302,2024-08-22T16:00:00
2024-08-23T16:00:00,2024-08-23T09:30:00,145.41396993148865,146.23702013135193,143.67463247606403,144.4924669237195,73147673.64674176,2024-08-23T16:00:00
2024-08-26T16:00:00,2024-08-26T09:30:00,144.7342153590398,147.52254777573575,144.29970944522157,147.0809966008817,94614990.55852635,2024-08-26T16:00:00
2024-08-27T16:00:00,2024-08-27T09:30:00,147.20061813530657,147.8585266480983,143.57881630667887,144.223418318939,92808127.68581441,2024-08-27T16:00:00
2024-08-28T16:00:00,2024-08-28T09:30:00,144.5590431374813,144.92300260649105,143.60133654471855,143.96379735037314,72528158.12452464,2024-08-28T16:00:00
2024-08-29T16:00:00,2024-08-29T09:30:00,143.8382750568885,144.14414380387362,142.3259158807425,142.62921358662754,67158059.41746785,2024-08-29T16:00:00
2024-08-30T16:00:00,2024-08-30T09:30:00,142.62388090830711,143.0790435731419,141.87376950357677,142.32798787028395,72630598.84711035,2024-08-30T16:00:00
2024-09-03T16:00:00,2024-09-03T09:30:00,142.31116066698755,143.25464500187095,141.85138211112965,142.79330872323172,59220460.15520723,2024-09-03T16:00:00
2024-09-04T16:00:00,2024-09-04T09:30:00,143.06724072769697,144.60682347613584,143.0434018730524,144.58273209982138,77033090.61304429,2024-09-04T16:00:00
2024-09-05T16:00:00,2024-09-05T09:30:00,144.60475103020616,146.47584069779603,142.0032299085626,143.86474438041017,56426943.462569,2024-09-05T16:00:00
2024-09-06T16:00:00,2024-09-06T09:30:00,144.1081554402396,144.3624127541585,141.04220782375634,141.29149556206266,72971989.47857052,2024-09-06T16:00:00
2024-09-09T16:00:00,2024-09-09T09:30:00,141.33402722713743,142.40311528912778,140.48944369243404,141.55719813028642,86831710.98182653,2024-09-09T16:00:00
2024-09-10T16:00:00,2024-09-10T09:30:00,141.66759185285255,145.04327985527104,140.07921172106995,143.43508257889218,61264914.15471193,2024-09-10T16:00:00
2024-09-11T16:00:00,2024-09-11T09:30:00,143.6551227456359,144.2555299408072,138.825446218708,139.4081029767313,103076448.96335529,2024-09-11T16:00:00
2024-09-12T16:00:00,2024-09-12T09:30:00,139.60053360223677,140.50232214293254,136.5962081808275,137.4843264921021,73175675.36012787,2024-09-12T16:00:00
2024-09-13T16:00:00,2024-09-13T09:30:00,137.713194022962,137.9933887915051,136.09899971919108,136.3764747647198,88222435.41717844,2024-09-13T16:00:00
2024-09-16T16:00:00,2024-09-16T09:30:00,136.6005177395086,137.18708036469704,134.22822819044674,134.80708983619186,82456032.76324122,2024-09-16T16:00:00
2024-09-17T16:00:00,2024-09-17T09:30:00,134.3479866584256,134.46399431552138,132.5263396667492,132.6408732546662,62627222.1735928,2024-09-17T16:00:00
2024-09-18T16:00:00,2024-09-18T09:30:00,132.69164233110556,132.95458543439574,129.24272006768732,129.49933726690784,85242920.8965015,2024-09-18T16:00:00
2024-09-19T16:00:00,2024-09-19T09:30:00,129.41110602089557,131.030728098213,129.36725451602763,130.98634281764228,70390780.01587594,2024-09-19T16:00:00
2024-09-20T16:00:00,2024-09-20T09:30:00,130.86839277570127,131.24725161752156,129.52796162214153,129.90402866785854,88394012.23979408,2024-09-20T16:00:00
2024-09-23T16:00:00,2024-09-23T09:30:00,130.05760380086468,130.56114930391016,129.9215577892938,130.42471927330192,84849493.92445682,2024-09-23T16:00:00
2024-09-24T16:00:00,2024-09-24T09:30:00,130.3793491518978,132.26120189856283,130.1565465067045,132.03556897265798,82792399.6486867,2024-09-24T16:00:00
2024-09-25T16:00:00,2024-09-25T09:30:00,132.0562014638222,135.70414396260517,131.81277569700688,135.45445402775357,86743653.72711991,2024-09-25T16:00:00
2024-09-26T16:00:00,2024-09-26T09:30:00,135.58018198620448,136.22239474840978,135.55441314540207,136.19650876639653,89328676.01079725,2024-09-26T16:00:00
2024-09-27T16:00:00,2024-09-27T09:30:00,136.32065108969636,136.3394954378253,135.88045661842202,135.89924271296948,83449705.8877794,2024-09-27T16:00:00
2024-09-30T16:00:00,2024-09-30T09:30:00,136.0564145698117,136.5673279229178,135.94675417970197,136.45734438655842,72912044.77279817,2024-09-30T16:00:00
2024-10-01T16:00:00,2024-10-01T09:30:00,136.3114948108765,137.15887227730906,135.9050208143963,136.75108743780612,65065058.440419465,2024-10-01T16:00:00
2024-10-02T16:00:00,2024-10-02T09:30:00,136.89399147165935,137.01987469631763,136.1276934905582,136.2529872687754,83291502.56634289,2024-10-02T16:00:00
2024-10-03T16:00:00,2024-10-03T09:30:00,136.40556478466803,136.4570425206781,134.33195632643066,134.38267064776244,93985485.88723052,2024-10-03T16:00:00
2024-10-04T16:00:00,2024-10-04T09:30:00,134.265370386816,134.6819068582603,133.01757705912726,133.43152666606454,89411553.40766183,2024-10-04T16:00:00
2024-10-07T16:00:00,2024-10-07T09:30:00,133.77344059067784,134.02060774888722,132.86699851180597,133.11294530263424,80639591.87676702,2024-10-07T16:00:00
2024-10-08T16:00:00,2024-10-08T09:30:00,133.15444789601548,133.92345733685076,131.10036691368592,131.86191154450063,92259686.96778288,2024-10-08T16:00:00
2024-10-09T16:00:00,2024-10-09T09:30:00,131.93654394137127,132.04315904471912,131.26259266438018,131.3687489447178,56011094.873686284,2024-10-09T16:00:00
2024-10-10T16:00:00,2024-10-10T09:30:00,131.3302749432611,132.21770591365967,130.82563772995275,131.71160344375357,75259280.3229166,2024-10-10T16:00:00
2024-10-11T16:00:00,2024-10-11T09:30:00,131.8775070773368,132.54842610760545,131.3439682253512,132.01433369407906,57819266.11658235,2024-10-11T16:00:00
2024-10-14T16:00:00,2024-10-14T09:30:00,131.9474866795754,133.13189348284584,131.2886323046084,132.47042790155257,67044243.7830581,2024-10-14T16:00:00
2024-10-15T16:00:00,2024-10-15T09:30:00,132.36664396040732,132.9086825102518,131.22008809188094,131.7596409776132,68831474.58596593,2024-10-15T16:00:00
2024-10-16T16:00:00,2024-10-16T09:30:00,131.85324317649545,131.99874666691815,130.03065984498437,130.17431058953824,78719995.98459308,2024-10-16T16:00:00
2024-10-17T16:00:00,2024-10-17T09:30:00,130.30111144176317,130.58155167772244,129.42950932105708,129.70867448608408,79754891.31081216,2024-10-17T16:00:00
2024-10-18T16:00:00,2024-10-18T09:30:00,129.39963189956276,129.73243252311832,128.6350407387566,128.96672798439295,71425043.20113635,2024-10-18T16:00:00
2024-10-21T16:00:00,2024-10-21T09:30:00,129.0500413155822,129.20943332207764,127.93680940173299,128.09502184665803,83273164.59846453,2024-10-21T16:00:00
2024-10-22T16:00:00,2024-10-22T09:30:00,128.14760985599636,128.308331447565,127.6359667795183,127.79624769579328,59402064.706625886,2024-10-22T16:00:00
2024-10-23T16:00:00,2024-10-23T09:30:00,127.63931363761024,128.17081047477774,126.88214611428621,127.41269931746682,75480136.64085536,2024-10-23T16:00:00
2024-10-24T16:00:00,2024-10-24T09:30:00,127.20823616874266,127.49793247244182,126.25084508923591,126.53901735469168,62031960.82670386,2024-10-24T16:00:00
2024-10-25T16:00:00,2024-10-25T09:30:00,126.45793513252404,127.2853058753185,126.3954880153432,127.22248121205035,88068957.54059172,2024-10-25T16:00:00
2024-10-28T16:00:00,2024-10-28T09:30:00,127.17793431759934,127.92015639913603,127.00213366959366,127.74357385607966,79957288.1514577,2024-10-28T16:00:00
2024-10-29T16:00:00,2024-10-29T09:30:00,127.8036446554115,128.41895295208468,127.26731854161929,127.88229677582673,87727641.94422214,2024-10-29T16:00:00
2024-10-30T16:00:00,2024-10-30T09:30:00,128.00971433116717,128.53248485447662,126.3664500295614,126.88462587751546,70816826.7111896,2024-10-30T16:00:00
2024-10-31T16:00:00,2024-10-31T09:30:00,126.7981162475622,126.90993892822273,125.13529068336278,125.24574433431007,67615929.88251886,2024-10-31T16:00:00
2024-11-01T16:00:00,2024-11-01T09:30:00,125.35343632230224,126.25171168839533,124.85682511690017,125.75351549413607,55309776.2279666,2024-11-01T16:00:00
2024-11-04T16:00:00,2024-11-04T09:30:00,125.59639349999128,126.09270936664169,125.40964986432931,125.90550612530258,68011627.51360758,2024-11-04T16:00:00
2024-11-05T16:00:00,2024-11-05T09:30:00,125.85380063478594,125.87349730600309,125.02453932287348,125.04410927384504,70145682.65939337,2024-11-05T16:00:00
2024-11-06T16:00:00,2024-11-06T09:30:00,124.94543746720065,125.32140021689614,122.21231742429596,122.58116604479223,72323784.42899768,2024-11-06T16:00:00
2024-11-07T16:00:00,2024-11-07T09:30:00,122.6920015130253,123.53319759503817,120.94935218083586,121.78432508738852,76861575.17475781,2024-11-07T16:00:00
2024-11-08T16:00:00,2024-11-08T09:30:00,121.70540360125432,122.08764301977962,121.15944175688425,121.54116535334643,54225648.09179602,2024-11-08T16:00:00
2024-11-11T16:00:00,2024-11-11T09:30:00,121.379981630306,121.98382347404613,121.032174336114,121.63528462394001,56044355.17694168,2024-11-11T16:00:00
2024-11-12T16:00:00,2024-11-12T09:30:00,121.70527406627075,121.80880373684286,121.11680506675273,121.21992186817383,82747781.1935405,2024-11-12T16:00:00
2024-11-13T16:00:00,2024-11-13T09:30:00,121.17480155032966,121.48692259621181,119.29772037457883,119.60579999931709,83075741.5647234,2024-11-13T16:00:00
2024-11-14T16:00:00,2024-11-14T09:30:00,119.61409652211447,119.85918538093433,117.92595764628749,118.16808362982832,60567852.59966481,2024-11-14T16:00:00
2024-11-15T16:00:00,2024-11-15T09:30:00,118.16232573421334,120.73551329367436,117.76263304290688,120.32849338219292,83781539.20510101,2024-11-15T16:00:00
2024-11-18T16:00:00,2024-11-18T09:30:00,120.49206071465599,120.53181433720998,119.54347611865244,119.58292979407916,74069570.44387211,2024-11-18T16:00:00
2024-11-19T16:00:00,2024-11-19T09:30:00,119.53079984397905,119.77327665373136,118.33202532384593,118.57255827176762,80781335.48847541,2024-11-19T16:00:00
2024-11-20T16:00:00,2024-11-20T09:30:00,118.34883733470771,120.19809217628112,118.12647363568742,119.97267747053063,66007572.50163548,2024-11-20T16:00:00
2024-11-21T16:00:00,2024-11-21T09:30:00,120.06539157187734,120.21554971605035,120.03938363400043,120.18951489122846,75367680.29317111,2024-11-21T16:00:00
2024-11-22T16:00:00,2024-11-22T09:30:00,120.12872709102565,120.40043102926653,119.78819711807986,120.05974503455256,81429748.80910978,2024-11-22T16:00:00
2024-11-25T16:00:00,2024-11-25T09:30:00,120.09501589474642,121.0781450416721,120.0168963780271,120.99943721613737,85099420.8900702,2024-11-25T16:00:00
2024-11-26T16:00:00,2024-11-26T09:30:00,120.99132800075819,124.10398003264825,120.31754550497901,123.41669105505012,84984317.12947795,2024-11-26T16:00:00
2024-11-27T16:00:00,2024-11-27T09:30:00,123.10985080791033,123.27165905713827,122.59984892245501,122.7611989244307,67018490.333861426,2024-11-27T16:00:00
2024-11-29T13:00:00,2024-11-29T09:30:00,122.57067177834769,123.14598224146451,121.34638667013509,121.91863667341477,58412378.94499958,2024-11-29T13:00:00
2024-12-02T16:00:00,2024-12-02T09:30:00,122.00155453157551,124.85973268580227,121.78283242258543,124.63628707749874,75488630.54064628,2024-12-02T16:00:00
2024-12-03T16:00:00,2024-12-03T09:30:00,124.74451058875617,125.20780777049697,124.17798325841495,124.640895617417,82169408.29129717,2024-12-03T16:00:00
2024-12-04T16:00:00,2024-12-04T09:30:00,124.76417751284053,126.84542396477524,124.48102452853664,126.5581994378851,81823342.26224466,2024-12-04T16:00:00
2024-12-05T16:00:00,2024-12-05T09:30:00,126.53299464117742,128.35078124541877,126.27803525124277,128.09267914783356,90270505.1475357,2024-12-05T16:00:00
2024-12-06T16:00:00,2024-12-06T09:30:00,128.06298011091747,129.89791335315,127.31865997377152,129.1472910476146,66833982.48440265,2024-12-06T16:00:00
2024-12-09T16:00:00,2024-12-09T09:30:00,129.175673764167,129.31639307556065,128.06373936078597,128.203399511741,84200636.74574062,2024-12-09T16:00:00
2024-12-10T16:00:00,2024-12-10T09:30:00,128.27660752358622,129.3944960265842,127.64823149630871,128.7637337618136,61456731.567764156,2024-12-10T16:00:00
2024-12-11T16:00:00,2024-12-11T09:30:00,129.01673052371424,130.33328562573044,128.50505937617123,129.81843497553544,84964387.27775048,2024-12-11T16:00:00
2024-12-12T16:00:00,2024-12-12T09:30:00,129.68958873677147,131.691176393506,129.06626180019083,131.06125681007939,88764605.64211988,2024-12-12T16:00:00
2024-12-13T16:00:00,2024-12-13T09:30:00,131.17900684003502,132.90377038176769,131.0619868434919,132.7853174542469,68427723.12397799,2024-12-13T16:00:00
2024-12-16T16:00:00,2024-12-16T09:30:00,132.90537570646347,133.0673069362525,132.39078986769013,132.55229090075832,84417885.15328419,2024-12-16T16:00:00
2024-12-17T16:00:00,2024-12-17T09:30:00,132.522989160336,135.02487864234843,131.9977037266653,134.49178941476984,79471665.0706957,2024-12-17T16:00:00
2024-12-18T16:00:00,2024-12-18T09:30:00,134.45415039356266,135.73113089349647,134.36284775851783,135.63902365665393,85834958.65286602,2024-12-18T16:00:00
2024-12-19T16:00:00,2024-12-19T09:30:00,135.86421317994032,135.98259539417174,135.342550254799,135.460580773047,88443413.31400526,2024-12-19T16:00:00
2024-12-20T16:00:00,2024-12-20T09:30:00,135.4304866545396,137.10066133694107,134.91844364045244,136.58425608808014,81368230.16498686,2024-12-20T16:00:00
2024-12-23T16:00:00,2024-12-23T09:30:00,136.6372541489135,136.79524128376448,133.54296729010088,133.69755539159974,79519393.04678424,2024-12-23T16:00:00
2024-12-24T13:00:00,2024-12-24T09:30:00,133.52279796581004,134.30886582820466,133.27815473024128,134.0632323974783,70222081.79368566,2024-12-24T13:00:00
2024-12-26T16:00:00,2024-12-26T09:30:00,134.12820218267439,134.35162372234564,133.30939536876176,133.5318235018195,62359783.65793207,2024-12-26T16:00:00
2024-12-27T16:00:00,2024-12-27T09:30:00,133.50156108680085,134.17466202316905,133.11659241090223,133.78886487038787,70144866.26000366,2024-12-27T16:00:00
2024-12-30T16:00:00,2024-12-30T09:30:00,134.00811835255965,135.86210951199658,132.9404176056367,134.78819356781375,70253932.59216653,2024-12-30T16:00:00
2024-12-31T16:00:00,2024-12-31T09:30:00,134.50320988648215,135.08257514936196,134.31590785311732,134.89472790877318,63761141.09686868,2024-12-31T16:00:00
2025-01-02T16:00:00,2025-01-02T09:30:00,134.8677010483534,135.44496576843574,134.07177994999105,134.64810474749623,61163996.54028298,2025-01-02T16:00:00
2025-01-03T16:00:00,2025-01-03T09:30:00,134.92161908861104,136.08188048785559,134.77434872062372,135.93350562006418,69525626.2733592,2025-01-03T16:00:00
2025-01-06T16:00:00,2025-01-06T09:30:00,136.04065743818788,136.20151009333634,134.89723843321522,135.05692793975243,69591957.59655644,2025-01-06T16:00:00
2025-01-07T16:00:00,2025-01-07T09:30:00,135.16931662050385,135.21320006306416,133.274318448108,133.31760072118448,79390094.95844501,2025-01-07T16:00:00
2025-01-08T16:00:00,2025-01-08T09:30:00,133.25057361780668,133.842241641757,132.86095709744293,133.45203605755188,56325322.675483406,2025-01-08T16:00:00
2025-01-10T16:00:00,2025-01-10T09:30:00,133.4527180967407,134.9907708115692,132.95131581925654,134.48548825859376,73793726.76490498,2025-01-10T16:00:00
2025-01-13T16:00:00,2025-01-13T09:30:00,135.1175066599516,135.51437935600558,134.1460629709307,134.54124304179174,88655618.44340393,2025-01-13T16:00:00
2025-01-14T16:00:00,2025-01-14T09:30:00,134.56860340367484,135.24295093734537,134.29757596109854,134.97111282203034,74224209.72372477,2025-01-14T16:00:00
2025-01-15T16:00:00,2025-01-15T09:30:00,135.0005584459328,135.02490640999991,133.64883710561097,133.67294562867468,73517715.59701626,2025-01-15T16:00:00
2025-01-16T16:00:00,2025-01-16T09:30:00,133.46978988318293,135.6070284441436,133.21388310034325,135.34752141412034,90170466.43732181,2025-01-16T16:00:00
2025-01-17T16:00:00,2025-01-17T09:30:00,135.36950220472244,136.00612033055742,135.2823327294556,135.91859727248095,72732685.67491052,2025-01-17T16:00:00
2025-01-21T16:00:00,2025-01-21T09:30:00,136.01198808856856,137.39786446352943,135.8213357056628,137.20553904182353,69703521.99598937,2025-01-21T16:00:00
2025-01-22T16:00:00,2025-01-22T09:30:00,137.2900350839428,138.90943833659202,137.13889556273278,138.75668421424066,84343107.37114693,2025-01-22T16:00:00
2025-01-23T16:00:00,2025-01-23T09:30:00,138.69418067346052,139.04279026558052,137.54870429629443,137.8953059064983,57146029.91927338,2025-01-23T16:00:00
2025-01-24T16:00:00,2025-01-24T09:30:00,138.0764020344705,138.16713558661456,137.38199307879484,137.47232967947062,66340092.9368353,2025-01-24T16:00:00
2025-01-27T16:00:00,2025-01-27T09:30:00,137.68688569662612,138.4808695534635,135.16946555002642,135.9534534131054,59909367.04663992,2025-01-27T16:00:00
2025-01-28T16:00:00,2025-01-28T09:30:00,136.21185884000212,137.38399137976316,135.53753081901388,136.7072110767465,76301749.7747535,2025-01-28T16:00:00
2025-01-29T16:00:00,2025-01-29T09:30:00,136.5135281360082,137.4201663404427,136.3267072827502,137.23236175237545,83929575.3447295,2025-01-29T16:00:00
2025-01-30T16:00:00,2025-01-30T09:30:00,137.1506073969124,137.3693498564709,136.45399169439955,136.67197077307102,55296540.38973587,2025-01-30T16:00:00
2025-01-31T16:00:00,2025-01-31T09:30:00,136.75437358854364,138.813545109563,136.4625014257002,138.51790906772212,84504837.988992,2025-01-31T16:00:00
2025-02-03T16:00:00,2025-02-03T09:30:00,138.67012538002746,138.78149075427729,137.32116807894496,137.43153874966183,64792676.80097835,2025-02-03T16:00:00
2025-02-04T16:00:00,2025-02-04T09:30:00,137.3791991857695,138.05012951204944,136.17526564600772,136.84358012451995,76972511.69489352,2025-02-04T16:00:00
2025-02-05T16:00:00,2025-02-05T09:30:00,136.74070078732865,136.90560201730815,136.36042890645646,136.52507009852772,85891397.15969403,2025-02-05T16:00:00
2025-02-06T16:00:00,2025-02-06T09:30:00,136.26170180395056,137.1158389836157,136.22828616361713,137.08222212598054,70158201.67819926,2025-02-06T16:00:00
2025-02-07T16:00:00,2025-02-07T09:30:00,137.1667630659216,137.46513243231448,136.35960136890372,136.65686158188862,76050581.11043796,2025-02-07T16:00:00
2025-02-10T16:00:00,2025-02-10T09:30:00,136.65653916946667,137.78038747007494,136.2681422998165,137.3899062692425,90151816.86779681,2025-02-10T16:00:00
2025-02-11T16:00:00,2025-02-11T09:30:00,137.5268274340591,137.7531782215939,137.03344182141942,137.25935238074499,62163250.436733715,2025-02-11T16:00:00
2025-02-12T16:00:00,2025-02-12T09:30:00,137.197467800521,137.62017292699798,135.55569645273164,135.97463403078677,65582024.22577896,2025-02-12T16:00:00
2025-02-13T16:00:00,2025-02-13T09:30:00,136.0872481814764,136.0880490510387,134.4182703197114,134.41906137204205,91458300.18338281,2025-02-13T16:00:00
2025-02-14T16:00:00,2025-02-14T09:30:00,134.60966644790676,134.7384418887677,132.28939705537698,132.4160739780198,68404322.1219946,2025-02-14T16:00:00
2025-02-18T16:00:00,2025-02-18T09:30:00,132.16906789377651,135.28745270748038,131.9889977556895,135.10338478945124,93822679.85653464,2025-02-18T16:00:00
2025-02-19T16:00:00,2025-02-19T09:30:00,134.89831006003337,136.37146992210705,134.65775275314533,136.12871849033908,66021126.5805528,2025-02-19T16:00:00
2025-02-20T16:00:00,2025-02-20T09:30:00,136.07102112465807,136.26863369665963,135.66474719001798,135.86205628756497,57874567.048197836,2025-02-20T16:00:00
2025-02-21T16:00:00,2025-02-21T09:30:00,135.7416816381546,137.06423588529634,135.51655300350996,136.8372901753723,60973275.96228895,2025-02-21T16:00:00
2025-02-24T16:00:00,2025-02-24T09:30:00,137.0860931872504,137.09470215339567,135.96806744131436,135.97660673203805,89788054.01239398,2025-02-24T16:00:00
2025-02-25T16:00:00,2025-02-25T09:30:00,136.14445950250013,136.4861094773236,135.5158183070992,135.8567462751864,75662783.11839175,2025-02-25T16:00:00
2025-02-26T16:00:00,2025-02-26T09:30:00,136.12792488311436,137.51302692191572,135.48172342557967,136.86333446322925,57155387.70691639,2025-02-26T16:00:00
2025-02-27T16:00:00,2025-02-27T09:30:00,136.6833923495068,137.2191993967118,135.93811527222445,136.47309795285662,66503224.04945772,2025-02-27T16:00:00
2025-02-28T16:00:00,2025-02-28T09:30:00,136.40878039216216,137.43999248239817,136.1064674913656,137.13606774730903,62067115.469856784,2025-02-28T16:00:00
2025-03-03T16:00:00,2025-03-03T09:30:00,136.8273606632407,137.3792425580436,136.62756673028838,137.17893525940946,55268465.098389275,2025-03-03T16:00:00
2025-03-04T16:00:00,2025-03-04T09:30:00,137.3108982872608,137.59476871318228,135.4423131028414,135.72290057312645,59033989.678680755,2025-03-04T16:00:00
2025-03-05T16:00:00,2025-03-05T09:30:00,135.58653144776233,136.02896743751728,134.71896414091714,135.1600083318339,57817788.06490008,2025-03-05T16:00:00
2025-03-06T16:00:00,2025-03-06T09:30:00,135.3860926195034,135.55450636224654,134.48703165581523,134.65453537677627,70421998.7315118,2025-03-06T16:00:00
2025-03-07T16:00:00,2025-03-07T09:30:00,134.61205770253486,134.8304184816868,133.66312568291562,133.88029944132964,74935627.85535558,2025-03-07T16:00:00
2025-03-10T16:00:00,2025-03-10T09:30:00,134.16524363984644,134.21621148790746,134.14046570112941,134.19142871327224,61512894.9634528,2025-03-10T16:00:00
2025-03-11T16:00:00,2025-03-11T09:30:00,133.9351895032364,134.17267313322245,132.50090481012703,132.73626259465456,67551146.13455445,2025-03-11T16:00:00
2025-03-12T16:00:00,2025-03-12T09:30:00,132.69401530433672,134.82318908061666,132.1292478751622,134.25179150119828,75036965.92260672,2025-03-12T16:00:00
2025-03-13T16:00:00,2025-03-13T09:30:00,134.24263540170628,134.8852841096122,133.97797398283396,134.61987894928797,57735301.73481204,2025-03-13T16:00:00
2025-03-14T16:00:00,2025-03-14T09:30:00,134.51814463230437,134.78542035288962,133.28120627490026,133.54655152544774,75124617.46604593,2025-03-14T16:00:00
2025-03-17T16:00:00,2025-03-17T09:30:00,133.47643553323198,134.17538012047368,133.38785058406296,134.08639035964575,64314057.5118328,2025-03-17T16:00:00
2025-03-18T16:00:00,2025-03-18T09:30:00,134.10014318986958,135.60853360580322,133.7729313660488,135.27844665584948,73342378.65094477,2025-03-18T16:00:00
2025-03-19T16:00:00,2025-03-19T09:30:00,135.34926334862902,135.6320848146119,134.7920337043712,135.07428057519797,75197120.37213877,2025-03-19T16:00:00
2025-03-20T16:00:00,2025-03-20T09:30:00,135.14529829439226,136.10210484671637,134.66531227421774,135.62043133006418,59328841.71883324,2025-03-20T16:00:00
2025-03-21T16:00:00,2025-03-21T09:30:00,135.41998215598215,137.59604434331106,135.31549854641614,137.48996363460813,90441133.82619046,2025-03-21T16:00:00
2025-03-24T16:00:00,2025-03-24T09:30:00,137.46582040026243,138.30635673910436,137.21363680346886,138.05309577474546,69598859.25216419,2025-03-24T16:00:00
2025-03-25T16:00:00,2025-03-25T09:30:00,138.1076473254982,139.26321255185684,138.0305686348201,139.18553228723871,88038681.83388901,2025-03-25T16:00:00
2025-03-26T16:00:00,2025-03-26T09:30:00,139.12499049668278,139.40266909354528,138.2475600823133,138.52403924476926,55028170.05106731,2025-03-26T16:00:00
2025-03-27T16:00:00,2025-03-27T09:30:00,138.72735908887915,138.89978372553352,136.56572779136008,136.73567696052507,75355114.77605899,2025-03-27T16:00:00
2025-03-28T16:00:00,2025-03-28T09:30:00,136.5964882938946,139.27942013508493,135.7713497157671,138.44312656682646,84677335.21199702,2025-03-28T16:00:00
2025-03-31T16:00:00,2025-03-31T09:30:00,138.76512067517115,139.9750328719285,138.50095759417562,139.70907281698965,59179313.15312616,2025-03-31T16:00:00
2025-04-01T16:00:00,2025-04-01T09:30:00,139.4706612670833,139.53444056006893,137.87273778312053,137.93581519804638,89980310.98192964,2025-04-01T16:00:00
2025-04-02T16:00:00,2025-04-02T09:30:00,137.84567430552408,139.42230346254476,137.64712701470683,139.22177409368112,84908869.13798633,2025-04-02T16:00:00
2025-04-03T16:00:00,2025-04-03T09:30:00,139.1349813408309,139.57951780481633,138.27915836928773,138.72237656041074,73414062.4117711,2025-04-03T16:00:00
2025-04-04T16:00:00,2025-04-04T09:30:00,138.7548233352675,139.39033929366505,137.19462414470328,137.82588544123158,87762599.65847622,2025-04-04T16:00:00
2025-04-07T16:00:00,2025-04-07T09:30:00,137.9187391873176,138.20893850490532,137.41037133719388,137.70011063130593,77417488.45223686,2025-04-07T16:00:00
2025-04-08T16:00:00,2025-04-08T09:30:00,137.53241856945183,138.22642470969421,136.61703709936668,137.30992048587726,72051568.97753336,2025-04-08T16:00:00
2025-04-09T16:00:00,2025-04-09T09:30:00,137.3252593413353,138.09020924897536,137.07619957307432,137.840215531127,83795077.08334643,2025-04-09T16:00:00
2025-04-10T16:00:00,2025-04-10T09:30:00,137.7183988499488,137.95580977680865,137.59929909090084,137.83660778990745,85992076.83785734,2025-04-10T16:00:00
2025-04-11T16:00:00,2025-04-11T09:30:00,137.8095854556055,138.27208093051706,136.68123028529862,137.14148357876982,82299121.59602274,2025-04-11T16:00:00
2025-04-14T16:00:00,2025-04-14T09:30:00,137.1032719840233,138.32048003849238,136.34474177142573,137.55942613191021,79154095.13440427,2025-04-14T16:00:00
2025-04-15T16:00:00,2025-04-15T09:30:00,137.4481826349872,138.1201393789622,137.4251304297431,138.0969783605498,71730634.33628193,2025-04-15T16:00:00
2025-04-16T16:00:00,2025-04-16T09:30:00,138.32154944966805,140.91816219094707,137.92744622628285,140.5178014466274,95632658.8421985,2025-04-16T16:00:00
2025-04-17T16:00:00,2025-04-17T09:30:00,140.4597148108394,141.65056145595685,139.88693620522545,141.07527267597624,61536032.0009118,2025-04-17T16:00:00
2025-04-21T16:00:00,2025-04-21T09:30:00,141.1129547271048,141.4123737610004,140.36446321415107,140.66292736223144,77466870.29712431,2025-04-21T16:00:00
2025-04-22T16:00:00,2025-04-22T09:30:00,140.66396661723522,143.35252125605865,139.77776817829104,142.4550388652369,63192762.44438699,2025-04-22T16:00:00
2025-04-23T16:00:00,2025-04-23T09:30:00,142.6298873046316,143.82803675567388,140.1421950697597,141.32942006351968,74888783.80005409,2025-04-23T16:00:00
2025-04-24T16:00:00,2025-04-24T09:30:00,141.29675172325025,141.33932900236192,141.29481419212368,141.3373909139706,76248630.40930255,2025-04-24T16:00:00
2025-04-25T16:00:00,2025-04-25T09:30:00,141.52312052415016,143.40458280568438,141.38076036787078,143.26047501936029,85297343.29699561,2025-04-25T16:00:00
2025-04-28T16:00:00,2025-04-28T09:30:00,143.28488110118093,144.7965723222016,142.94533374146204,144.45425385761163,68536843.46739244,2025-04-28T16:00:00
2025-04-29T16:00:00,2025-04-29T09:30:00,144.5553440401181,145.38581521841542,144.26066185341134,145.09004302519799,87701894.95152381,2025-04-29T16:00:00
2025-04-30T16:00:00,2025-04-30T09:30:00,145.50612015911796,145.69408955896338,143.719588240801,143.90548989593842,78837445.50977902,2025-04-30T16:00:00
2025-05-01T16:00:00,2025-05-01T09:30:00,143.82857918806923,144.8835104204448,143.55181090890053,144.60524760394452,67636997.71542831,2025-05-01T16:00:00
2025-05-02T16:00:00,2025-05-02T09:30:00,144.59042469070755,146.0758087921244,144.14564563965502,145.62783852049313,73250088.8178016,2025-05-02T16:00:00
2025-05-05T16:00:00,2025-05-05T09:30:00,145.4044357397169,145.93567158830848,144.77874094410416,145.30963042097957,61787649.90171325,2025-05-05T16:00:00
2025-05-06T16:00:00,2025-05-06T09:30:00,145.26109839114716,145.38392168493033,143.42603378658222,143.54740809582012,83887200.5424906,2025-05-06T16:00:00
2025-05-07T16:00:00,2025-05-07T09:30:00,143.56689404237028,143.73979209640117,142.0159836606592,142.18722016918224,87642384.78745367,2025-05-07T16:00:00
2025-05-08T16:00:00,2025-05-08T09:30:00,142.2221264696142,143.37056703948255,140.34273800927204,141.4852281412077,76405775.07692611,2025-05-08T16:00:00
2025-05-09T16:00:00,2025-05-09T09:30:00,140.95842487113387,143.09109020085717,140.92705339443083,143.05925116768645,73818041.43162574,2025-05-09T16:00:00
2025-05-12T16:00:00,2025-05-12T09:30:00,143.08746119528263,143.5207612831079,142.5789823464525,143.01205408507653,66093652.588130735,2025-05-12T16:00:00
2025-05-13T16:00:00,2025-05-13T09:30:00,143.03678060940587,143.76732438878784,141.65041036859768,142.37758739503596,75723738.16222009,2025-05-13T16:00:00
2025-05-14T16:00:00,2025-05-14T09:30:00,142.19731302178945,143.79286168719455,141.68555531403965,143.27721748243837,69090342.832801,2025-05-14T16:00:00
2025-05-15T16:00:00,2025-05-15T09:30:00,143.09830886385495,143.6934068587175,142.1102444600397,142.70370141453134,81439228.41263482,2025-05-15T16:00:00
2025-05-16T16:00:00,2025-05-16T09:30:00,142.61698900870917,144.1275586388469,142.59031824988068,144.1006104284374,81683243.70476936,2025-05-16T16:00:00
2025-05-19T16:00:00,2025-05-19T09:30:00,144.1003369789304,144.42737850409105,142.44484707547838,142.76886677532465,60149566.412342705,2025-05-19T16:00:00
2025-05-20T16:00:00,2025-05-20T09:30:00,142.91957583444778,143.22200286891317,141.80458159254366,142.1052855362523,56869863.88274302,2025-05-20T16:00:00
2025-05-21T16:00:00,2025-05-21T09:30:00,141.94755596295343,141.99278660319453,140.2301838301335,140.27488148382835,69579860.90898004,2025-05-21T16:00:00
2025-05-22T16:00:00,2025-05-22T09:30:00,140.28610303904657,140.31959561224966,139.64277913154407,139.6761260759383,68243398.49911854,2025-05-22T16:00:00
2025-05-23T16:00:00,2025-05-23T09:30:00,139.9401342251535,141.46155651301203,139.44345472596058,140.96125283066098,85564381.82915801,2025-05-23T16:00:00
2025-05-27T16:00:00,2025-05-27T09:30:00,140.9238487103354,141.7015656523836,139.70538403517685,140.48065512320912,67304332.50175495,2025-05-27T16:00:00
2025-05-28T16:00:00,2025-05-28T09:30:00,140.85757527122382,142.10619740087142,138.9354246009181,140.17802288594908,77775308.47550113,2025-05-28T16:00:00
2025-05-29T16:00:00,2025-05-29T09:30:00,140.42562531027087,140.81961762278945,138.6546206630653,139.04473862046498,61056996.643260114,2025-05-29T16:00:00
2025-05-30T16:00:00,2025-05-30T09:30:00,138.76279295436444,140.5076084127222,138.58517388103382,140.3279858620334,89420771.27768964,2025-05-30T16:00:00
2025-06-02T16:00:00,2025-06-02T09:30:00,140.61415898513468,145.6298942373225,139.34405266185559,144.3262581425996,72965665.2981454,2025-06-02T16:00:00
2025-06-03T16:00:00,2025-06-03T09:30:00,144.54740444225502,145.86104880911526,143.5900851100427,144.90138510735002,82417020.61875325,2025-06-03T16:00:00
2025-06-04T16:00:00,2025-06-04T09:30:00,145.0793060108604,148.80379278482516,143.99306102038724,147.69794141719035,82339552.22229092,2025-06-04T16:00:00
2025-06-05T16:00:00,2025-06-05T09:30:00,147.8792525574846,149.20861189514562,147.5102473431639,148.83721626029364,86808146.98236336,2025-06-05T16:00:00
2025-06-06T16:00:00,2025-06-06T09:30:00,148.3409959313149,150.9117608014319,147.3201253366594,149.8802968637268,68714512.99943894,2025-06-06T16:00:00
2025-06-09T16:00:00,2025-06-09T09:30:00,149.68425107285634,151.65562383650987,149.4559883479493,151.4247069832904,63199211.91732253,2025-06-09T16:00:00
2025-06-10T16:00:00,2025-06-10T09:30:00,151.46454872127825,153.42235666741638,151.27961559261823,153.23526155783352,82857399.15222487,2025-06-10T16:00:00
2025-06-11T16:00:00,2025-06-11T09:30:00,153.3932055922656,154.41827199149478,152.54505649599096,153.56915005462938,84904786.5801178,2025-06-11T16:00:00
2025-06-12T16:00:00,2025-06-12T09:30:00,153.1806164781594,154.41165059146357,152.21026471384988,153.43965788009962,55968048.67586253,2025-06-12T16:00:00
2025-06-13T16:00:00,2025-06-13T09:30:00,153.2527188569029,154.56911913823586,150.60911235463064,151.91401351146848,75342120.07169053,2025-06-13T16:00:00
2025-06-16T16:00:00,2025-06-16T09:30:00,151.7286691347176,152.76098127585786,146.7985945346381,147.80420591412818,73535187.83123282,2025-06-16T16:00:00
2025-06-17T16:00:00,2025-06-17T09:30:00,147.85816892363155,147.8755468615545,147.3758034602871,147.3931267412761,64481679.23907619,2025-06-17T16:00:00
2025-06-18T16:00:00,2025-06-18T09:30:00,147.09738659944009,147.5290634772721,144.61525987357828,145.04090172256662,75429572.4795213,2025-06-18T16:00:00
2025-06-20T16:00:00,2025-06-20T09:30:00,145.60333986188402,149.8982445596543,145.2438150480182,149.5290264123273,90708484.47497144,2025-06-20T16:00:00
2025-06-23T16:00:00,2025-06-23T09:30:00,149.56616488167398,152.9466518861607,148.6408360951067,152.00622703988105,76767486.34133294,2025-06-23T16:00:00
2025-06-24T16:00:00,2025-06-24T09:30:00,151.7805169086894,151.9947965446789,148.38486689674514,148.59464881016547,83794994.19478856,2025-06-24T16:00:00
2025-06-25T16:00:00,2025-06-25T09:30:00,148.68648331923507,150.8483886585629,148.18983337118348,150.34619485990666,73155240.63015185,2025-06-25T16:00:00
2025-06-26T16:00:00,2025-06-26T09:30:00,150.0326469253899,151.73474601165293,148.5057759869564,150.20610975507716,85130607.80493063,2025-06-26T16:00:00
2025-06-27T16:00:00,2025-06-27T09:30:00,150.06064863897012,150.4127724579866,149.57735694269306,149.92917224665382,60619039.91356013,2025-06-27T16:00:00
2025-06-30T16:00:00,2025-06-30T09:30:00,150.14431205350664,151.6040537083742,149.56180911600106,151.01816057032744,81965229.9891516,2025-06-30T16:00:00
2025-07-01T16:00:00,2025-07-01T09:30:00,150.2918764703573,150.7835147042358,145.98624388178092,146.465364742719,67815642.11409293,2025-07-01T16:00:00
2025-07-02T16:00:00,2025-07-02T09:30:00,145.83970243483236,145.9321996813704,145.4623561912511,145.55467266075215,55083361.90668993,2025-07-02T16:00:00
2025-07-03T13:00:00,2025-07-03T09:30:00,145.49497506272348,146.17830649882944,141.69187547774976,142.36048547574416,79192711.72739008,2025-07-03T13:00:00
2025-07-07T16:00:00,2025-07-07T09:30:00,142.62278324571668,145.9431950490115,142.40892708018197,145.72468772338615,96552861.73185658,2025-07-07T16:00:00
2025-07-08T16:00:00,2025-07-08T09:30:00,146.38197228959802,147.76856142136214,146.17016014638244,147.5550518526199,68613785.75492187,2025-07-08T16:00:00
2025-07-09T16:00:00,2025-07-09T09:30:00,147.1632645710676,150.81465496738042,146.79885345184047,150.44212461363247,65229484.63184004,2025-07-09T16:00:00
2025-07-10T16:00:00,2025-07-10T09:30:00,150.26461457500585,152.58437928382992,150.09015717512722,152.40743406791955,69904921.11858307,2025-07-10T16:00:00
2025-07-11T16:00:00,2025-07-11T09:30:00,152.04049584202326,152.539338574127,148.87895260110426,149.36903029224842,69567902.39758424,2025-07-11T16:00:00
2025-07-14T16:00:00,2025-07-14T09:30:00,149.46950601122404,152.37621814824428,148.4802714084421,151.37437653360521,73278659.12470332,2025-07-14T16:00:00
2025-07-15T16:00:00,2025-07-15T09:30:00,151.48219212318813,152.58106486883304,150.87103792193372,151.96795087614373,59676815.187221296,2025-07-15T16:00:00
2025-07-16T16:00:00,2025-07-16T09:30:00,152.34472692916816,152.9325434102704,152.3313466055804,152.9191126388147,61717079.71347132,2025-07-16T16:00:00
2025-07-17T16:00:00,2025-07-17T09:30:00,153.39087212164316,155.83216341843644,153.1953229372253,155.63375491198508,94824044.7828475,2025-07-17T16:00:00
2025-07-18T16:00:00,2025-07-18T09:30:00,155.55112965780262,162.27387332132605,155.2059870544631,161.91461118965495,81027137.78783678,2025-07-18T16:00:00
2025-07-21T16:00:00,2025-07-21T09:30:00,161.59656139160694,166.30140161837716,160.86409688005256,165.55101286793965,95559071.33720319,2025-07-21T16:00:00
2025-07-22T16:00:00,2025-07-22T09:30:00,165.86688661843846,167.04744959390914,163.33103756889105,164.50188510154396,80843785.78941104,2025-07-22T16:00:00
2025-07-23T16:00:00,2025-07-23T09:30:00,164.0193573723714,165.61830648061866,163.74196854334048,165.33868640801887,63937770.551521525,2025-07-23T16:00:00
2025-07-24T16:00:00,2025-07-24T09:30:00,165.7132783335834,169.15111424064355,165.07938149931636,168.5065324752983,84058039.63995668,2025-07-24T16:00:00
2025-07-25T16:00:00,2025-07-25T09:30:00,168.560483540368,170.45035496340614,168.11756927237366,170.00364859432116,70276400.3958037,2025-07-25T16:00:00
2025-07-28T16:00:00,2025-07-28T09:30:00,170.2560450732205,170.35439603234425,166.80223325252953,166.8986447589841,83444160.62070495,2025-07-28T16:00:00
2025-07-29T16:00:00,2025-07-29T09:30:00,167.1397672337344,168.6072452143709,166.98245519372568,168.44870120499507,85039772.06240268,2025-07-29T16:00:00
2025-07-30T16:00:00,2025-07-30T09:30:00,168.30109527563192,170.56612283542862,167.42731604920817,169.68515788537965,57366612.63860668,2025-07-30T16:00:00
2025-07-31T16:00:00,2025-07-31T09:30:00,169.16916584958278,175.82626034164625,168.47687555351044,175.10965978616278,97195458.73493624,2025-07-31T16:00:00
2025-08-01T16:00:00,2025-08-01T09:30:00,175.08645206607784,176.2772316830463,174.50621199996593,175.69497495967823,88925062.76622744,2025-08-01T16:00:00
2025-08-04T16:00:00,2025-08-04T09:30:00,175.46359466092338,180.50539213292254,173.78857173949456,178.7985329884247,91237365.25438553,2025-08-04T16:00:00
2025-08-05T16:00:00,2025-08-05T09:30:00,178.95685480024036,180.05976968983555,174.76938449477376,175.85317131727268,80932566.29077245,2025-08-05T16:00:00
2025-08-06T16:00:00,2025-08-06T09:30:00,176.2389240656676,181.78217993793038,175.5254601800629,181.04924255328245,89870216.13369222,2025-08-06T16:00:00
2025-08-07T16:00:00,2025-08-07T09:30:00,180.95434448732118,183.50514372131974,179.62367538857347,182.1655677495632,57143602.43359516,2025-08-07T16:00:00
2025-08-08T16:00:00,2025-08-08T09:30:00,182.0780875443233,186.14488254696022,181.90753481173206,185.97068361561008,96876709.36819449,2025-08-08T16:00:00
2025-08-11T16:00:00,2025-08-11T09:30:00,185.1285792188765,186.7284698905822,180.82139160583708,182.3976817213776,79500857.83947492,2025-08-11T16:00:00
2025-08-12T16:00:00,2025-08-12T09:30:00,181.99457429441114,184.40693647817378,180.95450799399543,183.35907231666562,84330577.52882698,2025-08-12T16:00:00
2025-08-13T16:00:00,2025-08-13T09:30:00,183.5773417629342,185.7159385676788,183.43857474209238,185.57566100743387,75595186.02490681,2025-08-13T16:00:00
2025-08-14T16:00:00,2025-08-14T09:30:00,185.35561571809924,188.48542105200497,183.92044221954902,187.03722715394733,60159055.25223177,2025-08-14T16:00:00
2025-08-15T16:00:00,2025-08-15T09:30:00,186.54478619492255,191.63481107634715,186.4270716130021,191.51396081679647,82340084.85884327,2025-08-15T16:00:00
2025-08-18T16:00:00,2025-08-18T09:30:00,191.8782500386931,199.48131428347213,190.85786850708425,198.4261121426434,92723681.1537014,2025-08-18T16:00:00
2025-08-19T16:00:00,2025-08-19T09:30:00,198.21631580440655,198.90740581856468,197.9470608120062,198.6375785871592,88095310.20884094,2025-08-19T16:00:00
2025-08-20T16:00:00,2025-08-20T09:30:00,199.13209606791673,202.6684717403774,198.5030584460247,202.03027905924247,63746082.56926148,2025-08-20T16:00:00
2025-08-21T16:00:00,2025-08-21T09:30:00,203.0087153571284,204.06071952949932,202.67346877464703,203.7242912520702,84027291.13212858,2025-08-21T16:00:00
2025-08-22T16:00:00,2025-08-22T09:30:00,204.02924121438363,208.5598810523803,202.6937703596915,207.20363226067053,73632744.7128595,2025-08-22T16:00:00
2025-08-25T16:00:00,2025-08-25T09:30:00,206.22865887981098,206.8604223264028,204.2368260691754,204.86441025952303,60572118.838739924,2025-08-25T16:00:00
2025-08-26T16:00:00,2025-08-26T09:30:00,205.49735601149976,206.08247155777997,201.6804010846627,202.25628829270232,63777268.81775706,2025-08-26T16:00:00
2025-08-27T16:00:00,2025-08-27T09:30:00,201.67911922677428,204.66535907291941,196.42527090387046,199.37742989714425,76091689.49354449,2025-08-27T16:00:00
2025-08-28T16:00:00,2025-08-28T09:30:00,199.87140052906864,201.83745057837686,199.40210002756731,201.3646439230596,73375178.03051046,2025-08-28T16:00:00
2025-08-29T16:00:00,2025-08-29T09:30:00,201.53994651214214,202.3436425909769,199.64724363134744,200.4465796083338,69036645.2604094,2025-08-29T16:00:00
2025-09-02T16:00:00,2025-09-02T09:30:00,200.0561625301502,203.46209227290097,198.6668548204695,202.05887653870764,81660242.49638368,2025-09-02T16:00:00
2025-09-03T16:00:00,2025-09-03T09:30:00,202.2617650436713,203.01889085300476,197.59034334299145,198.3327617269477,64791601.48020306,2025-09-03T16:00:00
2025-09-04T16:00:00,2025-09-04T09:30:00,198.20735442410668,198.378890731177,195.6926688978917,195.86217559654176,91076679.42702292,2025-09-04T16:00:00
2025-09-05T16:00:00,2025-09-05T09:30:00,195.19514527766708,197.40104652450123,194.11524209897675,196.31494811670487,59962990.78167211,2025-09-05T16:00:00
2025-09-08T16:00:00,2025-09-08T09:30:00,195.59344631217806,195.91826632176034,193.17474962393683,193.49608656992763,66967247.38503009,2025-09-08T16:00:00
2025-09-09T16:00:00,2025-09-09T09:30:00,193.45116444623122,200.43522494842554,192.98607356391224,199.95449889757887,96800134.87447923,2025-09-09T16:00:00
2025-09-10T16:00:00,2025-09-10T09:30:00,199.17878859397328,199.48342978017473,197.1955501275039,197.49761998971337,77943915.83935317,2025-09-10T16:00:00
2025-09-11T16:00:00,2025-09-11T09:30:00,197.18693170244305,199.47542310158028,196.98751490019148,199.27389573505246,74368936.18236008,2025-09-11T16:00:00
2025-09-12T16:00:00,2025-09-12T09:30:00,199.52766425603969,202.87641398436557,195.85115083123196,199.19430567392914,71835930.54948506,2025-09-12T16:00:00
2025-09-15T16:00:00,2025-09-15T09:30:00,199.65583110915392,200.58238557405505,198.52048503354976,199.44606602940596,73417778.18104376,2025-09-15T16:00:00
2025-09-16T16:00:00,2025-09-16T09:30:00,199.1957318412318,204.2272447782693,198.62286399336747,203.64159106505576,73273762.87401001,2025-09-16T16:00:00
2025-09-17T16:00:00,2025-09-17T09:30:00,203.83663889997433,205.09771013683815,196.73343156409248,197.95813439838284,85347790.82079473,2025-09-17T16:00:00
2025-09-18T16:00:00,2025-09-18T09:30:00,198.01189879556955,198.66072913063323,197.35167555647809,198.00046843741322,74637393.623805,2025-09-18T16:00:00
2025-09-19T16:00:00,2025-09-19T09:30:00,197.86379096907555,198.52307676776326,194.49371887775246,195.14394208984018,91359862.0949926,2025-09-19T16:00:00
2025-09-22T16:00:00,2025-09-22T09:30:00,196.00813361042566,197.30378843943856,194.9060614717657,196.2006339514971,79470301.84069309,2025-09-22T16:00:00
2025-09-23T16:00:00,2025-09-23T09:30:00,196.31354145705026,199.9606930378167,196.15070882681093,199.79497272796732,91677476.99559103,2025-09-23T16:00:00
2025-09-24T16:00:00,2025-09-24T09:30:00,198.9208797543861,201.32990493145417,198.72690060785422,201.13376787093782,82261255.40829256,2025-09-24T16:00:00
2025-09-25T16:00:00,2025-09-25T09:30:00,200.98566752771484,202.0046718080376,199.0990336911612,200.1136166433627,61047306.741626106,2025-09-25T16:00:00
2025-09-26T16:00:00,2025-09-26T09:30:00,200.36488940555037,205.35738255092116,200.06041124660746,205.0457912077913,72149925.92137116,2025-09-26T16:00:00
2025-09-29T16:00:00,2025-09-29T09:30:00,205.13451167716335,209.36841270229084,205.06209807261558,209.29453058831538,86951729.60717972,2025-09-29T16:00:00
2025-09-30T16:00:00,2025-09-30T09:30:00,209.51355022445017,210.89021053605435,209.09766342605639,210.47242036943334,82855078.38020287,2025-09-30T16:00:00
2025-10-01T16:00:00,2025-10-01T09:30:00,211.44786024909376,212.50673963165752,207.63688731141917,208.6819155164527,87598291.11113219,2025-10-01T16:00:00
2025-10-02T16:00:00,2025-10-02T09:30:00,208.82064840047232,210.14853066082986,207.6996714665723,209.02644896222162,66606493.976207726,2025-10-02T16:00:00
2025-10-03T16:00:00,2025-10-03T09:30:00,208.6223008880437,209.83721086678003,208.02897234364033,209.24211953816854,64487997.22260196,2025-10-03T16:00:00
2025-10-06T16:00:00,2025-10-06T09:30:00,209.17215033597344,209.835132985515,207.89883889407236,208.55988092198876,76372582.61678083,2025-10-06T16:00:00
2025-10-07T16:00:00,2025-10-07T09:30:00,209.3292424883076,209.41601310992982,207.8437819655719,207.92997256540843,86749140.45009555,2025-10-07T16:00:00
2025-10-08T16:00:00,2025-10-08T09:30:00,207.54573823491953,208.21092905400312,204.04462491759728,204.70069728821858,88542567.20003399,2025-10-08T16:00:00
2025-10-09T16:00:00,2025-10-09T09:30:00,203.85674898593547,205.05025935543864,200.21630656819883,201.39540663422034,62013685.341833346,2025-10-09T16:00:00
2025-10-10T16:00:00,2025-10-10T09:30:00,201.05745034022374,204.17504964351673,199.7631920688358,202.86912913202073,59692028.10315845,2025-10-10T16:00:00
2025-10-13T16:00:00,2025-10-13T09:30:00,202.62699181385858,203.73431148710742,200.70832658088372,201.81118803479077,67857322.93075714,2025-10-13T16:00:00
2025-10-14T16:00:00,2025-10-14T09:30:00,202.4520901708638,205.53553514446628,202.10838208047505,205.18718361599662,68934781.11499491,2025-10-14T16:00:00
2025-10-15T16:00:00,2025-10-15T09:30:00,206.09863735233606,206.25725638062178,204.72307135753877,204.8807530694793,87291219.64366232,2025-10-15T16:00:00
2025-10-16T16:00:00,2025-10-16T09:30:00,205.08074814650706,205.35265794754633,199.7064884035622,199.9716241856248,95722007.7800028,2025-10-16T16:00:00
2025-10-17T16:00:00,2025-10-17T09:30:00,200.05584410594327,202.0845684517375,199.55417759657962,201.57908222117743,74966141.04833925,2025-10-17T16:00:00
2025-10-20T16:00:00,2025-10-20T09:30:00,202.36679805265462,203.78728699113495,201.85314098644676,203.271333988639,69194383.88789278,2025-10-20T16:00:00
2025-10-21T16:00:00,2025-10-21T09:30:00,203.3502299596783,203.64601329214256,198.78074087397337,199.07029882723185,82320920.06975679,2025-10-21T16:00:00
2025-10-22T16:00:00,2025-10-22T09:30:00,199.00183041552094,199.16541689282923,195.86632839963028,196.02746984833544,71157770.70188375,2025-10-22T16:00:00
2025-10-23T16:00:00,2025-10-23T09:30:00,195.94787738396596,197.4094876240493,193.30023482246386,194.7529317494814,84907198.7549615,2025-10-23T16:00:00
2025-10-24T16:00:00,2025-10-24T09:30:00,195.42183556667456,196.3843231019157,190.82872232515786,191.77323987323823,63133701.177851036,2025-10-24T16:00:00
2025-10-27T16:00:00,2025-10-27T09:30:00,192.30383753569484,193.97608054249272,186.90440599932614,188.54395366530713,69208674.81549272,2025-10-27T16:00:00
2025-10-28T16:00:00,2025-10-28T09:30:00,187.9807438947844,188.62239667112536,185.13138225730933,185.76547343766066,88023357.32762286,2025-10-28T16:00:00
2025-10-29T16:00:00,2025-10-29T09:30:00,185.46853220399947,185.47254359150813,184.30724147158207,184.31122782844935,82182380.69370699,2025-10-29T16:00:00
2025-10-30T16:00:00,2025-10-30T09:30:00,184.50809987654154,186.90191271881616,181.20083864526364,183.58264460702404,75135910.33019114,2025-10-30T16:00:00
2025-10-31T16:00:00,2025-10-31T09:30:00,183.61394342482,184.4921170848193,176.96886842266858,177.81932807317204,71819489.08235766,2025-10-31T16:00:00
2025-11-03T16:00:00,2025-11-03T09:30:00,177.7475151572066,177.75026881220748,177.3455407959329,177.3482882661321,70754547.64362796,2025-11-03T16:00:00
2025-11-04T16:00:00,2025-11-04T09:30:00,177.44840025745617,179.67913080059935,173.81796642881343,176.03087707470885,64161670.16502022,2025-11-04T16:00:00
2025-11-05T16:00:00,2025-11-05T09:30:00,176.50792853374256,179.8798704919354,175.57770087626784,178.93684203545027,72311204.07265775,2025-11-05T16:00:00
2025-11-06T16:00:00,2025-11-06T09:30:00,179.20548296280387,179.51272315976038,177.7644606260094,178.06975366327018,90585632.39515248,2025-11-06T16:00:00
2025-11-07T16:00:00,2025-11-07T09:30:00,177.49868061608151,178.47066841116978,176.92379238140705,177.8944981902536,72954352.1444463,2025-11-07T16:00:00
2025-11-10T16:00:00,2025-11-10T09:30:00,178.42330402445617,179.02532353279483,175.6414306379615,176.2360701829648,66765903.443511605,2025-11-10T16:00:00
2025-11-11T16:00:00,2025-11-11T09:30:00,176.40077058482103,176.58902504459897,173.99198706326186,174.17786924831077,68445749.4513702,2025-11-11T16:00:00
2025-11-12T16:00:00,2025-11-12T09:30:00,174.1346607117592,175.0390957692444,172.23741699878482,173.13666860199692,70678244.58703087,2025-11-12T16:00:00
2025-11-13T16:00:00,2025-11-13T09:30:00,173.1419081584749,173.31945945378476,167.40013266584364,167.57197217618491,94203655.8943268,2025-11-13T16:00:00
2025-11-14T16:00:00,2025-11-14T09:30:00,167.70942339993118,167.85142455873444,164.53147967647607,164.6709080955637,88797739.14068167,2025-11-14T16:00:00
2025-11-17T16:00:00,2025-11-17T09:30:00,164.20851143367247,165.22480823462507,163.54474198058236,164.55961952000945,83776202.3671309,2025-11-17T16:00:00
2025-11-18T16:00:00,2025-11-18T09:30:00,164.44661313340762,169.3564579822577,163.18551555333394,168.06759207244764,78747304.67762911,2025-11-18T16:00:00
2025-11-19T16:00:00,2025-11-19T09:30:00,168.30453968579656,168.70618714973318,161.53297856199583,161.9193882915902,94229699.96910204,2025-11-19T16:00:00
2025-11-20T16:00:00,2025-11-20T09:30:00,162.46483375841342,164.8757505683845,162.41686177362627,164.82708106839118,83015515.63886365,2025-11-20T16:00:00
2025-11-21T16:00:00,2025-11-21T09:30:00,164.6126920672598,164.7191115458456,163.88666900718533,163.9926876628175,82728074.88564679,2025-11-21T16:00:00
2025-11-24T16:00:00,2025-11-24T09:30:00,164.06019334512538,167.58783351361268,162.76593777210434,166.27609688411997,86197233.13071859,2025-11-24T16:00:00
2025-11-25T16:00:00,2025-11-25T09:30:00,166.28872209434897,167.22484668779143,165.85312829214575,166.78794516925836,86040833.05094531,2025-11-25T16:00:00
2025-11-26T16:00:00,2025-11-26T09:30:00,167.14696989590493,169.10814389038737,166.6353706622722,168.59212137352733,83727940.03978038,2025-11-26T16:00:00
2025-11-28T13:00:00,2025-11-28T09:30:00,168.23872694559086,172.36987664239808,166.01388829938327,170.12015740377566,84212403.73501852,2025-11-28T13:00:00
2025-12-01T16:00:00,2025-12-01T09:30:00,170.37748888024183,171.18832475931893,167.15072090474308,167.95000425040325,77821747.40493868,2025-12-01T16:00:00
2025-12-02T16:00:00,2025-12-02T09:30:00,168.40146763034738,169.33573764403033,163.80224300154813,164.71606687863155,96358964.699854,2025-12-02T16:00:00
2025-12-03T16:00:00,2025-12-03T09:30:00,165.13952694768406,166.57979085914593,162.62248148310067,164.05327162184835,56956330.44681281,2025-12-03T16:00:00
2025-12-04T16:00:00,2025-12-04T09:30:00,164.29238284949935,165.8606409999308,160.1976878410008,161.74159738791977,78712883.84532018,2025-12-04T16:00:00
2025-12-05T16:00:00,2025-12-05T09:30:00,161.8841935540789,163.0023770117551,161.88246687155637,163.0006384210543,71109160.87603427,2025-12-05T16:00:00
2025-12-08T16:00:00,2025-12-08T09:30:00,163.2718531254908,163.5073283164451,162.68658456778758,162.92155454842703,71190805.02917929,2025-12-08T16:00:00
2025-12-09T16:00:00,2025-12-09T09:30:00,163.35279610104575,166.54197837787473,162.28412740825848,165.45952726025178,74308103.3480565,2025-12-09T16:00:00
2025-12-10T16:00:00,2025-12-10T09:30:00,165.19111027499386,165.32419444307894,163.07814567340648,163.20963348930792,90308932.89604288,2025-12-10T16:00:00
2025-12-11T16:00:00,2025-12-11T09:30:00,162.4750865108477,162.7458946511437,160.10986713514671,160.37717855132806,89857416.29198307,2025-12-11T16:00:00
2025-12-12T16:00:00,2025-12-12T09:30:00,160.51928181396417,163.11203316529893,160.2631729886134,162.85220216101135,70410480.09162806,2025-12-12T16:00:00
2025-12-15T16:00:00,2025-12-15T09:30:00,163.09080789483016,164.88666770378205,159.99625994904986,161.7776601493347,76080338.47024633,2025-12-15T16:00:00
2025-12-16T16:00:00,2025-12-16T09:30:00,161.78840018282435,166.92330777263396,160.88363973783498,165.9950228611068,80324250.8034917,2025-12-16T16:00:00
2025-12-17T16:00:00,2025-12-17T09:30:00,166.26240610999207,168.32754161993202,164.30800141830758,166.3718504169311,60963056.672612935,2025-12-17T16:00:00
2025-12-18T16:00:00,2025-12-18T09:30:00,166.2748405549373,171.5912942117514,163.95675213943423,169.23197941876163,95687899.76115796,2025-12-18T16:00:00
2025-12-19T16:00:00,2025-12-19T09:30:00,168.7741595251295,171.37006406218052,167.64927341065942,170.23543846864825,85894879.53269316,2025-12-19T16:00:00
2025-12-22T16:00:00,2025-12-22T09:30:00,170.29478198375816,170.30832791495817,168.50266119680083,168.51606564175611,87364499.90104347,2025-12-22T16:00:00
2025-12-23T16:00:00,2025-12-23T09:30:00,168.53926667644873,169.63584319250353,167.9334216595497,169.0282404704576,72748968.58467864,2025-12-23T16:00:00
2025-12-24T13:00:00,2025-12-24T09:30:00,169.110351347192,171.9220558536906,168.50077062006605,171.30456578911537,89152665.48196477,2025-12-24T13:00:00
2025-12-26T16:00:00,2025-12-26T09:30:00,171.11860723312793,173.74435589728782,170.89985945042957,173.52253507715565,75635036.34639885,2025-12-26T16:00:00
2025-12-29T16:00:00,2025-12-29T09:30:00,173.22150919746397,175.714605760638,172.72924573070773,175.21667240932774,72499762.3904406,2025-12-29T16:00:00
2025-12-30T16:00:00,2025-12-30T09:30:00,175.18652371782565,176.0171378645516,171.63441075251387,172.4520599505634,86388173.06352502,2025-12-30T16:00:00
2025-12-31T16:00:00,2025-12-31T09:30:00,172.47579483371368,177.1027845406949,171.77863704608313,176.38980607850067,88198472.61866109,2025-12-31T16:00:00
