timestamp,open_at,open,high,low,close,volume,available_at
2018-01-02T16:00:00,2018-01-02T09:30:00,250.24823849276007,253.31513590724418,250.03859548480298,253.1031012659925,61839949.11009997,2018-01-02T16:00:00
2018-01-03T16:00:00,2018-01-03T09:30:00,253.16780933949255,254.19366542104495,251.1211538738998,252.14285676617675,86040965.13702294,2018-01-03T16:00:00
2018-01-04T16:00:00,2018-01-04T09:30:00,252.29588451332097,255.98556721690144,251.6486984597241,255.33059656024915,61628316.17236222,2018-01-04T16:00:00
2018-01-05T16:00:00,2018-01-05T09:30:00,255.30999552460344,256.73394732484473,252.797362912817,254.21520870983437,82354109.00792545,2018-01-05T16:00:00
2018-01-08T16:00:00,2018-01-08T09:30:00,254.722378808217,257.360753327723,253.9183268396135,256.55092939003737,88351947.2731217,2018-01-08T16:00:00
2018-01-09T16:00:00,2018-01-09T09:30:00,256.7511120638774,257.07721142927574,256.6453924579717,256.9714011173484,57805046.75876289,2018-01-09T16:00:00
2018-01-10T16:00:00,2018-01-10T09:30:00,256.84155766050924,260.20695460066435,254.5543510568926,257.91023132272295,59689421.50531719,2018-01-10T16:00:00
2018-01-11T16:00:00,2018-01-11T09:30:00,257.53605337354384,259.03980331374095,256.2315286303516,257.734274500009,84907624.87223957,2018-01-11T16:00:00
2018-01-12T16:00:00,2018-01-12T09:30:00,257.33677621828184,260.7811151541596,256.36642140947725,259.8014665934362,76632821.42598477,2018-01-12T16:00:00
2018-01-16T16:00:00,2018-01-16T09:30:00,260.03018139423733,260.97006814574314,259.0819245515013,260.02178093931525,67509293.5129519,2018-01-16T16:00:00
2018-01-17T16:00:00,2018-01-17T09:30:00,259.81256815459847,264.4536750934764,259.1595208181392,263.7906287723293,92148320.9809265,2018-01-17T16:00:00
2018-01-18T16:00:00,2018-01-18T09:30:00,263.94054737049925,264.7208559512223,259.1911521038307,259.9596917622693,92848942.13295414,2018-01-18T16:00:00
2018-01-19T16:00:00,2018-01-19T09:30:00,260.17049877921704,261.65434069554766,259.114129216707,260.59624248702863,74885890.42382415,2018-01-19T16:00:00
2018-01-22T16:00:00,2018-01-22T09:30:00,260.83573208281626,261.25640408105943,257.53832762995074,257.95435258209096,67181149.33382155,2018-01-22T16:00:00
2018-01-23T16:00:00,2018-01-23T09:30:00,258.46159880239156,258.99692359951393,257.6098643355881,258.1445324258943,54294353.173449025,2018-01-23T16:00:00
2018-01-24T16:00:00,2018-01-24T09:30:00,258.2110355656522,259.86315152517534,258.1211725495134,259.77274500042995,63076254.6257003,2018-01-24T16:00:00
2018-01-25T16:00:00,2018-01-25T09:30:00,260.04148289938644,261.74479145713843,259.48069538448937,261.18154536221704,75225279.51391245,2018-01-25T16:00:00
2018-01-26T16:00:00,2018-01-26T09:30:00,260.5798651595356,261.3420207074975,257.082350571933,257.8364821515871,92228685.29861371,2018-01-26T16:00:00
2018-01-29T16:00:00,2018-01-29T09:30:00,257.5333751711635,260.90773983231605,256.0506023893256,259.4141383783079,67482447.71093419,2018-01-29T16:00:00
2018-01-30T16:00:00,2018-01-30T09:30:00,259.4102530362819,266.2253675280496,258.07103137204473,264.8580214186373,82332984.72685395,2018-01-30T16:00:00
2018-01-31T16:00:00,2018-01-31T09:30:00,265.2192403041341,267.03599904971406,264.820818626057,266.63544989174625,68062883.14718275,2018-01-31T16:00:00
2018-02-01T16:00:00,2018-02-01T09:30:00,267.29271158156035,274.30268221574397,266.1900067761005,273.1757073593863,86215136.98379886,2018-02-01T16:00:00
2018-02-02T16:00:00,2018-02-02T09:30:00,273.1611850725043,274.4054532969252,271.2135393876212,272.4545890177966,64338478.782949045,2018-02-02T16:00:00
2018-02-05T16:00:00,2018-02-05T09:30:00,271.86931266400717,273.7193496602679,271.6050828320052,273.45358007849177,68893526.88159393,2018-02-05T16:00:00
2018-02-06T16:00:00,2018-02-06T09:30:00,273.4459709928111,274.39032435292347,272.0120214814367,272.95467814787605,61441795.02583044,2018-02-06T16:00:00
2018-02-07T16:00:00,2018-02-07T09:30:00,273.07914772329053,273.6408825919889,272.7974600083878,273.3589062993801,55819876.37652718,2018-02-07T16:00:00
2018-02-08T16:00:00,2018-02-08T09:30:00,273.42382203026716,275.2209045293092,269.83624180108393,271.62147836720726,78365852.3302603,2018-02-08T16:00:00
2018-02-09T16:00:00,2018-02-09T09:30:00,271.78725904117795,275.0749537200319,271.49703266528695,274.78152993013555,80908270.57469504,2018-02-09T16:00:00
2018-02-12T16:00:00,2018-02-12T09:30:00,274.9448623391839,275.3830030695902,273.70656422270025,274.1434278202935,79967419.30365229,2018-02-12T16:00:00
2018-02-13T16:00:00,2018-02-13T09:30:00,274.1304702170237,274.50090465873944,273.7217189474972,274.0921015413504,61624170.70215489,2018-02-13T16:00:00
2018-02-14T16:00:00,2018-02-14T09:30:00,273.8956997914046,274.3191866192151,272.9327182858536,273.3553696763551,73605127.93700922,2018-02-14T16:00:00
2018-02-15T16:00:00,2018-02-15T09:30:00,273.34132832069645,276.63215581927403,273.27889769453486,276.56898800193767,63054727.756260365,2018-02-15T16:00:00
2018-02-16T16:00:00,2018-02-16T09:30:00,276.8581977658945,276.9852269426644,273.87988992018563,274.0056102614387,60226061.669230774,2018-02-16T16:00:00
2018-02-20T16:00:00,2018-02-20T09:30:00,274.1973637434097,274.5251183537089,273.1498234944378,273.47671669823677,75220086.7585937,2018-02-20T16:00:00
2018-02-21T16:00:00,2018-02-21T09:30:00,273.3731079120119,274.8461983625717,272.8462668610742,274.31753721991794,79259938.69711578,2018-02-21T16:00:00
2018-02-22T16:00:00,2018-02-22T09:30:00,274.5381667636941,275.4035691362035,273.2616707752004,274.12577319595397,59699843.18312237,2018-02-22T16:00:00
2018-02-23T16:00:00,2018-02-23T09:30:00,274.23824775479983,275.247409439846,273.29347558454583,274.30241620427466,72689297.490016,2018-02-23T16:00:00
2018-02-26T16:00:00,2018-02-26T09:30:00,275.12831016326857,282.28240393573265,273.69705120471383,280.8215279994622,67140722.4747449,2018-02-26T16:00:00
2018-02-27T16:00:00,2018-02-27T09:30:00,281.206632819757,285.30600742782195,277.67466063011403,281.7669970300578,62174514.210118175,2018-02-27T16:00:00
2018-02-28T16:00:00,2018-02-28T09:30:00,281.77075728400274,282.75953384795014,281.4874366570859,282.4755045972835,67691566.8281492,2018-02-28T16:00:00
2018-03-01T16:00:00,2018-03-01T09:30:00,282.3473295355352,283.61813169074736,279.4252239481918,280.6885602364388,88584853.72632802,2018-03-01T16:00:00
2018-03-02T16:00:00,2018-03-02T09:30:00,281.45295369448974,281.61247576711764,281.29322912412687,281.45275108191794,81387117.28260335,2018-03-02T16:00:00
2018-03-05T16:00:00,2018-03-05T09:30:00,281.3663420569359,285.07134366643675,280.0241483769092,283.717932264024,79977119.83174889,2018-03-05T16:00:00
2018-03-06T16:00:00,2018-03-06T09:30:00,283.8592294278038,284.836567064744,280.5950948754512,281.56453178506194,58807913.545448266,2018-03-06T16:00:00
2018-03-07T16:00:00,2018-03-07T09:30:00,281.3404201479644,287.262993692652,280.25529549766304,286.1592827808153,67532474.91256264,2018-03-07T16:00:00
2018-03-08T16:00:00,2018-03-08T09:30:00,285.97187763606684,288.49337231158984,285.17135826664264,287.68804887426637,78729135.21794094,2018-03-08T16:00:00
2018-03-09T16:00:00,2018-03-09T09:30:00,287.82334213102126,288.23604835698507,287.2154486816596,287.6278746292612,71001684.56813845,2018-03-09T16:00:00
2018-03-12T16:00:00,2018-03-12T09:30:00,287.56147081792955,291.0511669831821,286.8003377551548,290.2828308792195,80218536.67785846,2018-03-12T16:00:00
2018-03-13T16:00:00,2018-03-13T09:30:00,290.53836195803507,292.1290420118472,290.2177407177377,291.80702075348074,59291378.754840806,2018-03-13T16:00:00
2018-03-14T16:00:00,2018-03-14T09:30:00,292.11181415780374,298.24701767930435,289.37445819441155,295.4781163726709,68381794.81881627,2018-03-14T16:00:00
2018-03-15T16:00:00,2018-03-15T09:30:00,295.9050603010937,301.8556106705138,294.8176889142732,300.7504338411619,88964119.93576589,2018-03-15T16:00:00
2018-03-16T16:00:00,2018-03-16T09:30:00,300.51710259345685,301.27170411168794,298.3229874153758,299.07396520085393,57242138.43773714,2018-03-16T16:00:00
2018-03-19T16:00:00,2018-03-19T09:30:00,298.7887528438899,300.99031603119386,295.92407934295943,298.12072027027875,85872759.04614317,2018-03-19T16:00:00
2018-03-20T16:00:00,2018-03-20T09:30:00,297.7858344935092,297.8394396327725,296.53756250068443,296.5909525463947,56364577.524753995,2018-03-20T16:00:00
2018-03-21T16:00:00,2018-03-21T09:30:00,296.4661070723606,297.8645878135451,296.3170713424593,297.71492429388405,68000195.19321704,2018-03-21T16:00:00
2018-03-22T16:00:00,2018-03-22T09:30:00,297.73725572703415,298.9160850416603,296.4469950935697,297.6253814651077,70721720.37453672,2018-03-22T16:00:00
2018-03-23T16:00:00,2018-03-23T09:30:00,297.7596871714383,299.8059697673978,297.72711870861383,299.7731810719358,64579743.89716395,2018-03-23T16:00:00
2018-03-26T16:00:00,2018-03-26T09:30:00,299.8407607183965,300.1551842238865,297.42422445559595,297.73644129816535,74758078.26312873,2018-03-26T16:00:00
2018-03-27T16:00:00,2018-03-27T09:30:00,297.54013423290695,298.2906596946304,297.04996475502753,297.8000620101053,63944753.48819092,2018-03-27T16:00:00
2018-03-28T16:00:00,2018-03-28T09:30:00,297.52032511349955,297.6435956895392,296.61366747111913,296.736613334545,81091898.58005852,2018-03-28T16:00:00
2018-03-29T16:00:00,2018-03-29T09:30:00,296.74939510220213,299.2942707462779,296.33953431452267,298.8814652114522,90525308.19913709,2018-03-29T16:00:00
2018-04-02T16:00:00,2018-04-02T09:30:00,299.38191988201334,300.0192048802528,295.735906689303,296.36677343891733,90810497.59006384,2018-04-02T16:00:00
2018-04-03T16:00:00,2018-04-03T09:30:00,296.0459528203992,298.2950453746558,295.3700516637469,297.61556065356075,59486129.540481426,2018-04-03T16:00:00
2018-04-04T16:00:00,2018-04-04T09:30:00,297.44697863989956,298.0645551145844,294.99616177672567,295.60992405332865,81376092.30913995,2018-04-04T16:00:00
2018-04-05T16:00:00,2018-04-05T09:30:00,295.5899584932585,296.5943908213336,293.092385735216,294.0917269831632,58593264.666259885,2018-04-05T16:00:00
2018-04-06T16:00:00,2018-04-06T09:30:00,294.92401240246426,300.0451210862398,293.3863141021119,298.48883622358574,73014529.65628971,2018-04-06T16:00:00
2018-04-09T16:00:00,2018-04-09T09:30:00,298.7036963159815,299.910619243978,297.2109037573081,298.416666932855,58520366.76869292,2018-04-09T16:00:00
2018-04-10T16:00:00,2018-04-10T09:30:00,299.05302351655257,300.04360518715646,294.6269749147984,295.60613914363773,84060552.46916734,2018-04-10T16:00:00
2018-04-11T16:00:00,2018-04-11T09:30:00,296.0937977805089,299.60712701050323,294.6951563335232,298.1985434957849,68925614.76785126,2018-04-11T16:00:00
2018-04-12T16:00:00,2018-04-12T09:30:00,298.7445766459668,300.4723426127989,298.59570801121856,300.32268758311983,81279117.62839885,2018-04-12T16:00:00
2018-04-13T16:00:00,2018-04-13T09:30:00,300.164010629746,300.68439896950883,298.7012718358958,299.2200236042392,61379334.45912227,2018-04-13T16:00:00
2018-04-16T16:00:00,2018-04-16T09:30:00,299.60752428134555,300.1025151868365,299.246760676614,299.74159015062423,56453759.18284922,2018-04-16T16:00:00
2018-04-17T16:00:00,2018-04-17T09:30:00,300.13575278861606,302.26311438102715,299.57273089323843,301.6971634497658,68561741.24515094,2018-04-17T16:00:00
2018-04-18T16:00:00,2018-04-18T09:30:00,302.1063985978422,307.5456962967603,301.65556670367295,307.08743123206625,84205150.25958282,2018-04-18T16:00:00
2018-04-19T16:00:00,2018-04-19T09:30:00,307.01207025575195,309.8477041319661,306.4485667205904,309.28003786871875,65804647.13447194,2018-04-19T16:00:00
2018-04-20T16:00:00,2018-04-20T09:30:00,309.2569270721318,309.89802432693205,304.52637626436353,305.1589783702014,83654800.71885464,2018-04-20T16:00:00
2018-04-23T16:00:00,2018-04-23T09:30:00,305.76345603443724,306.73568696425565,304.56379032791983,305.5352957804075,76558230.87010941,2018-04-23T16:00:00
2018-04-24T16:00:00,2018-04-24T09:30:00,305.803110177467,306.431520490904,301.1537431219865,301.7738735528261,77018275.9258326,2018-04-24T16:00:00
2018-04-25T16:00:00,2018-04-25T09:30:00,301.7348700601894,302.0153494515746,298.429984785473,298.70765020715754,63318079.28371141,2018-04-25T16:00:00
2018-04-26T16:00:00,2018-04-26T09:30:00,299.1159153735897,300.9207545213582,298.60366158879185,300.40629089178435,64380957.956168726,2018-04-26T16:00:00
2018-04-27T16:00:00,2018-04-27T09:30:00,300.6234419376344,304.92714591865445,299.42915405357064,303.7205541252965,92248319.30330342,2018-04-27T16:00:00
2018-04-30T16:00:00,2018-04-30T09:30:00,304.50195302149945,308.7552681312573,301.86791710590643,306.10734507866823,59262577.84837379,2018-04-30T16:00:00
2018-05-01T16:00:00,2018-05-01T09:30:00,305.2407677229908,306.72746710861804,298.06265031323414,299.5214935199265,96671898.68305339,2018-05-01T16:00:00
2018-05-02T16:00:00,2018-05-02T09:30:00,299.86355621370683,303.1931108371153,297.80156601259336,301.12246384809805,60585804.34457155,2018-05-02T16:00:00
2018-05-03T16:00:00,2018-05-03T09:30:00,301.2546663964086,304.2453795654637,300.128906856507,303.1126768203828,73219292.41271327,2018-05-03T16:00:00
2018-05-04T16:00:00,2018-05-04T09:30:00,303.5359205379146,304.79038723473104,302.7342497150445,303.98752367967415,88199290.60317054,2018-05-04T16:00:00
2018-05-07T16:00:00,2018-05-07T09:30:00,303.80876814051106,304.89754569086034,302.04269855104286,303.12904011965935,84497094.44605684,2018-05-07T16:00:00
2018-05-08T16:00:00,2018-05-08T09:30:00,303.11795355036395,304.34701009547035,300.80398254735167,302.028622165474,88177880.9904183,2018-05-08T16:00:00
2018-05-09T16:00:00,2018-05-09T09:30:00,301.84486895531387,302.65998543409904,298.9866976138988,299.79628198938894,69694752.67558426,2018-05-09T16:00:00
2018-05-10T16:00:00,2018-05-10T09:30:00,300.0545552213637,300.71020711900877,299.0620660484578,299.7169803081346,59297404.4178766,2018-05-10T16:00:00
2018-05-11T16:00:00,2018-05-11T09:30:00,299.98634226132043,306.0986516382387,298.14535069683717,304.2316072310183,77842328.79727569,2018-05-11T16:00:00
2018-05-14T16:00:00,2018-05-14T09:30:00,304.28881397922777,305.2977493333359,304.17663480467314,305.1852396823037,66110696.37435691,2018-05-14T16:00:00
2018-05-15T16:00:00,2018-05-15T09:30:00,305.65543150504675,306.311072750616,305.4284137777821,306.0837369105037,87872469.00541379,2018-05-15T16:00:00
2018-05-16T16:00:00,2018-05-16T09:30:00,305.86142197435527,306.65358455728466,303.96406170466594,304.75335445975384,75501485.33414724,2018-05-16T16:00:00
2018-05-17T16:00:00,2018-05-17T09:30:00,304.87664112261325,306.139259005182,303.46218479024503,304.72417123313284,73781347.96926326,2018-05-17T16:00:00
2018-05-18T16:00:00,2018-05-18T09:30:00,304.10216428374264,305.40210094526043,302.33959185367826,303.63754240960765,81647127.69772151,2018-05-18T16:00:00
2018-05-21T16:00:00,2018-05-21T09:30:00,303.6557343530771,303.82382688119515,302.89311751964016,303.0608807589183,61553957.992091514,2018-05-21T16:00:00
2018-05-22T16:00:00,2018-05-22T09:30:00,303.3371847111928,306.0574468918805,303.2919667281685,306.0118302037829,81244231.93669097,2018-05-22T16:00:00
2018-05-23T16:00:00,2018-05-23T09:30:00,305.89304684484284,309.63897010190647,303.68547639276903,307.4203772045453,66332211.96193488,2018-05-23T16:00:00
2018-05-24T16:00:00,2018-05-24T09:30:00,307.34084852093275,307.91927684767825,305.3344068459409,305.91014252418313,73950844.52679737,2018-05-24T16:00:00
2018-05-25T16:00:00,2018-05-25T09:30:00,306.23349960009205,308.0600923218852,304.3670598778373,306.19341349782496,52913510.19110264,2018-05-25T16:00:00
2018-05-29T16:00:00,2018-05-29T09:30:00,306.82426947758904,307.7819242223765,304.90866174207423,305.86331717872326,88724939.55095114,2018-05-29T16:00:00
2018-05-30T16:00:00,2018-05-30T09:30:00,305.8773892572424,307.504481771514,299.07540639580645,300.6748242440672,75371692.5676501,2018-05-30T16:00:00
2018-05-31T16:00:00,2018-05-31T09:30:00,300.5259165047532,302.1144381068896,299.8668431396274,301.4533308602695,59704821.45871371,2018-05-31T16:00:00
2018-06-01T16:00:00,2018-06-01T09:30:00,301.3124356991596,301.9338867111604,300.4531480656947,301.0741075305038,70575161.6766142,2018-06-01T16:00:00
2018-06-04T16:00:00,2018-06-04T09:30:00,301.70570276748543,303.0319624525959,296.03980814544946,297.3469071223374,92816702.70898472,2018-06-04T16:00:00
2018-06-05T16:00:00,2018-06-05T09:30:00,297.67564790132656,298.7566100196015,292.8982220469189,293.965712119126,83477055.45432056,2018-06-05T16:00:00
2018-06-06T16:00:00,2018-06-06T09:30:00,294.2217536678636,296.39119471324517,293.04515870576677,295.2106451667535,83107503.74123059,2018-06-06T16:00:00
2018-06-07T16:00:00,2018-06-07T09:30:00,294.6161200383893,294.8309451765731,294.5425906874778,294.7573805703089,78459597.11375159,2018-06-07T16:00:00
2018-06-08T16:00:00,2018-06-08T09:30:00,294.31158813505846,294.9811537035917,294.0804363452465,294.7496578546131,54968183.42823402,2018-06-08T16:00:00
2018-06-11T16:00:00,2018-06-11T09:30:00,295.23523055167675,295.9278873127246,291.8348633678602,292.521152581062,85021371.49902795,2018-06-11T16:00:00
2018-06-12T16:00:00,2018-06-12T09:30:00,292.13237308501726,295.1083869040726,289.8507030965171,292.8213358424982,71621231.75273718,2018-06-12T16:00:00
2018-06-13T16:00:00,2018-06-13T09:30:00,291.9796623469474,292.55900119764755,287.78235541924346,288.3545013147593,71906603.70063263,2018-06-13T16:00:00
2018-06-14T16:00:00,2018-06-14T09:30:00,288.14568111416315,289.2281616603262,285.7098497576699,286.78722698191143,78230727.09872188,2018-06-14T16:00:00
2018-06-15T16:00:00,2018-06-15T09:30:00,286.3482511393274,286.3931484795395,284.9113414498427,284.95602049833315,79073271.60303625,2018-06-15T16:00:00
2018-06-18T16:00:00,2018-06-18T09:30:00,284.2342890850837,284.6691122312223,282.64910069293165,283.08216130779203,58789432.13769073,2018-06-18T16:00:00
2018-06-19T16:00:00,2018-06-19T09:30:00,283.14513557764843,283.229458106094,280.66869496249615,280.7523048898464,58752835.352784455,2018-06-19T16:00:00
2018-06-20T16:00:00,2018-06-20T09:30:00,280.2438140531493,282.3265960589843,277.2894602658252,279.3657162172739,55469031.23391098,2018-06-20T16:00:00
2018-06-21T16:00:00,2018-06-21T09:30:00,279.9473584590813,280.18932086562074,278.3213998986442,278.56216506321135,80616127.15881392,2018-06-21T16:00:00
2018-06-22T16:00:00,2018-06-22T09:30:00,278.1742265109398,278.73758244946356,277.8229914282578,278.386079871358,72178927.37860243,2018-06-22T16:00:00
2018-06-25T16:00:00,2018-06-25T09:30:00,278.2693536741835,278.9366617464713,276.4697413713581,277.13432757698354,64989953.18212104,2018-06-25T16:00:00
2018-06-26T16:00:00,2018-06-26T09:30:00,277.6604008857916,281.9167150277025,276.13070374563296,280.3720786104729,75901117.15043856,2018-06-26T16:00:00
2018-06-27T16:00:00,2018-06-27T09:30:00,281.12029204760023,282.1907706485759,277.4908625589406,278.5515596780702,60175520.17724009,2018-06-27T16:00:00
2018-06-28T16:00:00,2018-06-28T09:30:00,278.49587607846894,281.4134329046798,277.96225566115595,280.8752534097161,71069598.20283607,2018-06-28T16:00:00
2018-06-29T16:00:00,2018-06-29T09:30:00,280.3370527536806,280.42492282641405,277.41027955735944,277.4972595128709,75762525.97048688,2018-06-29T16:00:00
2018-07-02T16:00:00,2018-07-02T09:30:00,277.7108520907985,279.80091544983674,277.6905655107383,279.7804776851001,73619487.8196526,2018-07-02T16:00:00
2018-07-03T13:00:00,2018-07-03T09:30:00,279.85872764431855,281.2082896948292,275.752511812405,277.0887160428171,73088738.09668511,2018-07-03T13:00:00
2018-07-05T16:00:00,2018-07-05T09:30:00,276.725286134909,278.10268913528773,273.85386793240133,275.22379725621283,88966620.43292654,2018-07-05T16:00:00
2018-07-06T16:00:00,2018-07-06T09:30:00,275.8217323066443,275.9217566283728,275.1428216835317,275.2426360010857,80885611.72941633,2018-07-06T16:00:00
2018-07-09T16:00:00,2018-07-09T09:30:00,275.02429828113355,279.4410100399951,273.6361566962441,278.0376589941881,91314095.62798075,2018-07-09T16:00:00
2018-07-10T16:00:00,2018-07-10T09:30:00,278.2464076025038,279.28870806695585,277.4257092080509,278.4673579709618,83639361.4026115,2018-07-10T16:00:00
2018-07-11T16:00:00,2018-07-11T09:30:00,278.09997213733334,279.5072399591665,275.9874253621675,277.3911061129975,65966251.79668505,2018-07-11T16:00:00
2018-07-12T16:00:00,2018-07-12T09:30:00,277.5019444943777,277.6054009913748,276.0979004554129,276.2008718948594,68300351.46236959,2018-07-12T16:00:00
2018-07-13T16:00:00,2018-07-13T09:30:00,276.0379489282277,277.18963972457124,274.3794077000407,275.5289749454237,60208271.27134108,2018-07-13T16:00:00
2018-07-16T16:00:00,2018-07-16T09:30:00,275.38342452501433,278.2698909829088,272.48267495690806,275.3689901187337,69319166.89070375,2018-07-16T16:00:00
2018-07-17T16:00:00,2018-07-17T09:30:00,275.4356122066139,279.7494879865886,275.42636038967817,279.74009158321076,81935805.45080109,2018-07-17T16:00:00
2018-07-18T16:00:00,2018-07-18T09:30:00,279.69722578490786,282.23805076503373,279.6174994748514,282.1576231308897,65053606.85281203,2018-07-18T16:00:00
2018-07-19T16:00:00,2018-07-19T09:30:00,282.2827699446067,283.217035649626,281.5000886171768,282.43393518852463,69209941.852655,2018-07-19T16:00:00
2018-07-20T16:00:00,2018-07-20T09:30:00,282.73722438705965,282.9834258583649,282.72111289345526,282.96730125406384,60241896.266024016,2018-07-20T16:00:00
2018-07-23T16:00:00,2018-07-23T09:30:00,282.58669643256303,285.9498727361986,281.5034167283301,284.85788655640727,69656601.48393193,2018-07-23T16:00:00
2018-07-24T16:00:00,2018-07-24T09:30:00,285.15143130555214,287.5820783102822,282.684234815581,285.1145675919213,53213379.07754322,2018-07-24T16:00:00
2018-07-25T16:00:00,2018-07-25T09:30:00,285.33433660047865,286.4172747037538,283.4777278580955,284.5577184387941,67853527.00133637,2018-07-25T16:00:00
2018-07-26T16:00:00,2018-07-26T09:30:00,284.8156031983913,285.5301119611908,282.5816516031142,283.29233899655037,81154582.3868954,2018-07-26T16:00:00
2018-07-27T16:00:00,2018-07-27T09:30:00,283.04629804068077,286.78587444111963,282.58202561362543,286.3162384280697,65792003.44735497,2018-07-27T16:00:00
2018-07-30T16:00:00,2018-07-30T09:30:00,286.69021350038,289.4722258449627,285.89170644167376,288.66820955108125,57144261.49705929,2018-07-30T16:00:00
2018-07-31T16:00:00,2018-07-31T09:30:00,288.0069439926849,289.8932631920716,287.4971831254836,289.3810701760298,83030316.0360987,2018-07-31T16:00:00
2018-08-01T16:00:00,2018-08-01T09:30:00,289.95497500945856,293.3661008010639,288.8957827269996,292.2983482830503,75238144.34515253,2018-08-01T16:00:00
2018-08-02T16:00:00,2018-08-02T09:30:00,292.31436859717314,297.4813593833102,291.68422627817546,296.8414580140231,75233559.67170307,2018-08-02T16:00:00
2018-08-03T16:00:00,2018-08-03T09:30:00,296.88317203700876,298.3891328507781,296.56828577653374,298.0729846271052,72949869.60879396,2018-08-03T16:00:00
2018-08-06T16:00:00,2018-08-06T09:30:00,297.7948055275427,298.4004893118658,295.86819353583843,296.4711852135636,83316397.88226566,2018-08-06T16:00:00
2018-08-07T16:00:00,2018-08-07T09:30:00,296.814625998397,298.27579153007946,292.09887087258954,293.54393537695654,76404663.03277116,2018-08-07T16:00:00
2018-08-08T16:00:00,2018-08-08T09:30:00,293.3572041654852,295.27436186138686,287.62667353455646,289.51874601187444,84360412.87916456,2018-08-08T16:00:00
2018-08-09T16:00:00,2018-08-09T09:30:00,289.8917354403545,291.7247596182984,289.47515002807194,291.306141650678,87254611.73466584,2018-08-09T16:00:00
2018-08-10T16:00:00,2018-08-10T09:30:00,291.1876979883115,291.7217817326316,290.5548836512557,291.08878597548653,69475623.40832107,2018-08-10T16:00:00
2018-08-13T16:00:00,2018-08-13T09:30:00,291.1597176637615,292.8318954164229,287.00217642002457,288.6599978741788,81712723.29405081,2018-08-13T16:00:00
2018-08-14T16:00:00,2018-08-14T09:30:00,288.4704970674738,289.93480756559546,287.0549120331362,288.51898459283456,80296745.89101416,2018-08-14T16:00:00
2018-08-15T16:00:00,2018-08-15T09:30:00,288.96224762483234,293.0789934767889,287.7473455747854,291.8519421035172,89920721.35027179,2018-08-15T16:00:00
2018-08-16T16:00:00,2018-08-16T09:30:00,291.4535385802734,291.64044250838214,287.9679523230808,288.1527395079325,72581098.74829091,2018-08-16T16:00:00
2018-08-17T16:00:00,2018-08-17T09:30:00,288.055361622856,292.16986460966996,287.46099464929756,291.5682492226143,67132726.26769684,2018-08-17T16:00:00
2018-08-20T16:00:00,2018-08-20T09:30:00,291.9986240112819,292.7701692424108,290.0895268443014,290.85805836951073,81386531.9206203,2018-08-20T16:00:00
2018-08-21T16:00:00,2018-08-21T09:30:00,290.2285251817015,290.67124226060344,289.609927518109,290.0523758973834,64525947.823665366,2018-08-21T16:00:00
2018-08-22T16:00:00,2018-08-22T09:30:00,290.00047058245815,294.49358543033344,289.76228461160855,294.2519076283904,72599160.94120291,2018-08-22T16:00:00
2018-08-23T16:00:00,2018-08-23T09:30:00,293.8748314139529,294.80205494987763,292.861808948112,293.7887609174322,69832125.93926072,2018-08-23T16:00:00
2018-08-24T16:00:00,2018-08-24T09:30:00,293.7486078934074,294.64691119813256,287.74138665362216,288.6240186143442,96248144.58828487,2018-08-24T16:00:00
2018-08-27T16:00:00,2018-08-27T09:30:00,289.08773634859443,292.0191086010068,288.36161697756427,291.2874640392254,69305068.39352441,2018-08-27T16:00:00
2018-08-28T16:00:00,2018-08-28T09:30:00,291.8604253811368,294.0805710896428,291.23351820680017,293.4502490232533,89418482.65264714,2018-08-28T16:00:00
2018-08-29T16:00:00,2018-08-29T09:30:00,293.8372716237358,294.51659811484757,291.84444740066806,292.5207301611898,65549216.22244504,2018-08-29T16:00:00
2018-08-30T16:00:00,2018-08-30T09:30:00,292.11407642737254,292.2787892241014,291.89255847234466,292.0572392205827,80541141.35129298,2018-08-30T16:00:00
2018-08-31T16:00:00,2018-08-31T09:30:00,291.89812242101567,293.94610000679694,290.4178014683277,292.4629147877428,64086088.91075261,2018-08-31T16:00:00
2018-09-04T16:00:00,2018-09-04T09:30:00,292.1313369816085,294.12534529689833,292.0659951201169,294.0595721414687,70088997.94610913,2018-09-04T16:00:00
2018-09-05T16:00:00,2018-09-05T09:30:00,293.6831266848932,299.648015521517,292.7572540359799,298.70630667182166,75466220.83835368,2018-09-05T16:00:00
2018-09-06T16:00:00,2018-09-06T09:30:00,298.6182007099356,304.39517439345445,297.62188028760346,303.38295666928855,69947785.26067418,2018-09-06T16:00:00
2018-09-07T16:00:00,2018-09-07T09:30:00,303.3207455180891,304.1961894014277,302.3513492489218,303.22652118212244,60594039.36947045,2018-09-07T16:00:00
2018-09-10T16:00:00,2018-09-10T09:30:00,303.68427589837944,308.2267579478987,303.04043327250605,307.5746672828496,60026117.0459954,2018-09-10T16:00:00
2018-09-11T16:00:00,2018-09-11T09:30:00,307.82225514680584,314.55205913899846,306.7974802493311,313.50835457720154,64664415.161762826,2018-09-11T16:00:00
2018-09-12T16:00:00,2018-09-12T09:30:00,313.5772405897856,314.4620110910025,312.6606617806442,313.54534227952576,87017679.83062065,2018-09-12T16:00:00
2018-09-13T16:00:00,2018-09-13T09:30:00,313.5701045785353,313.86518285982226,310.1318524652867,310.42397014565034,76309829.50022006,2018-09-13T16:00:00
2018-09-14T16:00:00,2018-09-14T09:30:00,310.14498815228666,313.3716127288843,308.76664377331343,311.98509057844063,82525951.1095898,2018-09-14T16:00:00
2018-09-17T16:00:00,2018-09-17T09:30:00,311.73564769687505,313.75011607338814,310.529622258963,312.54097503013253,75331955.4501668,2018-09-17T16:00:00
2018-09-18T16:00:00,2018-09-18T09:30:00,312.2821879340348,313.52924384774934,311.999862225227,313.24604674079166,55091670.08909743,2018-09-18T16:00:00
2018-09-19T16:00:00,2018-09-19T09:30:00,314.08245582496784,314.44256898500856,311.0963703977016,311.4534692771422,71587375.43988527,2018-09-19T16:00:00
2018-09-20T16:00:00,2018-09-20T09:30:00,311.25912669237283,313.84927877193263,307.80655969976067,310.38947494645356,58356855.25496981,2018-09-20T16:00:00
2018-09-21T16:00:00,2018-09-21T09:30:00,310.220642534819,310.2583183515625,308.527779994196,308.5652547666579,71372923.331114,2018-09-21T16:00:00
2018-09-24T16:00:00,2018-09-24T09:30:00,308.19570418661687,308.96056165749036,307.3856661342946,308.1504112003602,84983173.00155222,2018-09-24T16:00:00
2018-09-25T16:00:00,2018-09-25T09:30:00,309.02903051155556,310.2693938757382,308.2678218138033,309.5070078113247,56762083.71661846,2018-09-25T16:00:00
2018-09-26T16:00:00,2018-09-26T09:30:00,309.6477034555175,310.7034546366125,309.3266710807521,310.38166131890046,83738502.64676346,2018-09-26T16:00:00
2018-09-27T16:00:00,2018-09-27T09:30:00,309.8706018502819,310.65997764526486,307.68358964201866,308.4693959534425,87732258.65135731,2018-09-27T16:00:00
2018-09-28T16:00:00,2018-09-28T09:30:00,308.41768648452916,308.4462576754324,308.1821739545258,308.21072597302566,80549242.34827168,2018-09-28T16:00:00
2018-10-01T16:00:00,2018-10-01T09:30:00,308.60191831703605,312.0824759923046,308.2744774718459,311.75169309104496,88854607.7786967,2018-10-01T16:00:00
2018-10-02T16:00:00,2018-10-02T09:30:00,312.34691164942785,312.7848422782139,310.4734293079993,310.90934437422567,65799274.142996795,2018-10-02T16:00:00
2018-10-03T16:00:00,2018-10-03T09:30:00,310.94888583687344,311.3306314491873,308.9404852963206,309.3202314428147,66609236.57067962,2018-10-03T16:00:00
2018-10-04T16:00:00,2018-10-04T09:30:00,309.4753898025969,311.1782719519473,307.282795278534,308.9829678861272,84720237.29167278,2018-10-04T16:00:00
2018-10-05T16:00:00,2018-10-05T09:30:00,309.5515145773679,313.83688507617086,307.8937512937751,312.16512493877275,74437229.043559,2018-10-05T16:00:00
2018-10-08T16:00:00,2018-10-08T09:30:00,312.1266826523975,313.75472924660136,310.9001071025278,312.52658219698156,71572264.39470321,2018-10-08T16:00:00
2018-10-09T16:00:00,2018-10-09T09:30:00,311.8938501135968,312.33670486692887,309.505621173954,309.94570978359656,76538520.38052386,2018-10-09T16:00:00
2018-10-10T16:00:00,2018-10-10T09:30:00,309.38850657679114,309.8838546488581,309.26914949768445,309.7643525744477,82668316.84578425,2018-10-10T16:00:00
2018-10-11T16:00:00,2018-10-11T09:30:00,309.4893296783945,312.3458258757229,303.483874472802,306.3110359464789,83646330.92871186,2018-10-11T16:00:00
2018-10-12T16:00:00,2018-10-12T09:30:00,305.8968371694539,305.9709774691971,304.5487358556235,304.6225673102338,88519618.8697885,2018-10-12T16:00:00
2018-10-15T16:00:00,2018-10-15T09:30:00,304.5337933404661,306.9001638187852,303.6698107556384,306.031930918212,85835144.51446447,2018-10-15T16:00:00
2018-10-16T16:00:00,2018-10-16T09:30:00,306.10560529244003,306.429084833204,303.9057047022497,304.2271992224117,78027100.11394382,2018-10-16T16:00:00
2018-10-17T16:00:00,2018-10-17T09:30:00,304.49394353721203,305.7279281235216,304.1330470345025,305.3659980323807,69441321.64139175,2018-10-17T16:00:00
2018-10-18T16:00:00,2018-10-18T09:30:00,304.99979400553326,309.1215460017677,303.1765053808863,307.28459881504756,68122711.28857799,2018-10-18T16:00:00
2018-10-19T16:00:00,2018-10-19T09:30:00,306.9645976215857,310.85419939744185,305.9729338380418,309.85320383366127,78624085.13265899,2018-10-19T16:00:00
2018-10-22T16:00:00,2018-10-22T09:30:00,309.60713071240286,309.8470032621506,309.3717700067437,309.6116391292314,84286359.2335022,2018-10-22T16:00:00
2018-10-23T16:00:00,2018-10-23T09:30:00,310.2872023795393,311.6515423837113,309.64771883155964,311.0105680219824,77062836.37706703,2018-10-23T16:00:00
2018-10-24T16:00:00,2018-10-24T09:30:00,310.93586604819785,316.7338474442342,310.80807391278796,316.6037258641119,88401733.91539924,2018-10-24T16:00:00
2018-10-25T16:00:00,2018-10-25T09:30:00,316.9596205044349,317.1166483617156,313.9714882703338,314.1271128491554,77624104.67064564,2018-10-25T16:00:00
2018-10-26T16:00:00,2018-10-26T09:30:00,314.48124607419015,314.57587760622175,312.4685021855667,312.5625563586952,87246534.27873625,2018-10-26T16:00:00
2018-10-29T16:00:00,2018-10-29T09:30:00,312.5119641975705,312.81904179706714,312.4800551186002,312.78710462484406,65528521.19816728,2018-10-29T16:00:00
2018-10-30T16:00:00,2018-10-30T09:30:00,312.3408423617875,314.0109293113739,312.1460559867594,313.81522346213364,88619150.5302733,2018-10-30T16:00:00
2018-10-31T16:00:00,2018-10-31T09:30:00,313.14566626383714,317.7348703223575,311.12312429101564,315.69585720281907,61714602.46737621,2018-10-31T16:00:00
2018-11-01T16:00:00,2018-11-01T09:30:00,315.2762453394114,315.5165783663824,311.9439357535917,312.1819099888927,72775056.20384167,2018-11-01T16:00:00
2018-11-02T16:00:00,2018-11-02T09:30:00,312.1095718384166,312.8727940236232,308.3641856178205,309.1200974435054,72644872.05472255,2018-11-02T16:00:00
2018-11-05T16:00:00,2018-11-05T09:30:00,309.70432714586445,311.4370612010386,309.52429958682086,311.25613159593763,77942117.38783091,2018-11-05T16:00:00
2018-11-06T16:00:00,2018-11-06T09:30:00,311.6513806268752,312.00067470547646,310.3483426831718,310.69656662090676,62052748.88010095,2018-11-06T16:00:00
2018-11-07T16:00:00,2018-11-07T09:30:00,310.7409050702738,312.70998922319967,310.6016338902757,312.56989830546536,65245124.86215076,2018-11-07T16:00:00
2018-11-08T16:00:00,2018-11-08T09:30:00,313.03308343804645,317.76483947060586,310.38067009171414,315.09495533024364,77603368.72489274,2018-11-08T16:00:00
2018-11-09T16:00:00,2018-11-09T09:30:00,315.3606302519499,318.6051042749948,313.2219080318115,316.4589335484817,86777800.23365657,2018-11-09T16:00:00
2018-11-12T16:00:00,2018-11-12T09:30:00,316.6438402896007,319.8736706013562,316.5604558741554,319.7894578246861,84470561.83638911,2018-11-12T16:00:00
2018-11-13T16:00:00,2018-11-13T09:30:00,319.38353371848336,321.3061010950563,318.6338214697482,320.5536421654738,72531529.7917615,2018-11-13T16:00:00
2018-11-14T16:00:00,2018-11-14T09:30:00,320.6876527866054,321.2881224310165,318.7921559576636,319.39019618735915,74842556.14151666,2018-11-14T16:00:00
2018-11-15T16:00:00,2018-11-15T09:30:00,319.3172705087363,320.0408916871234,317.42938335669,318.1503601398809,76898955.36892425,2018-11-15T16:00:00
2018-11-16T16:00:00,2018-11-16T09:30:00,318.4078369062275,321.34862408360794,318.222715872558,321.1619018476763,71778714.35975571,2018-11-16T16:00:00
2018-11-19T16:00:00,2018-11-19T09:30:00,320.9104582548339,322.8695595914011,316.62881723109695,318.5736527854165,86610049.65833291,2018-11-19T16:00:00
2018-11-20T16:00:00,2018-11-20T09:30:00,318.8817518728401,322.1704450296081,318.38840271231993,321.67277780982334,77619117.55163437,2018-11-20T16:00:00
2018-11-21T16:00:00,2018-11-21T09:30:00,321.70439612900634,322.2803794932354,320.453422141334,321.0281948267359,62753789.59489727,2018-11-21T16:00:00
2018-11-23T13:00:00,2018-11-23T09:30:00,321.3953707933086,324.27722781660367,321.01197617754394,323.8908563200199,71423023.90961951,2018-11-23T13:00:00
2018-11-26T16:00:00,2018-11-26T09:30:00,324.20956206719137,325.22823616247126,320.61492945123626,321.62548431322966,59807070.08077185,2018-11-26T16:00:00
2018-11-27T16:00:00,2018-11-27T09:30:00,321.44513448688343,328.3653514365533,320.71942684615243,327.6256903209939,81670317.13175918,2018-11-27T16:00:00
2018-11-28T16:00:00,2018-11-28T09:30:00,327.89633438372516,332.586045892145,327.4256922831664,332.1093566801813,69469982.31632978,2018-11-28T16:00:00
2018-11-29T16:00:00,2018-11-29T09:30:00,331.8269667162069,332.64202249819544,330.9079782273422,331.72277809420837,60670249.59310475,2018-11-29T16:00:00
2018-11-30T16:00:00,2018-11-30T09:30:00,331.65527857942595,338.5285297539657,330.3920585693049,337.24402314170527,81747836.36332187,2018-11-30T16:00:00
2018-12-03T16:00:00,2018-12-03T09:30:00,337.4631888724271,339.5925612670657,332.566758263059,334.67855981608466,79264936.73978834,2018-12-03T16:00:00
2018-12-04T16:00:00,2018-12-04T09:30:00,335.09492277100867,336.73152080467696,333.0430217241987,334.6775814698884,79508716.84129918,2018-12-04T16:00:00
2018-12-06T16:00:00,2018-12-06T09:30:00,334.95361453321783,336.38471289339003,330.64993682273126,332.0687093476199,67367007.05543932,2018-12-06T16:00:00
2018-12-07T16:00:00,2018-12-07T09:30:00,332.2208595601627,332.2583106178429,330.5892980537451,330.6265693880531,56269119.77671255,2018-12-07T16:00:00
2018-12-10T16:00:00,2018-12-10T09:30:00,331.49972729512075,331.56239477725524,330.00480760518155,330.06720427982185,77013962.28844555,2018-12-10T16:00:00
2018-12-11T16:00:00,2018-12-11T09:30:00,330.5438151014438,331.1412692350716,327.5758326996768,328.1689943722255,82342206.65354352,2018-12-11T16:00:00
2018-12-12T16:00:00,2018-12-12T09:30:00,329.0082826790739,331.3889778854913,321.79223312699713,324.13768481647486,85450967.98136577,2018-12-12T16:00:00
2018-12-13T16:00:00,2018-12-13T09:30:00,323.80913563291426,326.90819551466194,318.73813307341607,321.8181378368379,88112107.96218169,2018-12-13T16:00:00
2018-12-14T16:00:00,2018-12-14T09:30:00,321.0946827894746,323.02907698911207,318.22259128281945,320.15130220575696,87922026.74552608,2018-12-14T16:00:00
2018-12-17T16:00:00,2018-12-17T09:30:00,319.9973490627032,323.09700573427244,319.68726458991756,322.78422072152426,65487409.802314535,2018-12-17T16:00:00
2018-12-18T16:00:00,2018-12-18T09:30:00,323.6882175321166,324.57859518116135,321.1327956949587,322.0185806300922,85641588.80241744,2018-12-18T16:00:00
2018-12-19T16:00:00,2018-12-19T09:30:00,322.8350278608396,323.50586275425024,321.66231513169333,322.33210497673485,55896804.47436898,2018-12-19T16:00:00
2018-12-20T16:00:00,2018-12-20T09:30:00,322.1206908031467,327.09478519107546,320.9249278475452,325.88504834485303,74518667.31375511,2018-12-20T16:00:00
2018-12-21T16:00:00,2018-12-21T09:30:00,326.31647739597076,327.81833205444593,325.4587729807439,326.9589389653003,74956839.77978247,2018-12-21T16:00:00
2018-12-24T13:00:00,2018-12-24T09:30:00,326.05320897441675,329.0998319204068,324.51622413121765,327.55576417019006,59344316.33024548,2018-12-24T13:00:00
2018-12-26T16:00:00,2018-12-26T09:30:00,327.8446751146051,328.79058904418247,326.50113085112184,327.44589419796137,87818267.33467786,2018-12-26T16:00:00
2018-12-27T16:00:00,2018-12-27T09:30:00,328.18127600987924,330.0340698440848,322.2911740171267,324.1210452439856,81381003.43334968,2018-12-27T16:00:00
2018-12-28T16:00:00,2018-12-28T09:30:00,323.34754516609274,324.00816715207594,319.59502918699394,320.24932128166927,71533759.58844131,2018-12-28T16:00:00
2018-12-31T16:00:00,2018-12-31T09:30:00,320.0944069083249,320.52500418701555,314.3127243202069,314.7361135174605,62170655.511943154,2018-12-31T16:00:00
2019-01-02T16:00:00,2019-01-02T09:30:00,315.1076669961856,319.1592539910355,312.82309128638235,316.8619594100136,62067265.36309047,2019-01-02T16:00:00
2019-01-03T16:00:00,2019-01-03T09:30:00,316.91587451726724,319.7072319103548,315.09110672798687,317.87693046348465,79403616.6776733,2019-01-03T16:00:00
2019-01-04T16:00:00,2019-01-04T09:30:00,318.4953022794098,319.36711174992337,313.72565376657667,314.586764491347,62167639.452982664,2019-01-04T16:00:00
2019-01-07T16:00:00,2019-01-07T09:30:00,315.56359313394256,315.56775403452116,315.326637794114,315.33079562511386,73660592.91100723,2019-01-07T16:00:00
2019-01-08T16:00:00,2019-01-08T09:30:00,315.3621527338671,315.9963855521027,314.97205011133815,315.60598131389884,77361278.56825227,2019-01-08T16:00:00
2019-01-09T16:00:00,2019-01-09T09:30:00,315.329299567974,316.78655232803527,311.1567840008645,312.6014302728358,76464456.67922768,2019-01-09T16:00:00
2019-01-10T16:00:00,2019-01-10T09:30:00,311.92125679066186,312.0242188588863,308.5711114307615,308.6730012825276,78920628.11581935,2019-01-10T16:00:00
2019-01-11T16:00:00,2019-01-11T09:30:00,309.3772282163663,309.6932203247859,309.08281485136564,309.3987864442791,85252866.22570364,2019-01-11T16:00:00
2019-01-14T16:00:00,2019-01-14T09:30:00,309.664345394798,309.9741585878407,306.51756695610663,306.8245389777107,90550195.98709142,2019-01-14T16:00:00
2019-01-15T16:00:00,2019-01-15T09:30:00,306.1706430040154,306.6911230981537,305.8679743889619,306.3882393756301,54780713.74870089,2019-01-15T16:00:00
2019-01-16T16:00:00,2019-01-16T09:30:00,305.52466393617675,307.74326859925543,300.3520331143875,302.54902984709287,75465083.94527313,2019-01-16T16:00:00
2019-01-17T16:00:00,2019-01-17T09:30:00,302.332221849495,303.7834909569801,298.3708071675536,299.80996883954197,89152574.57748877,2019-01-17T16:00:00
2019-01-18T16:00:00,2019-01-18T09:30:00,300.48252126556054,306.0224149882663,296.7416216985336,302.2593939933767,66813218.15829998,2019-01-18T16:00:00
2019-01-22T16:00:00,2019-01-22T09:30:00,302.6805732489382,310.2077235037115,301.4987466301493,309.00121771309654,72319639.24096617,2019-01-22T16:00:00
2019-01-23T16:00:00,2019-01-23T09:30:00,309.65978169377564,309.6652489496449,308.61104809677084,308.6164969327319,77997190.11238654,2019-01-23T16:00:00
2019-01-24T16:00:00,2019-01-24T09:30:00,309.6660938210062,315.1778338315458,306.75713039123144,312.2446477975879,73055395.74841356,2019-01-24T16:00:00
2019-01-25T16:00:00,2019-01-25T09:30:00,312.231085594537,320.06056369085934,309.4180717173286,317.20275804168466,83414587.69248761,2019-01-25T16:00:00
2019-01-28T16:00:00,2019-01-28T09:30:00,317.65912164324,319.1746625755774,311.3552601554038,312.8478466574071,90613789.01642324,2019-01-28T16:00:00
2019-01-29T16:00:00,2019-01-29T09:30:00,311.64551490822174,314.73247035213376,307.89553110450646,310.9758533212984,76818717.97513145,2019-01-29T16:00:00
2019-01-30T16:00:00,2019-01-30T09:30:00,309.8158944872624,313.07435564519193,307.73179903744233,310.9824131600795,87593275.14433709,2019-01-30T16:00:00
2019-01-31T16:00:00,2019-01-31T09:30:00,310.9203370734625,316.9459299052753,309.7860682357237,315.79388188313516,67233304.17895629,2019-01-31T16:00:00
2019-02-01T16:00:00,2019-02-01T09:30:00,314.9259680475424,323.2985209384191,314.41688980008604,322.776751888411,72341978.31583017,2019-02-01T16:00:00
2019-02-04T16:00:00,2019-02-04T09:30:00,322.4122884105821,328.8041609824427,320.6613490049629,327.02815398104974,74629571.60885684,2019-02-04T16:00:00
2019-02-05T16:00:00,2019-02-05T09:30:00,327.5324174172737,327.91156401876367,322.64211418565816,323.01603268809583,85458087.42799984,2019-02-05T16:00:00
2019-02-06T16:00:00,2019-02-06T09:30:00,323.52734150593227,326.0468033451132,321.5219749157602,324.03826979380057,54189689.41849075,2019-02-06T16:00:00
2019-02-07T16:00:00,2019-02-07T09:30:00,323.4062347396941,328.79205511636167,318.9576564874266,324.3307596649972,88479186.24399322,2019-02-07T16:00:00
2019-02-08T16:00:00,2019-02-08T09:30:00,324.6593851958816,327.52074342811767,319.635871464735,322.4780042794178,82826347.4686731,2019-02-08T16:00:00
2019-02-11T16:00:00,2019-02-11T09:30:00,321.56952190040334,323.27317165944226,312.27767088888817,313.94090484129924,78925266.14427114,2019-02-11T16:00:00
2019-02-12T16:00:00,2019-02-12T09:30:00,314.89664922601276,323.5926951708289,312.0754083760118,320.71928778996215,90020487.72412914,2019-02-12T16:00:00
2019-02-13T16:00:00,2019-02-13T09:30:00,321.8867241164803,323.3077354387861,318.8050990166527,320.2187468336423,66107654.57523789,2019-02-13T16:00:00
2019-02-14T16:00:00,2019-02-14T09:30:00,321.2535843220651,322.57264217492485,315.466144111231,316.7667792733486,78759554.40326273,2019-02-14T16:00:00
2019-02-15T16:00:00,2019-02-15T09:30:00,316.39391716794034,317.04357568560624,309.94692049330155,310.5846507177038,91796099.11925898,2019-02-15T16:00:00
2019-02-19T16:00:00,2019-02-19T09:30:00,312.6177740763655,315.3000930884819,309.73816259153733,312.41877414701446,79068069.27081248,2019-02-19T16:00:00
2019-02-20T16:00:00,2019-02-20T09:30:00,311.89647076031207,312.24269178391893,309.82847352237997,310.1727811624352,86303246.75480236,2019-02-20T16:00:00
2019-02-21T16:00:00,2019-02-21T09:30:00,309.8775321750146,311.4251075795234,306.40592251876456,307.9438407750786,73120990.4748039,2019-02-21T16:00:00
2019-02-22T16:00:00,2019-02-22T09:30:00,307.42681589566456,311.12120068298,305.9584937335382,309.64229701054757,88386988.25265104,2019-02-22T16:00:00
2019-02-25T16:00:00,2019-02-25T09:30:00,309.78822930568685,309.80298780293924,304.8269257077497,304.84144853739605,76552153.90801029,2019-02-25T16:00:00
2019-02-26T16:00:00,2019-02-26T09:30:00,307.001645271231,307.85257576465017,302.48721704792746,303.32796503390676,91741140.59799482,2019-02-26T16:00:00
2019-02-27T16:00:00,2019-02-27T09:30:00,304.86828769447504,310.2986220541104,304.18764160056605,309.6073954724044,67329751.36727394,2019-02-27T16:00:00
2019-02-28T16:00:00,2019-02-28T09:30:00,310.2059482099984,318.90660806896716,307.26692972050824,315.9135137605578,82390087.62405762,2019-02-28T16:00:00
2019-03-01T16:00:00,2019-03-01T09:30:00,317.35700578394466,318.629661301405,314.29619792632417,315.561653777177,68959835.41349941,2019-03-01T16:00:00
2019-03-04T16:00:00,2019-03-04T09:30:00,315.6887267966436,316.04046695142415,313.066360830266,313.4155682333928,75837091.47704303,2019-03-04T16:00:00
2019-03-05T16:00:00,2019-03-05T09:30:00,312.81514970253005,317.614016827424,311.24189080556516,316.0246163784683,61861737.78650028,2019-03-05T16:00:00
2019-03-06T16:00:00,2019-03-06T09:30:00,316.4308909453905,324.1944975832531,313.5518327981304,321.2713979046611,67698246.7354038,2019-03-06T16:00:00
2019-03-07T16:00:00,2019-03-07T09:30:00,322.2285322018045,329.8162076002193,319.7347568962894,327.2833125854426,90489812.05927834,2019-03-07T16:00:00
2019-03-08T16:00:00,2019-03-08T09:30:00,328.4770129527548,330.73933514700656,323.9303093971386,326.17678924338963,89255505.78226069,2019-03-08T16:00:00
2019-03-11T16:00:00,2019-03-11T09:30:00,325.9995732242556,330.8776252787114,322.1985143787586,327.0641537384971,59012256.944109954,2019-03-11T16:00:00
2019-03-12T16:00:00,2019-03-12T09:30:00,326.38321166797687,330.1887088274498,319.3322037084594,323.0994130954821,87281683.73967032,2019-03-12T16:00:00
2019-03-13T16:00:00,2019-03-13T09:30:00,321.7988626415173,331.1160591350881,320.07919188627096,329.3560035441192,91139241.967569,2019-03-13T16:00:00
2019-03-14T16:00:00,2019-03-14T09:30:00,329.49543880238684,330.21142591045594,321.2083602741786,321.90785972213723,92466816.89494176,2019-03-14T16:00:00
2019-03-15T16:00:00,2019-03-15T09:30:00,322.5449449332662,324.0593986248351,322.1171582153921,323.63017258514674,64887687.06275502,2019-03-15T16:00:00
2019-03-18T16:00:00,2019-03-18T09:30:00,324.13020881449603,325.55183616459055,318.5606183041636,319.9639726419663,67588658.44646342,2019-03-18T16:00:00
2019-03-19T16:00:00,2019-03-19T09:30:00,319.8717324456716,323.692375904957,314.5667759897305,318.36947605017997,59666792.84679061,2019-03-19T16:00:00
2019-03-20T16:00:00,2019-03-20T09:30:00,318.58882365001307,322.38663223299045,315.22976174231553,319.0229926364489,54733983.0006649,2019-03-20T16:00:00
2019-03-21T16:00:00,2019-03-21T09:30:00,318.9542094937712,321.1834621809168,310.557102865203,312.7429434224316,81622042.53999837,2019-03-21T16:00:00
2019-03-22T16:00:00,2019-03-22T09:30:00,311.5737248262329,313.6548990755001,310.60118388775714,312.67890843565664,60273715.71911405,2019-03-22T16:00:00
2019-03-25T16:00:00,2019-03-25T09:30:00,312.45833300761143,314.0319943736116,310.0085806848961,311.5778073822959,86833850.58233306,2019-03-25T16:00:00
2019-03-26T16:00:00,2019-03-26T09:30:00,309.96626317414314,311.65122355091216,305.94819809868466,307.62040652151916,87308781.51607749,2019-03-26T16:00:00
2019-03-27T16:00:00,2019-03-27T09:30:00,308.3600959276789,311.7934744697313,298.96179695552485,302.32801237725323,89927715.33967409,2019-03-27T16:00:00
2019-03-28T16:00:00,2019-03-28T09:30:00,302.5235720858238,314.4877646596128,299.24048895043484,311.11148275465143,74368599.68651654,2019-03-28T16:00:00
2019-03-29T16:00:00,2019-03-29T09:30:00,309.5707850147772,310.2191049907082,309.2205087880404,309.86849191161474,54650472.251536,2019-03-29T16:00:00
2019-04-01T16:00:00,2019-04-01T09:30:00,309.5901904949959,312.64851430256124,301.66712110101685,304.6769084630718,95776603.77663724,2019-04-01T16:00:00
2019-04-02T16:00:00,2019-04-02T09:30:00,304.4338851873058,310.50124631132894,302.3018856765227,308.3418784942438,84626314.30583999,2019-04-02T16:00:00
2019-04-03T16:00:00,2019-04-03T09:30:00,308.73165301778425,314.0210050445738,293.23618965142043,298.34763729400476,74035263.35629414,2019-04-03T16:00:00
2019-04-04T16:00:00,2019-04-04T09:30:00,297.4701990108872,299.0209436721825,292.8084530000672,294.3428946820782,61040392.50294739,2019-04-04T16:00:00
2019-04-05T16:00:00,2019-04-05T09:30:00,294.04450480562303,298.9050278075846,293.49154721132186,298.3439849399559,93821586.674957,2019-04-05T16:00:00
2019-04-08T16:00:00,2019-04-08T09:30:00,298.03300443132514,298.0945743220715,294.492372279849,294.55322329133895,66898802.25744776,2019-04-08T16:00:00
2019-04-09T16:00:00,2019-04-09T09:30:00,294.58425716807113,298.67591192272835,292.0463744576592,296.12475759543656,72896672.50481772,2019-04-09T16:00:00
2019-04-10T16:00:00,2019-04-10T09:30:00,295.53055639849117,295.5358016446982,293.30581276534997,293.3110186179245,78979756.92328006,2019-04-10T16:00:00
2019-04-11T16:00:00,2019-04-11T09:30:00,294.38068354689966,295.6448799610475,294.23767623457695,295.50132825027725,57544343.581737265,2019-04-11T16:00:00
2019-04-12T16:00:00,2019-04-12T09:30:00,296.2478469666856,301.88809149764774,295.72461814393404,301.3558410069392,64487882.94814118,2019-04-12T16:00:00
2019-04-15T16:00:00,2019-04-15T09:30:00,300.2948643606076,303.5492733550792,299.3445971068204,302.5917377665889,86978364.90833491,2019-04-15T16:00:00
2019-04-16T16:00:00,2019-04-16T09:30:00,303.42322092586085,308.0766731328008,302.77374524478,307.4186452686066,61825856.493356414,2019-04-16T16:00:00
2019-04-17T16:00:00,2019-04-17T09:30:00,308.0049119915026,310.4319377969666,306.52462881862806,308.9471263067122,73444582.56465164,2019-04-17T16:00:00
2019-04-18T16:00:00,2019-04-18T09:30:00,310.4981102474437,314.1081744233876,306.5128174995015,310.1184676904665,72716371.85305253,2019-04-18T16:00:00
2019-04-22T16:00:00,2019-04-22T09:30:00,311.231943157973,315.3685179105263,307.0241918189923,311.1598078228939,67696323.84948866,2019-04-22T16:00:00
2019-04-23T16:00:00,2019-04-23T09:30:00,311.20147019778375,315.4456617169283,306.37995589000934,310.6161649677736,65713819.34854418,2019-04-23T16:00:00
2019-04-24T16:00:00,2019-04-24T09:30:00,310.4498995052144,312.0885583995972,305.01231302759294,306.6308135026739,90689893.72879812,2019-04-24T16:00:00
2019-04-25T16:00:00,2019-04-25T09:30:00,306.8836277351322,311.66610068249673,306.56593638695307,311.34379209344826,65369910.44566713,2019-04-25T16:00:00
2019-04-26T16:00:00,2019-04-26T09:30:00,311.5922009401367,315.1031404119393,308.3905545475074,311.89834831910144,66089909.79714192,2019-04-26T16:00:00
2019-04-29T16:00:00,2019-04-29T09:30:00,310.66715751078266,311.14561617068057,310.4762220576407,310.95450411485393,57801071.29585906,2019-04-29T16:00:00
2019-04-30T16:00:00,2019-04-30T09:30:00,311.3846913245652,314.55311066241427,303.57894638694876,306.69969467871226,68818803.18914905,2019-04-30T16:00:00
2019-05-01T16:00:00,2019-05-01T09:30:00,305.7743544465827,306.0510119077313,304.88830500010516,305.1644105983718,87980462.14461803,2019-05-01T16:00:00
2019-05-02T16:00:00,2019-05-02T09:30:00,305.63337196175695,307.37213585395796,300.22258868199293,301.9403427419922,64641152.04091664,2019-05-02T16:00:00
2019-05-03T16:00:00,2019-05-03T09:30:00,301.7587570418726,302.976643273502,301.708516248287,302.92620810720433,79667395.95451811,2019-05-03T16:00:00
2019-05-06T16:00:00,2019-05-06T09:30:00,302.8811027787048,310.432441714635,302.05206933080706,309.58505848043836,91457911.32855892,2019-05-06T16:00:00
2019-05-07T16:00:00,2019-05-07T09:30:00,309.8345123269602,311.4254837645186,305.5165303942994,307.0934266113517,68128318.93704832,2019-05-07T16:00:00
2019-05-08T16:00:00,2019-05-08T09:30:00,306.7877211852977,308.37022235810207,299.45856325185923,301.0112677813984,71548528.57400519,2019-05-08T16:00:00
2019-05-09T16:00:00,2019-05-09T09:30:00,302.4501537706394,304.51890892505145,292.728079716114,294.74412573808337,97045176.68144913,2019-05-09T16:00:00
2019-05-10T16:00:00,2019-05-10T09:30:00,294.38593690390223,297.9977996255595,291.651996575056,295.25578111810853,54779145.58144216,2019-05-10T16:00:00
2019-05-13T16:00:00,2019-05-13T09:30:00,294.4027192881135,299.1740300144319,286.937287487486,291.6642159803868,88272366.63147056,2019-05-13T16:00:00
2019-05-14T16:00:00,2019-05-14T09:30:00,290.7143486501875,291.3274062008523,285.4432327396754,286.04644663249877,91148167.59559976,2019-05-14T16:00:00
2019-05-15T16:00:00,2019-05-15T09:30:00,285.77594721226137,287.7521474680653,281.25248661699806,283.21094937800706,68076170.90983306,2019-05-15T16:00:00
2019-05-16T16:00:00,2019-05-16T09:30:00,283.45574515965956,285.6876447563746,282.48793993125634,284.7155382064486,80746650.87644376,2019-05-16T16:00:00
2019-05-17T16:00:00,2019-05-17T09:30:00,284.74628505347755,294.4156102357037,282.5340787951893,292.1459159237359,79480940.83254582,2019-05-17T16:00:00
2019-05-20T16:00:00,2019-05-20T09:30:00,291.462879921056,293.725212273418,291.0859017553581,293.3457987400235,78623919.01367444,2019-05-20T16:00:00
2019-05-21T16:00:00,2019-05-21T09:30:00,293.3916613832313,295.0587104112003,286.999911662169,288.6399615705427,77330910.51918365,2019-05-21T16:00:00
2019-05-22T16:00:00,2019-05-22T09:30:00,288.78975632716435,288.97998035133116,288.1094629092781,288.29936391499973,78774541.60290128,2019-05-22T16:00:00
2019-05-23T16:00:00,2019-05-23T09:30:00,288.71817203369756,291.3689932509713,287.32626649004607,289.9710476148152,62078991.436201006,2019-05-23T16:00:00
2019-05-24T16:00:00,2019-05-24T09:30:00,289.25798496569234,290.86429687982707,281.4938066780449,283.0657316754742,82911153.15818243,2019-05-24T16:00:00
2019-05-28T16:00:00,2019-05-28T09:30:00,283.2260528020284,288.5568353401566,280.55231478297554,285.85824861125144,57787190.779213786,2019-05-28T16:00:00
2019-05-29T16:00:00,2019-05-29T09:30:00,285.66637160549544,292.1359264810115,283.73694886192106,290.176044897752,87810858.10057673,2019-05-29T16:00:00
2019-05-30T16:00:00,2019-05-30T09:30:00,290.68471225720066,295.7634088517052,288.6209697860671,293.6784123354267,68992284.77517776,2019-05-30T16:00:00
2019-05-31T16:00:00,2019-05-31T09:30:00,293.03200734687886,293.3880145478344,289.8930843017129,290.24570640078207,91192616.65345386,2019-05-31T16:00:00
2019-06-03T16:00:00,2019-06-03T09:30:00,290.05507470976465,290.6025713292064,285.3418995318546,285.8815183093985,61083761.69804153,2019-06-03T16:00:00
2019-06-04T16:00:00,2019-06-04T09:30:00,286.33291694016043,288.4828729364059,281.9861560188684,284.1194923208666,90603911.61869967,2019-06-04T16:00:00
2019-06-05T16:00:00,2019-06-05T09:30:00,284.87034592477295,286.8867854113197,278.15798066228353,280.1409433258309,67698988.02833626,2019-06-05T16:00:00
2019-06-06T16:00:00,2019-06-06T09:30:00,280.356902658348,283.3117206633725,278.07298001608996,281.02237674799164,84230535.26277721,2019-06-06T16:00:00
2019-06-07T16:00:00,2019-06-07T09:30:00,279.8411991051814,281.7321160385205,278.4136020494956,280.3021673743299,61935865.525043614,2019-06-07T16:00:00
2019-06-10T16:00:00,2019-06-10T09:30:00,279.8710014679252,280.0018835604481,275.36261770016756,275.4914516896849,94092603.94337939,2019-06-10T16:00:00
2019-06-11T16:00:00,2019-06-11T09:30:00,276.2433265221956,280.77694294765803,274.5486281680962,279.06493458430344,71611879.73379669,2019-06-11T16:00:00
2019-06-12T16:00:00,2019-06-12T09:30:00,280.03605171907225,280.34864444073906,276.89522289386156,277.20465504392564,85298791.89363794,2019-06-12T16:00:00
2019-06-13T16:00:00,2019-06-13T09:30:00,277.38389160052463,278.192461501082,277.1062946088088,277.9143336597949,58849775.75172887,2019-06-13T16:00:00
2019-06-14T16:00:00,2019-06-14T09:30:00,278.8228470151962,279.3163921498184,276.98926357659644,277.48043249936933,55846563.08000424,2019-06-14T16:00:00
2019-06-17T16:00:00,2019-06-17T09:30:00,277.83499890443034,281.70719827981964,271.99935923832305,275.8438072829463,86690684.80912903,2019-06-17T16:00:00
2019-06-18T16:00:00,2019-06-18T09:30:00,276.49715342403874,281.1271752271209,275.2548700648043,279.8697390644425,72949184.4809891,2019-06-18T16:00:00
2019-06-19T16:00:00,2019-06-19T09:30:00,278.4469183920916,285.02992091677856,273.5077440038279,280.0620960264719,57782518.8694759,2019-06-19T16:00:00
2019-06-20T16:00:00,2019-06-20T09:30:00,281.51691583963884,283.4246708475241,273.82141237979977,275.68967795872373,85275030.89547966,2019-06-20T16:00:00
2019-06-21T16:00:00,2019-06-21T09:30:00,275.7109605990127,277.7370029884692,275.07052037447846,277.09335165170984,85560049.45265989,2019-06-21T16:00:00
2019-06-24T16:00:00,2019-06-24T09:30:00,277.0650386260057,278.7246328836331,275.57222686293994,277.2309273210589,69408972.97936213,2019-06-24T16:00:00
2019-06-25T16:00:00,2019-06-25T09:30:00,276.3633398918584,277.6663252116453,271.8449636140306,273.13271734138306,67101262.53913545,2019-06-25T16:00:00
2019-06-26T16:00:00,2019-06-26T09:30:00,272.9003292465006,273.757457682874,269.246716122907,270.0950336552028,73195983.28773238,2019-06-26T16:00:00
2019-06-27T16:00:00,2019-06-27T09:30:00,270.4908832932397,284.5016292445106,270.0630527718052,284.0523487991889,111809085.41164896,2019-06-27T16:00:00
2019-06-28T16:00:00,2019-06-28T09:30:00,283.31877798975654,286.30377876272155,279.4976184613611,282.47371579587485,62161184.721308425,2019-06-28T16:00:00
2019-07-01T16:00:00,2019-07-01T09:30:00,281.0490811044122,282.7204523399179,276.6220733097698,278.276959007891,72647066.03374328,2019-07-01T16:00:00
2019-07-02T16:00:00,2019-07-02T09:30:00,278.23987543931986,280.0425720453592,271.4131709860364,273.1831051325065,96318504.30234939,2019-07-02T16:00:00
2019-07-03T13:00:00,2019-07-03T09:30:00,273.3951313394317,278.2483588880294,271.5527349520119,276.38580847401187,62455860.82008236,2019-07-03T13:00:00
2019-07-05T16:00:00,2019-07-05T09:30:00,277.15403006095636,284.57868159258845,275.0030858357446,282.3871242336321,79767058.11220823,2019-07-05T16:00:00
2019-07-08T16:00:00,2019-07-08T09:30:00,282.2487152182006,282.3491670772613,279.7110122389123,279.8105963754391,61304057.39294616,2019-07-08T16:00:00
2019-07-09T16:00:00,2019-07-09T09:30:00,278.83384544435876,281.1141150638043,274.790469354081,277.0562016163099,63633954.18188469,2019-07-09T16:00:00
2019-07-10T16:00:00,2019-07-10T09:30:00,276.4524635549411,277.0997070632499,273.06015899105205,273.7009605511343,83208551.03039737,2019-07-10T16:00:00
2019-07-11T16:00:00,2019-07-11T09:30:00,273.7154136451327,280.11477894947745,273.5607724253259,279.9566116349676,100268362.88433118,2019-07-11T16:00:00
2019-07-12T16:00:00,2019-07-12T09:30:00,280.58422117807373,282.22725211487244,277.1487785907654,278.78125179031946,60530888.89563103,2019-07-12T16:00:00
2019-07-15T16:00:00,2019-07-15T09:30:00,279.2365429317937,280.94749559744804,275.84012375335317,277.54068547300443,63780381.09460193,2019-07-15T16:00:00
2019-07-16T16:00:00,2019-07-16T09:30:00,276.45375016832736,278.4088448850862,270.559075396301,272.48611076923675,63675507.56582352,2019-07-16T16:00:00
2019-07-17T16:00:00,2019-07-17T09:30:00,272.6320755274879,276.67315019799196,271.98721310015924,276.0202735939558,71675756.4838894,2019-07-17T16:00:00
2019-07-18T16:00:00,2019-07-18T09:30:00,276.8419781073165,278.39385618610095,275.4692799312511,277.02027394479165,58733464.57140517,2019-07-18T16:00:00
2019-07-19T16:00:00,2019-07-19T09:30:00,277.662246618784,282.6432320897643,277.65016473546336,282.6309340045581,95122244.72541827,2019-07-19T16:00:00
2019-07-22T16:00:00,2019-07-22T09:30:00,282.4670408274339,289.71424649278305,281.36494429720176,288.5882668858564,72680475.80163708,2019-07-22T16:00:00
2019-07-23T16:00:00,2019-07-23T09:30:00,288.2371946081402,289.63961375670453,286.5912449709046,287.9924734276498,75879812.23957998,2019-07-23T16:00:00
2019-07-24T16:00:00,2019-07-24T09:30:00,288.3350018874962,289.70674203251446,287.7346692221001,289.10480658250543,83218140.31265971,2019-07-24T16:00:00
2019-07-25T16:00:00,2019-07-25T09:30:00,289.7734000794201,291.03600348279764,288.9993703946878,290.2606722186236,70637851.9939793,2019-07-25T16:00:00
2019-07-26T16:00:00,2019-07-26T09:30:00,289.1845789611069,289.94948231045686,286.6521285069102,287.41234423327535,84560540.07093388,2019-07-26T16:00:00
2019-07-29T16:00:00,2019-07-29T09:30:00,286.8351234758326,287.8810831387234,284.0149553430283,285.0544215809469,67048583.82826652,2019-07-29T16:00:00
2019-07-30T16:00:00,2019-07-30T09:30:00,285.36011291325315,286.7410999207082,281.09640551682065,282.46337389036876,62081367.01129422,2019-07-30T16:00:00
2019-07-31T16:00:00,2019-07-31T09:30:00,282.61625749901253,285.2548773554007,282.5809710206947,285.2192658745532,81882275.73039977,2019-07-31T16:00:00
2019-08-01T16:00:00,2019-08-01T09:30:00,285.25845575368396,286.9719190680785,279.27333547277624,280.96098515018554,87039817.07209608,2019-08-01T16:00:00
2019-08-02T16:00:00,2019-08-02T09:30:00,280.91217103482296,282.76018390505806,273.11791643991006,274.9265522317378,95558516.29772203,2019-08-02T16:00:00
2019-08-05T16:00:00,2019-08-05T09:30:00,274.4798065420073,277.2529377849175,274.07082882004653,276.8404426909259,90781729.55120176,2019-08-05T16:00:00
2019-08-06T16:00:00,2019-08-06T09:30:00,277.0759511354315,278.2134791101651,276.0369712982149,277.1741311174973,57817993.23441916,2019-08-06T16:00:00
2019-08-07T16:00:00,2019-08-07T09:30:00,277.4109719432889,278.5502156526205,273.0394624150891,274.16537744064766,76773060.73291582,2019-08-07T16:00:00
2019-08-08T16:00:00,2019-08-08T09:30:00,272.8672287319829,275.1886688592332,272.56732324557834,274.88654396480405,67151774.95580222,2019-08-08T16:00:00
2019-08-09T16:00:00,2019-08-09T09:30:00,275.01232822895577,275.8201383947719,274.8587517118893,275.66619673462844,61856446.9705959,2019-08-09T16:00:00
2019-08-12T16:00:00,2019-08-12T09:30:00,275.65112263085047,277.657013956681,274.0250634024414,276.02872724787443,54502871.47219162,2019-08-12T16:00:00
2019-08-13T16:00:00,2019-08-13T09:30:00,276.00166628127454,276.43809575321234,273.7803508603856,274.21395349958794,75798361.00187245,2019-08-13T16:00:00
2019-08-14T16:00:00,2019-08-14T09:30:00,273.66699156301564,276.26701383306323,273.57017622801936,276.16931325022966,89706755.54956995,2019-08-14T16:00:00
2019-08-15T16:00:00,2019-08-15T09:30:00,276.36946387367095,276.65283146053446,275.38320005251643,275.6658462049709,77960818.20946857,2019-08-15T16:00:00
2019-08-16T16:00:00,2019-08-16T09:30:00,275.5761747886415,276.0269556252963,275.16407191623307,275.6147949993474,85786970.12459373,2019-08-16T16:00:00
2019-08-19T16:00:00,2019-08-19T09:30:00,275.34888153357343,278.11787326060374,274.6318924224381,277.39555475642106,59515054.744216554,2019-08-19T16:00:00
2019-08-20T16:00:00,2019-08-20T09:30:00,277.78930784882556,279.0554268425626,275.84776433337015,277.11079075530756,88726566.95797822,2019-08-20T16:00:00
2019-08-21T16:00:00,2019-08-21T09:30:00,277.35932694662677,279.0958116983106,274.30483766180447,276.03301869396995,68219698.85642378,2019-08-21T16:00:00
2019-08-22T16:00:00,2019-08-22T09:30:00,276.3578669859513,276.61259869491806,275.20540458117466,275.4593080471948,75478747.11663476,2019-08-22T16:00:00
2019-08-23T16:00:00,2019-08-23T09:30:00,275.2876342232494,276.8033424281345,271.00973920469556,272.51015486560874,85910030.70911443,2019-08-23T16:00:00
2019-08-26T16:00:00,2019-08-26T09:30:00,271.5237681601856,274.43901280508726,268.9989672736363,271.9106147724165,65158291.65007083,2019-08-26T16:00:00
2019-08-27T16:00:00,2019-08-27T09:30:00,271.281552598181,273.457847640318,267.7223824668031,269.887493988306,87867204.53353755,2019-08-27T16:00:00
2019-08-28T16:00:00,2019-08-28T09:30:00,269.2789366489548,270.9840991454804,264.88540661511445,266.57343700100614,73254578.44850461,2019-08-28T16:00:00
2019-08-29T16:00:00,2019-08-29T09:30:00,265.86785262270064,267.1096203509191,261.92079494680615,263.14986800150507,88296576.74900614,2019-08-29T16:00:00
2019-08-30T16:00:00,2019-08-30T09:30:00,263.5679811092897,263.6239694732529,260.5932087316738,260.64857694192034,87356605.08179903,2019-08-30T16:00:00
2019-09-03T16:00:00,2019-09-03T09:30:00,261.5242284657156,262.1879408322912,259.41264654936305,260.0726750739385,81702856.9578771,2019-09-03T16:00:00
2019-09-04T16:00:00,2019-09-04T09:30:00,260.25561751946714,269.3318101920402,260.03126420392283,269.09983272212406,99602321.03614418,2019-09-04T16:00:00
2019-09-05T16:00:00,2019-09-05T09:30:00,268.386404505944,268.8729245982258,268.32484318888237,268.81126582830467,78862679.61899748,2019-09-05T16:00:00
2019-09-06T16:00:00,2019-09-06T09:30:00,268.65805749546416,268.86970463336957,266.956849906782,267.16732265309946,65655459.421534345,2019-09-06T16:00:00
2019-09-09T16:00:00,2019-09-09T09:30:00,266.5314834349952,269.0512466954402,264.6321390204263,267.14751236381505,54442193.9906955,2019-09-09T16:00:00
2019-09-10T16:00:00,2019-09-10T09:30:00,267.3518114161953,272.77817413955694,265.4935921469383,270.89532579944023,69032372.16314939,2019-09-10T16:00:00
2019-09-11T16:00:00,2019-09-11T09:30:00,271.3699525371531,273.6985115360248,270.3255313923653,272.6491670800713,85035797.84270793,2019-09-11T16:00:00
2019-09-12T16:00:00,2019-09-12T09:30:00,273.3061492928007,273.5163075429147,269.3500172188097,269.55729279276,83767726.00976042,2019-09-12T16:00:00
2019-09-13T16:00:00,2019-09-13T09:30:00,269.5230665103223,270.7030627596709,265.21139280134975,266.3776179939204,76924545.12321444,2019-09-13T16:00:00
2019-09-16T16:00:00,2019-09-16T09:30:00,266.3476030786506,268.1645339820516,261.35214917952965,263.1472483739246,90506686.41313136,2019-09-16T16:00:00
2019-09-17T16:00:00,2019-09-17T09:30:00,262.6305117575694,263.57070919467566,262.52279274472636,263.46264887728086,76552913.42756575,2019-09-17T16:00:00
2019-09-18T16:00:00,2019-09-18T09:30:00,262.94398343912184,265.08017722758467,257.0419009253894,259.147249515119,81723500.90175556,2019-09-18T16:00:00
2019-09-19T16:00:00,2019-09-19T09:30:00,259.62830449412064,260.9203067973543,255.58699110115685,256.865243434951,79618700.49001144,2019-09-19T16:00:00
2019-09-20T16:00:00,2019-09-20T09:30:00,257.32999233130323,258.36382041735817,257.15440149698696,258.18764435846845,70709715.34511869,2019-09-20T16:00:00
2019-09-23T16:00:00,2019-09-23T09:30:00,258.26632693473147,261.8341405564695,257.7543574846973,261.3161253951766,75450099.22167617,2019-09-23T16:00:00
2019-09-24T16:00:00,2019-09-24T09:30:00,261.57850167668687,262.5454808728543,260.1668172072868,261.13214635842337,62912602.49107027,2019-09-24T16:00:00
2019-09-25T16:00:00,2019-09-25T09:30:00,261.5928759445102,262.8322317016615,257.28557799495337,258.5103294870422,89241871.95218179,2019-09-25T16:00:00
2019-09-26T16:00:00,2019-09-26T09:30:00,258.6701405321585,260.3420378240205,252.91048010338864,254.55578452818585,94124606.7517248,2019-09-26T16:00:00
2019-09-27T16:00:00,2019-09-27T09:30:00,254.76875258526928,255.65174990578151,250.82258770539528,251.69493153830095,67175026.49192578,2019-09-27T16:00:00
2019-09-30T16:00:00,2019-09-30T09:30:00,251.7621186979481,252.3954905767847,250.21034439661105,250.8413999724547,81213501.64588326,2019-09-30T16:00:00
2019-10-01T16:00:00,2019-10-01T09:30:00,250.77742909180685,253.27263812657205,250.52527238059096,253.01822829170467,72219848.62293087,2019-10-01T16:00:00
2019-10-02T16:00:00,2019-10-02T09:30:00,253.3900090652983,254.21029100116795,252.3491786246596,253.1687442753414,75454427.29983678,2019-10-02T16:00:00
2019-10-03T16:00:00,2019-10-03T09:30:00,253.19191375204048,254.41841064593586,252.9698379585411,254.19545464210051,81676787.97904126,2019-10-03T16:00:00
2019-10-04T16:00:00,2019-10-04T09:30:00,253.9777396690081,255.8972640285316,253.4387153458896,255.3553160351368,81499014.11872438,2019-10-04T16:00:00
2019-10-07T16:00:00,2019-10-07T09:30:00,255.26325810502445,255.81171420609022,252.90981018913087,253.45437975213355,58242517.25586195,2019-10-07T16:00:00
2019-10-08T16:00:00,2019-10-08T09:30:00,253.13198671073644,255.2028348410656,252.54607186957068,254.61349081951113,63476917.98192654,2019-10-08T16:00:00
2019-10-09T16:00:00,2019-10-09T09:30:00,254.42606819331039,257.11034989323326,253.59377769432487,256.27202082732816,74533147.88889162,2019-10-09T16:00:00
2019-10-10T16:00:00,2019-10-10T09:30:00,256.47418418667115,257.45906893091814,253.79797103522034,254.77633588392024,90552648.85326943,2019-10-10T16:00:00
2019-10-11T16:00:00,2019-10-11T09:30:00,255.58647150455525,256.4982982264075,253.57523444186137,254.48312487972305,79211688.55633561,2019-10-11T16:00:00
2019-10-14T16:00:00,2019-10-14T09:30:00,254.60635104837752,255.65007059755044,250.79163266267096,251.82394617129557,71913691.32825568,2019-10-14T16:00:00
2019-10-15T16:00:00,2019-10-15T09:30:00,252.63428346046123,254.7212394437536,250.79735728049903,252.88250839835237,86681605.92047028,2019-10-15T16:00:00
2019-10-16T16:00:00,2019-10-16T09:30:00,252.59326361423385,255.46888651048363,251.38846541054133,254.25615677818183,89180178.08964892,2019-10-16T16:00:00
2019-10-17T16:00:00,2019-10-17T09:30:00,254.374846563235,256.71757265027804,254.13565662933786,256.4764066090132,82393287.54726186,2019-10-17T16:00:00
2019-10-18T16:00:00,2019-10-18T09:30:00,256.4585246597533,257.65186718855404,256.23116287523044,257.42364977807966,60419271.22444568,2019-10-18T16:00:00
2019-10-21T16:00:00,2019-10-21T09:30:00,257.2962701541329,259.24654379878507,254.26556010032067,256.2075816216487,83960161.81971382,2019-10-21T16:00:00
2019-10-22T16:00:00,2019-10-22T09:30:00,255.84611074460145,258.4110597977801,253.96406960881737,256.52403177646136,76130871.46304189,2019-10-22T16:00:00
2019-10-23T16:00:00,2019-10-23T09:30:00,256.4511420090675,261.6160202921477,256.3457138263541,261.5085130021668,63921299.29139751,2019-10-23T16:00:00
2019-10-24T16:00:00,2019-10-24T09:30:00,261.74800290010586,264.27276655631374,261.41781392431386,263.93981266383474,69085883.86444342,2019-10-24T16:00:00
2019-10-25T16:00:00,2019-10-25T09:30:00,264.0731851579993,267.7287919789729,263.82029803297644,267.4726493899932,59903089.7753965,2019-10-25T16:00:00
2019-10-28T16:00:00,2019-10-28T09:30:00,267.2470734768166,268.4657362182789,266.46293658645504,267.6803281037595,55284515.950032875,2019-10-28T16:00:00
2019-10-29T16:00:00,2019-10-29T09:30:00,267.5509871322829,268.63836665218844,266.4757668438372,267.56309769443203,54424650.97319272,2019-10-29T16:00:00
2019-10-30T16:00:00,2019-10-30T09:30:00,268.0395392234936,268.88272755938243,265.4897637869698,266.32756666631076,58226193.39154792,2019-10-30T16:00:00
2019-10-31T16:00:00,2019-10-31T09:30:00,266.67419447164315,268.6084691729759,265.4452989596093,267.3763380233089,62902444.799464904,2019-10-31T16:00:00
2019-11-01T16:00:00,2019-11-01T09:30:00,267.167021726533,274.0335930015429,265.8196054838111,272.65848141702537,69316633.36899,2019-11-01T16:00:00
2019-11-04T16:00:00,2019-11-04T09:30:00,272.19205684621556,273.21102397053426,272.02744874565184,273.045899508764,80728544.67849171,2019-11-04T16:00:00
2019-11-05T16:00:00,2019-11-05T09:30:00,272.5287783451835,274.0564530060431,269.5010476639838,271.0202662796798,62056497.35920834,2019-11-05T16:00:00
2019-11-06T16:00:00,2019-11-06T09:30:00,270.5025689500485,270.9066823664417,268.1327620840484,268.5339344873435,62046557.039875194,2019-11-06T16:00:00
2019-11-07T16:00:00,2019-11-07T09:30:00,268.5756065808542,270.3111839513156,267.3340309569033,269.06733515661386,83709674.90455556,2019-11-07T16:00:00
2019-11-08T16:00:00,2019-11-08T09:30:00,269.01238012872517,270.48288625653,268.82031457554916,270.28990859213104,64510520.51741746,2019-11-08T16:00:00
2019-11-11T16:00:00,2019-11-11T09:30:00,270.2711475282331,274.66229119080936,269.13828077454735,273.51582407239005,64203410.06644105,2019-11-11T16:00:00
2019-11-12T16:00:00,2019-11-12T09:30:00,273.3147137073626,275.01428406887516,272.48452922222236,274.1814668494731,57736650.71867362,2019-11-12T16:00:00
2019-11-13T16:00:00,2019-11-13T09:30:00,274.6713366388379,277.17915498361,273.10190415324604,275.6043911587807,59289665.68076396,2019-11-13T16:00:00
2019-11-14T16:00:00,2019-11-14T09:30:00,275.7790706964463,276.05273403887713,273.32605539738245,273.59755395928676,79170818.19542791,2019-11-14T16:00:00
2019-11-15T16:00:00,2019-11-15T09:30:00,274.61208988769465,276.6170127426473,273.9297809222391,275.9314257180725,81551969.12831521,2019-11-15T16:00:00
2019-11-18T16:00:00,2019-11-18T09:30:00,275.2874086571324,278.3849676959576,275.1360373819089,278.2319773016001,90077955.17126787,2019-11-18T16:00:00
2019-11-19T16:00:00,2019-11-19T09:30:00,277.77387566450454,278.12745513939325,276.9535702047595,277.3065548250867,56826692.62808128,2019-11-19T16:00:00
2019-11-20T16:00:00,2019-11-20T09:30:00,277.7860995565544,279.7950585213238,274.92136502711094,276.924089907399,61771763.97876658,2019-11-20T16:00:00
2019-11-21T16:00:00,2019-11-21T09:30:00,276.18917479644495,278.15349445481957,272.8528516159655,274.8073433778554,61574266.26649431,2019-11-21T16:00:00
2019-11-22T16:00:00,2019-11-22T09:30:00,274.2741561768812,274.4552315686497,270.99939279326514,271.1784243874904,59706630.122088276,2019-11-22T16:00:00
2019-11-25T16:00:00,2019-11-25T09:30:00,271.61875592359155,275.6646113715249,270.95930203045606,274.9969556627152,87112961.12907352,2019-11-25T16:00:00
2019-11-26T16:00:00,2019-11-26T09:30:00,274.9104555337556,275.8138588066675,270.4324688139707,271.32408665888516,81456404.32255352,2019-11-26T16:00:00
2019-11-27T16:00:00,2019-11-27T09:30:00,271.2148662837511,274.90830918764436,270.09810768541945,273.78098430141034,66201018.69441777,2019-11-27T16:00:00
2019-11-29T13:00:00,2019-11-29T09:30:00,274.36426199619245,274.79038109154374,273.7310141405514,274.15681104082967,55935913.74797567,2019-11-29T13:00:00
2019-12-02T16:00:00,2019-12-02T09:30:00,274.01267469895413,275.2602430949864,273.3015883845949,274.54776816733505,61806306.41819845,2019-12-02T16:00:00
2019-12-03T16:00:00,2019-12-03T09:30:00,274.09256043550846,274.23796274636675,273.991580616783,274.1369665677547,72283057.8884726,2019-12-03T16:00:00
2019-12-04T16:00:00,2019-12-04T09:30:00,274.80813735670716,275.64561584791915,269.0605235830617,269.88299268346873,97160832.82255177,2019-12-04T16:00:00
2019-12-05T16:00:00,2019-12-05T09:30:00,270.01656396346374,271.35482155140414,266.6007458982972,267.92865538217757,78640008.82905985,2019-12-05T16:00:00
2019-12-06T16:00:00,2019-12-06T09:30:00,267.88508207440117,271.55403473627524,267.26743130972324,270.9293649035598,83901297.51448801,2019-12-06T16:00:00
2019-12-09T16:00:00,2019-12-09T09:30:00,270.43686235627456,274.04570422088125,268.31799317893945,271.9152518815104,68192665.84030229,2019-12-09T16:00:00
2019-12-10T16:00:00,2019-12-10T09:30:00,271.3387328441878,274.4372958873296,271.2604074774932,274.3580989423153,71076581.73836935,2019-12-10T16:00:00
2019-12-11T16:00:00,2019-12-11T09:30:00,274.3556647702187,276.9117312283369,272.5096717549782,275.06099243920653,77009244.48101859,2019-12-11T16:00:00
2019-12-12T16:00:00,2019-12-12T09:30:00,274.6158297205364,276.7930400647044,271.49288067914017,273.6625330930882,64886351.59029715,2019-12-12T16:00:00
2019-12-13T16:00:00,2019-12-13T09:30:00,273.16561359266933,275.4980246523087,271.31202842043916,273.64121227060014,73978522.93620422,2019-12-13T16:00:00
2019-12-16T16:00:00,2019-12-16T09:30:00,273.1114928719654,273.5829673453642,270.2886939200767,270.7561022645308,81184596.60413165,2019-12-16T16:00:00
2019-12-17T16:00:00,2019-12-17T09:30:00,271.0483510449988,271.1470637621024,268.4322221688208,268.53001773766505,75557984.10273412,2019-12-17T16:00:00
2019-12-18T16:00:00,2019-12-18T09:30:00,268.9190820644253,273.25679682161245,267.9358237945759,272.2613182165191,84335496.0452348,2019-12-18T16:00:00
2019-12-19T16:00:00,2019-12-19T09:30:00,271.93478633525854,272.7302986493629,270.1527066410394,270.94532440398586,85455528.01195294,2019-12-19T16:00:00
2019-12-20T16:00:00,2019-12-20T09:30:00,271.93265780021284,272.7517154055767,269.63157168130937,270.4461519505141,70208597.39894372,2019-12-20T16:00:00
2019-12-23T16:00:00,2019-12-23T09:30:00,270.5864287627877,271.6733546888069,269.76090370481006,270.84703455543297,65570183.35747753,2019-12-23T16:00:00
2019-12-24T13:00:00,2019-12-24T09:30:00,271.6205691502235,274.8767518235025,270.8760132932887,274.12533001243173,81653841.83777118,2019-12-24T13:00:00
2019-12-26T16:00:00,2019-12-26T09:30:00,273.4497539590681,278.04626410985225,271.64143416724585,276.21962718116714,77712591.45607206,2019-12-26T16:00:00
2019-12-27T16:00:00,2019-12-27T09:30:00,276.16042499950385,278.17500942436584,275.70053280614087,277.7125324938165,66305477.70101082,2019-12-27T16:00:00
2019-12-30T16:00:00,2019-12-30T09:30:00,277.7131250351661,278.1102066711444,277.2887118612392,277.68575436189855,65651318.44495106,2019-12-30T16:00:00
2019-12-31T16:00:00,2019-12-31T09:30:00,277.5159909556664,281.206267366115,276.201430504695,279.88050648453327,58818699.61240841,2019-12-31T16:00:00
2020-01-02T16:00:00,2020-01-02T09:30:00,279.95558421665095,281.587980102562,277.2413658031563,278.8674166818335,77464628.42384739,2020-01-02T16:00:00
2020-01-03T16:00:00,2020-01-03T09:30:00,279.4022271968809,282.20436994708444,277.7820043969491,280.57733283871875,70074231.86702994,2020-01-03T16:00:00
2020-01-06T16:00:00,2020-01-06T09:30:00,280.6126202843064,281.0500317836156,278.6488920631686,279.08392066611594,61222962.964837775,2020-01-06T16:00:00
2020-01-07T16:00:00,2020-01-07T09:30:00,279.0070663732409,281.85106368013896,277.6115676581043,280.44835612251893,77070395.8443666,2020-01-07T16:00:00
2020-01-08T16:00:00,2020-01-08T09:30:00,280.38158756710726,280.4171621831536,278.10283821243377,278.13812817995165,60861811.50373645,2020-01-08T16:00:00
2020-01-09T16:00:00,2020-01-09T09:30:00,278.01686483353757,278.12339023145375,277.647218266268,277.753642807601,80579780.98943354,2020-01-09T16:00:00
2020-01-10T16:00:00,2020-01-10T09:30:00,277.4949378285876,278.85685231541504,276.44796163926753,277.8086923441146,80595069.03445485,2020-01-10T16:00:00
2020-01-13T16:00:00,2020-01-13T09:30:00,277.20360598849817,278.57784282929384,271.6265374042785,272.9798349004521,68701396.05856016,2020-01-13T16:00:00
2020-01-14T16:00:00,2020-01-14T09:30:00,273.12879400748136,274.0744807037191,271.2090825427095,272.1513850382358,70601604.33833466,2020-01-14T16:00:00
2020-01-15T16:00:00,2020-01-15T09:30:00,272.41717983742893,276.80704405718615,271.3559985965663,275.7329464893423,91613515.85776864,2020-01-15T16:00:00
2020-01-16T16:00:00,2020-01-16T09:30:00,276.01478366529153,276.7582204907388,272.28224934843,273.0176133934172,66351872.19716532,2020-01-16T16:00:00
2020-01-17T16:00:00,2020-01-17T09:30:00,272.45319863568506,273.01794817580196,271.09846779397685,271.6615764347534,83027507.85753527,2020-01-17T16:00:00
2020-01-21T16:00:00,2020-01-21T09:30:00,271.6908780337369,272.1197057029465,270.70508827898567,271.13303546840586,75705061.8658858,2020-01-21T16:00:00
2020-01-22T16:00:00,2020-01-22T09:30:00,270.8171977089649,273.2051214584997,266.01043391091906,268.3768398672826,60848247.40912647,2020-01-22T16:00:00
2020-01-23T16:00:00,2020-01-23T09:30:00,268.9731994039801,269.04567710145193,268.0036902022086,268.0759261198236,70934872.51433071,2020-01-23T16:00:00
2020-01-24T16:00:00,2020-01-24T09:30:00,268.34656800018183,269.5130783954273,267.89030554446526,269.05561037402344,78810694.50913297,2020-01-24T16:00:00
2020-01-27T16:00:00,2020-01-27T09:30:00,269.46666759231084,272.4523194958957,268.8132740859577,271.79328448892363,88684625.75906666,2020-01-27T16:00:00
2020-01-28T16:00:00,2020-01-28T09:30:00,271.7698205771757,275.15473078415016,270.3316517217657,273.70631426802134,87747252.14358525,2020-01-28T16:00:00
2020-01-29T16:00:00,2020-01-29T09:30:00,273.67005716725345,274.94528623888476,272.7851134733629,274.05908457998623,56292253.88730682,2020-01-29T16:00:00
2020-01-30T16:00:00,2020-01-30T09:30:00,274.2882480311132,274.32545513007517,272.40747150763775,272.4444284931643,60019153.597206116,2020-01-30T16:00:00
2020-01-31T16:00:00,2020-01-31T09:30:00,272.17981735305864,273.8460184105725,270.222513522609,271.8869215622529,81475159.23855118,2020-01-31T16:00:00
2020-02-03T16:00:00,2020-02-03T09:30:00,272.1030972060906,272.2865180167999,270.6726520365151,270.85523167889886,60735353.54586883,2020-02-03T16:00:00
2020-02-04T16:00:00,2020-02-04T09:30:00,271.3115882235979,273.6316219020257,270.50796249645754,272.8235178349028,71985017.12173082,2020-02-04T16:00:00
2020-02-05T16:00:00,2020-02-05T09:30:00,272.87073634799515,274.01624267245296,270.2812285319112,271.4206474097192,89452159.33737673,2020-02-05T16:00:00
2020-02-06T16:00:00,2020-02-06T09:30:00,270.5686471309627,273.37811457264746,270.0980912526523,272.9034980692586,76668988.94639494,2020-02-06T16:00:00
2020-02-07T16:00:00,2020-02-07T09:30:00,272.98970824652946,273.18259123156224,269.8813979267078,270.0722195375789,92979109.13647233,2020-02-07T16:00:00
2020-02-10T16:00:00,2020-02-10T09:30:00,269.8597264180081,273.27198055954824,268.1937524197638,271.59529207899925,79691888.41874552,2020-02-10T16:00:00
2020-02-11T16:00:00,2020-02-11T09:30:00,271.2218574485372,273.3272771323287,265.39973699313475,267.4760792447622,87232428.15130791,2020-02-11T16:00:00
2020-02-12T16:00:00,2020-02-12T09:30:00,266.8998245128973,266.93768385072786,266.0642188463282,266.10196500899065,54775106.70448893,2020-02-12T16:00:00
2020-02-13T16:00:00,2020-02-13T09:30:00,265.832338667388,270.6200267435799,265.4628392402917,270.2443946834923,65370409.14937313,2020-02-13T16:00:00
2020-02-14T16:00:00,2020-02-14T09:30:00,269.88200175637974,271.16341748789534,266.1331365772324,267.402780820883,87695101.04721586,2020-02-14T16:00:00
2020-02-18T16:00:00,2020-02-18T09:30:00,268.05631705888817,269.8878853420391,265.3842603193244,267.2100462249684,66907668.31571391,2020-02-18T16:00:00
2020-02-19T16:00:00,2020-02-19T09:30:00,266.88526180061535,269.7554990371662,265.7607159872277,268.6236284545887,82848490.0417855,2020-02-19T16:00:00
2020-02-20T16:00:00,2020-02-20T09:30:00,269.0049120977815,274.38547752153664,267.77140531678003,273.1330414373729,76178661.34605156,2020-02-20T16:00:00
2020-02-21T16:00:00,2020-02-21T09:30:00,273.14840446911444,276.3504738789957,272.9873140876675,276.1875911248691,61685242.00159484,2020-02-21T16:00:00
2020-02-24T16:00:00,2020-02-24T09:30:00,275.6466185756055,279.3498864268649,275.1115948763394,278.8087251520075,58950246.25219194,2020-02-24T16:00:00
2020-02-25T16:00:00,2020-02-25T09:30:00,279.2501265856129,281.73249358094785,278.67920083661176,281.1576678715394,79678151.47695309,2020-02-25T16:00:00
2020-02-26T16:00:00,2020-02-26T09:30:00,281.04978192010935,281.40098413444997,280.1009514616715,280.4514059402634,74805625.29076685,2020-02-26T16:00:00
2020-02-27T16:00:00,2020-02-27T09:30:00,280.54304639653185,282.9517980536412,279.49215457809873,281.89583878310276,86704675.482896,2020-02-27T16:00:00
2020-02-28T16:00:00,2020-02-28T09:30:00,282.433451249476,283.85100839595043,279.2071575805371,280.61559073282723,76549146.70804355,2020-02-28T16:00:00
2020-03-02T16:00:00,2020-03-02T09:30:00,280.0964022277768,280.6980278388212,278.4957741940738,279.09524940556423,70135482.01523718,2020-03-02T16:00:00
2020-03-03T16:00:00,2020-03-03T09:30:00,279.1734888240587,279.8024396651931,278.81566387275586,279.44426764862936,81230803.23102307,2020-03-03T16:00:00
2020-03-04T16:00:00,2020-03-04T09:30:00,279.9715899997138,282.57967987696884,279.1770764595457,281.7800342680154,90286352.92505793,2020-03-04T16:00:00
2020-03-05T16:00:00,2020-03-05T09:30:00,282.6536742134017,285.10476427353575,281.7635210410188,284.2097107196657,75552061.56591794,2020-03-05T16:00:00
2020-03-06T16:00:00,2020-03-06T09:30:00,284.4506269500128,284.6843905838777,280.6188448981994,280.8496492218732,73756855.44401069,2020-03-06T16:00:00
2020-03-09T16:00:00,2020-03-09T09:30:00,280.56317816115546,282.70959128782863,280.2465350614975,282.3908854410128,83336132.3518143,2020-03-09T16:00:00
2020-03-10T16:00:00,2020-03-10T09:30:00,281.56774521933636,282.8733539220471,275.12767104665386,276.4093607038429,84092922.19682999,2020-03-10T16:00:00
2020-03-11T16:00:00,2020-03-11T09:30:00,275.93293899846384,276.62590336315,273.28370144247276,273.9717405501682,84797707.10522099,2020-03-11T16:00:00
2020-03-12T16:00:00,2020-03-12T09:30:00,274.5017558763303,275.922074176791,269.1033939507625,270.5030221295842,92022167.19366267,2020-03-12T16:00:00
2020-03-13T16:00:00,2020-03-13T09:30:00,269.78177233330564,271.7859920103034,269.54303200656653,271.54569072394395,73970498.20261092,2020-03-13T16:00:00
2020-03-16T16:00:00,2020-03-16T09:30:00,271.2829600725182,275.9706177505277,271.2757274604152,275.9632603580239,76916769.51162408,2020-03-16T16:00:00
2020-03-17T16:00:00,2020-03-17T09:30:00,275.35282668015736,279.18963601770986,268.7966208929516,272.5950022740518,91091457.44017081,2020-03-17T16:00:00
2020-03-18T16:00:00,2020-03-18T09:30:00,272.7433867179469,273.47323578454785,269.8309480542796,270.5549409381555,87655761.60364522,2020-03-18T16:00:00
2020-03-19T16:00:00,2020-03-19T09:30:00,270.2040074586373,270.77071864863314,269.9238341587508,270.4902485466713,73211525.99224593,2020-03-19T16:00:00
2020-03-20T16:00:00,2020-03-20T09:30:00,270.07250465676816,270.82360817559373,267.95804832438216,268.70534962366133,82996988.38272205,2020-03-20T16:00:00
2020-03-23T16:00:00,2020-03-23T09:30:00,268.59438730223343,270.4596041376367,267.83640470438866,269.6985056797603,62051794.64190185,2020-03-23T16:00:00
2020-03-24T16:00:00,2020-03-24T09:30:00,268.8764730240659,272.1314850458752,268.53405090533096,271.78535837584906,67921354.67640914,2020-03-24T16:00:00
2020-03-25T16:00:00,2020-03-25T09:30:00,272.0172701749139,273.5632470071973,269.1076329777865,270.6458153143764,69020170.12024096,2020-03-25T16:00:00
2020-03-26T16:00:00,2020-03-26T09:30:00,269.66964899540045,273.71728789107993,268.2700075430863,272.3039737465134,73520532.46983765,2020-03-26T16:00:00
2020-03-27T16:00:00,2020-03-27T09:30:00,271.9845925142778,272.18211556781023,269.9293383257663,270.1255112608875,65299338.57585789,2020-03-27T16:00:00
2020-03-30T16:00:00,2020-03-30T09:30:00,270.17373947272097,274.27164984567906,268.8882694381925,272.972861759479,70055800.50691162,2020-03-30T16:00:00
2020-03-31T16:00:00,2020-03-31T09:30:00,273.1584374381651,274.163854970244,270.20111597201605,271.19932256652424,78765951.7121828,2020-03-31T16:00:00
2020-04-01T16:00:00,2020-04-01T09:30:00,270.65055571442673,272.2756656954066,268.65676050956876,270.279643362793,69188414.50447431,2020-04-01T16:00:00
2020-04-02T16:00:00,2020-04-02T09:30:00,269.7145865323989,273.49611933290345,269.4838156451207,273.26231297027914,80769633.64862025,2020-04-02T16:00:00
2020-04-03T16:00:00,2020-04-03T09:30:00,273.8324933933928,276.0222766972504,273.27546196087326,275.4619306552741,90593178.8672144,2020-04-03T16:00:00
2020-04-06T16:00:00,2020-04-06T09:30:00,275.0819920408396,276.3012075929798,272.89637234680225,274.11128554367326,89193041.68777248,2020-04-06T16:00:00
2020-04-07T16:00:00,2020-04-07T09:30:00,274.24122481480623,275.25089060089476,269.64921917449203,270.64564722919334,67669876.9573606,2020-04-07T16:00:00
2020-04-08T16:00:00,2020-04-08T09:30:00,270.53086717981597,270.78975376982834,266.01319862161876,266.26800583374313,77235698.33341509,2020-04-08T16:00:00
2020-04-09T16:00:00,2020-04-09T09:30:00,266.3313529203573,268.2768087954632,264.53286023684245,266.47733034990375,71813175.64873226,2020-04-09T16:00:00
2020-04-13T16:00:00,2020-04-13T09:30:00,266.5092357162338,267.46756141290973,262.52526479743756,263.47267148214263,78763553.49598084,2020-04-13T16:00:00
2020-04-14T16:00:00,2020-04-14T09:30:00,263.85361547861913,268.96181570304793,261.8301553760724,266.9148791554196,62594899.84835505,2020-04-14T16:00:00
2020-04-15T16:00:00,2020-04-15T09:30:00,267.03477834286633,268.67672249861323,259.4187931419811,261.0237768356631,99950229.01209354,2020-04-15T16:00:00
2020-04-16T16:00:00,2020-04-16T09:30:00,260.92061130442886,260.93655023933394,258.08218614318395,258.0979526495011,61016589.62628242,2020-04-16T16:00:00
2020-04-17T16:00:00,2020-04-17T09:30:00,258.2328853849464,259.4438029181843,255.91932123507664,257.1250438266828,87822336.40216967,2020-04-17T16:00:00
2020-04-20T16:00:00,2020-04-20T09:30:00,256.6222990530694,259.17149687581195,256.389684170114,258.93678403155553,67286852.96826924,2020-04-20T16:00:00
2020-04-21T16:00:00,2020-04-21T09:30:00,258.8637343008252,258.98796745993764,256.95612517721054,257.07950205257436,59409987.26772206,2020-04-21T16:00:00
2020-04-22T16:00:00,2020-04-22T09:30:00,257.31024165448457,259.89025554344676,256.8285276419053,259.4046206154517,79337959.36343437,2020-04-22T16:00:00
2020-04-23T16:00:00,2020-04-23T09:30:00,258.9925651422542,261.2496293460297,251.7908125947821,254.0044060708297,75948338.10434687,2020-04-23T16:00:00
2020-04-24T16:00:00,2020-04-24T09:30:00,254.38474249198757,255.73992447536074,251.9650094158794,253.3144898501594,64944680.11447371,2020-04-24T16:00:00
2020-04-27T16:00:00,2020-04-27T09:30:00,253.49510183172254,255.98156108309144,248.4702476791864,250.9315619179344,64742039.408904545,2020-04-27T16:00:00
2020-04-28T16:00:00,2020-04-28T09:30:00,251.22177684220267,252.46658025904793,250.11834218146308,251.36252738348742,57077334.106367156,2020-04-28T16:00:00
2020-04-29T16:00:00,2020-04-29T09:30:00,251.2167601312596,254.56139279859872,251.07541630897006,254.41824770122741,78435109.97220881,2020-04-29T16:00:00
2020-04-30T16:00:00,2020-04-30T09:30:00,254.72888239354663,256.1960100152558,253.48888357215796,254.95491090603778,82778110.42980061,2020-04-30T16:00:00
2020-05-01T16:00:00,2020-05-01T09:30:00,254.91847511544202,256.6341293723137,254.46714540958862,256.1805651531508,59230358.30041653,2020-05-01T16:00:00
2020-05-04T16:00:00,2020-05-04T09:30:00,256.5207090872721,256.66590984202134,256.1956565223568,256.34075541628965,54188221.14699975,2020-05-04T16:00:00
2020-05-05T16:00:00,2020-05-05T09:30:00,256.192404756564,257.4059974949854,254.65964613541618,255.8717197774289,62759704.07298289,2020-05-05T16:00:00
2020-05-06T16:00:00,2020-05-06T09:30:00,256.0430436480516,260.2643563154667,255.51549406843657,259.7292117767426,82995080.44079062,2020-05-06T16:00:00
2020-05-07T16:00:00,2020-05-07T09:30:00,259.61143022288417,264.5682374027582,258.95274245917045,263.89867202201987,84062861.51564154,2020-05-07T16:00:00
2020-05-08T16:00:00,2020-05-08T09:30:00,263.35163108456385,263.456209313832,262.8534587707582,262.9578806397862,64099503.8480633,2020-05-08T16:00:00
2020-05-11T16:00:00,2020-05-11T09:30:00,262.9951353805476,264.33940975511706,262.0373769444504,263.38024883808697,82690412.409118,2020-05-11T16:00:00
2020-05-12T16:00:00,2020-05-12T09:30:00,263.06996009259825,264.2731425979803,262.2047864893501,263.40686100893396,71996966.57488738,2020-05-12T16:00:00
2020-05-13T16:00:00,2020-05-13T09:30:00,262.7558729100501,263.1627202826705,259.48542908607646,259.8878356314817,72212415.12379122,2020-05-13T16:00:00
2020-05-14T16:00:00,2020-05-14T09:30:00,260.6313831333573,261.0410864915762,256.6136579723256,257.01768071757476,83243458.98311377,2020-05-14T16:00:00
2020-05-15T16:00:00,2020-05-15T09:30:00,257.4536277256173,260.9220737796739,255.39991201991185,258.85716203651793,75900159.47472152,2020-05-15T16:00:00
2020-05-18T16:00:00,2020-05-18T09:30:00,258.43261773842727,261.2774969294583,257.6586067153945,260.49730213405473,69952635.90557545,2020-05-18T16:00:00
2020-05-19T16:00:00,2020-05-19T09:30:00,260.7079794471875,260.9275058898281,259.37678564938363,259.5953752352191,71691924.59264755,2020-05-19T16:00:00
2020-05-20T16:00:00,2020-05-20T09:30:00,258.50083119358817,259.16635087212416,254.23467172364508,254.89089749816762,65372018.07028401,2020-05-20T16:00:00
2020-05-21T16:00:00,2020-05-21T09:30:00,255.01782799585217,256.881374065996,253.25629466879428,255.1191409208304,55526275.14647729,2020-05-21T16:00:00
2020-05-22T16:00:00,2020-05-22T09:30:00,255.43281042548543,258.4383075055547,254.92822296106428,257.9287894305541,91606269.97800285,2020-05-22T16:00:00
2020-05-26T16:00:00,2020-05-26T09:30:00,258.262529859793,258.92705623646657,257.19315033002067,257.8566323057467,84174048.70256816,2020-05-26T16:00:00
2020-05-27T16:00:00,2020-05-27T09:30:00,258.8872319874668,262.3118269354918,257.342972890185,260.7564181660588,82623388.61768463,2020-05-27T16:00:00
2020-05-28T16:00:00,2020-05-28T09:30:00,260.71165823624455,263.4496422064496,257.30331086022505,260.0341799794107,69968239.02528214,2020-05-28T16:00:00
2020-05-29T16:00:00,2020-05-29T09:30:00,260.0227525011961,260.5925591268168,257.5462498803308,258.1118690491181,83164602.96338396,2020-05-29T16:00:00
2020-06-01T16:00:00,2020-06-01T09:30:00,258.3044784910101,266.0469836745188,257.82623667968426,265.555317186039,80435606.81171209,2020-06-01T16:00:00
2020-06-02T16:00:00,2020-06-02T09:30:00,265.11342103122837,267.81065349387944,263.5238048031142,266.21443559838633,85514308.37944499,2020-06-02T16:00:00
2020-06-03T16:00:00,2020-06-03T09:30:00,266.21739918262847,268.29893636106453,265.449491389526,267.52725028422924,62598970.79189025,2020-06-03T16:00:00
2020-06-04T16:00:00,2020-06-04T09:30:00,267.3222872482049,268.4395522967444,266.3743659434806,267.4910326231462,68829347.58883718,2020-06-04T16:00:00
2020-06-05T16:00:00,2020-06-05T09:30:00,267.5201236164667,269.6319957656249,265.1689408030425,267.2789087403909,86644852.80781592,2020-06-05T16:00:00
2020-06-08T16:00:00,2020-06-08T09:30:00,267.3476770622356,269.1345565832964,265.8502719465116,267.63553916188357,73779641.17439157,2020-06-08T16:00:00
2020-06-09T16:00:00,2020-06-09T09:30:00,267.0073924086032,271.4304220173788,264.576020188968,268.9810774007365,85157899.01026146,2020-06-09T16:00:00
2020-06-10T16:00:00,2020-06-10T09:30:00,268.0424806723224,269.9809716068972,263.1437225865629,265.0606488274172,70725864.09535107,2020-06-10T16:00:00
2020-06-11T16:00:00,2020-06-11T09:30:00,264.0516119615543,265.5553659272225,263.386530865237,264.8881777274016,70199219.83858193,2020-06-11T16:00:00
2020-06-12T16:00:00,2020-06-12T09:30:00,264.65825424118975,266.449454188096,259.55102030508993,261.31962449566856,77498685.05191831,2020-06-12T16:00:00
2020-06-15T16:00:00,2020-06-15T09:30:00,261.2548720769319,265.79115581405506,260.71335720335094,265.2413779282098,72803748.53054479,2020-06-15T16:00:00
2020-06-16T16:00:00,2020-06-16T09:30:00,265.1771146357825,265.42336786507065,261.42263917411026,261.665631510918,77879068.77911402,2020-06-16T16:00:00
2020-06-17T16:00:00,2020-06-17T09:30:00,261.5413732464364,262.61018703893626,260.3010301517848,261.3691400970758,78368802.06650336,2020-06-17T16:00:00
2020-06-18T16:00:00,2020-06-18T09:30:00,261.11043403926453,262.07856364471627,260.15411717346603,261.12220367264,62245513.21660136,2020-06-18T16:00:00
2020-06-19T16:00:00,2020-06-19T09:30:00,261.5121012272205,262.94619547802057,260.8339938005793,262.26613282855647,83845193.99888505,2020-06-19T16:00:00
2020-06-22T16:00:00,2020-06-22T09:30:00,261.88460743419313,262.6923282493422,260.63793252855714,261.44429530561877,74183258.47653441,2020-06-22T16:00:00
2020-06-23T16:00:00,2020-06-23T09:30:00,261.6706010570301,263.0141305993191,260.29904007307675,261.6424249470846,56172763.982696615,2020-06-23T16:00:00
2020-06-24T16:00:00,2020-06-24T09:30:00,262.47007359374396,266.0019722868424,260.6391342238476,264.15924955918837,57010044.26564274,2020-06-24T16:00:00
2020-06-25T16:00:00,2020-06-25T09:30:00,264.8017419880539,269.560198616847,264.6233216573714,269.37869438892596,81278541.5537476,2020-06-25T16:00:00
2020-06-26T16:00:00,2020-06-26T09:30:00,269.26757657945683,273.5563137035689,267.8390632825497,272.112706476893,71407528.50578493,2020-06-26T16:00:00
2020-06-29T16:00:00,2020-06-29T09:30:00,272.2899911022481,276.38375975413624,271.70062330944836,275.78682311843187,64337354.022363596,2020-06-29T16:00:00
2020-06-30T16:00:00,2020-06-30T09:30:00,275.7461158738982,277.28175186174786,273.8845545275001,275.4183652652348,67437056.15911354,2020-06-30T16:00:00
2020-07-01T16:00:00,2020-07-01T09:30:00,275.1132847708158,276.83206151456756,273.8307115117048,275.54746411902795,73786908.24922834,2020-07-01T16:00:00
2020-07-02T16:00:00,2020-07-02T09:30:00,276.0611495146062,280.45360561921257,275.1871816057106,279.56853386115733,83930258.88484676,2020-07-02T16:00:00
2020-07-06T16:00:00,2020-07-06T09:30:00,279.95310599837217,282.9739288133479,278.7924610660879,281.80560369457135,70412675.98951815,2020-07-06T16:00:00
2020-07-07T16:00:00,2020-07-07T09:30:00,281.62380415918875,286.61469873274376,280.5519129819371,285.5279479547503,85599997.38975625,2020-07-07T16:00:00
2020-07-08T16:00:00,2020-07-08T09:30:00,285.1519660370445,285.34308762875594,284.8287853369834,285.01981835741407,68468074.23063436,2020-07-08T16:00:00
2020-07-09T16:00:00,2020-07-09T09:30:00,284.8410589024919,286.2249289624303,282.2145789425519,283.59238244039733,61415112.852483384,2020-07-09T16:00:00
2020-07-10T16:00:00,2020-07-10T09:30:00,283.8294152364034,287.7793798042695,281.60142417514345,285.537976953991,67701410.1975165,2020-07-10T16:00:00
2020-07-13T16:00:00,2020-07-13T09:30:00,284.81981229751943,287.9774092139541,284.2884230754537,287.44112939231746,78105982.61829837,2020-07-13T16:00:00
2020-07-14T16:00:00,2020-07-14T09:30:00,287.14126072943463,290.493799751199,287.06719726506645,290.41889087491455,59320646.159139484,2020-07-14T16:00:00
2020-07-15T16:00:00,2020-07-15T09:30:00,290.38634562903013,292.98685866961273,289.6056701546075,292.2013038563489,70313511.75952475,2020-07-15T16:00:00
2020-07-16T16:00:00,2020-07-16T09:30:00,292.2132748624407,298.3408710634244,291.88067292524113,298.0016806678973,75663213.12493892,2020-07-16T16:00:00
2020-07-17T16:00:00,2020-07-17T09:30:00,297.9225830548314,298.13469115912875,297.5818947857072,297.79391128121915,69985965.96540174,2020-07-17T16:00:00
2020-07-20T16:00:00,2020-07-20T09:30:00,297.5940769395333,303.75257766469446,296.1569967858418,302.29280736772006,68353308.72586633,2020-07-20T16:00:00
2020-07-21T16:00:00,2020-07-21T09:30:00,302.49284740623114,309.19347182397365,300.2851400156948,306.95321101018334,84651558.7737416,2020-07-21T16:00:00
2020-07-22T16:00:00,2020-07-22T09:30:00,307.2466004219939,312.2960041425758,305.2800041740394,310.30980123593366,78892756.15308188,2020-07-22T16:00:00
2020-07-23T16:00:00,2020-07-23T09:30:00,310.2334666189183,314.7161551990684,309.6977380691944,314.173622567068,73211597.47283867,2020-07-23T16:00:00
2020-07-24T16:00:00,2020-07-24T09:30:00,314.16959066188696,316.1906065163065,313.23060037607365,315.2483919085948,87111418.92348635,2020-07-24T16:00:00
2020-07-27T16:00:00,2020-07-27T09:30:00,315.1966245078074,315.84319668097555,313.0377181022434,313.68118160248673,69001378.80544195,2020-07-27T16:00:00
2020-07-28T16:00:00,2020-07-28T09:30:00,313.51565216862997,315.56919698943096,312.5499849329257,314.6001892445277,75448845.1569944,2020-07-28T16:00:00
2020-07-29T16:00:00,2020-07-29T09:30:00,314.5455312690606,316.81230527598234,314.2535931604792,316.5185359690431,87133800.47512671,2020-07-29T16:00:00
2020-07-30T16:00:00,2020-07-30T09:30:00,317.33970934432585,318.3239833821929,314.1506500267877,315.12806433452954,84476321.33010201,2020-07-30T16:00:00
2020-07-31T16:00:00,2020-07-31T09:30:00,316.54064722455706,319.69000491131254,315.77590597683434,318.9195164729741,79758458.58610134,2020-07-31T16:00:00
2020-08-03T16:00:00,2020-08-03T09:30:00,318.31218110686734,321.1709324005781,317.8422091125035,320.69743869284207,61263859.54315822,2020-08-03T16:00:00
2020-08-04T16:00:00,2020-08-04T09:30:00,320.8363740648799,324.8258517896286,319.0850280892193,323.0623548770654,75668595.58739968,2020-08-04T16:00:00
2020-08-05T16:00:00,2020-08-05T09:30:00,323.39707241779894,324.85630994536257,319.73869984786927,321.18796942499586,90441314.65380585,2020-08-05T16:00:00
2020-08-06T16:00:00,2020-08-06T09:30:00,321.2864223252995,324.4655098313434,320.74309021482685,323.9177278820289,67867641.35991335,2020-08-06T16:00:00
2020-08-07T16:00:00,2020-08-07T09:30:00,323.8971137293784,326.4350842647063,323.6724954478623,326.2088628163658,75399958.26448834,2020-08-07T16:00:00
2020-08-10T16:00:00,2020-08-10T09:30:00,326.07281691488356,328.5145300124096,325.26485616644015,327.7025310706525,89450206.12766273,2020-08-10T16:00:00
2020-08-11T16:00:00,2020-08-11T09:30:00,327.77469899105824,328.7948966742509,325.2243311840721,326.23975134772354,88304855.80389974,2020-08-11T16:00:00
2020-08-12T16:00:00,2020-08-12T09:30:00,326.075636176577,327.56554710338577,323.28527541448517,324.769217026353,56271334.303459376,2020-08-12T16:00:00
2020-08-13T16:00:00,2020-08-13T09:30:00,324.4306409586274,324.73397645506543,321.9003866327876,322.2016380606598,85998492.45661613,2020-08-13T16:00:00
2020-08-14T16:00:00,2020-08-14T09:30:00,321.79427208524487,322.0784550446789,318.24263239310045,318.5239272455807,75545468.631581,2020-08-14T16:00:00
2020-08-17T16:00:00,2020-08-17T09:30:00,318.11584323384113,319.1606990847822,318.1063888843736,319.1512139642703,76046176.0110337,2020-08-17T16:00:00
2020-08-18T16:00:00,2020-08-18T09:30:00,319.22880759550657,320.70330924122004,318.14202801159416,319.61521417833046,58155964.818789296,2020-08-18T16:00:00
2020-08-19T16:00:00,2020-08-19T09:30:00,319.63199688681846,321.1998268382645,314.0771115455259,315.62528815180417,93152755.20575245,2020-08-19T16:00:00
2020-08-20T16:00:00,2020-08-20T09:30:00,315.52239132642984,317.4244926533054,314.3096279816425,316.2090898672545,78124589.38222913,2020-08-20T16:00:00
2020-08-21T16:00:00,2020-08-21T09:30:00,315.5094683829473,318.099294334507,314.60306163954584,317.18806525871895,64141053.58817887,2020-08-21T16:00:00
2020-08-24T16:00:00,2020-08-24T09:30:00,317.59693303344335,319.24824150026313,315.6747487746275,317.3246414931223,75594874.26102713,2020-08-24T16:00:00
2020-08-25T16:00:00,2020-08-25T09:30:00,317.62645667559974,318.01193473290044,317.2398543418372,317.6253310330347,83309027.75482436,2020-08-25T16:00:00
2020-08-26T16:00:00,2020-08-26T09:30:00,317.52587852859494,319.41052309777814,311.64927569830877,313.51008490744465,73283089.07377966,2020-08-26T16:00:00
2020-08-27T16:00:00,2020-08-27T09:30:00,313.4886628477464,314.6284441431037,311.5175673386374,312.6543151145958,87080814.99433917,2020-08-27T16:00:00
2020-08-28T16:00:00,2020-08-28T09:30:00,312.59074377498393,313.77649853165815,310.7554559929431,311.9387374852137,85738714.74832724,2020-08-28T16:00:00
2020-08-31T16:00:00,2020-08-31T09:30:00,311.58998165713433,312.0752130490962,308.5641904448414,309.0454593149294,63612364.16564333,2020-08-31T16:00:00
2020-09-01T16:00:00,2020-09-01T09:30:00,308.7712996486501,308.952211464675,307.25545486689373,307.43558407543435,61647028.02931161,2020-09-01T16:00:00
2020-09-02T16:00:00,2020-09-02T09:30:00,307.239525572387,309.0343159385422,306.3374921871212,308.1296691550564,59013580.2602697,2020-09-02T16:00:00
2020-09-03T16:00:00,2020-09-03T09:30:00,308.2044438150541,311.63081983716575,305.8958091322046,309.31387485564943,57666225.645330906,2020-09-03T16:00:00
2020-09-04T16:00:00,2020-09-04T09:30:00,310.1047939381891,310.98042472810045,309.632969050597,310.50798638262734,55868335.584270045,2020-09-04T16:00:00
2020-09-08T16:00:00,2020-09-08T09:30:00,309.9278233993262,310.28517445220064,308.0595113582499,308.4151182412237,90139982.0251892,2020-09-08T16:00:00
2020-09-09T16:00:00,2020-09-09T09:30:00,307.9802173733735,309.1815864607621,301.9796920955626,303.1622673256663,76692633.51957801,2020-09-09T16:00:00
2020-09-10T16:00:00,2020-09-10T09:30:00,303.22672659004536,308.62061114952354,301.9531321857663,307.32978333652915,65637449.618530504,2020-09-10T16:00:00
2020-09-11T16:00:00,2020-09-11T09:30:00,307.827254848923,308.329083002161,304.97321186212076,305.47119911082103,80323249.07460195,2020-09-11T16:00:00
2020-09-14T16:00:00,2020-09-14T09:30:00,305.32725106504336,306.8580269933391,301.2374970792076,302.75537877622645,72408592.62098984,2020-09-14T16:00:00
2020-09-15T16:00:00,2020-09-15T09:30:00,302.6527225868439,303.60659194854725,302.1711229983124,303.124242049306,69186822.52847661,2020-09-15T16:00:00
2020-09-16T16:00:00,2020-09-16T09:30:00,303.44532078330053,304.5176201238956,302.0118355588527,303.08285403324066,83375161.04618195,2020-09-16T16:00:00
2020-09-17T16:00:00,2020-09-17T09:30:00,303.1624714260885,305.2007896096383,302.6683207357148,304.70412604328163,74226175.6383457,2020-09-17T16:00:00
2020-09-18T16:00:00,2020-09-18T09:30:00,304.5086947759912,304.6177311544398,300.5526668351207,300.66032521587346,64039734.61433041,2020-09-18T16:00:00
2020-09-21T16:00:00,2020-09-21T09:30:00,300.3879729891661,302.47393749693106,298.9916028255326,301.0743765482585,83686332.41884683,2020-09-21T16:00:00
2020-09-22T16:00:00,2020-09-22T09:30:00,301.3341347641325,301.9172724463068,297.5318608899327,298.10875686506085,67040093.24517644,2020-09-22T16:00:00
2020-09-23T16:00:00,2020-09-23T09:30:00,297.5564873330779,298.6159183144964,297.4448404964914,298.5039159910795,76621486.54719675,2020-09-23T16:00:00
2020-09-24T16:00:00,2020-09-24T09:30:00,298.9541196261587,303.7942261766454,297.18949320726716,302.0115527501684,75752212.13948613,2020-09-24T16:00:00
2020-09-25T16:00:00,2020-09-25T09:30:00,302.2115008234218,303.92249387411437,301.761494347335,303.4706125242456,54949386.48384267,2020-09-25T16:00:00
2020-09-28T16:00:00,2020-09-28T09:30:00,303.5683021641231,306.67809854658327,303.14306764085615,306.249108784324,80470641.7002846,2020-09-28T16:00:00
2020-09-29T16:00:00,2020-09-29T09:30:00,305.5919727374559,308.37176054463805,301.5709297893018,304.3393229892713,72509323.21173736,2020-09-29T16:00:00
2020-09-30T16:00:00,2020-09-30T09:30:00,304.0814051231632,304.5110225963708,303.4400034510458,303.8693212843498,61351795.1972139,2020-09-30T16:00:00
2020-10-01T16:00:00,2020-10-01T09:30:00,303.80667110768945,304.9496791833867,301.2690155478765,302.4067567430995,74950238.62586415,2020-10-01T16:00:00
2020-10-02T16:00:00,2020-10-02T09:30:00,302.7583923511046,302.95475710637254,302.67317368194216,302.86950716126046,58667927.32725396,2020-10-02T16:00:00
2020-10-05T16:00:00,2020-10-05T09:30:00,302.7400851335128,305.2441045909639,301.8379865036157,304.33724677192566,76770325.32533424,2020-10-05T16:00:00
2020-10-06T16:00:00,2020-10-06T09:30:00,304.1762784545118,304.6442949916664,300.930346257634,301.39408200749835,71953179.04556027,2020-10-06T16:00:00
2020-10-07T16:00:00,2020-10-07T09:30:00,301.1365592387141,302.3307837573486,297.4254534006285,298.60965692177695,76304872.96092461,2020-10-07T16:00:00
2020-10-08T16:00:00,2020-10-08T09:30:00,298.2499925175227,299.7220456004896,295.31024769798864,296.7750208593085,64899048.02161667,2020-10-08T16:00:00
2020-10-09T16:00:00,2020-10-09T09:30:00,296.9493687371486,297.3374434578202,293.7741922772557,294.15861984723443,80398311.32426044,2020-10-09T16:00:00
2020-10-12T16:00:00,2020-10-12T09:30:00,294.024540112929,295.22474626097267,291.6842563667757,292.87978965131794,82450469.87333676,2020-10-12T16:00:00
2020-10-13T16:00:00,2020-10-13T09:30:00,293.30959767646885,293.8292244557838,290.4994500035545,291.01501169829277,89019268.13696788,2020-10-13T16:00:00
2020-10-14T16:00:00,2020-10-14T09:30:00,290.71878255362776,293.0611962721617,290.44887048673434,292.789361817166,81754569.54550879,2020-10-14T16:00:00
2020-10-15T16:00:00,2020-10-15T09:30:00,292.2634849440034,292.747492446218,291.2883190300339,291.7715117924384,66660923.35035001,2020-10-15T16:00:00
2020-10-16T16:00:00,2020-10-16T09:30:00,291.51412940201493,292.2269219715345,289.8159266287102,290.526303827383,88080899.31717692,2020-10-16T16:00:00
2020-10-19T16:00:00,2020-10-19T09:30:00,290.83582950959527,291.3947533462111,289.13348833625923,289.69021053990934,63292694.39546232,2020-10-19T16:00:00
2020-10-20T16:00:00,2020-10-20T09:30:00,289.1501804780401,290.00309388690096,288.6092031651475,289.4615340558801,54202182.64735872,2020-10-20T16:00:00
2020-10-21T16:00:00,2020-10-21T09:30:00,289.65455849984653,290.5736155268884,288.46942810294473,289.3876382074605,87390380.33884433,2020-10-21T16:00:00
2020-10-22T16:00:00,2020-10-22T09:30:00,288.7283233008375,288.8958614853186,285.9464617033859,286.11248201357216,66923230.31324625,2020-10-22T16:00:00
2020-10-23T16:00:00,2020-10-23T09:30:00,286.3117670411472,286.74118680542256,286.126425687488,286.55568755200903,55695933.9381435,2020-10-23T16:00:00
2020-10-26T16:00:00,2020-10-26T09:30:00,286.1165718459972,286.25559676549034,284.7419724927357,284.88039675096,84759794.790419,2020-10-26T16:00:00
2020-10-27T16:00:00,2020-10-27T09:30:00,284.9623506341783,285.7481962327363,281.2792775634335,282.0571113333684,74795647.82700537,2020-10-27T16:00:00
2020-10-28T16:00:00,2020-10-28T09:30:00,282.91620748278973,284.0210239834286,278.7822286335308,279.87516957252467,88098161.708466,2020-10-28T16:00:00
2020-10-29T16:00:00,2020-10-29T09:30:00,280.04846416891684,280.2818069720683,277.5458675538463,277.7773179859102,83653064.58552004,2020-10-29T16:00:00
2020-10-30T16:00:00,2020-10-30T09:30:00,277.88856501952915,279.0611918957591,275.1447349493362,276.3107036073746,65978868.5928197,2020-10-30T16:00:00
2020-11-02T16:00:00,2020-11-02T09:30:00,276.54024661309984,278.8414975654374,276.3965844010307,278.6967150714824,71856653.1565368,2020-11-02T16:00:00
2020-11-03T16:00:00,2020-11-03T09:30:00,278.799586023183,279.3070062102592,277.56344748206016,278.0695389705637,64691933.67442068,2020-11-03T16:00:00
2020-11-04T16:00:00,2020-11-04T09:30:00,278.1600855457897,281.98237477772966,276.32371607354196,280.1329805605051,70721157.94669762,2020-11-04T16:00:00
2020-11-05T16:00:00,2020-11-05T09:30:00,279.9028177983524,281.7572316660317,279.0947904913961,280.9461923311134,85174483.6103492,2020-11-05T16:00:00
2020-11-06T16:00:00,2020-11-06T09:30:00,281.0061987173215,281.74301940782533,280.32524179192296,281.06192743609273,78106165.00167955,2020-11-06T16:00:00
2020-11-09T16:00:00,2020-11-09T09:30:00,280.6217403138941,284.27758654430613,280.5885134426879,284.2439307895206,67445485.46328883,2020-11-09T16:00:00
2020-11-10T16:00:00,2020-11-10T09:30:00,284.46628512778176,284.7573910090674,283.74396593487984,284.03463008606286,80272285.01650454,2020-11-10T16:00:00
2020-11-11T16:00:00,2020-11-11T09:30:00,284.07372970187123,285.89998880887333,282.06992499699953,283.8950353097739,67997934.1598901,2020-11-11T16:00:00
2020-11-12T16:00:00,2020-11-12T09:30:00,283.21330827186966,283.2719686324106,281.89693137409296,281.9553311769984,67079830.50282067,2020-11-12T16:00:00
2020-11-13T16:00:00,2020-11-13T09:30:00,282.39929118369764,282.4627595663458,281.8635420950148,281.9269043101484,83946005.45115328,2020-11-13T16:00:00
2020-11-16T16:00:00,2020-11-16T09:30:00,281.616493892468,281.6956533811029,280.4382168255191,280.51706727668426,62239745.32759831,2020-11-16T16:00:00
2020-11-17T16:00:00,2020-11-17T09:30:00,280.9057360211187,281.55206547111953,279.6906336519665,280.33565140758924,59162945.31868062,2020-11-17T16:00:00
2020-11-18T16:00:00,2020-11-18T09:30:00,280.2301025583674,281.601329677061,277.3254529026339,278.68913975364234,63386180.279861085,2020-11-18T16:00:00
2020-11-19T16:00:00,2020-11-19T09:30:00,278.87879319440094,279.24276361602824,278.71351001550016,279.07736275084824,84824529.93857688,2020-11-19T16:00:00
2020-11-20T16:00:00,2020-11-20T09:30:00,279.0062582310036,279.73404559369396,278.4575113095537,279.1849472283811,82498907.62124266,2020-11-20T16:00:00
2020-11-23T16:00:00,2020-11-23T09:30:00,279.2427029955463,282.2272626306131,278.26485403937,281.24241111902444,63806268.210075505,2020-11-23T16:00:00
2020-11-24T16:00:00,2020-11-24T09:30:00,281.34183806479564,285.519671302913,281.0922771460719,285.266628945294,67565565.23918357,2020-11-24T16:00:00
2020-11-25T16:00:00,2020-11-25T09:30:00,284.6423258740063,286.35505903934205,283.55611948412627,285.2664708873694,76968313.90611698,2020-11-25T16:00:00
2020-11-27T13:00:00,2020-11-27T09:30:00,285.29107000010055,286.23419242172474,283.88374112471524,284.82532387102776,77923350.95085084,2020-11-27T13:00:00
2020-11-30T16:00:00,2020-11-30T09:30:00,285.0352011470029,285.45249485335177,283.1147794382391,283.52986932733387,72825802.58061372,2020-11-30T16:00:00
2020-12-01T16:00:00,2020-12-01T09:30:00,283.2739378045187,285.46844437899716,282.9828846110669,285.17543746698794,73705762.22083251,2020-12-01T16:00:00
2020-12-02T16:00:00,2020-12-02T09:30:00,285.0684734305005,285.82021002800417,283.5995078421392,284.3493480782565,54491151.24772743,2020-12-02T16:00:00
2020-12-03T16:00:00,2020-12-03T09:30:00,284.33333167415185,285.65968586668043,284.29827164722116,285.62446663496627,80552215.94985849,2020-12-03T16:00:00
2020-12-04T16:00:00,2020-12-04T09:30:00,285.98820573043344,287.2596041549315,282.93497630548364,284.198417991677,89842043.9849372,2020-12-04T16:00:00
2020-12-07T16:00:00,2020-12-07T09:30:00,284.1746342245307,285.1933328181673,282.8382607416363,283.8558164492437,72966275.59062631,2020-12-07T16:00:00
2020-12-08T16:00:00,2020-12-08T09:30:00,284.1351388567575,287.53548048265816,283.9220507317987,287.3200038572346,77369738.38476008,2020-12-08T16:00:00
2020-12-09T16:00:00,2020-12-09T09:30:00,287.4152708922714,288.11386269246714,285.5434125836661,286.23914569295897,77488955.89867616,2020-12-09T16:00:00
2020-12-10T16:00:00,2020-12-10T09:30:00,286.2781408129897,286.8972688174034,284.39128944527613,285.00766982752185,60940594.08259659,2020-12-10T16:00:00
2020-12-11T16:00:00,2020-12-11T09:30:00,285.2094055536801,289.3868094515757,284.3584380736555,288.5259465456802,77846003.70178096,2020-12-11T16:00:00
2020-12-14T16:00:00,2020-12-14T09:30:00,288.434484559612,291.12412416422836,287.18515056587984,289.8685784919495,75508680.10733844,2020-12-14T16:00:00
2020-12-15T16:00:00,2020-12-15T09:30:00,289.3690934008298,290.45217558359263,288.81290030186426,289.89497169982843,67746662.14464353,2020-12-15T16:00:00
2020-12-16T16:00:00,2020-12-16T09:30:00,289.94395972855534,291.6311678908952,287.941059022051,289.62641939059444,56559047.82898976,2020-12-16T16:00:00
2020-12-17T16:00:00,2020-12-17T09:30:00,289.88245381351504,292.43622920097874,289.05896362749723,291.607837591678,84299419.8032497,2020-12-17T16:00:00
2020-12-18T16:00:00,2020-12-18T09:30:00,292.0191047816572,292.6580795092744,289.69783846373764,290.3331240523236,89491361.03222367,2020-12-18T16:00:00
2020-12-21T16:00:00,2020-12-21T09:30:00,290.6959851384981,291.6709479962506,289.6390785980413,290.6137657007021,66197199.6589247,2020-12-21T16:00:00
2020-12-22T16:00:00,2020-12-22T09:30:00,290.26264083464434,293.3422210926692,289.3959633225312,292.46895587905874,64223518.7936271,2020-12-22T16:00:00
2020-12-23T16:00:00,2020-12-23T09:30:00,292.21995481850456,293.00610639607964,291.48265426907943,292.2686829007666,68872028.98079656,2020-12-23T16:00:00
2020-12-24T13:00:00,2020-12-24T09:30:00,291.9894214180142,293.2760726493353,291.3304247278087,292.6156625830799,57382758.376107976,2020-12-24T13:00:00
2020-12-28T16:00:00,2020-12-28T09:30:00,292.4044437633217,293.15425841797156,291.11831888907096,291.86675474420264,56973317.655306876,2020-12-28T16:00:00
2020-12-29T16:00:00,2020-12-29T09:30:00,291.83287691120574,295.875854785216,290.87143925379394,294.9042983903163,67957936.64336786,2020-12-29T16:00:00
2020-12-30T16:00:00,2020-12-30T09:30:00,294.39088561555354,295.3278017273615,292.34979819557446,293.28318899848784,56909234.224359706,2020-12-30T16:00:00
2020-12-31T16:00:00,2020-12-31T09:30:00,293.18417639987547,293.80820686963125,292.530629177354,293.15459668790857,69901566.2318759,2020-12-31T16:00:00
2021-01-04T16:00:00,2021-01-04T09:30:00,293.34083691885104,294.0357803538723,291.4387249872596,292.13080177067104,67431553.11010264,2021-01-04T16:00:00
2021-01-05T16:00:00,2021-01-05T09:30:00,292.2578127521249,295.9688945049316,290.88915695707306,294.58932016129853,80210984.24316776,2021-01-05T16:00:00
2021-01-06T16:00:00,2021-01-06T09:30:00,294.5395883901284,297.78548885290553,293.0852428750404,296.3223406577462,78250461.22607116,2021-01-06T16:00:00
2021-01-07T16:00:00,2021-01-07T09:30:00,296.1403900195152,296.56353461322306,294.0124341325207,294.4331392956806,81799829.58158986,2021-01-07T16:00:00
2021-01-08T16:00:00,2021-01-08T09:30:00,293.8772715076814,296.64212693179246,293.0891057952577,295.8486740059461,76903235.98889844,2021-01-08T16:00:00
2021-01-11T16:00:00,2021-01-11T09:30:00,295.8016674962217,299.2587659777695,294.6145732461003,298.0625982901381,65962444.364970475,2021-01-11T16:00:00
2021-01-12T16:00:00,2021-01-12T09:30:00,297.711483173777,298.997912714066,295.87198652157696,297.1560158535778,75682888.82479264,2021-01-12T16:00:00
2021-01-13T16:00:00,2021-01-13T09:30:00,297.22518232879276,297.6636439966686,296.610355718104,297.04855683096986,55178360.272297904,2021-01-13T16:00:00
2021-01-14T16:00:00,2021-01-14T09:30:00,297.17172133811584,299.06350300871327,297.05289105102895,298.94396405355485,60215551.529945016,2021-01-14T16:00:00
2021-01-15T16:00:00,2021-01-15T09:30:00,298.7940893928761,299.96726464063704,293.42197739820324,294.5786010918755,87729563.1653219,2021-01-15T16:00:00
2021-01-19T16:00:00,2021-01-19T09:30:00,294.1659171145046,297.1365347039109,293.547912486583,296.5135979016383,87653295.1130235,2021-01-19T16:00:00
2021-01-20T16:00:00,2021-01-20T09:30:00,296.42531162991173,296.75830004787906,296.26484914510513,296.5977442209693,78437123.78647597,2021-01-20T16:00:00
2021-01-21T16:00:00,2021-01-21T09:30:00,296.988588500842,298.09070690676936,291.4874688147893,292.57320181358074,85513926.01796943,2021-01-21T16:00:00
2021-01-22T16:00:00,2021-01-22T09:30:00,292.4805424780828,293.2609456012349,290.78303081018953,291.5609803370761,73489521.6822958,2021-01-22T16:00:00
2021-01-25T16:00:00,2021-01-25T09:30:00,291.58708071691007,291.8465901021853,291.12137233177236,291.38069803866983,60879733.20141391,2021-01-25T16:00:00
2021-01-26T16:00:00,2021-01-26T09:30:00,291.1959320035842,293.37001864144537,290.6810774829947,292.85223566158817,89887337.6926043,2021-01-26T16:00:00
2021-01-27T16:00:00,2021-01-27T09:30:00,292.6306856052012,293.22698787793155,292.47281575821125,293.0688816307863,76522459.87359108,2021-01-27T16:00:00
2021-01-28T16:00:00,2021-01-28T09:30:00,293.43231218353327,293.982452864997,292.50951565555425,293.0589563519684,65566511.66251095,2021-01-28T16:00:00
2021-01-29T16:00:00,2021-01-29T09:30:00,293.2128431949655,293.26833351557076,291.6914211915886,291.7466340331599,67175189.06954053,2021-01-29T16:00:00
2021-02-01T16:00:00,2021-02-01T09:30:00,292.20436846170367,292.27141256007053,291.8478902519445,291.91486792658725,62829117.89946818,2021-02-01T16:00:00
2021-02-02T16:00:00,2021-02-02T09:30:00,291.58566921698963,293.90599125655086,288.83777350585143,291.15466579268434,55089033.49792995,2021-02-02T16:00:00
2021-02-03T16:00:00,2021-02-03T09:30:00,291.2336957444372,294.59599956868277,290.34735668862555,293.70214803849876,65188481.212493174,2021-02-03T16:00:00
2021-02-04T16:00:00,2021-02-04T09:30:00,293.9941842659087,294.5930015135873,293.5778539003489,294.176413090565,87453320.3619618,2021-02-04T16:00:00
2021-02-05T16:00:00,2021-02-05T09:30:00,294.27785284776473,295.73133713114544,294.1784339840481,295.63146096430677,56531840.77980289,2021-02-05T16:00:00
2021-02-08T16:00:00,2021-02-08T09:30:00,295.4863292544928,297.4569211782219,293.8022514220223,295.7712196577317,57917488.667502746,2021-02-08T16:00:00
2021-02-09T16:00:00,2021-02-09T09:30:00,295.52379188454677,298.44243924359915,295.4211867566497,298.33885673216594,61546405.51541263,2021-02-09T16:00:00
2021-02-10T16:00:00,2021-02-10T09:30:00,298.38082589516625,298.9123712225303,296.0705535851171,296.59892457539866,73026996.63566034,2021-02-10T16:00:00
2021-02-11T16:00:00,2021-02-11T09:30:00,296.56189998716627,297.088291839114,295.49567257801,296.0211045280848,88433033.66005445,2021-02-11T16:00:00
2021-02-12T16:00:00,2021-02-12T09:30:00,296.4664585032887,297.01314895097306,295.4961180277892,296.0420258125751,83229265.01659952,2021-02-12T16:00:00
2021-02-16T16:00:00,2021-02-16T09:30:00,296.1197393032213,296.7273319139694,294.8224584402753,295.42863300614624,62389554.98541881,2021-02-16T16:00:00
2021-02-17T16:00:00,2021-02-17T09:30:00,295.09369206937725,295.9799152245665,292.8171845176699,293.69921980424715,63885481.96022656,2021-02-17T16:00:00
2021-02-18T16:00:00,2021-02-18T09:30:00,294.45002452028973,294.8154743722911,290.5173520721884,290.87836904643245,77033842.09431358,2021-02-18T16:00:00
2021-02-19T16:00:00,2021-02-19T09:30:00,290.6640135573636,291.6507104373887,288.84916865157726,289.8330446995034,67763966.6878287,2021-02-19T16:00:00
2021-02-22T16:00:00,2021-02-22T09:30:00,289.40176962241765,289.72528565520065,288.9401113226238,289.2634727563056,74375572.75731274,2021-02-22T16:00:00
2021-02-23T16:00:00,2021-02-23T09:30:00,289.466460365024,290.3200150789304,282.8730329359498,283.70961233337755,88001602.53735738,2021-02-23T16:00:00
2021-02-24T16:00:00,2021-02-24T09:30:00,284.0311588309109,287.97229005493045,283.5679043823107,287.50337243049023,63305935.0139966,2021-02-24T16:00:00
2021-02-25T16:00:00,2021-02-25T09:30:00,287.369246832098,287.70563588608366,285.5352384091243,285.86987232341386,64323363.6986093,2021-02-25T16:00:00
2021-02-26T16:00:00,2021-02-26T09:30:00,285.6952109540988,286.51190693095094,285.6334304892873,286.4499632539255,57742886.80634815,2021-02-26T16:00:00
2021-03-01T16:00:00,2021-03-01T09:30:00,286.8581543296045,287.63821111523373,283.15350828533116,283.9255905153549,74925218.06726022,2021-03-01T16:00:00
2021-03-02T16:00:00,2021-03-02T09:30:00,284.16401231825705,286.4398780086153,283.32298476402445,285.59461635940363,82018398.50795004,2021-03-02T16:00:00
2021-03-03T16:00:00,2021-03-03T09:30:00,285.76154547297256,286.8404235646265,285.0617910562351,286.13974304210757,62576236.261603095,2021-03-03T16:00:00
2021-03-04T16:00:00,2021-03-04T09:30:00,286.44603458285366,289.03275897933565,285.98152922194737,288.5648177665459,73610456.9318035,2021-03-04T16:00:00
2021-03-05T16:00:00,2021-03-05T09:30:00,288.48798863076377,291.2589486156869,287.9155528413257,290.6821590170549,88843708.93406169,2021-03-05T16:00:00
2021-03-08T16:00:00,2021-03-08T09:30:00,290.53274447628564,290.83606410856345,287.99666975741917,288.297655930737,59623486.96985696,2021-03-08T16:00:00
2021-03-09T16:00:00,2021-03-09T09:30:00,287.3788616142661,289.82172113436235,286.7487862478003,289.1876799512386,75446286.34411184,2021-03-09T16:00:00
2021-03-10T16:00:00,2021-03-10T09:30:00,289.5499125010354,292.0607117476919,288.25961310007193,290.76499765455264,62811179.45947084,2021-03-10T16:00:00
2021-03-11T16:00:00,2021-03-11T09:30:00,290.4614543259991,290.98919050053684,286.55719640747157,287.0787866508641,93228376.23882258,2021-03-11T16:00:00
2021-03-12T16:00:00,2021-03-12T09:30:00,287.9557111942926,289.2582307564059,286.9513739082708,288.25285707943846,70638904.33151984,2021-03-12T16:00:00
2021-03-15T16:00:00,2021-03-15T09:30:00,288.3368471146427,289.14624382951166,286.9090025047447,287.71665827385755,63586298.92408415,2021-03-15T16:00:00
2021-03-16T16:00:00,2021-03-16T09:30:00,287.6531030318452,289.34764523462445,284.004020623523,285.6869805506896,63890927.8617475,2021-03-16T16:00:00
2021-03-17T16:00:00,2021-03-17T09:30:00,285.65437897502653,286.23461213426293,284.0164752914311,284.59455569315236,71955259.66846605,2021-03-17T16:00:00
2021-03-18T16:00:00,2021-03-18T09:30:00,284.6651532603727,285.0136799970335,281.9453756001196,282.29099556218785,86297559.68368348,2021-03-18T16:00:00
2021-03-19T16:00:00,2021-03-19T09:30:00,282.36824980251424,282.3834572310609,280.59057834053164,280.6056908434291,78901547.46621023,2021-03-19T16:00:00
2021-03-22T16:00:00,2021-03-22T09:30:00,280.2854681602436,281.5212569988435,278.88125424616646,280.1162972038576,79434424.48496053,2021-03-22T16:00:00
2021-03-23T16:00:00,2021-03-23T09:30:00,280.08591185665506,280.4969493727195,276.9185069518797,277.3254934411671,87501866.76024947,2021-03-23T16:00:00
2021-03-24T16:00:00,2021-03-24T09:30:00,277.30101240621997,278.0927989002025,273.82933238334687,274.6134449796702,87273352.08062045,2021-03-24T16:00:00
2021-03-25T16:00:00,2021-03-25T09:30:00,274.62652584969624,278.03000617045836,274.32572194272973,277.7258075584687,65370402.43648086,2021-03-25T16:00:00
2021-03-26T16:00:00,2021-03-26T09:30:00,277.3713295095875,277.5187128014406,276.2134863216063,276.36033241273117,80419336.36619015,2021-03-26T16:00:00
2021-03-29T16:00:00,2021-03-29T09:30:00,276.0891496106059,277.27562197166367,274.43466560850044,275.61911804424386,72424697.74705431,2021-03-29T16:00:00
2021-03-30T16:00:00,2021-03-30T09:30:00,275.3307093638772,275.7283656080839,271.97411333814665,272.36748984637035,81644870.9876795,2021-03-30T16:00:00
2021-03-31T16:00:00,2021-03-31T09:30:00,272.3621810167222,273.4330904544181,271.92470984852815,272.99460348221726,57395576.91941204,2021-03-31T16:00:00
2021-04-01T16:00:00,2021-04-01T09:30:00,273.4686589910575,274.6922957807761,271.58595306632736,272.80662759347064,72349146.7963997,2021-04-01T16:00:00
2021-04-05T16:00:00,2021-04-05T09:30:00,272.37942858408553,273.24486767561314,270.3585482347915,271.2203044073126,81412391.45773226,2021-04-05T16:00:00
2021-04-06T16:00:00,2021-04-06T09:30:00,270.7499457621189,271.1625246193852,270.33969244574615,270.7522677845725,77829699.73003808,2021-04-06T16:00:00
2021-04-07T16:00:00,2021-04-07T09:30:00,271.07309623199654,271.9076160018485,266.9148930499367,267.73914900197065,92193193.07742867,2021-04-07T16:00:00
2021-04-08T16:00:00,2021-04-08T09:30:00,267.0506474650483,268.4338111604603,260.6453185217977,262.00233495769345,97807987.66518672,2021-04-08T16:00:00
2021-04-09T16:00:00,2021-04-09T09:30:00,262.25996305670475,264.1586561913998,261.8646651882359,263.76109570332034,82667736.39424816,2021-04-09T16:00:00
2021-04-12T16:00:00,2021-04-12T09:30:00,263.4407292932312,266.47940253225573,258.811011374593,261.83111845879034,58332697.84159239,2021-04-12T16:00:00
2021-04-13T16:00:00,2021-04-13T09:30:00,262.0209935391398,266.64027067108265,261.68741361911617,266.30124155109144,67707872.25140241,2021-04-13T16:00:00
2021-04-14T16:00:00,2021-04-14T09:30:00,266.79468366303854,267.56562262785803,264.9881523939903,265.75609020393205,75172227.53209317,2021-04-14T16:00:00
2021-04-15T16:00:00,2021-04-15T09:30:00,265.6904641742495,270.0509745123275,263.3995977379127,267.74241550860603,76946913.26399304,2021-04-15T16:00:00
2021-04-16T16:00:00,2021-04-16T09:30:00,267.0820769242061,273.67199983122003,266.059348645548,272.62803460615623,71486199.61402309,2021-04-16T16:00:00
2021-04-19T16:00:00,2021-04-19T09:30:00,273.0493571462842,273.85502356926276,269.41701983923406,270.2143211323759,88489169.67138563,2021-04-19T16:00:00
2021-04-20T16:00:00,2021-04-20T09:30:00,269.3641546824796,272.106541255515,268.73555638584605,271.47302162786303,60825722.3685794,2021-04-20T16:00:00
2021-04-21T16:00:00,2021-04-21T09:30:00,272.03196019668223,274.7425660982718,266.0810643832739,268.7590581328088,76609109.52437364,2021-04-21T16:00:00
2021-04-22T16:00:00,2021-04-22T09:30:00,268.7756064288714,274.9634710921086,267.2674524318834,273.42920481839724,93179467.5879575,2021-04-22T16:00:00
2021-04-23T16:00:00,2021-04-23T09:30:00,272.9229270530647,273.0933486168227,269.05779021680434,269.2259032439157,72948324.45925054,2021-04-23T16:00:00
2021-04-26T16:00:00,2021-04-26T09:30:00,269.92347052149086,271.7107052416531,267.6964367627443,269.4807400472903,74844051.98524946,2021-04-26T16:00:00
2021-04-27T16:00:00,2021-04-27T09:30:00,270.30973880786917,271.36562877859984,266.78140761747164,267.8276018089281,66288737.480972365,2021-04-27T16:00:00
2021-04-28T16:00:00,2021-04-28T09:30:00,267.32692640854015,270.2528169210145,264.5489844952468,267.4733534038448,82597611.43245849,2021-04-28T16:00:00
2021-04-29T16:00:00,2021-04-29T09:30:00,268.398397490955,268.6540865614121,267.3171061247556,267.5720079372454,77085089.1658202,2021-04-29T16:00:00
2021-04-30T16:00:00,2021-04-30T09:30:00,266.91277913763327,267.40836800979935,258.8142848745231,259.29573083307264,86663819.80605213,2021-04-30T16:00:00
2021-05-03T16:00:00,2021-05-03T09:30:00,259.3387954129998,259.5798540756682,256.17663322825996,256.4149741624087,82885578.2149321,2021-05-03T16:00:00
2021-05-04T16:00:00,2021-05-04T09:30:00,255.60381612036483,255.72463167521272,255.44801438632584,255.56881339653225,75920179.361939,2021-05-04T16:00:00
2021-05-05T16:00:00,2021-05-05T09:30:00,256.005860263249,256.19664230576393,255.95982412687522,256.1505801452037,64629168.06635166,2021-05-05T16:00:00
2021-05-06T16:00:00,2021-05-06T09:30:00,256.66522092401823,264.11470703181465,254.48558530391867,261.89069597389897,76076959.00743365,2021-05-06T16:00:00
2021-05-07T16:00:00,2021-05-07T09:30:00,263.3437822536594,263.5579429469781,260.8199382017202,261.03221904819196,90228080.62255041,2021-05-07T16:00:00
2021-05-10T16:00:00,2021-05-10T09:30:00,259.4588862682936,261.45127864313963,257.4324217638492,259.42455047312006,65927396.475664906,2021-05-10T16:00:00
2021-05-11T16:00:00,2021-05-11T09:30:00,259.28256801451323,260.78530775344143,258.29427985833536,259.79506614610256,78066479.40458201,2021-05-11T16:00:00
2021-05-12T16:00:00,2021-05-12T09:30:00,260.2034896998137,266.1577025572191,257.94006279209697,263.8624475458422,81892714.75569744,2021-05-12T16:00:00
2021-05-13T16:00:00,2021-05-13T09:30:00,263.3981321628637,266.71994585418514,262.1502863615637,265.462320980694,61761513.95159061,2021-05-13T16:00:00
2021-05-14T16:00:00,2021-05-14T09:30:00,266.32612486244165,267.55476549945183,261.2974763696511,262.5085052059073,92163750.3111957,2021-05-14T16:00:00
2021-05-17T16:00:00,2021-05-17T09:30:00,262.32292048770387,266.215266385344,261.80459381951187,265.69028610336596,85906001.70300996,2021-05-17T16:00:00
2021-05-18T16:00:00,2021-05-18T09:30:00,265.3632847682926,270.6043438138872,264.85611990168707,270.0881487417319,86155492.64148474,2021-05-18T16:00:00
2021-05-19T16:00:00,2021-05-19T09:30:00,270.14613887009773,270.9700192384633,269.0924998250472,269.91567734150505,58307332.1386517,2021-05-19T16:00:00
2021-05-20T16:00:00,2021-05-20T09:30:00,268.76035169568,273.0753574881898,268.34602439004055,272.6550260605667,73776401.56668654,2021-05-20T16:00:00
2021-05-21T16:00:00,2021-05-21T09:30:00,273.7260234164185,279.85276153757513,272.38790326267014,278.491345922166,70688453.01394331,2021-05-21T16:00:00
2021-05-24T16:00:00,2021-05-24T09:30:00,278.36078590745205,279.18906826935296,273.45935547720387,274.27548172528276,87327625.78806664,2021-05-24T16:00:00
2021-05-25T16:00:00,2021-05-25T09:30:00,273.8194949883391,277.3296438235607,272.57666158804176,276.0765658529943,90584598.29990882,2021-05-25T16:00:00
2021-05-26T16:00:00,2021-05-26T09:30:00,275.3843535889618,275.42768321684383,272.31500246035006,272.35785589190033,64719062.85652392,2021-05-26T16:00:00
2021-05-27T16:00:00,2021-05-27T09:30:00,272.7380315304104,275.8979915551537,271.5903709102195,274.7418988158385,77930091.86418764,2021-05-27T16:00:00
2021-05-28T16:00:00,2021-05-28T09:30:00,273.9264338632575,274.8052324154817,272.5355410003909,273.41269138694514,55994020.803178,2021-05-28T16:00:00
2021-06-01T16:00:00,2021-06-01T09:30:00,273.0554736525287,273.45912023984306,270.1293069853857,270.52921911534247,69653966.5651396,2021-06-01T16:00:00
2021-06-02T16:00:00,2021-06-02T09:30:00,270.6104172015396,273.9006058023888,270.2916650183766,273.57835768024137,90415925.49154325,2021-06-02T16:00:00
2021-06-03T16:00:00,2021-06-03T09:30:00,272.8731846901381,273.2986949660644,272.54729302877377,272.97268447239566,75015258.66672671,2021-06-03T16:00:00
2021-06-04T16:00:00,2021-06-04T09:30:00,273.10166334441897,280.048146531542,272.2667775612963,279.1946342241347,92399390.55143102,2021-06-04T16:00:00
2021-06-07T16:00:00,2021-06-07T09:30:00,278.71537652737067,282.8205915307421,278.3688195269436,282.4693667878298,91494228.79132198,2021-06-07T16:00:00
2021-06-08T16:00:00,2021-06-08T09:30:00,281.44781229020964,285.5432323283888,279.58781919754404,283.6685630474968,74163356.88162135,2021-06-08T16:00:00
2021-06-09T16:00:00,2021-06-09T09:30:00,282.410452377826,282.6459982094433,280.120242725439,280.35407342404085,65742068.05302113,2021-06-09T16:00:00
2021-06-10T16:00:00,2021-06-10T09:30:00,280.6094727839574,281.0484176564089,276.631444137646,277.06484430599426,94142740.34099454,2021-06-10T16:00:00
2021-06-11T16:00:00,2021-06-11T09:30:00,275.96869186851967,278.99414810846304,275.77005007616856,278.7934730434541,77469164.66025825,2021-06-11T16:00:00
2021-06-14T16:00:00,2021-06-14T09:30:00,279.3663325069212,280.56830811537856,274.0773908208704,275.26170624600076,94172486.48833276,2021-06-14T16:00:00
2021-06-15T16:00:00,2021-06-15T09:30:00,276.12049822755256,277.49533031250854,273.7521343536125,275.1219947882415,62983157.88907865,2021-06-15T16:00:00
2021-06-16T16:00:00,2021-06-16T09:30:00,274.6402115316135,277.0902984634599,268.11552700694256,270.52893693469343,82755296.23012324,2021-06-16T16:00:00
2021-06-17T16:00:00,2021-06-17T09:30:00,270.80321100425215,276.3025109082568,269.2664435786017,274.74338359673527,82243128.24856214,2021-06-17T16:00:00
2021-06-18T16:00:00,2021-06-18T09:30:00,274.87215968140663,277.30464865651425,271.322223684397,273.7447354871126,86007090.23072183,2021-06-18T16:00:00
2021-06-21T16:00:00,2021-06-21T09:30:00,274.5134472971932,277.78173498161703,269.60399179096345,272.8525047129999,58914009.566603616,2021-06-21T16:00:00
2021-06-22T16:00:00,2021-06-22T09:30:00,274.1822825808055,274.43257945642284,267.727193507092,267.97182094583417,98180474.59526901,2021-06-22T16:00:00
2021-06-23T16:00:00,2021-06-23T09:30:00,268.35154599311886,270.2279989748809,267.22110149590475,269.0944250619136,55820972.97879253,2021-06-23T16:00:00
2021-06-24T16:00:00,2021-06-24T09:30:00,268.7361392363101,270.9938213914938,265.1838760485213,267.4305901407412,65073028.70313421,2021-06-24T16:00:00
2021-06-25T16:00:00,2021-06-25T09:30:00,266.59726466173595,269.10166157610314,265.53878065968,268.037459498894,63139003.67744674,2021-06-25T16:00:00
2021-06-28T16:00:00,2021-06-28T09:30:00,267.82012586369297,275.76295465420844,264.73496780732575,272.622475853322,80391729.71174264,2021-06-28T16:00:00
2021-06-29T16:00:00,2021-06-29T09:30:00,272.86958531850127,272.9988038985215,272.4092369576115,272.5382986553902,67872440.07336487,2021-06-29T16:00:00
2021-06-30T16:00:00,2021-06-30T09:30:00,272.2710343087967,272.4049689545237,272.0030264298203,272.1368950902369,82554765.09768532,2021-06-30T16:00:00
2021-07-01T16:00:00,2021-07-01T09:30:00,270.875936207165,275.087982570483,268.3523487590862,272.5488099682382,81938659.97578563,2021-07-01T16:00:00
2021-07-02T16:00:00,2021-07-02T09:30:00,272.0265172267118,273.8489368723775,266.6384877343033,268.43685875342464,76173574.95331706,2021-07-02T16:00:00
2021-07-06T16:00:00,2021-07-06T09:30:00,267.12577614311726,269.2914192527313,263.8420948273677,265.9985996877301,74026354.9692615,2021-07-06T16:00:00
2021-07-07T16:00:00,2021-07-07T09:30:00,265.82525059133695,269.061316114617,265.3529968985816,268.58416106033155,70350846.75355358,2021-07-07T16:00:00
2021-07-08T16:00:00,2021-07-08T09:30:00,268.84715991462724,276.6173204907095,265.0804338343554,272.79527866204506,62627490.59663033,2021-07-08T16:00:00
2021-07-09T16:00:00,2021-07-09T09:30:00,271.74323942899287,274.1712728426789,265.8634526575326,268.26036650462424,73629180.53157973,2021-07-09T16:00:00
2021-07-12T16:00:00,2021-07-12T09:30:00,268.68539855944374,269.37102083674034,266.2454567665295,266.9265909783579,75196067.4867862,2021-07-12T16:00:00
2021-07-13T16:00:00,2021-07-13T09:30:00,267.96001686908625,270.29945708444944,267.7475381522404,270.0852931312075,64252121.04596818,2021-07-13T16:00:00
2021-07-14T16:00:00,2021-07-14T09:30:00,269.92556410701167,278.6966965021619,268.42493264195576,277.15586868671534,89284076.54334012,2021-07-14T16:00:00
2021-07-15T16:00:00,2021-07-15T09:30:00,275.9779440085522,282.79080828184414,271.53667327845426,278.3119763275737,87681810.48494415,2021-07-15T16:00:00
2021-07-16T16:00:00,2021-07-16T09:30:00,278.68387884674513,281.73606912096665,277.98655638069397,281.03286901454635,63418536.89452749,2021-07-16T16:00:00
2021-07-19T16:00:00,2021-07-19T09:30:00,281.35216540728146,285.4489236218234,279.3430886954545,283.4250449128798,64329525.56927568,2021-07-19T16:00:00
2021-07-20T16:00:00,2021-07-20T09:30:00,284.18011476299995,284.6621193177587,278.8161148879839,279.2898249074744,94549060.29753183,2021-07-20T16:00:00
2021-07-21T16:00:00,2021-07-21T09:30:00,278.30546792661823,279.9651506655571,277.43330272942467,279.09052522330586,62891402.13401388,2021-07-21T16:00:00
2021-07-22T16:00:00,2021-07-22T09:30:00,279.2924639516136,281.90334304068114,277.78969361633256,280.3946422879281,63088377.13923662,2021-07-22T16:00:00
2021-07-23T16:00:00,2021-07-23T09:30:00,279.84947914621245,281.02398509555894,276.21399790846334,277.3781318101004,63716452.124563396,2021-07-23T16:00:00
2021-07-26T16:00:00,2021-07-26T09:30:00,276.4675813684916,277.24440187292794,268.19621413287985,268.9519170722807,69851076.14516117,2021-07-26T16:00:00
2021-07-27T16:00:00,2021-07-27T09:30:00,268.9784937528636,269.64224617383337,266.8762573208225,267.5364512446328,86952742.4907709,2021-07-27T16:00:00
2021-07-28T16:00:00,2021-07-28T09:30:00,266.62406031101443,268.5605571640499,265.36602323136924,267.2993338783824,72753187.72867948,2021-07-28T16:00:00
2021-07-29T16:00:00,2021-07-29T09:30:00,267.70540032236676,268.4066658989988,266.05331063784695,266.7520789489706,56949188.57244801,2021-07-29T16:00:00
2021-07-30T16:00:00,2021-07-30T09:30:00,266.33537398287336,270.88757207835306,258.38370010693757,262.87678406293537,61813919.44801421,2021-07-30T16:00:00
2021-08-02T16:00:00,2021-08-02T09:30:00,262.0171291986379,265.25935298528503,260.6147658557488,263.84719479837173,72968488.691166,2021-08-02T16:00:00
2021-08-03T16:00:00,2021-08-03T09:30:00,263.8442605692893,264.43365735038856,262.6009354387819,263.1888681509608,66753248.26132958,2021-08-03T16:00:00
2021-08-04T16:00:00,2021-08-04T09:30:00,262.8531557069787,265.67305054609733,261.48051902735233,264.292895449678,64314388.658055626,2021-08-04T16:00:00
2021-08-05T16:00:00,2021-08-05T09:30:00,264.7947790082888,269.60967335899744,263.00449047712823,267.7990726732215,82393386.50653411,2021-08-05T16:00:00
2021-08-06T16:00:00,2021-08-06T09:30:00,267.6489292666008,268.9681971188652,266.13446697554065,267.45276792931287,61728645.10768225,2021-08-06T16:00:00
2021-08-09T16:00:00,2021-08-09T09:30:00,267.7478709011091,273.4913183818053,267.25193755004744,272.9856833443457,80572781.61951008,2021-08-09T16:00:00
2021-08-10T16:00:00,2021-08-10T09:30:00,272.9409292425501,276.79829281714774,272.6598439897954,276.51352836197634,85803710.20513754,2021-08-10T16:00:00
2021-08-11T16:00:00,2021-08-11T09:30:00,276.16231251479934,282.6312420081861,276.0623068476308,282.5289308203784,72636747.79629324,2021-08-11T16:00:00
2021-08-12T16:00:00,2021-08-12T09:30:00,282.7115254876896,286.8084099772189,281.8790808518057,285.9663814117451,66003540.78898779,2021-08-12T16:00:00
2021-08-13T16:00:00,2021-08-13T09:30:00,285.37018670061946,287.15940915501574,282.8159310760277,284.6003266389924,87659354.08202243,2021-08-13T16:00:00
2021-08-16T16:00:00,2021-08-16T09:30:00,285.85971739279,286.4064814255888,284.86843956559267,285.41435174728554,71366663.33304538,2021-08-16T16:00:00
2021-08-17T16:00:00,2021-08-17T09:30:00,284.91482949832766,285.4672309422149,283.5145173721445,284.06527166774845,86516975.13860889,2021-08-17T16:00:00
2021-08-18T16:00:00,2021-08-18T09:30:00,284.70968804929026,291.0241078668135,281.66954265906867,287.949368988952,87659642.84097072,2021-08-18T16:00:00
2021-08-19T16:00:00,2021-08-19T09:30:00,287.2259052030341,287.98112283471403,284.972903987926,285.7241730391064,75355255.84215972,2021-08-19T16:00:00
2021-08-20T16:00:00,2021-08-20T09:30:00,286.1716009535421,288.64207977191325,284.72500981567293,287.19033893598765,66043362.97190451,2021-08-20T16:00:00
2021-08-23T16:00:00,2021-08-23T09:30:00,288.2162795851375,289.9877807474695,280.2541733043357,281.98738902741735,73680446.22563224,2021-08-23T16:00:00
2021-08-24T16:00:00,2021-08-24T09:30:00,282.48493255567604,283.07109205062744,279.0530804816625,279.6333228535742,81313324.04368185,2021-08-24T16:00:00
2021-08-25T16:00:00,2021-08-25T09:30:00,278.90287972866133,280.1705812615457,278.08270986800756,279.3490992030241,85789077.68489252,2021-08-25T16:00:00
2021-08-26T16:00:00,2021-08-26T09:30:00,278.7265246482301,284.6151461172394,277.4218885022442,283.289153658877,62405017.542983525,2021-08-26T16:00:00
2021-08-27T16:00:00,2021-08-27T09:30:00,284.0435221703531,288.32591883429546,283.5390811903139,287.81478036942224,78040862.70736976,2021-08-27T16:00:00
2021-08-30T16:00:00,2021-08-30T09:30:00,287.5680155015776,291.2964863210557,284.43718236947655,288.159216617632,68967685.72059253,2021-08-30T16:00:00
2021-08-31T16:00:00,2021-08-31T09:30:00,287.81399781566756,290.6288507806,285.80679449727546,288.6160539547478,69189300.4754208,2021-08-31T16:00:00
2021-09-01T16:00:00,2021-09-01T09:30:00,289.1629516802715,294.20687370957705,287.6492733408977,292.67481187165436,65912597.56702841,2021-09-01T16:00:00
2021-09-02T16:00:00,2021-09-02T09:30:00,291.8439344470754,293.8455260847818,289.45017145256094,291.4490548354943,80271635.05817288,2021-09-02T16:00:00
2021-09-03T16:00:00,2021-09-03T09:30:00,291.2555117109252,292.5172489916929,281.72829633090254,282.954071247024,97563545.21924819,2021-09-03T16:00:00
2021-09-07T16:00:00,2021-09-07T09:30:00,282.38282658216843,282.82892299748994,281.08172521609316,281.5264687936933,79270353.47357243,2021-09-07T16:00:00
2021-09-08T16:00:00,2021-09-08T09:30:00,281.6580049266956,281.77655650122335,278.7191343935119,278.836498378701,80876159.7721299,2021-09-08T16:00:00
2021-09-09T16:00:00,2021-09-09T09:30:00,278.94104315047394,280.29774087857066,273.09716715131356,274.43193372707293,79039026.09638435,2021-09-09T16:00:00
2021-09-10T16:00:00,2021-09-10T09:30:00,274.4184556746353,277.2509597926184,273.57376576127655,276.400169946758,85969976.42226659,2021-09-10T16:00:00
2021-09-13T16:00:00,2021-09-13T09:30:00,277.0289472297318,277.29748906131374,273.56679898806084,273.832242049378,92170817.71605457,2021-09-13T16:00:00
2021-09-14T16:00:00,2021-09-14T09:30:00,273.24009412583104,278.2071666274708,270.7064301036361,275.6511457299986,80170356.39685968,2021-09-14T16:00:00
2021-09-15T16:00:00,2021-09-15T09:30:00,275.38713847454943,277.2424667570254,274.1518168143225,276.00437631363616,63801306.62474889,2021-09-15T16:00:00
2021-09-16T16:00:00,2021-09-16T09:30:00,274.9656652897464,279.57641521011425,272.46675684827284,277.0584870486537,59198181.269427426,2021-09-16T16:00:00
2021-09-17T16:00:00,2021-09-17T09:30:00,276.07812808459573,276.6213236787886,275.5969867631883,276.1400743990586,84159052.51885992,2021-09-17T16:00:00
2021-09-20T16:00:00,2021-09-20T09:30:00,277.3431136884325,279.840584879478,277.2758996433015,279.7727820047428,89967139.6817091,2021-09-20T16:00:00
2021-09-21T16:00:00,2021-09-21T09:30:00,279.5124261864039,280.7722027636535,276.7900606801069,278.0432154506009,78597448.68927488,2021-09-21T16:00:00
2021-09-22T16:00:00,2021-09-22T09:30:00,277.6830517186868,278.52592998396716,277.55219840119895,278.39474129512155,54100860.93445693,2021-09-22T16:00:00
2021-09-23T16:00:00,2021-09-23T09:30:00,278.2880126560383,279.2627870430748,277.34995054909643,278.32460160095076,61670816.95815732,2021-09-23T16:00:00
2021-09-24T16:00:00,2021-09-24T09:30:00,278.60857209261735,279.1710632156013,275.9311402921314,276.48935286045065,82787536.90071104,2021-09-24T16:00:00
2021-09-27T16:00:00,2021-09-27T09:30:00,277.4830754658246,278.2222506482478,274.50921334088747,275.24241973727163,71080432.30121015,2021-09-27T16:00:00
2021-09-28T16:00:00,2021-09-28T09:30:00,275.6518293114781,275.86189777109354,274.05407448822035,274.26308461472047,89084344.86663547,2021-09-28T16:00:00
2021-09-29T16:00:00,2021-09-29T09:30:00,274.17656344920647,278.30638842251943,274.1456978938521,278.2750614768254,86681486.07797828,2021-09-29T16:00:00
2021-09-30T16:00:00,2021-09-30T09:30:00,278.70273891999443,285.48293593536823,276.34283640049824,283.085919041424,64883682.42451799,2021-09-30T16:00:00
2021-10-01T16:00:00,2021-10-01T09:30:00,283.13387599956786,287.1336070397816,283.11490676742864,287.11437112483804,84191784.6971314,2021-10-01T16:00:00
2021-10-04T16:00:00,2021-10-04T09:30:00,287.5526896469993,289.978951049842,282.5235093990125,284.92762146421717,77405746.21510592,2021-10-04T16:00:00
2021-10-05T16:00:00,2021-10-05T09:30:00,285.58699440924386,287.78196698556815,280.43337184540707,282.60542861929093,66518217.45874906,2021-10-05T16:00:00
2021-10-06T16:00:00,2021-10-06T09:30:00,282.3615901433764,282.51885331415167,274.55672524606786,274.70972666044395,99354031.58772779,2021-10-06T16:00:00
2021-10-07T16:00:00,2021-10-07T09:30:00,274.3238739717025,275.0389276958579,272.3286120019961,273.04032000917914,73818466.10232057,2021-10-07T16:00:00
2021-10-08T16:00:00,2021-10-08T09:30:00,272.5811423869588,274.98867887796825,272.28002831050145,274.685240453097,72706831.76521476,2021-10-08T16:00:00
2021-10-11T16:00:00,2021-10-11T09:30:00,275.4598588667691,278.8795753313136,275.1689146778894,278.58532998029096,61122411.16020179,2021-10-11T16:00:00
2021-10-12T16:00:00,2021-10-12T09:30:00,279.38416469051265,284.126673558103,279.1378731636873,283.87642187526035,73827167.49241278,2021-10-12T16:00:00
2021-10-13T16:00:00,2021-10-13T09:30:00,283.2683063790592,285.19563103773396,280.80827176067226,282.73194709305625,70214987.44265851,2021-10-13T16:00:00
2021-10-14T16:00:00,2021-10-14T09:30:00,282.4643735322323,282.78039240904866,275.7263333042022,276.0351592275925,68649617.3142183,2021-10-14T16:00:00
2021-10-15T16:00:00,2021-10-15T09:30:00,276.00649949832365,277.3250540841582,275.7986004202379,277.1163190458281,63362258.188968934,2021-10-15T16:00:00
2021-10-18T16:00:00,2021-10-18T09:30:00,277.36191674343405,282.2751242266345,275.33130393161866,280.2235608415153,77812144.02683139,2021-10-18T16:00:00
2021-10-19T16:00:00,2021-10-19T09:30:00,279.637665977525,282.01320373765054,277.96070422435827,280.33207766052095,75937303.50742307,2021-10-19T16:00:00
2021-10-20T16:00:00,2021-10-20T09:30:00,280.02093568672655,282.1726112406077,276.40857967151885,278.54894447285704,77481190.23491997,2021-10-20T16:00:00
2021-10-21T16:00:00,2021-10-21T09:30:00,278.54766501571356,280.84032746609137,273.6759626192092,275.94722140996964,69295159.66492654,2021-10-21T16:00:00
2021-10-22T16:00:00,2021-10-22T09:30:00,274.68650876620404,274.7586366305655,268.75067288340944,268.8212606363783,77326922.26044469,2021-10-22T16:00:00
2021-10-25T16:00:00,2021-10-25T09:30:00,268.40390211643114,268.9126575298593,266.5788089381979,267.0850645155074,66742634.41700072,2021-10-25T16:00:00
2021-10-26T16:00:00,2021-10-26T09:30:00,266.5689431766951,275.1673376658852,263.57001110869584,272.1061117974721,95189316.21220236,2021-10-26T16:00:00
2021-10-27T16:00:00,2021-10-27T09:30:00,272.3405791224944,276.54956091190587,271.4456636662561,275.64379104896204,62577148.91205152,2021-10-27T16:00:00
2021-10-28T16:00:00,2021-10-28T09:30:00,275.7263060086157,278.6446205712394,267.4640053041553,270.3251535334266,87823028.68181933,2021-10-28T16:00:00
2021-10-29T16:00:00,2021-10-29T09:30:00,271.29187947478346,276.0709734952832,268.61091042819356,273.36947318750714,73563769.48583363,2021-10-29T16:00:00
2021-11-01T16:00:00,2021-11-01T09:30:00,273.4356411279381,275.773050882844,269.54179314612685,271.8657832860244,71812193.77243204,2021-11-01T16:00:00
2021-11-02T16:00:00,2021-11-02T09:30:00,271.69380347323056,272.62928901298005,268.2350306714129,269.16179810874434,59201307.0139106,2021-11-02T16:00:00
2021-11-03T16:00:00,2021-11-03T09:30:00,269.20682737723575,272.5463629329419,260.9318368164405,264.20937855801424,93219988.15823665,2021-11-03T16:00:00
2021-11-04T16:00:00,2021-11-04T09:30:00,264.0304436769303,264.67074444612257,258.81712180852446,259.4463055750262,67078219.83559821,2021-11-04T16:00:00
2021-11-05T16:00:00,2021-11-05T09:30:00,258.69265798770255,263.2571651182669,258.1538601725536,262.71000009560896,96123163.09262063,2021-11-05T16:00:00
2021-11-08T16:00:00,2021-11-08T09:30:00,262.61897002033044,263.3446759965303,260.19025989306675,260.9112468464447,68954124.89099011,2021-11-08T16:00:00
2021-11-09T16:00:00,2021-11-09T09:30:00,260.17571555012364,263.14611954057983,257.8036511964965,260.76864931330795,77855909.19019333,2021-11-09T16:00:00
2021-11-10T16:00:00,2021-11-10T09:30:00,261.4663520487091,262.0131149595427,259.6065557102078,260.15056712974365,60754971.49180034,2021-11-10T16:00:00
2021-11-11T16:00:00,2021-11-11T09:30:00,259.5595025977937,262.26751213123947,258.6366587739288,261.3383437745519,82285403.29341716,2021-11-11T16:00:00
2021-11-12T16:00:00,2021-11-12T09:30:00,260.85627872477227,264.69720175179333,259.9477932175395,263.77853887406764,74029047.8233508,2021-11-12T16:00:00
2021-11-15T16:00:00,2021-11-15T09:30:00,263.4230364756419,264.8225041330217,256.39547599008154,257.7648840084705,92122455.09581926,2021-11-15T16:00:00
2021-11-16T16:00:00,2021-11-16T09:30:00,257.62610461357735,259.6048678116111,253.2844049551201,255.2448785371489,71346344.32460368,2021-11-16T16:00:00
2021-11-17T16:00:00,2021-11-17T09:30:00,255.28029200590095,260.3449689778212,254.89867020277757,259.9563568649915,92456242.15645722,2021-11-17T16:00:00
2021-11-18T16:00:00,2021-11-18T09:30:00,260.00972770121984,260.2635352842559,256.95868553051145,257.2097599348405,91136579.89354649,2021-11-18T16:00:00
2021-11-19T16:00:00,2021-11-19T09:30:00,256.8349582330509,259.96728632741457,253.41142233273064,256.54015504303624,85802917.14872329,2021-11-19T16:00:00
2021-11-22T16:00:00,2021-11-22T09:30:00,255.5631462094096,258.9162440346542,249.27825692786777,252.59237698985837,66117085.15779162,2021-11-22T16:00:00
2021-11-23T16:00:00,2021-11-23T09:30:00,252.70529781470393,255.4279263402082,250.84581251446753,253.56213615317736,75281883.48826769,2021-11-23T16:00:00
2021-11-24T16:00:00,2021-11-24T09:30:00,253.97744505219313,257.407723254779,253.20483284041845,256.6270508085087,63618433.054680206,2021-11-24T16:00:00
2021-11-26T13:00:00,2021-11-26T09:30:00,258.13895764387837,258.8989019731835,251.00519372836342,251.74631854325605,73210342.6447292,2021-11-26T13:00:00
2021-11-29T16:00:00,2021-11-29T09:30:00,251.98619545874786,252.33554794915162,247.63064294146113,247.97443354378868,89156679.65319975,2021-11-29T16:00:00
2021-11-30T16:00:00,2021-11-30T09:30:00,248.86812845836843,251.56506336061207,247.32313889386387,250.01296656650334,61595786.93955685,2021-11-30T16:00:00
2021-12-01T16:00:00,2021-12-01T09:30:00,250.89407863683937,251.25979968764096,250.81560463678053,251.18123587128613,76581899.34301586,2021-12-01T16:00:00
2021-12-02T16:00:00,2021-12-02T09:30:00,250.55360882769435,255.03164435041424,248.04947843351766,252.50798119726008,85255955.27876274,2021-12-02T16:00:00
2021-12-03T16:00:00,2021-12-03T09:30:00,252.73709956567438,262.4349579126714,251.44318769710367,261.0982403802178,90675604.51375657,2021-12-03T16:00:00
2021-12-06T16:00:00,2021-12-06T09:30:00,260.73470488054977,264.5436988906676,254.23675409094946,258.00588358057297,59246103.40244249,2021-12-06T16:00:00
2021-12-07T16:00:00,2021-12-07T09:30:00,258.12692896980235,259.73417693343686,257.98128095466126,259.587704676195,75558813.43174696,2021-12-07T16:00:00
2021-12-08T16:00:00,2021-12-08T09:30:00,259.5223038638707,260.51955971814965,258.186085782387,259.18203409579877,82768518.57153739,2021-12-08T16:00:00
2021-12-09T16:00:00,2021-12-09T09:30:00,258.96049149933833,260.6184626013918,249.92217897220993,251.53259363063754,78617447.74086921,2021-12-09T16:00:00
2021-12-10T16:00:00,2021-12-10T09:30:00,251.00668024688812,252.85975210805336,248.1367396835722,249.98224861682857,58380013.231734306,2021-12-10T16:00:00
2021-12-13T16:00:00,2021-12-13T09:30:00,249.68784362974935,249.69846542786567,245.0584018869051,245.06882719063304,77781387.89405608,2021-12-13T16:00:00
2021-12-14T16:00:00,2021-12-14T09:30:00,245.82679071309326,251.88886306807066,242.2887797066712,248.31504044440953,66442082.56543624,2021-12-14T16:00:00
2021-12-15T16:00:00,2021-12-15T09:30:00,248.64065819841466,253.49582081308688,248.34827425507285,253.19807766467915,76312698.11134268,2021-12-15T16:00:00
2021-12-16T16:00:00,2021-12-16T09:30:00,253.3104661582164,254.85021462014754,251.68135397263546,253.22055591487083,74301927.45336276,2021-12-16T16:00:00
2021-12-17T16:00:00,2021-12-17T09:30:00,251.8348907218031,252.51256754253768,249.54202410770992,250.2153427948793,82070386.48197302,2021-12-17T16:00:00
2021-12-20T16:00:00,2021-12-20T09:30:00,250.4631903612667,251.8186606961577,245.78665737563676,247.12405680568824,92313846.41410005,2021-12-20T16:00:00
2021-12-21T16:00:00,2021-12-21T09:30:00,247.32432350373745,248.57942688701468,244.56409763599896,245.81152397489996,63886413.5269205,2021-12-21T16:00:00
2021-12-22T16:00:00,2021-12-22T09:30:00,246.56710939739764,247.69523507608866,244.20281823190743,245.32526205025323,79892988.65003178,2021-12-22T16:00:00
2021-12-23T16:00:00,2021-12-23T09:30:00,244.46886141303924,247.26173025426576,242.95375864804922,245.73875727333873,73216860.14158374,2021-12-23T16:00:00
2021-12-27T16:00:00,2021-12-27T09:30:00,245.08642498794512,248.66678928698087,243.3895346967622,246.9569481658198,56964490.73083445,2021-12-27T16:00:00
2021-12-28T16:00:00,2021-12-28T09:30:00,247.35939332777744,250.33510520992726,246.20740966950152,249.17466759217265,71539585.52712429,2021-12-28T16:00:00
2021-12-29T16:00:00,2021-12-29T09:30:00,249.71345113980294,250.09363878012897,242.078137873615,242.44726277384265,89392822.10095057,2021-12-29T16:00:00
2021-12-30T16:00:00,2021-12-30T09:30:00,243.16391125646572,244.26630872697774,240.38241258015768,241.4771630815458,89141115.72104923,2021-12-30T16:00:00
2021-12-31T16:00:00,2021-12-31T09:30:00,241.60686405966018,243.6064791763866,240.27454072793563,242.27049629338185,87013076.65449338,2021-12-31T16:00:00
2022-01-03T16:00:00,2022-01-03T09:30:00,242.77479860737006,243.40623486926603,242.2447009962253,242.87591646775692,85315972.01617084,2022-01-03T16:00:00
2022-01-04T16:00:00,2022-01-04T09:30:00,243.23715158717147,244.38959373096571,239.61857246488825,240.7592745851473,88087232.69898036,2022-01-04T16:00:00
2022-01-05T16:00:00,2022-01-05T09:30:00,240.86817655116823,241.18277362066894,238.04230072924162,238.35361353692457,61036372.09821574,2022-01-05T16:00:00
2022-01-06T16:00:00,2022-01-06T09:30:00,237.7072032996383,237.77631854601944,234.9044520602762,234.97277224923738,89584301.03474534,2022-01-06T16:00:00
2022-01-07T16:00:00,2022-01-07T09:30:00,234.74259026288323,237.99229592573388,233.30375993922354,236.5424336489937,68337260.47412719,2022-01-07T16:00:00
2022-01-10T16:00:00,2022-01-10T09:30:00,236.67860311188272,240.58236035441806,236.5766056078335,240.47872517395737,75036006.6814614,2022-01-10T16:00:00
2022-01-11T16:00:00,2022-01-11T09:30:00,240.42690136559364,243.61696032909103,236.80382992957377,239.98806629273096,87149856.68108569,2022-01-11T16:00:00
2022-01-12T16:00:00,2022-01-12T09:30:00,239.4398161479147,243.7519455485757,238.90424550889978,243.20794648689483,74996238.56568444,2022-01-12T16:00:00
2022-01-13T16:00:00,2022-01-13T09:30:00,243.16833962010566,243.99664671081808,237.08312982774598,237.89346906668618,96184336.12774508,2022-01-13T16:00:00
2022-01-14T16:00:00,2022-01-14T09:30:00,237.3725866786777,240.31809863285838,235.81902051806804,238.75548164270748,66705027.24756355,2022-01-14T16:00:00
2022-01-18T16:00:00,2022-01-18T09:30:00,238.8583481558766,239.7226849334158,238.67159097083038,239.53539838025236,57712883.82085222,2022-01-18T16:00:00
2022-01-19T16:00:00,2022-01-19T09:30:00,238.93984340789856,239.15883944571843,237.47959426882522,237.6974516146787,55552017.44848937,2022-01-19T16:00:00
2022-01-20T16:00:00,2022-01-20T09:30:00,238.0212638226065,239.69370458367808,234.01853781247178,235.67448911535624,91655990.2822476,2022-01-20T16:00:00
2022-01-21T16:00:00,2022-01-21T09:30:00,235.58120805287732,237.53133829470679,233.89746741759566,235.8457072368918,79977190.66607204,2022-01-21T16:00:00
2022-01-24T16:00:00,2022-01-24T09:30:00,236.56186591363064,236.85988890328716,234.53055033091644,234.82638694692332,65196063.1622096,2022-01-24T16:00:00
2022-01-25T16:00:00,2022-01-25T09:30:00,234.9443751875127,235.94120185359273,234.45083616333912,235.44660780779068,56896150.9608823,2022-01-25T16:00:00
2022-01-26T16:00:00,2022-01-26T09:30:00,235.60000456016618,238.05115809112723,234.50330298352483,236.94818084796717,89148422.91923667,2022-01-26T16:00:00
2022-01-27T16:00:00,2022-01-27T09:30:00,237.80762323787488,243.49283582203202,236.53344064609269,242.19514471771956,79826534.66606791,2022-01-27T16:00:00
2022-01-28T16:00:00,2022-01-28T09:30:00,241.49657193620848,242.53320213468066,239.15372931439344,240.184728390967,67898327.62446971,2022-01-28T16:00:00
2022-01-31T16:00:00,2022-01-31T09:30:00,239.19249776004744,244.54835109873858,236.49124297342152,241.81745211101259,78579227.18327019,2022-01-31T16:00:00
2022-02-01T16:00:00,2022-02-01T09:30:00,241.49881002335832,245.55978735613888,239.9011117054484,243.94589967884463,90884723.71063177,2022-02-01T16:00:00
2022-02-02T16:00:00,2022-02-02T09:30:00,243.7785016905482,251.86549677721788,241.08009545488707,249.10809677260974,86873776.87825908,2022-02-02T16:00:00
2022-02-03T16:00:00,2022-02-03T09:30:00,249.32412482969858,254.83568533812743,247.4789397768519,252.96356570003252,88701375.18637894,2022-02-03T16:00:00
2022-02-04T16:00:00,2022-02-04T09:30:00,254.16076390207996,259.3227199144462,253.21155724800013,258.35783857029395,67501581.56038883,2022-02-04T16:00:00
2022-02-07T16:00:00,2022-02-07T09:30:00,259.4586713595831,261.5909616991021,252.34455864573346,254.43556797986204,87941927.54165307,2022-02-07T16:00:00
2022-02-08T16:00:00,2022-02-08T09:30:00,253.92532540682862,257.285625034087,251.10484814720337,254.45921756373835,78558434.5235956,2022-02-08T16:00:00
2022-02-09T16:00:00,2022-02-09T09:30:00,254.02486891384427,256.66682133502496,251.3554703993861,253.9971343710826,58185307.24344618,2022-02-09T16:00:00
2022-02-10T16:00:00,2022-02-10T09:30:00,253.80285291893557,254.6986433119179,252.6824028410227,253.5773974951061,86255848.5227251,2022-02-10T16:00:00
2022-02-11T16:00:00,2022-02-11T09:30:00,253.65952998198668,255.79610068755738,252.74257227353274,254.874750061481,86346463.77277312,2022-02-11T16:00:00
2022-02-14T16:00:00,2022-02-14T09:30:00,254.6085726208982,255.1616629537185,252.70988398546805,253.2600448896205,77704290.81764507,2022-02-14T16:00:00
2022-02-15T16:00:00,2022-02-15T09:30:00,253.15488649127155,257.5563804953896,251.6642052466658,256.04865951188026,74769744.8747861,2022-02-15T16:00:00
2022-02-16T16:00:00,2022-02-16T09:30:00,255.5393127120708,262.3932297388138,254.9505440622136,261.7900592204406,90496032.84488921,2022-02-16T16:00:00
2022-02-17T16:00:00,2022-02-17T09:30:00,261.93996452426717,262.2486421881945,260.67247093344474,260.980017367755,64629148.26277453,2022-02-17T16:00:00
2022-02-18T16:00:00,2022-02-18T09:30:00,260.931414393218,264.32899104748856,259.46134408928714,262.8481221390851,79608689.98802476,2022-02-18T16:00:00
2022-02-22T16:00:00,2022-02-22T09:30:00,262.48394315887765,262.9129203052161,261.05964382910105,261.486991658978,87425227.9598732,2022-02-22T16:00:00
2022-02-23T16:00:00,2022-02-23T09:30:00,260.99550949589883,265.57350344303336,260.6511427376463,265.22355804714016,67578260.60270001,2022-02-23T16:00:00
2022-02-24T16:00:00,2022-02-24T09:30:00,265.80975741784624,266.73965902886835,264.33832692961295,265.2663274199409,74821751.25775455,2022-02-24T16:00:00
2022-02-25T16:00:00,2022-02-25T09:30:00,265.6114356779665,267.74473962362396,265.1012675816903,267.2314598967453,88701442.32573462,2022-02-25T16:00:00
2022-02-28T16:00:00,2022-02-28T09:30:00,268.00224748196746,271.8545727239804,267.7425024616452,271.59134918322377,77850706.26628952,2022-02-28T16:00:00
2022-03-01T16:00:00,2022-03-01T09:30:00,271.8533032714502,274.8808720012801,271.0002223383198,274.02098882886924,62602989.49908684,2022-03-01T16:00:00
2022-03-02T16:00:00,2022-03-02T09:30:00,274.2388970462692,276.4213745518452,273.3705761691611,275.548905802337,87099557.28345661,2022-03-02T16:00:00
2022-03-03T16:00:00,2022-03-03T09:30:00,275.6938585202253,277.3654820989273,274.2459054391366,275.9163604305933,59926045.36121328,2022-03-03T16:00:00
2022-03-04T16:00:00,2022-03-04T09:30:00,275.6868600421355,275.768559789886,273.846068840467,273.9272471272699,57423671.811496,2022-03-04T16:00:00
2022-03-07T16:00:00,2022-03-07T09:30:00,273.7668625301016,275.8422280162899,272.61462382197067,274.6861203066913,71632509.47841461,2022-03-07T16:00:00
2022-03-08T16:00:00,2022-03-08T09:30:00,274.3948499960072,276.67231099981643,273.79799174229095,276.0718050665792,63031268.85170312,2022-03-08T16:00:00
2022-03-09T16:00:00,2022-03-09T09:30:00,275.44893764475177,281.02449832872554,275.2244299652477,280.7956327666857,89350460.54712735,2022-03-09T16:00:00
2022-03-10T16:00:00,2022-03-10T09:30:00,280.24407822823724,286.4903311708299,277.9107187722464,284.12466132554516,84837771.44853784,2022-03-10T16:00:00
2022-03-11T16:00:00,2022-03-11T09:30:00,284.3830253105631,286.20319046594557,283.46315202022544,285.28041445557164,71056139.14164475,2022-03-11T16:00:00
2022-03-14T16:00:00,2022-03-14T09:30:00,285.09447151497045,287.4476312189468,282.7340095473584,285.0871084770799,76437695.42313254,2022-03-14T16:00:00
2022-03-15T16:00:00,2022-03-15T09:30:00,285.5979050948687,287.2511078605289,285.43147497840005,287.083811842635,82265772.87116706,2022-03-15T16:00:00
2022-03-16T16:00:00,2022-03-16T09:30:00,287.34287346466414,287.6622316063115,286.63438364501616,286.95330881736686,81716936.99803217,2022-03-16T16:00:00
2022-03-17T16:00:00,2022-03-17T09:30:00,286.54558328114155,287.80484397316656,285.90531884374235,287.16319951898777,67950553.99897459,2022-03-17T16:00:00
2022-03-18T16:00:00,2022-03-18T09:30:00,286.88371870259846,288.80205671614243,286.742482953064,288.65994651173435,81643387.41690299,2022-03-18T16:00:00
2022-03-21T16:00:00,2022-03-21T09:30:00,288.7251624036431,291.5969616729211,288.1360537666454,291.0032049666725,62210394.88875259,2022-03-21T16:00:00
2022-03-22T16:00:00,2022-03-22T09:30:00,291.24686404466314,294.32786661853834,290.99384448822536,294.0723923955674,88576261.21813019,2022-03-22T16:00:00
2022-03-23T16:00:00,2022-03-23T09:30:00,294.71498186728655,294.9981903919208,290.8172211875585,291.09695294074436,84304098.93588631,2022-03-23T16:00:00
2022-03-24T16:00:00,2022-03-24T09:30:00,291.25811042119483,291.9210301453848,289.1530848921835,289.81271481525835,72094232.84859322,2022-03-24T16:00:00
2022-03-25T16:00:00,2022-03-25T09:30:00,289.9748347367546,292.64426120736573,289.60065658317103,292.267125124741,77962858.44278264,2022-03-25T16:00:00
2022-03-28T16:00:00,2022-03-28T09:30:00,291.97509882222926,295.13926168074687,291.8363759800407,294.9991020779301,61116881.407381654,2022-03-28T16:00:00
2022-03-29T16:00:00,2022-03-29T09:30:00,294.0819097971792,295.3397941461047,291.80996535282463,293.06349360316517,75672885.90842022,2022-03-29T16:00:00
2022-03-30T16:00:00,2022-03-30T09:30:00,293.83823823999927,298.92368504963014,292.5537734188619,297.6226771852116,93176590.93187171,2022-03-30T16:00:00
2022-03-31T16:00:00,2022-03-31T09:30:00,297.8356737584129,302.4328303637799,296.4405897575979,301.02281754918414,90534465.47707975,2022-03-31T16:00:00
2022-04-01T16:00:00,2022-04-01T09:30:00,301.1362148408232,301.60107870382063,300.0860674661126,300.55002643027836,84030090.45318137,2022-04-01T16:00:00
2022-04-04T16:00:00,2022-04-04T09:30:00,300.4669491019779,301.48956048830325,299.3974880744058,300.4199394678025,59368837.38533762,2022-04-04T16:00:00
2022-04-05T16:00:00,2022-04-05T09:30:00,300.4103962578206,301.39144126846656,297.1124876919006,298.08594177192543,90516753.65636845,2022-04-05T16:00:00
2022-04-06T16:00:00,2022-04-06T09:30:00,297.9226969004596,298.8413866340095,294.2141274560785,295.124187562464,70788148.90512928,2022-04-06T16:00:00
2022-04-07T16:00:00,2022-04-07T09:30:00,295.12916954331007,295.86595882586624,290.3875884926818,291.1143547996061,73769822.62191099,2022-04-07T16:00:00
2022-04-08T16:00:00,2022-04-08T09:30:00,291.0039556102824,291.81576202224113,289.53710384949727,290.34707778591945,84656453.47628865,2022-04-08T16:00:00
2022-04-11T16:00:00,2022-04-11T09:30:00,290.48860805755993,292.74713855653647,288.58723488917855,290.843442841526,73235916.04334153,2022-04-11T16:00:00
2022-04-12T16:00:00,2022-04-12T09:30:00,290.6637426775017,291.00388335449014,284.3494008073389,284.68254216073007,92528629.8181943,2022-04-12T16:00:00
2022-04-13T16:00:00,2022-04-13T09:30:00,284.8342818324791,286.4792937765953,282.0573845633305,283.695821523586,63874079.23688972,2022-04-13T16:00:00
2022-04-14T16:00:00,2022-04-14T09:30:00,283.4658091469786,287.33780437664365,281.6622981652483,285.52121615949596,89638049.90589641,2022-04-14T16:00:00
2022-04-18T16:00:00,2022-04-18T09:30:00,285.5561030195545,286.8753635983972,285.39721104485324,286.7158263188918,77326010.06464152,2022-04-18T16:00:00
2022-04-19T16:00:00,2022-04-19T09:30:00,286.48305015773724,290.3470996225515,286.30759545749123,290.16938724887956,76698404.04810648,2022-04-19T16:00:00
2022-04-20T16:00:00,2022-04-20T09:30:00,290.3194509788885,292.04392377427257,285.40050566635426,287.105890184506,88866912.9153462,2022-04-20T16:00:00
2022-04-21T16:00:00,2022-04-21T09:30:00,286.9805016051661,288.89238802478565,286.38534979985513,288.29451117313107,82026419.74594024,2022-04-21T16:00:00
2022-04-22T16:00:00,2022-04-22T09:30:00,288.28963467810286,289.26587595865,284.44848927060355,285.4149961018079,68023772.1126148,2022-04-22T16:00:00
2022-04-25T16:00:00,2022-04-25T09:30:00,285.6328692062312,286.14060382886845,284.75181905372364,285.25888889729833,55696797.5085927,2022-04-25T16:00:00
2022-04-26T16:00:00,2022-04-26T09:30:00,285.1056399330711,289.68405080814546,285.04093909454065,289.61832587705527,75603686.04857543,2022-04-26T16:00:00
2022-04-27T16:00:00,2022-04-27T09:30:00,289.9574202671686,293.1220246624921,289.66147198113526,292.8231514358698,72896088.83110754,2022-04-27T16:00:00
2022-04-28T16:00:00,2022-04-28T09:30:00,292.7217792175067,295.09805607141254,292.31480108544116,294.6883437773271,87619204.71314532,2022-04-28T16:00:00
2022-04-29T16:00:00,2022-04-29T09:30:00,294.6014391329814,294.7739069768804,294.28198258477147,294.4543643270046,61511830.04426009,2022-04-29T16:00:00
2022-05-02T16:00:00,2022-05-02T09:30:00,294.5453201133357,295.8623674913625,288.67160055894277,289.9681814482288,81672473.70279258,2022-05-02T16:00:00
2022-05-03T16:00:00,2022-05-03T09:30:00,290.2620788446725,294.9008562963725,289.4727635489684,294.1011014720452,93738586.07156405,2022-05-03T16:00:00
2022-05-04T16:00:00,2022-05-04T09:30:00,294.08334953544124,294.2580137590646,290.55353055625085,290.72620087656406,67956052.88628983,2022-05-04T16:00:00
2022-05-05T16:00:00,2022-05-05T09:30:00,290.6639719544068,291.35670880862443,290.14988121055916,290.84230265532966,74753333.08976783,2022-05-05T16:00:00
2022-05-06T16:00:00,2022-05-06T09:30:00,290.78648643891506,296.3394051781416,288.0319204916009,293.5585797102373,62598185.774079815,2022-05-06T16:00:00
2022-05-09T16:00:00,2022-05-09T09:30:00,293.52060598517215,295.7571392087643,288.6615873879885,290.87798468169325,92385668.07034266,2022-05-09T16:00:00
2022-05-10T16:00:00,2022-05-10T09:30:00,290.42290090858734,291.9632039699399,289.057191084512,290.5966769662674,76085205.43550295,2022-05-10T16:00:00
2022-05-11T16:00:00,2022-05-11T09:30:00,290.53104141616814,294.10496981793233,287.9822792531916,291.54729231896783,54987208.220864385,2022-05-11T16:00:00
2022-05-12T16:00:00,2022-05-12T09:30:00,291.16694078809684,292.8991296404213,290.5561719448815,292.2860133649686,87654442.80266331,2022-05-12T16:00:00
2022-05-13T16:00:00,2022-05-13T09:30:00,291.9140325458403,292.72836893462363,287.08128676691194,287.8843818626448,73416732.84235172,2022-05-13T16:00:00
2022-05-16T16:00:00,2022-05-16T09:30:00,287.9350315948563,288.4486570966769,285.96197477904144,286.4729922595904,86129844.34715,2022-05-16T16:00:00
2022-05-17T16:00:00,2022-05-17T09:30:00,286.42625396238935,286.44798487681385,286.3906576629617,286.41238752535145,80638499.18116923,2022-05-17T16:00:00
2022-05-18T16:00:00,2022-05-18T09:30:00,286.1672858233461,286.2998604633473,283.78870799749285,283.9202416342446,77014860.82059297,2022-05-18T16:00:00
2022-05-19T16:00:00,2022-05-19T09:30:00,284.3154246621065,285.0712364157817,284.1249100559951,284.88034326796503,82544496.0865946,2022-05-19T16:00:00
2022-05-20T16:00:00,2022-05-20T09:30:00,285.08550650633117,286.451671559401,282.90729840262077,284.26955330690873,69929304.18282309,2022-05-20T16:00:00
2022-05-23T16:00:00,2022-05-23T09:30:00,284.184962698662,284.3923800739651,282.7772232591891,282.9837639185118,85045150.69436337,2022-05-23T16:00:00
2022-05-24T16:00:00,2022-05-24T09:30:00,283.6832142803126,284.7864141011878,282.88481426335807,283.98715866104817,58621004.34426308,2022-05-24T16:00:00
2022-05-25T16:00:00,2022-05-25T09:30:00,283.8259569770611,285.9125783222008,277.0262735912138,279.077988998093,79819746.40970106,2022-05-25T16:00:00
2022-05-26T16:00:00,2022-05-26T09:30:00,279.39465958467474,280.30762474333255,277.2619217843979,278.17088808084833,64033681.20536696,2022-05-26T16:00:00
2022-05-27T16:00:00,2022-05-27T09:30:00,277.3273543036783,277.36251966589424,277.06268705258213,277.09782331005806,61241245.94234727,2022-05-27T16:00:00
2022-05-31T16:00:00,2022-05-31T09:30:00,276.69129661498437,276.76396337495316,274.0163577083355,274.08834086038695,78228039.62467626,2022-05-31T16:00:00
2022-06-01T16:00:00,2022-06-01T09:30:00,274.307202232748,276.1797537506359,272.7558540423994,274.6265992062694,63841378.41353193,2022-06-01T16:00:00
2022-06-02T16:00:00,2022-06-02T09:30:00,274.39553397231157,275.7750713570294,273.2951585559415,274.6735809224079,53478769.161374085,2022-06-02T16:00:00
2022-06-03T16:00:00,2022-06-03T09:30:00,274.6831979984142,277.98895557517216,274.11512466523874,277.4152321121866,59786343.43280179,2022-06-03T16:00:00
2022-06-06T16:00:00,2022-06-06T09:30:00,277.7068191047714,278.21163667923736,277.6087512322302,278.1134252200287,81472575.3808679,2022-06-06T16:00:00
2022-06-07T16:00:00,2022-06-07T09:30:00,277.5566496493808,279.05661412470585,277.01355003613713,278.51164585484565,61280058.745365106,2022-06-07T16:00:00
2022-06-08T16:00:00,2022-06-08T09:30:00,278.36610746692463,278.6149445447995,276.03783343465733,276.28480999874733,64354385.72453586,2022-06-08T16:00:00
2022-06-09T16:00:00,2022-06-09T09:30:00,276.49989796357494,277.24006534498085,276.3425940219274,277.0824299942253,68013890.07060352,2022-06-09T16:00:00
2022-06-10T16:00:00,2022-06-10T09:30:00,276.6197009999836,277.4233227966769,276.4385718231861,277.24178628159325,77676055.46488099,2022-06-10T16:00:00
2022-06-13T16:00:00,2022-06-13T09:30:00,277.29767333877123,279.46263729447753,276.42029570944123,278.5811985553009,59191092.15561935,2022-06-13T16:00:00
2022-06-14T16:00:00,2022-06-14T09:30:00,279.21085078550595,279.4023153948627,271.95265794248405,272.1392733247701,82138172.93810953,2022-06-14T16:00:00
2022-06-15T16:00:00,2022-06-15T09:30:00,272.21579251296527,275.478585899349,271.03908574096596,274.2929004163297,80629054.39796638,2022-06-15T16:00:00
2022-06-16T16:00:00,2022-06-16T09:30:00,274.4880229027134,276.3203725407006,273.9737099163016,275.8035945448034,87082712.57216072,2022-06-16T16:00:00
2022-06-17T16:00:00,2022-06-17T09:30:00,275.7812955199765,276.52408729138364,274.52139369818144,275.2627889193416,63065223.05916059,2022-06-17T16:00:00
2022-06-21T16:00:00,2022-06-21T09:30:00,276.12314304038114,276.13365949213204,271.1323342366667,271.14266100131465,78162934.58151725,2022-06-21T16:00:00
2022-06-22T16:00:00,2022-06-22T09:30:00,270.94607063627524,271.0263008390714,270.6155460507544,270.69570211659385,68844332.64290918,2022-06-22T16:00:00
2022-06-23T16:00:00,2022-06-23T09:30:00,270.9044245690369,274.33305175161655,269.87365078221126,273.29318887136003,79828183.40119246,2022-06-23T16:00:00
2022-06-24T16:00:00,2022-06-24T09:30:00,273.3737485636752,278.221752828461,272.9779333146105,277.8195006173045,90647119.95712681,2022-06-24T16:00:00
2022-06-27T16:00:00,2022-06-27T09:30:00,278.0012199785143,279.7548898132065,270.17166010794426,271.88675908447215,71701831.27720487,2022-06-27T16:00:00
2022-06-28T16:00:00,2022-06-28T09:30:00,272.0713643325316,275.9479551911033,270.9462528886092,274.81151226507325,91472006.21674782,2022-06-28T16:00:00
2022-06-29T16:00:00,2022-06-29T09:30:00,274.5564560788117,275.57515124666264,270.0462123412308,271.05190446465934,94514943.02170822,2022-06-29T16:00:00
2022-06-30T16:00:00,2022-06-30T09:30:00,271.0756073003503,271.97064397577896,270.57028534287525,271.46459688858045,68640929.32533354,2022-06-30T16:00:00
2022-07-01T16:00:00,2022-07-01T09:30:00,271.6310287367427,272.2412412410391,270.37088613536224,270.9796353001349,82356242.92629725,2022-07-01T16:00:00
2022-07-05T16:00:00,2022-07-05T09:30:00,271.34449507946897,272.34074053168155,268.2923883883544,269.2810578994893,83026248.71074235,2022-07-05T16:00:00
2022-07-06T16:00:00,2022-07-06T09:30:00,268.80558311792015,269.85797869762575,267.55435111666753,268.6059651759997,58363517.0109237,2022-07-06T16:00:00
2022-07-07T16:00:00,2022-07-07T09:30:00,268.30365625477094,269.50540505990267,266.1796737063467,267.37727318394406,58944044.14779968,2022-07-07T16:00:00
2022-07-08T16:00:00,2022-07-08T09:30:00,267.7285827108295,269.3146230427187,265.98628107594993,267.5713901898285,79417836.76103145,2022-07-08T16:00:00
2022-07-11T16:00:00,2022-07-11T09:30:00,267.8865484058486,268.19712005984644,266.71873855531703,267.0283152250573,73755331.09854051,2022-07-11T16:00:00
2022-07-12T16:00:00,2022-07-12T09:30:00,267.6234258686455,269.0559634658396,267.233802069649,268.6648235315782,79225235.05344684,2022-07-12T16:00:00
2022-07-13T16:00:00,2022-07-13T09:30:00,268.810843351074,269.1924729407846,267.0492825684288,267.4289502905483,89959900.85308361,2022-07-13T16:00:00
2022-07-14T16:00:00,2022-07-14T09:30:00,266.9091612118217,267.96202482613455,264.1136121099871,265.15957421338004,69530868.34219465,2022-07-14T16:00:00
2022-07-15T16:00:00,2022-07-15T09:30:00,264.9428157707085,265.347361249583,261.8062355373378,262.2066030486659,88558534.99682747,2022-07-15T16:00:00
2022-07-18T16:00:00,2022-07-18T09:30:00,261.4104105279527,262.04354181446865,258.3652792618978,258.9925545449514,69313019.15973313,2022-07-18T16:00:00
2022-07-19T16:00:00,2022-07-19T09:30:00,258.3396902711369,258.7751412418276,256.28478651057657,256.7175031629356,82144916.32048321,2022-07-19T16:00:00
2022-07-20T16:00:00,2022-07-20T09:30:00,256.48143681341065,257.6419929302189,254.57123808380783,255.72838671464265,88073156.7093846,2022-07-20T16:00:00
2022-07-21T16:00:00,2022-07-21T09:30:00,255.63229290612378,256.37880892417877,252.01946137884093,252.75758245832162,79960818.3602165,2022-07-21T16:00:00
2022-07-22T16:00:00,2022-07-22T09:30:00,252.60069150843177,253.58427293808634,250.75776595677553,251.7379881756045,64506124.54175361,2022-07-22T16:00:00
2022-07-25T16:00:00,2022-07-25T09:30:00,251.5207626931998,252.91225728024878,248.12911336112154,249.50948088366488,91874969.45178813,2022-07-25T16:00:00
2022-07-26T16:00:00,2022-07-26T09:30:00,249.39177010607742,250.14453440020648,249.06998464209332,249.82219356900367,57848335.39469372,2022-07-26T16:00:00
2022-07-27T16:00:00,2022-07-27T09:30:00,249.68161270160533,251.88683439350174,248.88405035212,251.08478985066768,70564176.97655948,2022-07-27T16:00:00
2022-07-28T16:00:00,2022-07-28T09:30:00,251.22691400425444,255.76944788103617,250.06274029072043,254.58969121593097,88833543.78126381,2022-07-28T16:00:00
2022-07-29T16:00:00,2022-07-29T09:30:00,254.12889488121223,255.06587091000205,252.16111712791178,253.0942785147862,61511822.26959529,2022-07-29T16:00:00
2022-08-01T16:00:00,2022-08-01T09:30:00,252.7793845939106,255.68971214836992,252.6606008756596,255.56961727014203,85478815.47895095,2022-08-01T16:00:00
2022-08-02T16:00:00,2022-08-02T09:30:00,255.44343152327994,255.7153486873732,252.95109177157596,253.22064279768307,73668776.43134144,2022-08-02T16:00:00
2022-08-03T16:00:00,2022-08-03T09:30:00,253.59786612335643,254.39383289408386,252.1096986077826,252.90348592972828,70854556.91352826,2022-08-03T16:00:00
2022-08-04T16:00:00,2022-08-04T09:30:00,252.47403568883448,252.84036964761603,251.57116472090976,251.9367190457284,64456439.778486,2022-08-04T16:00:00
2022-08-05T16:00:00,2022-08-05T09:30:00,251.71405463406737,251.89838664493982,247.29869394564224,247.4799252731598,81195809.72024798,2022-08-05T16:00:00
2022-08-08T16:00:00,2022-08-08T09:30:00,247.4516606527279,248.45652161273398,244.48685101690194,245.48372049188814,79182610.48597261,2022-08-08T16:00:00
2022-08-09T16:00:00,2022-08-09T09:30:00,245.6049817457836,247.31779501627713,244.35746212229702,246.06792393614293,59828896.32447393,2022-08-09T16:00:00
2022-08-10T16:00:00,2022-08-10T09:30:00,246.02182418836534,248.63248201432592,245.77984486495572,248.38817522251352,63053451.74754335,2022-08-10T16:00:00
2022-08-11T16:00:00,2022-08-11T09:30:00,248.26070461635447,249.00181521205212,245.86548686466682,246.60164481673812,60682481.75151593,2022-08-11T16:00:00
2022-08-12T16:00:00,2022-08-12T09:30:00,246.76664456934594,248.91548575092992,243.06015870275724,245.19531677951784,85393669.51233974,2022-08-12T16:00:00
2022-08-15T16:00:00,2022-08-15T09:30:00,245.4263943951674,249.80506720334097,244.81953909743478,249.18890849868615,91211622.0834921,2022-08-15T16:00:00
2022-08-16T16:00:00,2022-08-16T09:30:00,249.35052444006885,250.0581016415252,246.11886575668072,246.819260037684,78297769.26494241,2022-08-16T16:00:00
2022-08-17T16:00:00,2022-08-17T09:30:00,247.05970872743916,247.24222863023755,245.5928916955876,245.77446209880577,75299075.11039205,2022-08-17T16:00:00
2022-08-18T16:00:00,2022-08-18T09:30:00,245.7614066399884,250.1591329420349,243.41833111947457,247.79665349174323,84050903.62758541,2022-08-18T16:00:00
2022-08-19T16:00:00,2022-08-19T09:30:00,247.68933807865395,248.3012517331715,246.78314953902404,247.39433439033022,80977015.05583683,2022-08-19T16:00:00
2022-08-22T16:00:00,2022-08-22T09:30:00,247.28445650213078,247.33267122472185,244.24706964089805,244.2947014307265,75376875.64505234,2022-08-22T16:00:00
2022-08-23T16:00:00,2022-08-23T09:30:00,244.21138809361253,245.1934735008908,243.88926132788706,244.8704773641802,81287768.14730313,2022-08-23T16:00:00
2022-08-24T16:00:00,2022-08-24T09:30:00,244.62640277792823,248.40411223268012,242.49505027951716,246.2585394435704,58374109.906252414,2022-08-24T16:00:00
2022-08-25T16:00:00,2022-08-25T09:30:00,246.0052362395525,246.30683147933124,243.27106289212958,243.56967220148147,86903840.80266136,2022-08-25T16:00:00
2022-08-26T16:00:00,2022-08-26T09:30:00,243.23538977935144,245.3967318916614,242.8761823826063,245.0348670463223,76652829.9053663,2022-08-26T16:00:00
2022-08-29T16:00:00,2022-08-29T09:30:00,245.0850922205158,248.543837496921,244.07354262628158,247.52222900963943,80615139.96901031,2022-08-29T16:00:00
2022-08-30T16:00:00,2022-08-30T09:30:00,247.5398248034835,248.8162565895569,247.25217745052458,248.52746157842128,71353980.69996537,2022-08-30T16:00:00
2022-08-31T16:00:00,2022-08-31T09:30:00,248.3209858853393,248.87333187343106,247.17179452100044,247.72280997287416,73037797.84619747,2022-08-31T16:00:00
2022-09-01T16:00:00,2022-09-01T09:30:00,247.73787155642017,249.1284877383384,245.1852093836092,246.5692658823005,58552913.015875995,2022-09-01T16:00:00
2022-09-02T16:00:00,2022-09-02T09:30:00,246.35829624282334,247.45734024503906,243.85023824656705,244.94296824282767,85644718.04163298,2022-09-02T16:00:00
2022-09-06T16:00:00,2022-09-06T09:30:00,245.0514677100141,245.2531368897747,244.89554491445963,245.09718500494972,83095611.64955619,2022-09-06T16:00:00
2022-09-07T16:00:00,2022-09-07T09:30:00,245.05121374889782,245.97097028638407,243.4217747293233,244.33885756342897,73508133.10166353,2022-09-07T16:00:00
2022-09-08T16:00:00,2022-09-08T09:30:00,244.33165867157894,244.73213502141172,240.70398226138377,241.099160324675,88849199.36647923,2022-09-08T16:00:00
2022-09-09T16:00:00,2022-09-09T09:30:00,241.31012220920223,241.59301449861417,239.78393941410198,240.06537246051602,74858094.78772256,2022-09-09T16:00:00
2022-09-12T16:00:00,2022-09-12T09:30:00,240.27228105817852,242.17524813841595,239.40967361933275,241.30891903999893,78700652.58776417,2022-09-12T16:00:00
2022-09-13T16:00:00,2022-09-13T09:30:00,241.889882135386,242.27498041974653,240.36767283203542,240.750957903856,85991403.01397096,2022-09-13T16:00:00
2022-09-14T16:00:00,2022-09-14T09:30:00,240.48334501483447,241.1755531769651,238.0833774906366,238.77065584182887,70675384.20045614,2022-09-14T16:00:00
2022-09-15T16:00:00,2022-09-15T09:30:00,238.96481843918724,240.7666993605496,237.6757282529253,239.474857778866,54336596.14297113,2022-09-15T16:00:00
2022-09-16T16:00:00,2022-09-16T09:30:00,239.23864699482996,239.46988190833915,237.72182776730438,237.95181890358057,67889309.58585656,2022-09-16T16:00:00
2022-09-19T16:00:00,2022-09-19T09:30:00,237.82313896953067,238.69466581381457,237.57544988211836,238.44632768508146,84829631.80498073,2022-09-19T16:00:00
2022-09-20T16:00:00,2022-09-20T09:30:00,238.70861816150682,239.03308363205434,237.34360037103684,237.66664954232832,58058079.74124805,2022-09-20T16:00:00
2022-09-21T16:00:00,2022-09-21T09:30:00,237.73118919564388,238.7145673986913,234.1436787153027,235.11624014708363,71845029.60799836,2022-09-21T16:00:00
2022-09-22T16:00:00,2022-09-22T09:30:00,235.26469777384355,237.962191318867,234.95396531432928,237.64831063569613,87633968.80097988,2022-09-22T16:00:00
2022-09-23T16:00:00,2022-09-23T09:30:00,237.49743322346197,237.5359220012584,236.78116661212906,236.81954553160668,80099135.54147293,2022-09-23T16:00:00
2022-09-26T16:00:00,2022-09-26T09:30:00,236.97491962215156,238.5951526427816,233.6720603693707,235.28070982384335,59020175.43297535,2022-09-26T16:00:00
2022-09-27T16:00:00,2022-09-27T09:30:00,235.72714555451435,237.810653092085,235.3177532636382,237.39835837076632,78132041.0584506,2022-09-27T16:00:00
2022-09-28T16:00:00,2022-09-28T09:30:00,236.82191765464458,238.8187959254958,236.69225066044524,238.68810713743875,85923237.53135106,2022-09-28T16:00:00
2022-09-29T16:00:00,2022-09-29T09:30:00,238.84272039340848,240.64419331882593,238.03746677637557,239.83559225350035,89693738.21750964,2022-09-29T16:00:00
2022-09-30T16:00:00,2022-09-30T09:30:00,240.25813686236,241.05038053354792,235.637055362003,236.4166317906966,78979102.73225614,2022-09-30T16:00:00
2022-10-03T16:00:00,2022-10-03T09:30:00,237.11394720973132,237.21823198554782,237.10420845147542,237.20848934425166,70675171.11896312,2022-10-03T16:00:00
2022-10-04T16:00:00,2022-10-04T09:30:00,237.13298610940598,240.56006719281885,236.1395399311238,239.55646806648883,71857851.52086227,2022-10-04T16:00:00
2022-10-05T16:00:00,2022-10-05T09:30:00,239.21478116718814,240.43944296024262,237.57668158014698,238.79921588374336,64270592.33166736,2022-10-05T16:00:00
2022-10-06T16:00:00,2022-10-06T09:30:00,238.26418109723843,238.68467441621058,237.85482343525916,238.27529765506125,64180147.65689733,2022-10-06T16:00:00
2022-10-07T16:00:00,2022-10-07T09:30:00,238.28945133511854,238.5036809598969,238.28494671711894,238.49917237733584,87456998.98965637,2022-10-07T16:00:00
2022-10-10T16:00:00,2022-10-10T09:30:00,238.19458614369734,240.6983621199368,236.1359799440971,238.63594148918114,54584263.285998024,2022-10-10T16:00:00
2022-10-11T16:00:00,2022-10-11T09:30:00,238.28848220575108,241.42497517947416,237.93258474635215,241.06493093530472,69640553.59824573,2022-10-11T16:00:00
2022-10-12T16:00:00,2022-10-12T09:30:00,240.71550501410525,241.26509359193403,240.57323974111262,241.12258772898204,73816824.04487242,2022-10-12T16:00:00
2022-10-13T16:00:00,2022-10-13T09:30:00,241.2015034481837,246.2587804286771,238.41417012232847,243.44551522134714,80773520.79791579,2022-10-13T16:00:00
2022-10-14T16:00:00,2022-10-14T09:30:00,243.29388977829353,243.48024384738835,240.76878021912967,240.95334151532288,76976169.19603765,2022-10-14T16:00:00
2022-10-17T16:00:00,2022-10-17T09:30:00,240.9106393851807,241.2436242117897,238.04830159159218,238.37778552714505,64515352.23114419,2022-10-17T16:00:00
2022-10-18T16:00:00,2022-10-18T09:30:00,238.39401126200946,238.94994866304955,234.11929491957628,234.66653981707324,75074999.22013538,2022-10-18T16:00:00
2022-10-19T16:00:00,2022-10-19T09:30:00,234.5948154782364,235.53403685603047,232.24874534958852,233.1823116416261,87772340.8859528,2022-10-19T16:00:00
2022-10-20T16:00:00,2022-10-20T09:30:00,233.175027590211,234.22505828537462,229.00579093411474,230.04171172277404,81411739.71419375,2022-10-20T16:00:00
2022-10-21T16:00:00,2022-10-21T09:30:00,229.51248738334215,232.3084184204185,228.46561828118715,231.25360759373172,72329238.27602746,2022-10-21T16:00:00
2022-10-24T16:00:00,2022-10-24T09:30:00,230.53778584581718,234.22802884682477,229.58377870559477,233.26274533038682,79637205.00822504,2022-10-24T16:00:00
2022-10-25T16:00:00,2022-10-25T09:30:00,232.79388205774907,233.0814525881235,230.00458739874327,230.28906372436344,66724826.82247589,2022-10-25T16:00:00
2022-10-26T16:00:00,2022-10-26T09:30:00,230.7458339477808,231.69292461712035,230.01610591527185,230.96251134765615,60112212.758479744,2022-10-26T16:00:00
2022-10-27T16:00:00,2022-10-27T09:30:00,230.8165734167846,232.03272776616745,230.3187689388716,231.53337734983953,88975473.34060305,2022-10-27T16:00:00
2022-10-28T16:00:00,2022-10-28T09:30:00,231.65503088054842,231.71416919693664,230.9592634068429,231.01823915913675,83302294.6038891,2022-10-28T16:00:00
2022-10-31T16:00:00,2022-10-31T09:30:00,230.85628521774476,235.8547120117671,229.9713652715334,234.95408435291168,70628413.57548559,2022-10-31T16:00:00
2022-11-01T16:00:00,2022-11-01T09:30:00,235.3355088828817,236.1616566496789,231.8941834608388,232.71111827694878,89385051.95324518,2022-11-01T16:00:00
2022-11-02T16:00:00,2022-11-02T09:30:00,232.6792384821625,233.2955154523548,232.01720454852753,232.63336000444363,64381223.564226076,2022-11-02T16:00:00
2022-11-03T16:00:00,2022-11-03T09:30:00,232.04478813385583,233.0061721885275,231.88955155298845,232.8503966603553,56572376.91944522,2022-11-03T16:00:00
2022-11-04T16:00:00,2022-11-04T09:30:00,233.04295184506537,234.4724823898614,230.0239631720166,231.44368349540468,59293293.595742404,2022-11-04T16:00:00
2022-11-07T16:00:00,2022-11-07T09:30:00,231.34447423459454,231.57051060311645,230.61421634341644,230.83975957775584,74055224.12367894,2022-11-07T16:00:00
2022-11-08T16:00:00,2022-11-08T09:30:00,230.84798687464576,232.7472025685809,230.37403339340716,232.27032888017843,59478385.84022577,2022-11-08T16:00:00
2022-11-09T16:00:00,2022-11-09T09:30:00,232.12301114887848,232.6411907896057,229.1317977711823,229.6444443851372,59541531.933180414,2022-11-09T16:00:00
2022-11-10T16:00:00,2022-11-10T09:30:00,228.79127383628605,228.96711870509048,226.16387605336692,226.33783525328843,64358301.124730475,2022-11-10T16:00:00
2022-11-11T16:00:00,2022-11-11T09:30:00,226.3676347521885,227.32223876369451,224.01101026176562,224.95967684201935,88883695.60339822,2022-11-11T16:00:00
2022-11-14T16:00:00,2022-11-14T09:30:00,225.3843804973514,229.22960707416937,224.3604189566724,228.19288599085573,63882687.816635706,2022-11-14T16:00:00
2022-11-15T16:00:00,2022-11-15T09:30:00,228.37887438435357,229.77598777744643,227.28426736305906,228.67993777635084,65600532.81051434,2022-11-15T16:00:00
2022-11-16T16:00:00,2022-11-16T09:30:00,229.23144272903482,233.2236981181562,228.16395322232472,232.14265163634965,79516861.37223682,2022-11-16T16:00:00
2022-11-17T16:00:00,2022-11-17T09:30:00,232.6599719285161,233.73639581188084,231.96958596706295,233.0448677259232,70200036.48456495,2022-11-17T16:00:00
2022-11-18T16:00:00,2022-11-18T09:30:00,232.72931984026246,233.51221548898863,232.6084945610349,233.391046663326,55208540.44677583,2022-11-18T16:00:00
2022-11-21T16:00:00,2022-11-21T09:30:00,233.37598049102343,233.7926238024519,232.77442965456973,233.19074226243222,60246299.65167569,2022-11-21T16:00:00
2022-11-22T16:00:00,2022-11-22T09:30:00,233.13401216155353,235.37694528301742,227.7033275408485,229.91529405480912,81779726.90886015,2022-11-22T16:00:00
2022-11-23T16:00:00,2022-11-23T09:30:00,229.49689837656823,231.57568660083714,228.94033678911327,231.01544233513172,83328683.69330478,2022-11-23T16:00:00
2022-11-25T13:00:00,2022-11-25T09:30:00,230.77498416125786,230.79623514819957,230.26171807597203,230.28292375137625,66018534.84516617,2022-11-25T13:00:00
2022-11-28T16:00:00,2022-11-28T09:30:00,230.1765084611682,231.4751859452129,227.88869738489203,229.18176241831426,66844379.476452425,2022-11-28T16:00:00
2022-11-29T16:00:00,2022-11-29T09:30:00,229.44375790817503,230.63010737829993,227.67387286843226,228.8571894594995,65888654.64065416,2022-11-29T16:00:00
2022-11-30T16:00:00,2022-11-30T09:30:00,228.98497347767204,230.54079030821478,225.93660503154106,227.48221148730943,80152263.83779699,2022-11-30T16:00:00
2022-12-01T16:00:00,2022-12-01T09:30:00,227.52406670268687,228.1025176179158,226.24151845131198,226.81817472623865,56570789.56522054,2022-12-01T16:00:00
2022-12-02T16:00:00,2022-12-02T09:30:00,226.90699803970705,228.12162497774432,222.2450251548709,223.44109923163384,61084096.30752964,2022-12-02T16:00:00
2022-12-05T16:00:00,2022-12-05T09:30:00,223.34265627055024,224.40768577970601,222.15484098321036,223.21928217189964,63227407.39892945,2022-12-05T16:00:00
2022-12-06T16:00:00,2022-12-06T09:30:00,223.12175455237167,223.60273303647656,222.5186813263806,222.99939604503828,58859137.98516002,2022-12-06T16:00:00
2022-12-07T16:00:00,2022-12-07T09:30:00,223.32135837760777,224.17028116657335,220.21837704463178,221.05869867066852,77111638.58111924,2022-12-07T16:00:00
2022-12-08T16:00:00,2022-12-08T09:30:00,221.10176205998937,222.0469636562062,220.46175399268998,221.40607471598653,85017852.54446605,2022-12-08T16:00:00
2022-12-09T16:00:00,2022-12-09T09:30:00,221.77160766772104,222.32569157298877,216.667678914767,217.21036681596283,90421721.18692163,2022-12-09T16:00:00
2022-12-12T16:00:00,2022-12-12T09:30:00,217.09606421706056,217.69095962054527,216.77937802697738,217.3738681873672,57206946.096593454,2022-12-12T16:00:00
2022-12-13T16:00:00,2022-12-13T09:30:00,217.1677552131418,218.00051080276745,216.54713935370012,217.3792904239921,77384121.54724969,2022-12-13T16:00:00
2022-12-14T16:00:00,2022-12-14T09:30:00,217.73961976852243,218.59195996943285,215.210304937481,216.05605483537306,83171434.64985003,2022-12-14T16:00:00
2022-12-15T16:00:00,2022-12-15T09:30:00,216.0161918596181,216.85381428055013,213.79595596151884,214.628196303506,89626242.18551053,2022-12-15T16:00:00
2022-12-16T16:00:00,2022-12-16T09:30:00,215.12695134120855,215.25394088050382,212.5441092698984,212.6696482620447,78270084.56472446,2022-12-16T16:00:00
2022-12-19T16:00:00,2022-12-19T09:30:00,212.55711836777525,213.76330549583804,208.55253215844294,209.74274872545254,77279168.22951603,2022-12-19T16:00:00
2022-12-20T16:00:00,2022-12-20T09:30:00,209.7180716635628,213.4851019307819,208.52829087331847,212.280782270203,71987221.77443151,2022-12-20T16:00:00
2022-12-21T16:00:00,2022-12-21T09:30:00,212.16701307025795,212.94496737901778,208.13422836278934,208.90020424017817,79691618.9679055,2022-12-21T16:00:00
2022-12-22T16:00:00,2022-12-22T09:30:00,208.8181250156155,209.22306750891994,202.72641975456716,203.1203129856986,102735607.88888209,2022-12-22T16:00:00
2022-12-23T16:00:00,2022-12-23T09:30:00,202.91105750710318,204.82195570702356,202.27004912972583,204.1769483035933,66613232.15269547,2022-12-23T16:00:00
2022-12-27T16:00:00,2022-12-27T09:30:00,204.09002499724593,204.9358027883686,203.3428711348883,204.18828919029448,63394832.51126168,2022-12-27T16:00:00
2022-12-28T16:00:00,2022-12-28T09:30:00,204.08810757349204,204.370139137874,202.3493214138486,202.62933708751,62106384.05648892,2022-12-28T16:00:00
2022-12-29T16:00:00,2022-12-29T09:30:00,202.29226692175016,203.22811573792922,201.81523340600398,202.75000281679291,57283184.90176507,2022-12-29T16:00:00
2022-12-30T16:00:00,2022-12-30T09:30:00,202.50820398616403,203.48677393853146,201.28303531658676,202.26040785649366,69516555.48054717,2022-12-30T16:00:00
2023-01-03T16:00:00,2023-01-03T09:30:00,202.10568848124979,203.91086823184438,200.99507042913805,202.79645426013442,88020351.51371436,2023-01-03T16:00:00
2023-01-04T16:00:00,2023-01-04T09:30:00,203.06506642337143,203.23014129943803,199.20552026350373,199.36758940071024,77064888.06770669,2023-01-04T16:00:00
2023-01-05T16:00:00,2023-01-05T09:30:00,199.6207311733069,199.86146320388252,198.14638728135455,198.38562984513507,88966496.18787797,2023-01-05T16:00:00
2023-01-06T16:00:00,2023-01-06T09:30:00,197.9706961389981,197.98694103620326,197.16672993600974,197.1829101898004,64233346.20601298,2023-01-06T16:00:00
2023-01-09T16:00:00,2023-01-09T09:30:00,197.30842130162355,199.40524865496718,196.7338746856424,198.82628214749445,61289394.63638431,2023-01-09T16:00:00
2023-01-10T16:00:00,2023-01-10T09:30:00,198.55464366498447,199.44274109314262,197.36260569230708,198.2493375438361,73063058.86746587,2023-01-10T16:00:00
2023-01-11T16:00:00,2023-01-11T09:30:00,197.90796881452061,198.470049000105,196.5393079619597,197.0990908460187,88544160.8205518,2023-01-11T16:00:00
2023-01-12T16:00:00,2023-01-12T09:30:00,196.9411595290366,197.43858240050457,194.64596250513887,195.13883316233742,57984690.75356958,2023-01-12T16:00:00
2023-01-13T16:00:00,2023-01-13T09:30:00,195.19861774493927,196.88080941693244,195.1876061336301,196.86970353575907,67653575.40953805,2023-01-13T16:00:00
2023-01-17T16:00:00,2023-01-17T09:30:00,197.27685188168593,198.46122394682095,196.8328938499796,198.01560340545228,69055957.0106123,2023-01-17T16:00:00
2023-01-18T16:00:00,2023-01-18T09:30:00,198.06564197663866,198.8780762779273,194.9431536579243,195.7460734517243,77702878.0877592,2023-01-18T16:00:00
2023-01-19T16:00:00,2023-01-19T09:30:00,195.81677086845053,196.43082658875866,194.96948072737734,195.58280275435476,58674889.299242735,2023-01-19T16:00:00
2023-01-20T16:00:00,2023-01-20T09:30:00,195.24084140766652,195.97633501856393,194.61064801761435,195.345802836698,57327450.016203746,2023-01-20T16:00:00
2023-01-23T16:00:00,2023-01-23T09:30:00,195.09399335260903,195.1232829468015,195.03719473472336,195.06648019834722,72601291.66240838,2023-01-23T16:00:00
2023-01-24T16:00:00,2023-01-24T09:30:00,194.9629344097608,195.7149129127959,194.78991686112195,195.54138202766478,68428033.55267896,2023-01-24T16:00:00
2023-01-25T16:00:00,2023-01-25T09:30:00,195.6561543717233,196.8472893903937,192.94876432839692,194.1306119983035,83870066.63784656,2023-01-25T16:00:00
2023-01-26T16:00:00,2023-01-26T09:30:00,193.97040004752327,194.5791802871886,192.15118275360913,192.7561520500236,70382673.94073413,2023-01-26T16:00:00
2023-01-27T16:00:00,2023-01-27T09:30:00,192.53628201176204,193.00188325095965,190.89717001122065,191.35992652647343,77627577.6875534,2023-01-27T16:00:00
2023-01-30T16:00:00,2023-01-30T09:30:00,191.31768597854025,192.1324946809446,189.49289711115895,190.30338598050125,60534422.509267665,2023-01-30T16:00:00
2023-01-31T16:00:00,2023-01-31T09:30:00,190.2920026454811,190.29822434424526,189.0342033960516,189.0403841724806,82833506.38572852,2023-01-31T16:00:00
2023-02-01T16:00:00,2023-02-01T09:30:00,188.85850724978474,189.68656928411147,187.81958976049177,188.6467232143602,82592900.76862995,2023-02-01T16:00:00
2023-02-02T16:00:00,2023-02-02T09:30:00,188.93811437041398,189.26672138610502,187.09540403062056,187.4213730829249,82372425.12546338,2023-02-02T16:00:00
2023-02-03T16:00:00,2023-02-03T09:30:00,187.27984691675886,187.8591800013677,185.53851487450655,186.11424226769745,86951209.0936215,2023-02-03T16:00:00
2023-02-06T16:00:00,2023-02-06T09:30:00,186.3155045502475,188.75973627602832,186.3050982430833,188.74919403964864,69368109.51626536,2023-02-06T16:00:00
2023-02-07T16:00:00,2023-02-07T09:30:00,189.31196471894833,189.89509763358515,187.02267305741407,187.60053429568114,60702877.62133158,2023-02-07T16:00:00
2023-02-08T16:00:00,2023-02-08T09:30:00,187.67795889969548,188.80805808649876,187.36746227760796,188.4962077439017,66632791.21708648,2023-02-08T16:00:00
2023-02-09T16:00:00,2023-02-09T09:30:00,188.01086328763606,188.55746633967652,185.27587824243608,185.81610047140666,65997225.94956705,2023-02-09T16:00:00
2023-02-10T16:00:00,2023-02-10T09:30:00,185.60259473375095,185.75044958923735,184.39968896547808,184.5467026755705,64578161.00145632,2023-02-10T16:00:00
2023-02-13T16:00:00,2023-02-13T09:30:00,184.56191137875493,186.3032098657968,184.11572914019715,185.8539042078488,90295851.61118208,2023-02-13T16:00:00
2023-02-14T16:00:00,2023-02-14T09:30:00,185.6698720541997,186.58112526775975,185.61998367578755,186.53100550796555,82261007.21056245,2023-02-14T16:00:00
2023-02-15T16:00:00,2023-02-15T09:30:00,186.79580994476012,187.09939436260254,184.6838629167415,184.98450356194832,62171963.26098408,2023-02-15T16:00:00
2023-02-16T16:00:00,2023-02-16T09:30:00,184.87285311092975,185.93173846066105,183.96321593002213,185.02137052367772,53571406.38563245,2023-02-16T16:00:00
2023-02-17T16:00:00,2023-02-17T09:30:00,185.1180931222664,185.86334657066266,184.2441498666536,184.98888313798489,67275505.49480991,2023-02-17T16:00:00
2023-02-21T16:00:00,2023-02-21T09:30:00,185.09607096821492,185.49796872257716,184.91552224127236,185.31720429499637,70752473.4790768,2023-02-21T16:00:00
2023-02-22T16:00:00,2023-02-22T09:30:00,185.6057352475804,187.4683719233253,185.54626912066928,187.40832826455627,62778594.1965689,2023-02-22T16:00:00
2023-02-23T16:00:00,2023-02-23T09:30:00,187.72603227491916,188.55946007934534,183.53973769745434,184.35821374709542,73127530.59335499,2023-02-23T16:00:00
2023-02-24T16:00:00,2023-02-24T09:30:00,183.98085803312543,185.53019685838086,183.03404923095738,184.58030317043452,77522880.83435027,2023-02-24T16:00:00
2023-02-27T16:00:00,2023-02-27T09:30:00,184.2375662719923,184.4353560468628,182.09665170319258,182.29235317833323,72219719.44516672,2023-02-27T16:00:00
2023-02-28T16:00:00,2023-02-28T09:30:00,182.78525599526512,183.9360184108336,181.7347790504085,182.88496841321296,81184833.45633592,2023-02-28T16:00:00
2023-03-01T16:00:00,2023-03-01T09:30:00,182.84973909098332,182.89431494468226,180.33649431964596,180.38046820443688,92267982.16017373,2023-03-01T16:00:00
2023-03-02T16:00:00,2023-03-02T09:30:00,180.30891361449642,183.9034126074225,179.1758278485053,182.75495558063628,91603748.92333953,2023-03-02T16:00:00
2023-03-03T16:00:00,2023-03-03T09:30:00,182.73218699182672,183.52493736744603,179.82793821702538,180.61148832699476,84291944.19184805,2023-03-03T16:00:00
2023-03-06T16:00:00,2023-03-06T09:30:00,180.02066185628192,181.67203999792665,171.45492211112287,173.04228572415775,78988802.74795604,2023-03-06T16:00:00
2023-03-07T16:00:00,2023-03-07T09:30:00,173.44309723574185,173.93737489247127,173.31236463127195,173.80636847257904,71431802.16211507,2023-03-07T16:00:00
2023-03-08T16:00:00,2023-03-08T09:30:00,173.74107626699418,174.07213801424268,171.6940671631065,172.02185294886195,74009090.59652495,2023-03-08T16:00:00
2023-03-09T16:00:00,2023-03-09T09:30:00,171.32977923209427,171.63544845464494,167.12329549597013,167.4219928422186,97156835.0155195,2023-03-09T16:00:00
2023-03-10T16:00:00,2023-03-10T09:30:00,167.3217457353261,167.70309315670144,163.71777598850304,164.09176186811686,91301671.88958879,2023-03-10T16:00:00
2023-03-13T16:00:00,2023-03-13T09:30:00,164.49982804558624,166.59210423966607,163.45505612525494,165.5407213936273,64182185.977791406,2023-03-13T16:00:00
2023-03-14T16:00:00,2023-03-14T09:30:00,165.55821280868236,165.92505968420912,165.36663966992134,165.73328396455366,53124703.48444664,2023-03-14T16:00:00
2023-03-15T16:00:00,2023-03-15T09:30:00,165.69318188138212,167.36444209272693,162.97035709627085,164.63090265426993,81686300.6689501,2023-03-15T16:00:00
2023-03-16T16:00:00,2023-03-16T09:30:00,164.3609099255066,166.7139214295016,164.11043969577236,166.46025200421053,84798611.22670332,2023-03-16T16:00:00
2023-03-17T16:00:00,2023-03-17T09:30:00,166.8265321402381,167.20435385712523,162.74215516683873,163.11156337864557,77105518.84040624,2023-03-17T16:00:00
2023-03-20T16:00:00,2023-03-20T09:30:00,162.93402352105608,165.47933720430566,159.67929916877037,162.21335474859882,86848339.24460976,2023-03-20T16:00:00
2023-03-21T16:00:00,2023-03-21T09:30:00,162.0246147081697,162.76233901480302,159.31494306865756,160.04364771178788,87412745.58184159,2023-03-21T16:00:00
2023-03-22T16:00:00,2023-03-22T09:30:00,160.10434149440206,160.90712455565023,158.8777816161947,159.6784290997765,67218787.45042783,2023-03-22T16:00:00
2023-03-23T16:00:00,2023-03-23T09:30:00,159.44731874450306,161.09625379518167,159.39492146775282,161.04333203955667,88091070.87948588,2023-03-23T16:00:00
2023-03-24T16:00:00,2023-03-24T09:30:00,160.85896794889908,162.57368180301899,156.80977301860216,158.49933379970494,79824269.4205049,2023-03-24T16:00:00
2023-03-27T16:00:00,2023-03-27T09:30:00,159.19920517679307,160.8353039126136,156.82385175063754,158.45227423729273,74402647.28552876,2023-03-27T16:00:00
2023-03-28T16:00:00,2023-03-28T09:30:00,158.36584523896698,164.17486098026515,157.67073293825607,163.45740040980164,102325640.0812471,2023-03-28T16:00:00
2023-03-29T16:00:00,2023-03-29T09:30:00,164.08742922314593,165.06420846383048,163.72758867647008,164.70301794304302,68631914.56699406,2023-03-29T16:00:00
2023-03-30T16:00:00,2023-03-30T09:30:00,164.63309891236017,164.76790991879994,161.50755668648196,161.63991670397337,64804127.739429764,2023-03-30T16:00:00
2023-03-31T16:00:00,2023-03-31T09:30:00,162.23191909550258,166.02032886361323,160.81674643918936,164.58463314006056,92183637.80870028,2023-03-31T16:00:00
2023-04-03T16:00:00,2023-04-03T09:30:00,164.92290379706324,165.35482486901574,161.591295079594,162.01560214027714,74542018.36635888,2023-04-03T16:00:00
2023-04-04T16:00:00,2023-04-04T09:30:00,162.94647017947744,164.84972958937033,162.28545145674622,164.18369187662915,73513188.91475281,2023-04-04T16:00:00
2023-04-05T16:00:00,2023-04-05T09:30:00,164.08612929272238,166.00516582596507,163.99693183618388,165.91497420669367,80108245.6732862,2023-04-05T16:00:00
2023-04-06T16:00:00,2023-04-06T09:30:00,165.79288656505688,166.80728716221222,162.5843127611806,163.58520570533085,61205421.09125718,2023-04-06T16:00:00
2023-04-10T16:00:00,2023-04-10T09:30:00,163.88262605615083,164.517415611425,158.47327070540535,159.0894943515508,91548150.00683132,2023-04-10T16:00:00
2023-04-11T16:00:00,2023-04-11T09:30:00,158.6208884101267,159.52304794227447,157.19811751120764,158.09729911860023,64887255.30823414,2023-04-11T16:00:00
2023-04-12T16:00:00,2023-04-12T09:30:00,158.0106606008202,161.27854337529467,157.48569937709,160.74449947703806,77402503.9500587,2023-04-12T16:00:00
2023-04-13T16:00:00,2023-04-13T09:30:00,160.41056923825258,160.50780267680085,156.54185003363648,156.63679598607112,81468099.26177962,2023-04-13T16:00:00
2023-04-14T16:00:00,2023-04-14T09:30:00,156.11879154682651,156.4085167529574,153.13941353751818,153.42413800642387,85477276.90294111,2023-04-14T16:00:00
2023-04-17T16:00:00,2023-04-17T09:30:00,153.1250654492751,157.5874151149573,150.9365972376714,155.36690644195974,82688884.75462712,2023-04-17T16:00:00
2023-04-18T16:00:00,2023-04-18T09:30:00,155.45510400248241,156.26598417906638,149.11577350078474,149.89766513408554,80594763.07626171,2023-04-18T16:00:00
2023-04-19T16:00:00,2023-04-19T09:30:00,150.27282474040783,151.28219261797668,147.452879531002,148.45000369777236,81343397.41372302,2023-04-19T16:00:00
2023-04-20T16:00:00,2023-04-20T09:30:00,148.283167468814,155.4848997168523,145.5398060960184,152.66055308578086,69324847.05692305,2023-04-20T16:00:00
2023-04-21T16:00:00,2023-04-21T09:30:00,152.94926792958168,156.19058049958207,152.32955098504888,155.56028428846005,89917403.65594898,2023-04-21T16:00:00
2023-04-24T16:00:00,2023-04-24T09:30:00,155.47080846089972,161.7887892209204,151.49978419586833,157.75931215820577,81462391.98109391,2023-04-24T16:00:00
2023-04-25T16:00:00,2023-04-25T09:30:00,157.82747674404126,159.97744469083767,157.58858179114713,159.73566142154863,72194492.03750147,2023-04-25T16:00:00
2023-04-26T16:00:00,2023-04-26T09:30:00,159.3140262982544,160.83294920639213,156.35503938735846,157.86010035582902,67552847.46654046,2023-04-26T16:00:00
2023-04-27T16:00:00,2023-04-27T09:30:00,157.82825576761812,158.81446797842568,156.40072150365737,157.38415871110584,78123303.34354176,2023-04-27T16:00:00
2023-04-28T16:00:00,2023-04-28T09:30:00,157.1480806413215,162.06387777872212,154.21282579316198,159.09230811778897,74548162.88346134,2023-04-28T16:00:00
2023-05-01T16:00:00,2023-05-01T09:30:00,159.05933329802318,159.28863499186912,154.9856865278064,155.20943817026196,86694933.041898,2023-05-01T16:00:00
2023-05-02T16:00:00,2023-05-02T09:30:00,155.5965142577589,159.56406560541345,155.36443839824247,159.32642649409604,80445919.58362892,2023-05-02T16:00:00
2023-05-03T16:00:00,2023-05-03T09:30:00,159.39166716660802,160.61194324984106,159.02583677013735,160.24415624908505,87742118.70902938,2023-05-03T16:00:00
2023-05-04T16:00:00,2023-05-04T09:30:00,160.08784254534018,160.75427064886452,157.79251800285755,158.4521368432195,68480767.85431921,2023-05-04T16:00:00
2023-05-05T16:00:00,2023-05-05T09:30:00,158.5019517523873,161.6795761197354,158.19441515832304,161.36648156419383,75953868.13918142,2023-05-05T16:00:00
2023-05-08T16:00:00,2023-05-08T09:30:00,161.2669313536872,166.11076910499128,160.60327961007312,165.4299854047105,70378021.40622611,2023-05-08T16:00:00
2023-05-09T16:00:00,2023-05-09T09:30:00,165.73576384947182,168.3682881284912,165.271691076729,167.8981604803434,72751770.12526381,2023-05-09T16:00:00
2023-05-10T16:00:00,2023-05-10T09:30:00,167.6954698331843,169.50540819369093,166.3104859201977,168.1169433634219,85341172.63241649,2023-05-10T16:00:00
2023-05-11T16:00:00,2023-05-11T09:30:00,167.70042101458654,168.71324243157062,166.1119999009062,167.1213238789576,62186200.96886494,2023-05-11T16:00:00
2023-05-12T16:00:00,2023-05-12T09:30:00,167.08946944158947,167.50827278937206,166.61796348729916,167.03663440609134,65151155.20855233,2023-05-12T16:00:00
2023-05-15T16:00:00,2023-05-15T09:30:00,167.0291865409626,169.14689052845725,165.09934432231643,167.21490256136866,87235303.70559315,2023-05-15T16:00:00
2023-05-16T16:00:00,2023-05-16T09:30:00,166.41431427116126,166.59708110424387,164.12842958908124,164.3088841042267,90317452.1930724,2023-05-16T16:00:00
2023-05-17T16:00:00,2023-05-17T09:30:00,164.322356270216,164.5135905344471,162.08018503692412,162.2690296908396,68264408.6983427,2023-05-17T16:00:00
2023-05-18T16:00:00,2023-05-18T09:30:00,162.5018777144243,164.98231921817248,161.5436810118809,164.0151991748428,72961012.50146054,2023-05-18T16:00:00
2023-05-19T16:00:00,2023-05-19T09:30:00,164.56446975460167,170.09452098847947,163.43487012132175,168.9349217991945,73888915.92875364,2023-05-19T16:00:00
2023-05-22T16:00:00,2023-05-22T09:30:00,168.85601270907776,169.6037819244308,168.53144869955284,169.27840601804914,64219805.49275942,2023-05-22T16:00:00
2023-05-23T16:00:00,2023-05-23T09:30:00,168.86388484616688,170.16678392855306,159.82114178127648,161.06385838397233,99554311.22333339,2023-05-23T16:00:00
2023-05-24T16:00:00,2023-05-24T09:30:00,160.88821157835997,161.61090277826725,158.85735683390325,159.57414540083775,77782630.36368449,2023-05-24T16:00:00
2023-05-25T16:00:00,2023-05-25T09:30:00,159.01608091110768,159.2410465033712,158.47514184390238,158.69965978416857,77846108.59477764,2023-05-25T16:00:00
2023-05-26T16:00:00,2023-05-26T09:30:00,159.3275689773286,159.44007456494126,157.09345590442544,157.2044623079048,87411363.84220943,2023-05-26T16:00:00
2023-05-30T16:00:00,2023-05-30T09:30:00,157.67177002550295,159.97197971731362,157.43424581856246,159.73135285744607,89925683.34423696,2023-05-30T16:00:00
2023-05-31T16:00:00,2023-05-31T09:30:00,160.13700838950183,160.43926265817322,158.95897943523937,159.2595775770029,76960598.27887233,2023-05-31T16:00:00
2023-06-01T16:00:00,2023-06-01T09:30:00,159.42359881403326,159.8436368409232,158.18687385531075,158.60475444896002,65423409.32378494,2023-06-01T16:00:00
2023-06-02T16:00:00,2023-06-02T09:30:00,158.64694681585877,165.45231285613886,155.72803541830996,162.46318726310238,71157475.31101167,2023-06-02T16:00:00
2023-06-05T16:00:00,2023-06-05T09:30:00,163.33821128395923,166.15970439347402,163.23530065860967,166.0550820139451,74110764.38796102,2023-06-05T16:00:00
2023-06-06T16:00:00,2023-06-06T09:30:00,165.5817661253368,168.75433783359665,163.7675325823523,166.92538265648085,72404404.2249369,2023-06-06T16:00:00
2023-06-07T16:00:00,2023-06-07T09:30:00,167.05783824902213,169.2504434618952,165.02233321400044,167.21304729268212,76613013.13688329,2023-06-07T16:00:00
2023-06-08T16:00:00,2023-06-08T09:30:00,166.67992028208832,169.15607671911948,165.4974726368537,167.96451599551378,88917086.9104059,2023-06-08T16:00:00
2023-06-09T16:00:00,2023-06-09T09:30:00,168.21018355256817,171.2149555227031,164.89883039560033,167.89802623752044,61602148.714082666,2023-06-09T16:00:00
2023-06-12T16:00:00,2023-06-12T09:30:00,168.24455089786525,172.15046470029222,167.82775793312803,171.72504948113104,85862567.54243891,2023-06-12T16:00:00
2023-06-13T16:00:00,2023-06-13T09:30:00,172.2308475711002,173.15173860915675,168.1170643721966,169.02079175067425,92186996.89268316,2023-06-13T16:00:00
2023-06-14T16:00:00,2023-06-14T09:30:00,168.91122750544415,169.9032824867765,167.77928421376578,168.77051274453254,83047156.46603881,2023-06-14T16:00:00
2023-06-15T16:00:00,2023-06-15T09:30:00,169.58847306004668,169.62557444438374,168.55991009917,168.59679453098914,55835904.95235866,2023-06-15T16:00:00
2023-06-16T16:00:00,2023-06-16T09:30:00,168.54455727680616,169.94314354753126,164.66423954809187,166.04206004430335,94967279.35523042,2023-06-16T16:00:00
2023-06-20T16:00:00,2023-06-20T09:30:00,166.16056438780245,166.66162215024804,161.4195059778415,161.90773933147116,93398249.21390705,2023-06-20T16:00:00
2023-06-21T16:00:00,2023-06-21T09:30:00,162.159893572544,164.62624132700017,161.59930664821135,164.05908888246375,79253025.13117673,2023-06-21T16:00:00
2023-06-22T16:00:00,2023-06-22T09:30:00,163.9096918466047,166.20885943842939,160.18730649646494,162.46622654462803,86143884.13161293,2023-06-22T16:00:00
2023-06-23T16:00:00,2023-06-23T09:30:00,162.47151202123104,163.76813130236735,161.2322057789286,162.5283911949878,74335492.0388236,2023-06-23T16:00:00
2023-06-26T16:00:00,2023-06-26T09:30:00,163.32986330463498,164.93150029615884,161.38984522108876,162.988131136016,70368164.72198547,2023-06-26T16:00:00
2023-06-27T16:00:00,2023-06-27T09:30:00,162.63532436168683,164.04926733848654,162.08199748861497,163.49302235797288,66611982.17331898,2023-06-27T16:00:00
2023-06-28T16:00:00,2023-06-28T09:30:00,162.804635240673,167.07208566253175,162.32278743276427,166.57906678714033,89237814.32383442,2023-06-28T16:00:00
2023-06-29T16:00:00,2023-06-29T09:30:00,166.52757070768843,167.0080879216828,166.4845111527972,166.9649152812371,61285863.586890444,2023-06-29T16:00:00
2023-06-30T16:00:00,2023-06-30T09:30:00,167.21703473779706,168.80108663073494,163.90556561051395,165.47309713116266,60545850.684303336,2023-06-30T16:00:00
2023-07-03T13:00:00,2023-07-03T09:30:00,165.48663837459998,167.5277793916649,164.1464903003695,166.18200012137538,62375865.653686784,2023-07-03T13:00:00
2023-07-05T16:00:00,2023-07-05T09:30:00,166.6161339371574,167.14923121712366,165.58425983091757,166.1157561251676,64166895.07753866,2023-07-05T16:00:00
2023-07-06T16:00:00,2023-07-06T09:30:00,165.74821913730946,166.1161232700352,163.12371301910125,163.4865971275493,78887181.97838259,2023-07-06T16:00:00
2023-07-07T16:00:00,2023-07-07T09:30:00,163.26510464310152,164.44984964119067,158.99100631752026,160.15316933275787,66843446.1909736,2023-07-07T16:00:00
2023-07-10T16:00:00,2023-07-10T09:30:00,159.66909788009883,160.9834508837321,156.36248449219397,157.66030162617503,68159465.80433506,2023-07-10T16:00:00
2023-07-11T16:00:00,2023-07-11T09:30:00,157.7480822670157,159.318382191945,156.45606596017174,158.02410515352636,53769284.19281019,2023-07-11T16:00:00
2023-07-12T16:00:00,2023-07-12T09:30:00,157.989955263906,158.26130448885675,156.9113206914415,157.1812810108036,60670036.59390515,2023-07-12T16:00:00
2023-07-13T16:00:00,2023-07-13T09:30:00,157.70625153679725,160.26242699578262,156.32797420881676,158.87394458814904,84861824.94815928,2023-07-13T16:00:00
2023-07-14T16:00:00,2023-07-14T09:30:00,158.8718346089998,159.7249536513355,154.0922798155023,154.92420062764225,99092790.66188362,2023-07-14T16:00:00
2023-07-17T16:00:00,2023-07-17T09:30:00,154.71827501809312,154.95514668592833,154.1864096693048,154.422829013147,87423625.54891305,2023-07-17T16:00:00
2023-07-18T16:00:00,2023-07-18T09:30:00,155.0265740506819,155.03679625703927,152.08723326051947,152.09726231270795,75545735.94812225,2023-07-18T16:00:00
2023-07-19T16:00:00,2023-07-19T09:30:00,152.12198397467492,152.44216635178378,151.82428782018135,152.14442627867027,85291154.03416434,2023-07-19T16:00:00
2023-07-20T16:00:00,2023-07-20T09:30:00,151.88147599089254,153.73139927181685,150.37406032860923,152.22061764643658,85401442.62947044,2023-07-20T16:00:00
2023-07-21T16:00:00,2023-07-21T09:30:00,152.0156887424233,153.40485858451873,149.81071100727544,151.19235697024092,63056531.15068109,2023-07-21T16:00:00
2023-07-24T16:00:00,2023-07-24T09:30:00,151.4731194886188,153.05113052143753,151.1698967546197,152.74536098213545,59043127.94003603,2023-07-24T16:00:00
2023-07-25T16:00:00,2023-07-25T09:30:00,152.4225542130486,158.94291917103183,150.57218042463944,157.03653277325412,83474995.97475697,2023-07-25T16:00:00
2023-07-26T16:00:00,2023-07-26T09:30:00,157.35667761385977,159.35716719432963,154.60901439685838,156.5998827765663,79102160.23708758,2023-07-26T16:00:00
2023-07-27T16:00:00,2023-07-27T09:30:00,156.68021565063137,160.18596083734633,155.62459295777933,159.11394107879283,66311284.61865178,2023-07-27T16:00:00
2023-07-28T16:00:00,2023-07-28T09:30:00,158.58091447531933,160.42015215217282,157.78550916861553,159.61953735256782,76698770.47970073,2023-07-28T16:00:00
2023-07-31T16:00:00,2023-07-31T09:30:00,159.89181405000605,162.751293546335,159.56335829807168,162.41764912939493,81181019.86886674,2023-07-31T16:00:00
2023-08-01T16:00:00,2023-08-01T09:30:00,162.55615505216093,163.54407782712485,160.71139568071527,161.69407925502597,57087665.41221266,2023-08-01T16:00:00
2023-08-02T16:00:00,2023-08-02T09:30:00,161.55468603203158,166.43300607026612,159.8627258732152,164.70802107392058,92801252.46150179,2023-08-02T16:00:00
2023-08-03T16:00:00,2023-08-03T09:30:00,164.27476353328598,166.58243464093314,163.53864691551496,165.83930728923556,86898917.61766447,2023-08-03T16:00:00
2023-08-04T16:00:00,2023-08-04T09:30:00,166.401200548263,167.81194765786174,164.89133792332817,166.3012375479733,79602130.70233913,2023-08-04T16:00:00
2023-08-07T16:00:00,2023-08-07T09:30:00,166.06687866454374,167.2362430389754,165.00576278064565,166.1744398722973,85556501.28466639,2023-08-07T16:00:00
2023-08-08T16:00:00,2023-08-08T09:30:00,165.6591829181099,166.74373369563867,162.76629591312434,163.83892971149288,86692949.49485333,2023-08-08T16:00:00
2023-08-09T16:00:00,2023-08-09T09:30:00,163.7793000851303,164.3844060334636,163.45311008223757,164.0576616335607,61410155.34220566,2023-08-09T16:00:00
2023-08-10T16:00:00,2023-08-10T09:30:00,164.06742431318318,169.8854924697156,162.02449880162598,167.79613797147982,97455178.93115564,2023-08-10T16:00:00
2023-08-11T16:00:00,2023-08-11T09:30:00,167.22338462792888,168.1826092135026,164.99664398305092,165.94855591287018,87758898.43288913,2023-08-11T16:00:00
2023-08-14T16:00:00,2023-08-14T09:30:00,164.92728204754258,166.7830828838497,164.1157544383689,165.96644206940383,72819489.7739123,2023-08-14T16:00:00
2023-08-15T16:00:00,2023-08-15T09:30:00,166.2543463416491,168.89018272756215,164.3138260558052,166.9416403479153,76781920.70766626,2023-08-15T16:00:00
2023-08-16T16:00:00,2023-08-16T09:30:00,167.25675928532166,167.508645058491,166.76705386433989,167.01858094506747,69536048.83329913,2023-08-16T16:00:00
2023-08-17T16:00:00,2023-08-17T09:30:00,167.3615335563131,169.4418910926451,165.77197911388495,167.84771899283746,83928035.93003362,2023-08-17T16:00:00
2023-08-18T16:00:00,2023-08-18T09:30:00,167.64473598044904,169.77055584011495,166.993080402174,169.11319219306694,59473814.58653317,2023-08-18T16:00:00
2023-08-21T16:00:00,2023-08-21T09:30:00,169.11287475175538,170.051573691307,166.73601778660444,167.66668934973507,63928683.07863488,2023-08-21T16:00:00
2023-08-22T16:00:00,2023-08-22T09:30:00,167.76317563925588,169.21872795247305,166.4784714808186,167.9327254084235,67680854.19037284,2023-08-22T16:00:00
2023-08-23T16:00:00,2023-08-23T09:30:00,167.34847394019263,167.44624929980722,162.3600580310771,162.45497430464582,103752185.68918326,2023-08-23T16:00:00
2023-08-24T16:00:00,2023-08-24T09:30:00,161.91996533254957,163.27215826401573,160.67123075331577,162.02263191514714,56422323.581429765,2023-08-24T16:00:00
2023-08-25T16:00:00,2023-08-25T09:30:00,162.22053011341742,165.14071824314115,161.96922154595245,164.88528149995682,74770883.67548531,2023-08-25T16:00:00
2023-08-28T16:00:00,2023-08-28T09:30:00,164.42082224665572,167.10971498406647,160.5602577139785,163.22967068761915,87031731.9264639,2023-08-28T16:00:00
2023-08-29T16:00:00,2023-08-29T09:30:00,163.50684054058843,164.49591306306803,163.05224043181283,164.03983107406228,63249771.914457455,2023-08-29T16:00:00
2023-08-30T16:00:00,2023-08-30T09:30:00,164.36955870520634,166.78806656751394,163.82810988757797,166.24045484168659,71401442.38953923,2023-08-30T16:00:00
2023-08-31T16:00:00,2023-08-31T09:30:00,166.31482608539267,167.75401176569815,164.4499508047395,165.88542067611425,85373686.49576326,2023-08-31T16:00:00
2023-09-01T16:00:00,2023-09-01T09:30:00,165.1135888545442,165.69343693515725,164.61188777744732,165.19149912607836,83892651.06292118,2023-09-01T16:00:00
2023-09-05T16:00:00,2023-09-05T09:30:00,165.555660903022,166.95243122790723,165.14942659145018,166.54377232534762,79971347.88055968,2023-09-05T16:00:00
2023-09-06T16:00:00,2023-09-06T09:30:00,166.85115366626695,170.42460249804674,166.14805109427252,169.70945518375163,94228054.5902375,2023-09-06T16:00:00
2023-09-07T16:00:00,2023-09-07T09:30:00,169.6554097322589,170.46348286091026,165.01983465662494,165.80959004609585,96170770.97587779,2023-09-07T16:00:00
2023-09-08T16:00:00,2023-09-08T09:30:00,165.71801072029717,167.30851878023483,165.64068059063445,167.23048287533769,90136650.2308003,2023-09-08T16:00:00
2023-09-11T16:00:00,2023-09-11T09:30:00,167.71199535140127,168.3273811992377,166.79127661557726,167.40553797896902,57093197.23333407,2023-09-11T16:00:00
2023-09-12T16:00:00,2023-09-12T09:30:00,167.39538270153366,168.20049612720877,167.2781506427129,168.0827826613669,89129752.93772118,2023-09-12T16:00:00
2023-09-13T16:00:00,2023-09-13T09:30:00,168.10760831328884,169.45747657366056,167.220145921152,168.56758589875636,54857209.2593901,2023-09-13T16:00:00
2023-09-14T16:00:00,2023-09-14T09:30:00,168.90716755989817,169.71809226351843,168.7983545721843,169.6088272542071,71215051.91763261,2023-09-14T16:00:00
2023-09-15T16:00:00,2023-09-15T09:30:00,169.53205623995277,170.6186778712819,167.29161982750963,168.3707983357727,71927104.2300147,2023-09-15T16:00:00
2023-09-18T16:00:00,2023-09-18T09:30:00,168.24432031118775,168.25821991394483,167.2488321225505,167.2626506240932,62338339.76370554,2023-09-18T16:00:00
2023-09-19T16:00:00,2023-09-19T09:30:00,167.24231671409916,169.80104104405322,165.50070864946153,168.05101149033436,74758297.65727742,2023-09-19T16:00:00
2023-09-20T16:00:00,2023-09-20T09:30:00,168.22525564507927,170.03810652460615,165.18040320474984,166.97983299877396,84411354.66781701,2023-09-20T16:00:00
2023-09-21T16:00:00,2023-09-21T09:30:00,166.8258990459903,168.66702625242718,165.9163260145598,167.75240171612174,77400050.3594953,2023-09-21T16:00:00
2023-09-22T16:00:00,2023-09-22T09:30:00,167.40094987946603,168.35819487131343,165.07075228966215,166.0201012063812,62882873.802180864,2023-09-22T16:00:00
2023-09-25T16:00:00,2023-09-25T09:30:00,166.44708492838163,167.37514391953712,165.33637153299406,166.26340638773283,78896195.06014128,2023-09-25T16:00:00
2023-09-26T16:00:00,2023-09-26T09:30:00,166.31651131146904,169.63777867686767,165.32849036127618,168.63597868369837,89316557.32868886,2023-09-26T16:00:00
2023-09-27T16:00:00,2023-09-27T09:30:00,168.31075442997312,168.86580641199015,167.1193346196,167.67228105635527,65217984.311338104,2023-09-27T16:00:00
2023-09-28T16:00:00,2023-09-28T09:30:00,167.52176713467708,168.99319165938962,167.09418575525046,168.56295276508774,69051898.56205095,2023-09-28T16:00:00
2023-09-29T16:00:00,2023-09-29T09:30:00,168.23053671200262,168.9502005261705,167.50806695950888,168.2277187187442,86615074.94104694,2023-09-29T16:00:00
2023-10-02T16:00:00,2023-10-02T09:30:00,168.40801124652748,169.15118279919685,168.20157904588814,168.94409347640746,88960333.77826309,2023-10-02T16:00:00
2023-10-03T16:00:00,2023-10-03T09:30:00,168.7469462698633,169.68911583292137,166.42965747031855,167.3641061834961,69437378.46777196,2023-10-03T16:00:00
2023-10-04T16:00:00,2023-10-04T09:30:00,166.8333291828896,167.59101936408052,166.73778665363812,167.49509785148868,65893533.86496181,2023-10-04T16:00:00
2023-10-05T16:00:00,2023-10-05T09:30:00,167.4655197842728,168.7344237593821,166.24083491752793,167.50941786348832,59362811.706659615,2023-10-05T16:00:00
2023-10-06T16:00:00,2023-10-06T09:30:00,167.02820276193935,168.2419266700343,165.1571610621967,166.3660735550012,89583381.92669785,2023-10-06T16:00:00
2023-10-09T16:00:00,2023-10-09T09:30:00,166.28461081788657,167.05700930428486,166.17232362673394,166.94427665985708,77568833.80721997,2023-10-09T16:00:00
2023-10-10T16:00:00,2023-10-10T09:30:00,166.7852868141103,167.86817751497762,165.30070584071294,166.38097143373056,54776594.114024125,2023-10-10T16:00:00
2023-10-11T16:00:00,2023-10-11T09:30:00,166.54515997723857,166.77448937754696,165.8388317148409,166.06750339145208,59352474.75962125,2023-10-11T16:00:00
2023-10-12T16:00:00,2023-10-12T09:30:00,166.55368973453116,168.05013151600525,166.2231704837155,167.71730312016214,74088327.74048023,2023-10-12T16:00:00
2023-10-13T16:00:00,2023-10-13T09:30:00,168.01334437953852,168.55713674201573,165.60753581183343,166.1452819994746,59231890.91608225,2023-10-13T16:00:00
2023-10-16T16:00:00,2023-10-16T09:30:00,165.5935994118246,166.02116285434283,164.03277733101078,164.45740711975563,85295522.29597624,2023-10-16T16:00:00
2023-10-17T16:00:00,2023-10-17T09:30:00,164.62579788423582,166.39837548619954,163.00772768166289,164.77880144578938,77503006.88711058,2023-10-17T16:00:00
2023-10-18T16:00:00,2023-10-18T09:30:00,164.51812438954585,168.40558114853164,163.4775004905067,167.34706340612115,69343485.00346361,2023-10-18T16:00:00
2023-10-19T16:00:00,2023-10-19T09:30:00,167.43495098262255,168.98167598182283,167.16250279384795,168.7071576732401,82558565.10243437,2023-10-19T16:00:00
2023-10-20T16:00:00,2023-10-20T09:30:00,169.0569614763068,169.77641719604622,166.06432718804942,166.7740675961846,74615265.07117197,2023-10-20T16:00:00
2023-10-23T16:00:00,2023-10-23T09:30:00,166.47507152357502,166.7427455552321,165.35497245771842,165.62127367415164,88182071.42230198,2023-10-23T16:00:00
2023-10-24T16:00:00,2023-10-24T09:30:00,166.0350134572897,168.66651163618522,165.4176508829926,168.04168771047242,93402793.66454291,2023-10-24T16:00:00
2023-10-25T16:00:00,2023-10-25T09:30:00,167.833001913241,168.5512196450426,167.58588835506265,168.30341346341925,57787218.00642432,2023-10-25T16:00:00
2023-10-26T16:00:00,2023-10-26T09:30:00,168.39129714590413,168.93845707564876,167.83993917228443,168.38708541670513,52639725.77298974,2023-10-26T16:00:00
2023-10-27T16:00:00,2023-10-27T09:30:00,168.3605737031735,170.19455550807405,168.02720914685415,169.85822550671006,89807881.38377139,2023-10-27T16:00:00
2023-10-30T16:00:00,2023-10-30T09:30:00,170.084598520124,170.6630611624028,169.9470971738966,170.52520361817358,83342633.66936246,2023-10-30T16:00:00
2023-10-31T16:00:00,2023-10-31T09:30:00,170.36594133822695,171.58577111522592,168.57840517690272,169.79414082991738,74600385.01107118,2023-10-31T16:00:00
2023-11-01T16:00:00,2023-11-01T09:30:00,170.1870240726469,170.77352694241097,168.20222366616264,168.78389102296802,85661379.78924091,2023-11-01T16:00:00
2023-11-02T16:00:00,2023-11-02T09:30:00,169.2515913834213,169.79041723387118,166.6021982110819,167.13428344395876,92310468.86784561,2023-11-02T16:00:00
2023-11-03T16:00:00,2023-11-03T09:30:00,166.863400933149,167.33963461967252,165.9386492725106,166.41359920998173,67291741.40272184,2023-11-03T16:00:00
2023-11-06T16:00:00,2023-11-06T09:30:00,166.63662257786874,168.60714009816624,165.5543511684775,167.5191369351992,83455912.31837484,2023-11-06T16:00:00
2023-11-07T16:00:00,2023-11-07T09:30:00,167.32854791893033,167.47792118945048,165.632071620419,165.78006256661791,66331317.43125317,2023-11-07T16:00:00
2023-11-08T16:00:00,2023-11-08T09:30:00,165.73556225200588,166.88651379205734,165.46868870114562,166.61821895462938,55884276.51145514,2023-11-08T16:00:00
2023-11-09T16:00:00,2023-11-09T09:30:00,167.21494653010404,169.01057184260856,166.77619531280652,168.5682696737425,63420001.360506356,2023-11-09T16:00:00
2023-11-10T16:00:00,2023-11-10T09:30:00,168.67201129906502,168.85588193248034,168.08637852256297,168.269810714083,69907039.40026183,2023-11-10T16:00:00
2023-11-13T16:00:00,2023-11-13T09:30:00,168.26527584043325,168.28245910488033,168.10789138735163,168.12506033297902,84520411.15701495,2023-11-13T16:00:00
2023-11-14T16:00:00,2023-11-14T09:30:00,167.6250113487789,169.8256485720751,166.6890285730599,168.88264344349017,86373938.63104685,2023-11-14T16:00:00
2023-11-15T16:00:00,2023-11-15T09:30:00,169.06401452274702,169.95170482443027,167.66730658901386,168.55231012716217,77289115.41636823,2023-11-15T16:00:00
2023-11-16T16:00:00,2023-11-16T09:30:00,168.605797152313,168.69554391923486,166.8813396849465,166.97021585230306,88855819.58181958,2023-11-16T16:00:00
2023-11-17T16:00:00,2023-11-17T09:30:00,166.53419173732493,167.86285502168388,166.17742570882308,167.50401134961928,68650039.31491353,2023-11-17T16:00:00
2023-11-20T16:00:00,2023-11-20T09:30:00,167.5267611934617,169.2994830609296,166.99487491124765,168.76366967686036,72378082.15898974,2023-11-20T16:00:00
2023-11-21T16:00:00,2023-11-21T09:30:00,168.52031131553272,169.09592914396387,168.03174974323704,168.60711591422177,53926318.10514387,2023-11-21T16:00:00
2023-11-22T16:00:00,2023-11-22T09:30:00,168.5081771220849,168.52334445366452,167.00829094924129,167.02332463003626,63839198.2494927,2023-11-22T16:00:00
2023-11-24T13:00:00,2023-11-24T09:30:00,167.1601575635287,167.7716415733887,166.1000495106397,166.70988639583098,85442465.80741002,2023-11-24T13:00:00
2023-11-27T16:00:00,2023-11-27T09:30:00,166.94368239704215,169.4072976415008,166.4384930386785,168.8961997577083,70597589.19056517,2023-11-27T16:00:00
2023-11-28T16:00:00,2023-11-28T09:30:00,168.92679643931578,170.5675501808433,168.22511500876394,169.86198420442494,74358113.4917221,2023-11-28T16:00:00
2023-11-29T16:00:00,2023-11-29T09:30:00,169.81457698154614,172.95414146707486,169.65569156813388,172.79246981621148,65588397.44888084,2023-11-29T16:00:00
2023-11-30T16:00:00,2023-11-30T09:30:00,173.0621821794181,176.25675184412032,172.13085554771692,175.3133108609985,68471080.57792647,2023-11-30T16:00:00
2023-12-01T16:00:00,2023-12-01T09:30:00,175.89936637148827,175.93871616252468,174.3186041896916,174.35760907995603,80054566.91383801,2023-12-01T16:00:00
2023-12-04T16:00:00,2023-12-04T09:30:00,174.28056948983138,174.59209442301022,173.96338139529982,174.27489618750232,76041050.28127182,2023-12-04T16:00:00
2023-12-05T16:00:00,2023-12-05T09:30:00,174.8102641965772,176.45370845312806,174.3771088232104,176.01756156581817,58166268.54610679,2023-12-05T16:00:00
2023-12-06T16:00:00,2023-12-06T09:30:00,175.76505101028576,176.87544426113735,175.00615382201426,176.11503595000516,72262545.9462877,2023-12-06T16:00:00
2023-12-07T16:00:00,2023-12-07T09:30:00,175.8098396266957,179.07525799165444,175.74860484780876,179.01290758034148,96881149.70230247,2023-12-07T16:00:00
2023-12-08T16:00:00,2023-12-08T09:30:00,179.14376077738672,181.5773894562452,178.92785313842222,181.35881219306793,84749248.27967596,2023-12-08T16:00:00
2023-12-11T16:00:00,2023-12-11T09:30:00,181.1173655519475,181.21974520592,180.2799345394458,180.38189845820517,60191180.32163276,2023-12-11T16:00:00
2023-12-12T16:00:00,2023-12-12T09:30:00,180.7935082441259,180.89103993084748,180.65028444100062,180.74779146514103,84880783.230692,2023-12-12T16:00:00
2023-12-13T16:00:00,2023-12-13T09:30:00,181.57990839040568,182.42490618376152,180.7341799185309,181.5791742957137,73778608.83595444,2023-12-13T16:00:00
2023-12-14T16:00:00,2023-12-14T09:30:00,181.8502551905499,182.9037305541431,181.18949305962994,182.24154664586266,75313035.91930082,2023-12-14T16:00:00
2023-12-15T16:00:00,2023-12-15T09:30:00,182.20239393442182,183.82126141098448,181.74484805946267,183.3608065352402,60928577.731281064,2023-12-15T16:00:00
2023-12-18T16:00:00,2023-12-18T09:30:00,183.3895000203504,185.06573774230927,183.16126075197693,184.83569859278634,85797201.1288299,2023-12-18T16:00:00
2023-12-19T16:00:00,2023-12-19T09:30:00,184.85618866756477,187.1774265847376,184.2186916839978,186.5341429903622,85756253.73428634,2023-12-19T16:00:00
2023-12-20T16:00:00,2023-12-20T09:30:00,186.53231243201145,190.9788952976268,185.41096397923917,189.83767648130092,67835383.75478692,2023-12-20T16:00:00
2023-12-21T16:00:00,2023-12-21T09:30:00,190.2068304060073,192.0704578230567,189.70960664771997,191.56967143278692,86148004.68898787,2023-12-21T16:00:00
2023-12-22T16:00:00,2023-12-22T09:30:00,191.88977181717507,195.57571532814177,190.63760862141555,194.3077736317834,70861149.32541908,2023-12-22T16:00:00
2023-12-26T16:00:00,2023-12-26T09:30:00,194.21916521302376,199.08933864984374,193.1768825912535,198.02662319753372,91436925.19300936,2023-12-26T16:00:00
2023-12-27T16:00:00,2023-12-27T09:30:00,197.91077464846663,198.43754461792844,194.5330978163763,195.0522594078269,63592062.72427022,2023-12-27T16:00:00
2023-12-28T16:00:00,2023-12-28T09:30:00,195.09567077548274,196.91730193010082,194.4172022999917,196.23487174729178,85857529.50446466,2023-12-28T16:00:00
2023-12-29T16:00:00,2023-12-29T09:30:00,196.31142976200687,198.46780631294362,195.05583761166818,197.20648943278113,65420248.22163152,2023-12-29T16:00:00
2024-01-02T16:00:00,2024-01-02T09:30:00,196.93409126094335,197.07966480255357,195.93769250376812,196.08263665072994,66996295.28804918,2024-01-02T16:00:00
2024-01-03T16:00:00,2024-01-03T09:30:00,196.08072632793687,196.420842402368,195.1367224820439,195.47578924975244,59961967.25933327,2024-01-03T16:00:00
2024-01-04T16:00:00,2024-01-04T09:30:00,195.21029532416054,197.1629104975377,194.76974127954335,196.71895169056896,62710745.70575514,2024-01-04T16:00:00
2024-01-05T16:00:00,2024-01-05T09:30:00,196.92488036804173,198.22366613429602,196.50535169521538,197.80226827468462,77814020.06959403,2024-01-05T16:00:00
2024-01-08T16:00:00,2024-01-08T09:30:00,198.50098725402856,198.7079502861914,195.27964199650452,195.48345886383504,94617905.04006192,2024-01-08T16:00:00
2024-01-09T16:00:00,2024-01-09T09:30:00,195.34732677816714,196.34768867644502,195.19614781626987,196.19585304152463,79090528.8025002,2024-01-09T16:00:00
2024-01-10T16:00:00,2024-01-10T09:30:00,196.2285561944576,196.4422469628666,194.64159036204805,194.85378401847512,83896763.72255309,2024-01-10T16:00:00
2024-01-11T16:00:00,2024-01-11T09:30:00,194.8703801984496,196.6462346031437,193.206746480858,194.98165095268726,65196337.133524135,2024-01-11T16:00:00
2024-01-12T16:00:00,2024-01-12T09:30:00,194.66442595776326,195.0740315517439,192.02220346858795,192.42710136796535,63427290.09663292,2024-01-12T16:00:00
2024-01-16T16:00:00,2024-01-16T09:30:00,192.50965901780572,192.76737005857967,191.63925088864463,191.896140617562,57206475.917513415,2024-01-16T16:00:00
2024-01-17T16:00:00,2024-01-17T09:30:00,192.37769148785566,193.73315190073507,190.45110880516427,191.80251663409425,76178776.59656659,2024-01-17T16:00:00
2024-01-18T16:00:00,2024-01-18T09:30:00,192.1717930889699,193.06174129526156,190.53524774287817,191.42172236919782,62184151.406410865,2024-01-18T16:00:00
2024-01-19T16:00:00,2024-01-19T09:30:00,191.47752934131773,192.05750008999647,190.7023177707041,191.28169535325486,82529186.63794154,2024-01-19T16:00:00
2024-01-22T16:00:00,2024-01-22T09:30:00,191.40970971537578,194.21294407439217,190.36690266357482,193.16059811896457,81051016.56844711,2024-01-22T16:00:00
2024-01-23T16:00:00,2024-01-23T09:30:00,192.94330741728078,195.17355766520933,188.06808528844303,190.26740451738044,68439410.93353708,2024-01-23T16:00:00
2024-01-24T16:00:00,2024-01-24T09:30:00,190.05752327270014,191.6124734367531,188.17096280314522,189.72317752709017,55329229.05014356,2024-01-24T16:00:00
2024-01-25T16:00:00,2024-01-25T09:30:00,189.9027896184653,190.93110082599014,189.06167050128485,190.08915625206603,66294161.19865367,2024-01-25T16:00:00
2024-01-26T16:00:00,2024-01-26T09:30:00,189.90745188032022,189.9110587244283,189.51321407641655,189.51681350127004,72649193.07956865,2024-01-26T16:00:00
2024-01-29T16:00:00,2024-01-29T09:30:00,189.6684510438701,195.25470051581758,187.80025551676397,193.35024011787004,86444338.00780265,2024-01-29T16:00:00
2024-01-30T16:00:00,2024-01-30T09:30:00,192.93002162377957,193.91773397932133,191.92367487575694,192.9112913409254,84120218.50583291,2024-01-30T16:00:00
2024-01-31T16:00:00,2024-01-31T09:30:00,192.6792318557685,193.29547946088786,190.29281180438036,190.90337968659568,71928098.52655484,2024-01-31T16:00:00
2024-02-01T16:00:00,2024-02-01T09:30:00,191.08520680124658,191.20529739559717,190.56648836922346,190.6863282819056,63643560.66277829,2024-02-01T16:00:00
2024-02-02T16:00:00,2024-02-02T09:30:00,190.59549025875893,191.841689140412,190.2413962369701,191.48594081286032,65826745.64490214,2024-02-02T16:00:00
2024-02-05T16:00:00,2024-02-05T09:30:00,191.28109236049502,191.8441841581164,190.61843203126077,191.18122985441045,72479704.32519104,2024-02-05T16:00:00
2024-02-06T16:00:00,2024-02-06T09:30:00,191.56726118077898,192.81386430257012,191.1879015901979,192.43279070863952,75683727.09060515,2024-02-06T16:00:00
2024-02-07T16:00:00,2024-02-07T09:30:00,192.85387101732627,196.10463329891763,192.4885016817651,195.73380780846423,92935238.0298761,2024-02-07T16:00:00
2024-02-08T16:00:00,2024-02-08T09:30:00,195.52087224123954,197.92425255825432,195.10296169246575,197.50210727479146,74061291.95845926,2024-02-08T16:00:00
2024-02-09T16:00:00,2024-02-09T09:30:00,197.47814314649588,197.7770535886853,196.061141420234,196.35835691130947,58653931.02307519,2024-02-09T16:00:00
2024-02-12T16:00:00,2024-02-12T09:30:00,196.26859995493373,197.612865984534,194.87285606267025,196.21676708301817,83484145.63961288,2024-02-12T16:00:00
2024-02-13T16:00:00,2024-02-13T09:30:00,196.08302234149593,196.18450837961086,194.73391678978382,194.83475676723455,76507352.53000696,2024-02-13T16:00:00
2024-02-14T16:00:00,2024-02-14T09:30:00,194.7590621000938,196.23343379388467,193.6576284110975,195.1299028648057,83919884.8994832,2024-02-14T16:00:00
2024-02-15T16:00:00,2024-02-15T09:30:00,195.58551076486935,196.08276990430414,195.31492320036753,195.81186917871148,81044159.01492934,2024-02-15T16:00:00
2024-02-16T16:00:00,2024-02-16T09:30:00,195.8517507487891,196.60104475944172,194.03673787161313,194.78193897243227,67560351.09407745,2024-02-16T16:00:00
2024-02-20T16:00:00,2024-02-20T09:30:00,194.46343932877826,196.2208886521645,193.90120313744208,195.65520680128935,76199597.47043021,2024-02-20T16:00:00
2024-02-21T16:00:00,2024-02-21T09:30:00,195.77138916601086,195.92870315953394,194.25442033629824,194.4106408873791,83782379.78954872,2024-02-21T16:00:00
2024-02-22T16:00:00,2024-02-22T09:30:00,194.0010467627666,195.91600075794128,192.72947625067255,194.64024068011867,80492699.67057271,2024-02-22T16:00:00
2024-02-23T16:00:00,2024-02-23T09:30:00,195.05029212315827,196.5967177496321,190.89089005336973,192.41643354551476,78905977.49963321,2024-02-23T16:00:00
2024-02-26T16:00:00,2024-02-26T09:30:00,193.04095179545098,193.55173106123388,188.5312543611582,189.031424565207,74389198.17047614,2024-02-26T16:00:00
2024-02-27T16:00:00,2024-02-27T09:30:00,189.084164472896,190.34452815756538,185.68975382380165,186.9357973036618,82765735.95144095,2024-02-27T16:00:00
2024-02-28T16:00:00,2024-02-28T09:30:00,186.5628071710848,188.89363867681328,185.56105991102785,187.8847930259888,87984839.87637307,2024-02-28T16:00:00
2024-02-29T16:00:00,2024-02-29T09:30:00,188.2696563640979,188.84450078343454,186.42361872340047,186.9945699166984,74785754.49581872,2024-02-29T16:00:00
2024-03-01T16:00:00,2024-03-01T09:30:00,187.93567317253215,191.2730215598869,186.47997344467657,189.8028591065143,85618303.05098063,2024-03-01T16:00:00
2024-03-04T16:00:00,2024-03-04T09:30:00,189.77696349684584,193.25139394662855,189.19512732456698,192.66071649154426,63986858.733098805,2024-03-04T16:00:00
2024-03-05T16:00:00,2024-03-05T09:30:00,192.885454812697,192.89707904183385,191.58870164286392,191.60024841912272,57320904.99970115,2024-03-05T16:00:00
2024-03-06T16:00:00,2024-03-06T09:30:00,191.95630856122068,192.7506006856721,190.9222354004855,191.71553121723804,78855192.48356473,2024-03-06T16:00:00
2024-03-07T16:00:00,2024-03-07T09:30:00,192.07003354313807,194.6354824102854,190.99855730798126,193.55571817855554,65056035.79449954,2024-03-07T16:00:00
2024-03-08T16:00:00,2024-03-08T09:30:00,194.09958845830826,195.73499351533457,187.8057246758497,189.40154591617366,71230013.91854706,2024-03-08T16:00:00
2024-03-11T16:00:00,2024-03-11T09:30:00,189.3148081097668,190.6428592793296,186.31331468191644,187.62954365195577,73879213.81216818,2024-03-11T16:00:00
2024-03-12T16:00:00,2024-03-12T09:30:00,187.8823353468099,188.13914601251517,185.8942537976281,186.14869480265497,80460063.75602432,2024-03-12T16:00:00
2024-03-13T16:00:00,2024-03-13T09:30:00,186.1347120577002,186.52011842784785,183.8637963074731,184.24529048358391,62956126.021207385,2024-03-13T16:00:00
2024-03-14T16:00:00,2024-03-14T09:30:00,183.76422973251255,184.3164944140822,181.18441354081324,181.7305664758668,78289825.47830378,2024-03-14T16:00:00
2024-03-15T16:00:00,2024-03-15T09:30:00,180.61557301552898,182.50816180892858,180.3717053395126,182.26207102647243,61812187.0550772,2024-03-15T16:00:00
2024-03-18T16:00:00,2024-03-18T09:30:00,182.00344497290243,183.90734918754515,181.71953565978586,183.62091676117402,72784775.70061189,2024-03-18T16:00:00
2024-03-19T16:00:00,2024-03-19T09:30:00,183.77256114032403,184.60274193128708,181.52864384762265,182.35240919299576,59559760.61929331,2024-03-19T16:00:00
2024-03-20T16:00:00,2024-03-20T09:30:00,182.5725902474079,184.0995199908333,179.56337218896644,181.07780038935445,77870190.11881323,2024-03-20T16:00:00
2024-03-21T16:00:00,2024-03-21T09:30:00,182.02011031882247,182.5059831742735,180.04158995118615,180.52346776460507,88890714.7414851,2024-03-21T16:00:00
2024-03-22T16:00:00,2024-03-22T09:30:00,180.25923245576257,181.45390486421857,179.12786072748602,180.32213831615377,68691159.47182122,2024-03-22T16:00:00
2024-03-25T16:00:00,2024-03-25T09:30:00,180.20612712109428,181.35386835088428,176.98267328740667,178.11710946630595,76071911.4469871,2024-03-25T16:00:00
2024-03-26T16:00:00,2024-03-26T09:30:00,178.11903117921207,178.21097043259314,177.51729710050625,177.60897307847733,79431744.89884388,2024-03-26T16:00:00
2024-03-27T16:00:00,2024-03-27T09:30:00,177.51860089450744,179.64428737436376,176.81025375880597,178.93030714963814,66302651.31804002,2024-03-27T16:00:00
2024-03-28T16:00:00,2024-03-28T09:30:00,178.95711598059117,179.69133973997708,176.62188962522333,177.34951774400346,81233468.66464621,2024-03-28T16:00:00
2024-04-01T16:00:00,2024-04-01T09:30:00,177.47675783705992,179.2303785827486,175.9034331931893,177.6554696653817,65026187.46726446,2024-04-01T16:00:00
2024-04-02T16:00:00,2024-04-02T09:30:00,177.73605260633298,178.432779389643,177.57765959055902,178.27390705418804,85932689.36542265,2024-04-02T16:00:00
2024-04-03T16:00:00,2024-04-03T09:30:00,178.11945988365864,178.46643090618534,177.7287787023717,178.07566441271888,53989198.45672873,2024-04-03T16:00:00
2024-04-04T16:00:00,2024-04-04T09:30:00,178.11477711563097,178.2399088786377,177.1122187333298,177.23673364056629,57095289.34542726,2024-04-04T16:00:00
2024-04-05T16:00:00,2024-04-05T09:30:00,176.8137910597049,178.29965364244634,174.37784411671305,175.85565495998773,61826556.59814438,2024-04-05T16:00:00
2024-04-08T16:00:00,2024-04-08T09:30:00,176.24031426705892,176.69532202848043,172.21898065797754,172.6647572386326,90294379.3459705,2024-04-08T16:00:00
2024-04-09T16:00:00,2024-04-09T09:30:00,172.87789801571157,174.03287780235016,172.450186933833,173.60337185136063,68005606.72296111,2024-04-09T16:00:00
2024-04-10T16:00:00,2024-04-10T09:30:00,173.89051650723687,173.94539837354296,169.20555930119053,169.25897940060227,78518684.06293276,2024-04-10T16:00:00
2024-04-11T16:00:00,2024-04-11T09:30:00,168.9817114186493,169.186997145942,165.75703763087702,165.95865082350483,88124131.30728719,2024-04-11T16:00:00
2024-04-12T16:00:00,2024-04-12T09:30:00,166.0885286492226,166.41643608610525,164.81654636745532,165.14258623675553,87141382.70532891,2024-04-12T16:00:00
2024-04-15T16:00:00,2024-04-15T09:30:00,165.12384361891247,166.07055530696658,163.37462621487725,164.31671033067377,58227115.056276634,2024-04-15T16:00:00
2024-04-16T16:00:00,2024-04-16T09:30:00,165.11917815678726,166.33961865697825,164.88169416221498,166.1007229476652,74957822.03624372,2024-04-16T16:00:00
2024-04-17T16:00:00,2024-04-17T09:30:00,165.86842240355222,170.35640089960376,165.5377340351826,170.01744072109764,97470016.93220806,2024-04-17T16:00:00
2024-04-18T16:00:00,2024-04-18T09:30:00,169.84740360241918,172.43129436367784,168.27165997405527,170.8462837171383,87309201.46017283,2024-04-18T16:00:00
2024-04-19T16:00:00,2024-04-19T09:30:00,171.2057858095831,171.46712679369944,169.79450566840828,170.0540886180282,66871761.03566689,2024-04-19T16:00:00
2024-04-22T16:00:00,2024-04-22T09:30:00,170.62870433212748,170.76468505791132,168.3729821499018,168.50727222299602,88837244.14858416,2024-04-22T16:00:00
2024-04-23T16:00:00,2024-04-23T09:30:00,168.45019956287518,168.59648578032144,164.2834931159088,164.42628486875097,92156207.48642439,2024-04-23T16:00:00
2024-04-24T16:00:00,2024-04-24T09:30:00,164.9333703011707,165.98544166870184,164.23700739153944,165.287583241497,64962720.03297523,2024-04-24T16:00:00
2024-04-25T16:00:00,2024-04-25T09:30:00,165.63139052883642,165.75368642307075,164.25394157243727,164.37531002479005,76479195.05729464,2024-04-25T16:00:00
2024-04-26T16:00:00,2024-04-26T09:30:00,164.49039507442123,165.4600534784547,163.83935289921874,164.80775521267842,76098206.49200001,2024-04-26T16:00:00
2024-04-29T16:00:00,2024-04-29T09:30:00,164.65066800905666,165.0583676586815,164.04240234844846,164.4496041338833,61277994.653928004,2024-04-29T16:00:00
2024-04-30T16:00:00,2024-04-30T09:30:00,164.59990722387633,165.0604277027565,164.1439293414882,164.60443727114279,79154867.87101734,2024-04-30T16:00:00
2024-05-01T16:00:00,2024-05-01T09:30:00,164.61993773040723,166.40661465680097,163.26182272434926,165.04499294388967,69243373.13110195,2024-05-01T16:00:00
2024-05-02T16:00:00,2024-05-02T09:30:00,165.0865613624367,165.4670310125624,163.7372803208729,164.11551202504708,66977125.358634315,2024-05-02T16:00:00
2024-05-03T16:00:00,2024-05-03T09:30:00,164.15779723112158,165.52253221534795,163.31873435182305,164.68079612184624,66825744.43463756,2024-05-03T16:00:00
2024-05-06T16:00:00,2024-05-06T09:30:00,164.86044606327812,166.6007051008443,163.15871524466576,164.8985806475016,80360587.27053457,2024-05-06T16:00:00
2024-05-07T16:00:00,2024-05-07T09:30:00,164.4938488987776,168.5174363992695,163.62446680126408,167.6314713546721,71517246.44059907,2024-05-07T16:00:00
2024-05-08T16:00:00,2024-05-08T09:30:00,167.45537482300426,171.34364608112767,167.16389083505905,171.0459121645416,70320284.3989589,2024-05-08T16:00:00
2024-05-09T16:00:00,2024-05-09T09:30:00,170.9140830572066,172.73454871098411,170.58992600819343,172.40755912303902,60786442.13994294,2024-05-09T16:00:00
2024-05-10T16:00:00,2024-05-10T09:30:00,173.34299522993834,175.3345676280426,173.31601079906122,175.30727741592062,74146330.81287023,2024-05-10T16:00:00
2024-05-13T16:00:00,2024-05-13T09:30:00,175.5244249018381,175.57540408539768,174.1125387323439,174.16312254025695,76709442.4233234,2024-05-13T16:00:00
2024-05-14T16:00:00,2024-05-14T09:30:00,174.20672793158695,177.47174934853345,172.68011859817642,175.93003829251668,77958178.78535749,2024-05-14T16:00:00
2024-05-15T16:00:00,2024-05-15T09:30:00,176.16326362935797,178.1281125802157,175.53772080963074,177.4978308103786,90278042.42954671,2024-05-15T16:00:00
2024-05-16T16:00:00,2024-05-16T09:30:00,177.65504672087405,178.13610286069914,176.81603333615266,177.29611756396127,78115879.08312473,2024-05-16T16:00:00
2024-05-17T16:00:00,2024-05-17T09:30:00,177.68634966129395,177.89021110915564,176.6355958620485,176.83848454520154,79257097.43758877,2024-05-17T16:00:00
2024-05-20T16:00:00,2024-05-20T09:30:00,177.05103144717188,177.6439120103331,176.78069528748088,177.3730841139916,60826665.10141765,2024-05-20T16:00:00
2024-05-21T16:00:00,2024-05-21T09:30:00,177.23738934711113,178.71863602065216,177.00288061318486,178.48247986570365,82251869.16285004,2024-05-21T16:00:00
2024-05-22T16:00:00,2024-05-22T09:30:00,178.14139667615527,179.23784423646677,177.21020461156007,178.30579282981748,79805807.5382167,2024-05-22T16:00:00
2024-05-23T16:00:00,2024-05-23T09:30:00,177.90738986092273,179.04953203080183,177.24169857078178,178.38206460957335,85051958.49541648,2024-05-23T16:00:00
2024-05-24T16:00:00,2024-05-24T09:30:00,178.223665918603,180.22622997449656,176.98122916196695,178.97853088652192,74949396.65024643,2024-05-24T16:00:00
2024-05-28T16:00:00,2024-05-28T09:30:00,178.90454049423153,179.79556396204862,175.44582143843678,176.3239926405085,76618707.18516216,2024-05-28T16:00:00
2024-05-29T16:00:00,2024-05-29T09:30:00,176.2327944141894,178.80578929263095,175.53964074650628,178.10527085542682,86754759.68372615,2024-05-29T16:00:00
2024-05-30T16:00:00,2024-05-30T09:30:00,177.75291704469234,182.41222088162823,176.21763339542272,180.8501855716495,77620448.75780003,2024-05-30T16:00:00
2024-05-31T16:00:00,2024-05-31T09:30:00,180.9126240304615,181.90820850147568,179.3161240395699,180.3083832993565,87674640.78795101,2024-05-31T16:00:00
2024-06-03T16:00:00,2024-06-03T09:30:00,180.75383815544515,181.06694862604866,178.65208940018005,178.96209612928223,73067355.83090362,2024-06-03T16:00:00
2024-06-04T16:00:00,2024-06-04T09:30:00,179.26696074045032,181.79158864743957,178.33402729870713,180.8504146625906,91009788.4195409,2024-06-04T16:00:00
2024-06-05T16:00:00,2024-06-05T09:30:00,180.63727736051368,183.4679588677222,180.07684548805258,182.90050527153656,75404012.7473086,2024-06-05T16:00:00
2024-06-06T16:00:00,2024-06-06T09:30:00,182.7619563730916,183.1481849086824,181.52006028514512,181.90447671980772,84235636.59559923,2024-06-06T16:00:00
2024-06-07T16:00:00,2024-06-07T09:30:00,181.88143981517356,183.33832237725792,181.74249163765904,183.1983681334294,62025517.13167917,2024-06-07T16:00:00
2024-06-10T16:00:00,2024-06-10T09:30:00,183.2902674053627,184.68423401811143,180.10688752500687,181.4871409267635,58310373.05080114,2024-06-10T16:00:00
2024-06-11T16:00:00,2024-06-11T09:30:00,180.8923468983473,180.92256552570893,180.02071030296628,180.05078834536258,84774121.85937144,2024-06-11T16:00:00
2024-06-12T16:00:00,2024-06-12T09:30:00,179.8508084007642,180.1582948960285,176.3402692245678,176.64227016106807,85347564.5038808,2024-06-12T16:00:00
2024-06-13T16:00:00,2024-06-13T09:30:00,176.43167493412503,177.67828918719508,172.45192629292765,173.67909160285978,70470018.74326624,2024-06-13T16:00:00
2024-06-14T16:00:00,2024-06-14T09:30:00,174.1827618848785,178.96529450248772,173.17295975067097,177.93374651784836,67569495.77156465,2024-06-14T16:00:00
2024-06-17T16:00:00,2024-06-17T09:30:00,178.05200198744666,179.12061930232804,177.28546830294857,178.35279068899413,58368712.27270011,2024-06-17T16:00:00
2024-06-18T16:00:00,2024-06-18T09:30:00,178.14386087363712,178.66196174087213,176.3471029756766,176.86147424132403,70827649.72553656,2024-06-18T16:00:00
2024-06-20T16:00:00,2024-06-20T09:30:00,177.06227859345714,177.89963428916354,175.22252301453483,176.0551156765126,89355370.31904435,2024-06-20T16:00:00
2024-06-21T16:00:00,2024-06-21T09:30:00,175.95692044594614,176.89219316489263,174.6128664654167,175.54595475765402,55512107.35325203,2024-06-21T16:00:00
2024-06-24T16:00:00,2024-06-24T09:30:00,175.69249669195074,176.73223331404134,175.39194142574104,176.4304156977177,85266835.70496313,2024-06-24T16:00:00
2024-06-25T16:00:00,2024-06-25T09:30:00,176.79230213246117,179.5533355027915,175.1738611563129,177.92452957710287,72937828.2803158,2024-06-25T16:00:00
2024-06-26T16:00:00,2024-06-26T09:30:00,178.1035288106107,179.64055033107044,177.70957616249538,179.24407487419862,88868339.71936783,2024-06-26T16:00:00
2024-06-27T16:00:00,2024-06-27T09:30:00,179.25176778793642,180.94199538675903,177.90739038773182,179.59504343995826,77737545.32001175,2024-06-27T16:00:00
2024-06-28T16:00:00,2024-06-28T09:30:00,180.17636213003072,182.51243171793624,179.5238892981699,181.85388407426038,64983864.84045143,2024-06-28T16:00:00
2024-07-01T16:00:00,2024-07-01T09:30:00,182.22846058098833,182.4614685276251,180.7188993837957,180.9502729651372,63244659.433175325,2024-07-01T16:00:00
2024-07-02T16:00:00,2024-07-02T09:30:00,180.6812090535492,182.98445091415792,180.63131209510271,182.93393184334,81363128.25334795,2024-07-02T16:00:00
2024-07-03T13:00:00,2024-07-03T09:30:00,182.89980165267377,183.4598114152458,181.32150870706346,181.87839107479942,59058003.525722265,2024-07-03T13:00:00
2024-07-05T16:00:00,2024-07-05T09:30:00,182.0168702665592,182.68762182668772,181.4434801587791,182.11392597371866,68480028.65261349,2024-07-05T16:00:00
2024-07-08T16:00:00,2024-07-08T09:30:00,181.61077209715506,182.9523408743222,180.99590544390284,182.33502217916245,79848176.98844893,2024-07-08T16:00:00
2024-07-09T16:00:00,2024-07-09T09:30:00,182.94423970196075,183.0756863638192,180.11117618415935,180.24068032048973,92892370.6871731,2024-07-09T16:00:00
2024-07-10T16:00:00,2024-07-10T09:30:00,180.33265963823743,180.54790378321653,180.10277971983106,180.31800637474942,78752805.38494243,2024-07-10T16:00:00
2024-07-11T16:00:00,2024-07-11T09:30:00,180.4729875645807,181.15931997635585,178.6039710802354,179.28578861624734,82769154.08142802,2024-07-11T16:00:00
2024-07-12T16:00:00,2024-07-12T09:30:00,179.07293927640737,179.28752408004067,178.35486829875498,178.56884904627861,83329773.32517116,2024-07-12T16:00:00
2024-07-15T16:00:00,2024-07-15T09:30:00,178.0650784340639,183.48768792123764,176.99996103327578,182.3966606473353,95258260.1626237,2024-07-15T16:00:00
2024-07-16T16:00:00,2024-07-16T09:30:00,182.42443412124473,185.24704866368623,182.0170645056858,184.8342976135123,63572879.86589697,2024-07-16T16:00:00
2024-07-17T16:00:00,2024-07-17T09:30:00,184.32763356107756,187.60494267761266,183.89978170009954,187.17049211897336,73320431.20472607,2024-07-17T16:00:00
2024-07-18T16:00:00,2024-07-18T09:30:00,187.02946055683975,187.09758769371928,186.45342648870235,186.52136854856943,59335005.25779887,2024-07-18T16:00:00
2024-07-19T16:00:00,2024-07-19T09:30:00,186.51024321009032,186.53141650988164,185.4102047350119,185.43125554432262,75795829.55705047,2024-07-19T16:00:00
2024-07-22T16:00:00,2024-07-22T09:30:00,185.40077883797954,185.6017383468805,185.11745259598607,185.31832272910745,64023623.03767179,2024-07-22T16:00:00
2024-07-23T16:00:00,2024-07-23T09:30:00,185.0855781584368,186.6293841786903,184.34594654870273,185.8865517502164,80041752.71625347,2024-07-23T16:00:00
2024-07-24T16:00:00,2024-07-24T09:30:00,185.8797065792984,186.9581741265067,185.5432655014019,186.62039241199892,64704456.26371,2024-07-24T16:00:00
2024-07-25T16:00:00,2024-07-25T09:30:00,186.42928187717462,190.72293113363713,185.91200663099042,190.1952067792912,83110221.3699406,2024-07-25T16:00:00
2024-07-26T16:00:00,2024-07-26T09:30:00,190.36626976410363,191.71109993822176,190.26647452306045,191.61065235755444,64218459.94499886,2024-07-26T16:00:00
2024-07-29T16:00:00,2024-07-29T09:30:00,191.94066381548117,191.9936690718485,191.70031152210382,191.7532650274737,82187342.5001242,2024-07-29T16:00:00
2024-07-30T16:00:00,2024-07-30T09:30:00,191.65279879878432,194.03830023825083,188.26931025731164,190.64223319166067,59557053.4172575,2024-07-30T16:00:00
2024-07-31T16:00:00,2024-07-31T09:30:00,190.4301230395647,191.16273319963798,189.13136236450325,189.8617860561663,79025496.66808678,2024-07-31T16:00:00
2024-08-01T16:00:00,2024-08-01T09:30:00,190.24791654784718,191.12038111224336,190.16681304825786,191.0389403958083,67475920.7440192,2024-08-01T16:00:00
2024-08-02T16:00:00,2024-08-02T09:30:00,191.29342650561975,192.2560166570533,189.16839191854774,190.1251030564343,71003986.43720597,2024-08-02T16:00:00
2024-08-05T16:00:00,2024-08-05T09:30:00,190.17147404542672,190.70785609142536,187.62528547136375,188.15598278820065,58992557.42978907,2024-08-05T16:00:00
2024-08-06T16:00:00,2024-08-06T09:30:00,187.9170788507371,188.26602929013615,186.90197456623048,187.24968569765684,65460602.704224,2024-08-06T16:00:00
2024-08-07T16:00:00,2024-08-07T09:30:00,187.42615544467498,188.32449493124798,186.7731070008123,187.67059478804575,59163695.303513,2024-08-07T16:00:00
2024-08-08T16:00:00,2024-08-08T09:30:00,187.43574996359672,187.4692740688373,184.4486607296944,184.4816564760654,79401314.49723092,2024-08-08T16:00:00
2024-08-09T16:00:00,2024-08-09T09:30:00,183.84131541741698,184.24122603720463,179.43744691407014,179.82862872325703,92256507.72527002,2024-08-09T16:00:00
2024-08-12T16:00:00,2024-08-12T09:30:00,179.72092537400766,180.717288010973,178.97229787909828,179.96763285607418,88043225.60899834,2024-08-12T16:00:00
2024-08-13T16:00:00,2024-08-13T09:30:00,179.77716624150048,180.77176777635384,173.1042646761579,174.0672767440241,77856681.77933271,2024-08-13T16:00:00
2024-08-14T16:00:00,2024-08-14T09:30:00,174.64022581904715,177.9847449744747,174.25234128308037,177.59030816044776,90658637.46469128,2024-08-14T16:00:00
2024-08-15T16:00:00,2024-08-15T09:30:00,177.41480219501733,179.81644108852282,176.65224671473536,179.04687073241314,58888751.76148293,2024-08-15T16:00:00
2024-08-16T16:00:00,2024-08-16T09:30:00,178.92174766208558,180.0475519318708,175.84570399944027,176.9591593494825,87964086.87963481,2024-08-16T16:00:00
2024-08-19T16:00:00,2024-08-19T09:30:00,177.16079275563814,177.45724969279118,176.0708597624486,176.3659866887762,56214250.1589611,2024-08-19T16:00:00
2024-08-20T16:00:00,2024-08-20T09:30:00,176.15096989207157,177.22363832201884,173.04108428036673,174.10127110329836,60420530.2526678,2024-08-20T16:00:00
2024-08-21T16:00:00,2024-08-21T09:30:00,174.0269447905631,176.78862432378938,173.33408522369498,176.08756075445518,60729223.25438031,2024-08-21T16:00:00
2024-08-22T16:00:00,2024-08-22T09:30:00,175.67569558248724,180.14525267824226,175.33146686143135,179.79295636758832,82815812.11097099,2024-08-22T16:00:00
2024-08-23T16:00:00,2024-08-23T09:30:00,179.5341816024248,181.01414306679303,176.50789903278778,177.97500769509622,79756027.70435587,2024-08-23T16:00:00
2024-08-26T16:00:00,2024-08-26T09:30:00,178.3748564910893,181.09624016122274,177.57300401865297,180.2857973935092,72734762.62286703,2024-08-26T16:00:00
2024-08-27T16:00:00,2024-08-27T09:30:00,180.92841207506333,181.08526218942168,177.79375899867708,177.94802536186313,68500231.4816494,2024-08-27T16:00:00
2024-08-28T16:00:00,2024-08-28T09:30:00,177.53458643168585,177.75341330896524,176.27142882985976,176.4889668897668,66922737.39348768,2024-08-28T16:00:00
2024-08-29T16:00:00,2024-08-29T09:30:00,177.1512782353556,177.52170232149987,175.00967255581344,175.3763853332513,73601291.40581124,2024-08-29T16:00:00
2024-08-30T16:00:00,2024-08-30T09:30:00,175.16046768865144,175.17570780829723,174.7386686578238,174.75387340107633,71262180.98503372,2024-08-30T16:00:00
2024-09-03T16:00:00,2024-09-03T09:30:00,174.6252942701125,175.38109701842973,174.181305073347,174.9363170384637,80717528.97313629,2024-09-03T16:00:00
2024-09-04T16:00:00,2024-09-04T09:30:00,174.89453915528657,176.5203847166159,173.7185846875614,175.34142547829785,86909126.37082398,2024-09-04T16:00:00
2024-09-05T16:00:00,2024-09-05T09:30:00,175.50197649203935,176.01930652635784,174.90543526761817,175.42253111951825,72488655.03797224,2024-09-05T16:00:00
2024-09-06T16:00:00,2024-09-06T09:30:00,175.5092719470383,175.68142434986925,171.4376746033569,171.60599838839133,84989754.38439015,2024-09-06T16:00:00
2024-09-09T16:00:00,2024-09-09T09:30:00,171.28177098282978,171.2896693828441,171.04163532093523,171.0495230111853,81249994.33270235,2024-09-09T16:00:00
2024-09-10T16:00:00,2024-09-10T09:30:00,171.37759481555315,173.77313049088096,170.2055027088815,172.5927278008906,65367297.88710793,2024-09-10T16:00:00
2024-09-11T16:00:00,2024-09-11T09:30:00,172.40288253793182,172.49135786147951,170.1570863153052,170.24445395628805,83701674.93627316,2024-09-11T16:00:00
2024-09-12T16:00:00,2024-09-12T09:30:00,170.53272868747092,170.97262196379512,167.94038137368779,168.37470798368895,63188897.36647136,2024-09-12T16:00:00
2024-09-13T16:00:00,2024-09-13T09:30:00,168.4649089426548,169.47532758177016,165.577620021589,166.57671364509775,72590549.52002582,2024-09-13T16:00:00
2024-09-16T16:00:00,2024-09-16T09:30:00,166.62936518958298,167.18065787590896,164.81727919672156,165.36438670604986,88986332.85016626,2024-09-16T16:00:00
2024-09-17T16:00:00,2024-09-17T09:30:00,164.98821832762272,165.74467265909084,160.8629881748614,161.6039258669185,64796843.06669168,2024-09-17T16:00:00
2024-09-18T16:00:00,2024-09-18T09:30:00,161.38608107707708,161.72908681039846,157.9866985311265,158.32319448582072,77103724.29429413,2024-09-18T16:00:00
2024-09-19T16:00:00,2024-09-19T09:30:00,158.05387255549167,159.26794062886057,157.79612576116654,159.00863684999428,84999898.1359541,2024-09-19T16:00:00
2024-09-20T16:00:00,2024-09-20T09:30:00,158.99889487333581,159.69193534879588,157.54433994892668,158.23404662262823,72453515.65376905,2024-09-20T16:00:00
2024-09-23T16:00:00,2024-09-23T09:30:00,158.36502972121525,159.81165475559786,158.07517035362127,159.5196819998407,65158778.633400716,2024-09-23T16:00:00
2024-09-24T16:00:00,2024-09-24T09:30:00,159.22896226566718,160.7257946297883,159.0403443387834,160.53562886423595,88437940.72907639,2024-09-24T16:00:00
2024-09-25T16:00:00,2024-09-25T09:30:00,160.56094241051807,162.53354867503074,160.01230863812978,161.98006578430545,60737234.02009796,2024-09-25T16:00:00
2024-09-26T16:00:00,2024-09-26T09:30:00,162.17745132613743,163.6514221227667,162.07537518944176,163.5484830447683,59656153.19768447,2024-09-26T16:00:00
2024-09-27T16:00:00,2024-09-27T09:30:00,163.5439833108725,164.33256250730696,162.99849486853321,163.78626594976453,81194330.67572227,2024-09-27T16:00:00
2024-09-30T16:00:00,2024-09-30T09:30:00,163.78689692166097,164.92686907244038,163.0968099346862,164.2348945271593,62566921.96213011,2024-09-30T16:00:00
2024-10-01T16:00:00,2024-10-01T09:30:00,164.32481712712266,164.56417677601422,163.67735181199822,163.91611613677952,84573162.3418023,2024-10-01T16:00:00
2024-10-02T16:00:00,2024-10-02T09:30:00,163.53006873204714,164.1795910461331,163.50440790828054,164.1538323425808,76781693.96777254,2024-10-02T16:00:00
2024-10-03T16:00:00,2024-10-03T09:30:00,164.1490127930205,164.35158028363801,162.3946979704741,162.59534816692573,68138902.32232422,2024-10-03T16:00:00
2024-10-04T16:00:00,2024-10-04T09:30:00,162.73154831935827,163.55704108298278,162.18381211529532,163.00837311758812,55969767.52329007,2024-10-04T16:00:00
2024-10-07T16:00:00,2024-10-07T09:30:00,162.8836632684603,163.07664647206096,161.6254707812881,161.81719043678652,81757877.51971686,2024-10-07T16:00:00
2024-10-08T16:00:00,2024-10-08T09:30:00,162.12481379641528,163.14688908729408,160.12084649251463,161.136692419609,65607701.974700466,2024-10-08T16:00:00
2024-10-09T16:00:00,2024-10-09T09:30:00,161.15671662927173,161.30448911685357,159.6675861481959,159.81412755008563,75994290.84208344,2024-10-09T16:00:00
2024-10-10T16:00:00,2024-10-10T09:30:00,159.57372346923725,160.36392165271567,157.8808398856875,158.66654578722353,75447524.8928734,2024-10-10T16:00:00
2024-10-11T16:00:00,2024-10-11T09:30:00,158.55897015430466,158.6023038298668,158.27765444417145,158.32092306220045,68567926.32210109,2024-10-11T16:00:00
2024-10-14T16:00:00,2024-10-14T09:30:00,158.57137701413166,159.13023041219313,158.02544687247178,158.5842559309493,53300858.59385685,2024-10-14T16:00:00
2024-10-15T16:00:00,2024-10-15T09:30:00,158.61004069791954,159.13433772890536,157.50232955371374,158.02469167089708,83337276.15084395,2024-10-15T16:00:00
2024-10-16T16:00:00,2024-10-16T09:30:00,157.99175672366817,158.65584764514028,156.23559993490628,156.89508117107977,67996722.48337731,2024-10-16T16:00:00
2024-10-17T16:00:00,2024-10-17T09:30:00,157.02210548925393,157.42766779565468,155.85080150810342,156.25438090801543,74670081.75509524,2024-10-17T16:00:00
2024-10-18T16:00:00,2024-10-18T09:30:00,156.4722661870552,156.71091326534562,155.7916573058807,156.02962928688046,63199680.22792804,2024-10-18T16:00:00
2024-10-21T16:00:00,2024-10-21T09:30:00,156.07109197461202,156.60735472817137,154.01344394072535,154.54446116655475,87953864.76380096,2024-10-21T16:00:00
2024-10-22T16:00:00,2024-10-22T09:30:00,154.43330678847428,154.72964381359822,152.9610135983916,153.2550897814078,67203427.31351884,2024-10-22T16:00:00
2024-10-23T16:00:00,2024-10-23T09:30:00,153.60383933110657,154.29720586819053,151.7372505280289,152.4252971347972,68676301.12515773,2024-10-23T16:00:00
2024-10-24T16:00:00,2024-10-24T09:30:00,152.44968670176704,152.4690499943181,150.9673603834286,150.98653783512844,72549917.34839383,2024-10-24T16:00:00
2024-10-25T16:00:00,2024-10-25T09:30:00,151.0398308539436,152.91862014111342,150.40301915159122,152.2765940178275,79404559.75190939,2024-10-25T16:00:00
2024-10-28T16:00:00,2024-10-28T09:30:00,152.0490089207893,152.75967998180096,151.84415341358155,152.55414390663378,74996564.11246261,2024-10-28T16:00:00
2024-10-29T16:00:00,2024-10-29T09:30:00,152.5557093111596,153.04820962498943,151.0411687243703,151.53035886765656,72387053.4423136,2024-10-29T16:00:00
2024-10-30T16:00:00,2024-10-30T09:30:00,151.47938030678898,152.31187442666095,148.7137525033545,149.5355638772021,87323615.11569513,2024-10-30T16:00:00
2024-10-31T16:00:00,2024-10-31T09:30:00,149.33729203134882,149.5254273723949,146.6145725551239,146.7995107956214,92561653.0048834,2024-10-31T16:00:00
2024-11-01T16:00:00,2024-11-01T09:30:00,146.63737269627356,147.37013547267856,145.92782894283428,146.660479908873,83169647.28986563,2024-11-01T16:00:00
2024-11-04T16:00:00,2024-11-04T09:30:00,146.74092895897337,146.97727384919654,146.19801867796508,146.4338690091675,57662981.66078142,2024-11-04T16:00:00
2024-11-05T16:00:00,2024-11-05T09:30:00,146.4358125712583,146.74983704887865,145.1435835584457,145.45550581590996,74611457.7319889,2024-11-05T16:00:00
2024-11-06T16:00:00,2024-11-06T09:30:00,145.2907910683448,145.75881382466562,142.02536610304207,142.48434851365175,74722100.353795,2024-11-06T16:00:00
2024-11-07T16:00:00,2024-11-07T09:30:00,142.54363948560783,142.64238261177155,141.64339862649447,141.74158615260663,57402761.977803074,2024-11-07T16:00:00
2024-11-08T16:00:00,2024-11-08T09:30:00,141.66996669528712,142.926735690887,141.06043957385987,142.31443577721927,75918795.03448863,2024-11-08T16:00:00
2024-11-11T16:00:00,2024-11-11T09:30:00,142.6211246445374,142.83058677020327,141.90804642029497,142.11676781660861,66906797.15928433,2024-11-11T16:00:00
2024-11-12T16:00:00,2024-11-12T09:30:00,142.2881719488483,142.9986511326592,141.19994114172516,141.90852465496982,70856538.69207807,2024-11-12T16:00:00
2024-11-13T16:00:00,2024-11-13T09:30:00,141.86728167361005,142.05713194262964,140.6831625942033,140.87168052539565,79258199.5870991,2024-11-13T16:00:00
2024-11-14T16:00:00,2024-11-14T09:30:00,140.85332420288515,141.96842279654066,137.6735482658579,138.7721709182174,78612537.37416883,2024-11-14T16:00:00
2024-11-15T16:00:00,2024-11-15T09:30:00,138.90652907650585,142.00158578106348,138.05342490996836,141.13479655391885,72830978.05068775,2024-11-15T16:00:00
2024-11-18T16:00:00,2024-11-18T09:30:00,140.9623228255455,141.3104455662505,140.46056739846688,140.80830978617902,65866427.92188557,2024-11-18T16:00:00
2024-11-19T16:00:00,2024-11-19T09:30:00,140.870561832302,141.5768730223018,140.05790767169617,140.76368298161407,86071327.39634106,2024-11-19T16:00:00
2024-11-20T16:00:00,2024-11-20T09:30:00,140.9106143476777,142.34455742046163,140.9057446536971,142.3396383412053,77471084.11667845,2024-11-20T16:00:00
2024-11-21T16:00:00,2024-11-21T09:30:00,142.35260935142946,143.39746499812298,142.19700758200423,143.2408922707741,72175844.15202752,2024-11-21T16:00:00
2024-11-22T16:00:00,2024-11-22T09:30:00,143.47959842352753,143.76212295896795,142.8607530172952,143.14261399938778,73945038.98432142,2024-11-22T16:00:00
2024-11-25T16:00:00,2024-11-25T09:30:00,143.0140519102864,143.91488203447003,142.76815602241288,143.66786199683926,69340665.15940973,2024-11-25T16:00:00
2024-11-26T16:00:00,2024-11-26T09:30:00,143.63789356895262,145.02115728964162,143.43832908467257,144.81995050487282,67225670.80100444,2024-11-26T16:00:00
2024-11-27T16:00:00,2024-11-27T09:30:00,144.62250119942829,144.92923150773657,144.10931498322947,144.41560648790673,58228390.86905141,2024-11-27T16:00:00
2024-11-29T13:00:00,2024-11-29T09:30:00,144.41327129935107,144.42870357205197,144.10667553398577,144.1220766890851,61545502.601368524,2024-11-29T13:00:00
2024-12-02T16:00:00,2024-12-02T09:30:00,144.18641054649535,146.28766264788135,143.8376686273289,145.93469218116866,65572198.12711837,2024-12-02T16:00:00
2024-12-03T16:00:00,2024-12-03T09:30:00,145.92934280867706,146.50804297568655,145.3896900706519,145.96824637068198,58585928.28499306,2024-12-03T16:00:00
2024-12-04T16:00:00,2024-12-04T09:30:00,145.9667977942519,147.1295341631437,145.69642505858053,146.8575115678925,83185417.38755488,2024-12-04T16:00:00
2024-12-05T16:00:00,2024-12-05T09:30:00,147.08928229308168,148.23237447924913,146.4733277683594,147.6142217059426,71992975.1806984,2024-12-05T16:00:00
2024-12-06T16:00:00,2024-12-06T09:30:00,148.01412174892087,148.29135936707561,147.5357696497968,147.81262986389288,55291081.85303614,2024-12-06T16:00:00
2024-12-09T16:00:00,2024-12-09T09:30:00,147.67902410045966,148.319452616705,147.281894765931,147.9216707716952,72453941.98047101,2024-12-09T16:00:00
2024-12-10T16:00:00,2024-12-10T09:30:00,148.27907958838705,148.28149714697395,147.97904414616625,147.981456852279,86262561.37835714,2024-12-10T16:00:00
2024-12-11T16:00:00,2024-12-11T09:30:00,148.1270450579012,149.86853165609259,147.46645711360782,149.2031447335148,85171261.3322584,2024-12-11T16:00:00
2024-12-12T16:00:00,2024-12-12T09:30:00,149.12912424380303,149.8382920862543,148.7834865768478,149.49181381102437,73647544.65090327,2024-12-12T16:00:00
2024-12-13T16:00:00,2024-12-13T09:30:00,149.60499768263838,150.973997575014,149.13610761076447,150.50229520471336,89413693.97193012,2024-12-13T16:00:00
2024-12-16T16:00:00,2024-12-16T09:30:00,150.55100696858162,151.53662679879065,149.97112641924235,150.95518945109637,70731570.44158193,2024-12-16T16:00:00
2024-12-17T16:00:00,2024-12-17T09:30:00,150.89518264504434,153.2566274508267,150.83566344522052,153.19620063588098,76394066.24681512,2024-12-17T16:00:00
2024-12-18T16:00:00,2024-12-18T09:30:00,153.04402798501877,153.28987436029539,152.01465052785844,152.25923623187336,66353059.80049509,2024-12-18T16:00:00
2024-12-19T16:00:00,2024-12-19T09:30:00,152.20194735420216,152.70385946299018,151.77689996844472,152.27859801844426,86203917.58752564,2024-12-19T16:00:00
2024-12-20T16:00:00,2024-12-20T09:30:00,152.3816972815721,153.35494995238196,152.34681065472276,153.3198485429599,71430916.66240221,2024-12-20T16:00:00
2024-12-23T16:00:00,2024-12-23T09:30:00,153.16056265907247,153.4664783329843,150.6014247893545,150.90283097663902,87519802.43533215,2024-12-23T16:00:00
2024-12-24T13:00:00,2024-12-24T09:30:00,151.03211188043153,151.6277091137581,150.6465766764947,151.24163905599877,62731363.32663081,2024-12-24T13:00:00
2024-12-26T16:00:00,2024-12-26T09:30:00,151.3229171254888,151.64654034375874,150.04086594581366,150.3624350515555,86876508.61081496,2024-12-26T16:00:00
2024-12-27T16:00:00,2024-12-27T09:30:00,150.38544563659468,151.11973643764645,149.24740937630807,149.97971912631476,78796631.66575943,2024-12-27T16:00:00
2024-12-30T16:00:00,2024-12-30T09:30:00,150.14227045063117,150.64482525329734,150.04225391174597,150.54454074402432,65654293.70349905,2024-12-30T16:00:00
2024-12-31T16:00:00,2024-12-31T09:30:00,150.67970926026297,150.7592040193929,150.63498980427806,150.71447424568677,83983108.6698676,2024-12-31T16:00:00
2025-01-02T16:00:00,2025-01-02T09:30:00,150.56251196589568,150.75546966030998,150.08896259356763,150.2815602262427,75592628.36764409,2025-01-02T16:00:00
2025-01-03T16:00:00,2025-01-03T09:30:00,150.64576355644192,152.15688212106414,150.37559199969877,151.8844890057778,84702863.00236654,2025-01-03T16:00:00
2025-01-06T16:00:00,2025-01-06T09:30:00,151.77591281283884,152.364214349605,149.9912723245691,150.57491866480345,62679952.54458543,2025-01-06T16:00:00
2025-01-07T16:00:00,2025-01-07T09:30:00,150.67623264601056,150.88598722639776,150.59818926987768,150.80787566522017,69826591.12538224,2025-01-07T16:00:00
2025-01-08T16:00:00,2025-01-08T09:30:00,151.09259608912402,152.16441928833288,151.0848387499771,152.15660732112215,83447598.98724565,2025-01-08T16:00:00
2025-01-10T16:00:00,2025-01-10T09:30:00,152.41329176247265,152.46619809938397,152.33309284625747,152.3859897059652,63576433.16286943,2025-01-10T16:00:00
2025-01-13T16:00:00,2025-01-13T09:30:00,152.4027550904421,152.84233180426935,150.49208961212238,150.9274109769121,70872501.93544652,2025-01-13T16:00:00
2025-01-14T16:00:00,2025-01-14T09:30:00,151.28202317319497,151.88553317805432,150.79278284154327,151.39592449384674,58935567.2583213,2025-01-14T16:00:00
2025-01-15T16:00:00,2025-01-15T09:30:00,151.28140095218583,151.36620409138706,149.99545247827254,150.0795819191466,91126450.5016644,2025-01-15T16:00:00
2025-01-16T16:00:00,2025-01-16T09:30:00,149.7804220416217,151.57413829954797,149.69822217388338,151.49099966256145,91030053.1902809,2025-01-16T16:00:00
2025-01-17T16:00:00,2025-01-17T09:30:00,151.13952351202818,151.87808774708577,151.0102558719804,151.7482994290295,69669264.97424652,2025-01-17T16:00:00
2025-01-21T16:00:00,2025-01-21T09:30:00,151.51455743685784,152.1740144393751,150.9581364280563,151.61721642641305,62898993.12897163,2025-01-21T16:00:00
2025-01-22T16:00:00,2025-01-22T09:30:00,151.66002911413867,153.5721335264832,151.3053470835375,153.21381770459502,69072644.97204112,2025-01-22T16:00:00
2025-01-23T16:00:00,2025-01-23T09:30:00,153.26818224526096,153.83555745973274,152.39020440231866,152.95642554146912,76704379.95618355,2025-01-23T16:00:00
2025-01-24T16:00:00,2025-01-24T09:30:00,153.10659710054966,153.6204666171837,151.8253646413873,152.33664999539047,85591856.79506199,2025-01-24T16:00:00
2025-01-27T16:00:00,2025-01-27T09:30:00,152.29841669913463,152.61281274779495,150.44093827728443,150.75214228642105,85283915.85146362,2025-01-27T16:00:00
2025-01-28T16:00:00,2025-01-28T09:30:00,150.7843848598997,151.63278868160705,150.49406955511634,151.34140091639378,74134951.52929871,2025-01-28T16:00:00
2025-01-29T16:00:00,2025-01-29T09:30:00,151.22135232054987,152.58976023822026,150.44485459077347,151.81023867016606,67716998.84743139,2025-01-29T16:00:00
2025-01-30T16:00:00,2025-01-30T09:30:00,152.0770639863067,152.41407499311507,151.48692645709906,151.82337527599137,87101280.92855085,2025-01-30T16:00:00
2025-01-31T16:00:00,2025-01-31T09:30:00,151.35702295826204,153.0433390199804,151.25191043810088,152.93712916754797,86989135.89943355,2025-01-31T16:00:00
2025-02-03T16:00:00,2025-02-03T09:30:00,152.65206117842314,153.1954583650994,151.74841914669318,152.29052938474877,61570095.16381176,2025-02-03T16:00:00
2025-02-04T16:00:00,2025-02-04T09:30:00,152.28616932245393,152.7419884925955,152.1156975379897,152.57119764247645,74227107.12774767,2025-02-04T16:00:00
2025-02-05T16:00:00,2025-02-05T09:30:00,152.673151908502,152.80619574827693,151.67615009003038,151.80844039495898,55727137.91328992,2025-02-05T16:00:00
2025-02-06T16:00:00,2025-02-06T09:30:00,151.938706316989,152.48564872395133,151.52508311773065,152.0716635747485,70331506.9192385,2025-02-06T16:00:00
2025-02-07T16:00:00,2025-02-07T09:30:00,152.1356435190743,152.44639745002956,151.76065949297285,152.07128195829947,76844169.61696437,2025-02-07T16:00:00
2025-02-10T16:00:00,2025-02-10T09:30:00,151.8724215132861,153.16240861027015,151.5563149952074,152.84427927218786,87769139.03232352,2025-02-10T16:00:00
2025-02-11T16:00:00,2025-02-11T09:30:00,152.9999210874998,154.19612972520528,152.90875262156476,154.10430318819925,57719413.45955791,2025-02-11T16:00:00
2025-02-12T16:00:00,2025-02-12T09:30:00,154.14869298411455,154.46606344820307,152.3573984977111,152.671728098968,67442718.14648919,2025-02-12T16:00:00
2025-02-13T16:00:00,2025-02-13T09:30:00,152.59292189308442,152.96251336423612,150.03678391009726,150.4010665436364,93109282.87158124,2025-02-13T16:00:00
2025-02-14T16:00:00,2025-02-14T09:30:00,150.22714039706239,150.27273627849146,148.9341517817047,148.97936894834982,71960359.38792889,2025-02-14T16:00:00
2025-02-18T16:00:00,2025-02-18T09:30:00,148.99333448179829,151.16234246242897,148.77168443170945,150.93779972710345,70150539.95147195,2025-02-18T16:00:00
2025-02-19T16:00:00,2025-02-19T09:30:00,151.250289061774,153.73175327399733,150.52415401790776,152.99723136335118,84730941.82108769,2025-02-19T16:00:00
2025-02-20T16:00:00,2025-02-20T09:30:00,152.78543704826754,153.95723675570724,151.35911234681052,152.5289448676649,60229441.64983811,2025-02-20T16:00:00
2025-02-21T16:00:00,2025-02-21T09:30:00,152.63675457761573,153.98623198754356,151.9939516388493,153.34046549359616,71424725.71766195,2025-02-21T16:00:00
2025-02-24T16:00:00,2025-02-24T09:30:00,153.49350079450747,153.6098445073223,152.29352248836705,152.40904421390343,79198194.4956586,2025-02-24T16:00:00
2025-02-25T16:00:00,2025-02-25T09:30:00,152.12417260726116,152.52064355896644,152.0028047289596,152.39905637259037,75955276.1491567,2025-02-25T16:00:00
2025-02-26T16:00:00,2025-02-26T09:30:00,152.31871811024237,154.13941329368546,152.06707348200186,153.8851807241399,63365815.446896605,2025-02-26T16:00:00
2025-02-27T16:00:00,2025-02-27T09:30:00,154.12534549915347,154.61740673950916,153.86094031249763,154.35261167307758,64445064.11831275,2025-02-27T16:00:00
2025-02-28T16:00:00,2025-02-28T09:30:00,154.298720224704,157.36835922056784,153.57913649407496,156.63786670373872,61990963.456187315,2025-02-28T16:00:00
2025-03-03T16:00:00,2025-03-03T09:30:00,156.46564388149284,157.16853770438718,156.23825715004043,156.94046093584197,61162034.70868997,2025-03-03T16:00:00
2025-03-04T16:00:00,2025-03-04T09:30:00,156.72615845784628,156.92567489949303,156.32989754213995,156.52916320374774,84649000.70201822,2025-03-04T16:00:00
2025-03-05T16:00:00,2025-03-05T09:30:00,156.57249782638758,156.74380940113755,155.91817984125808,156.0889623625478,63255960.82848611,2025-03-05T16:00:00
2025-03-06T16:00:00,2025-03-06T09:30:00,156.1221858198274,156.5838054438117,155.82255786850342,156.28386719540165,68695127.53640632,2025-03-06T16:00:00
2025-03-07T16:00:00,2025-03-07T09:30:00,156.09256559000423,156.61980261653915,154.93137662524822,155.45646508218886,58014736.05571213,2025-03-07T16:00:00
2025-03-10T16:00:00,2025-03-10T09:30:00,155.37426033485036,155.74791526018748,154.49444440865776,154.8668791481093,74242380.5447998,2025-03-10T16:00:00
2025-03-11T16:00:00,2025-03-11T09:30:00,154.79484465059394,155.12413491838242,153.72163977634614,154.04934416409193,57259284.908127874,2025-03-11T16:00:00
2025-03-12T16:00:00,2025-03-12T09:30:00,154.0401099460882,155.34789243275756,153.75689046148858,155.06279263488025,86240948.2934931,2025-03-12T16:00:00
2025-03-13T16:00:00,2025-03-13T09:30:00,155.15240094826177,157.23341883987396,154.61886726087778,156.6945819441071,61520490.329102874,2025-03-13T16:00:00
2025-03-14T16:00:00,2025-03-14T09:30:00,156.38172927185994,156.8916699865449,154.8907997517055,155.39753112275494,77342958.33128163,2025-03-14T16:00:00
2025-03-17T16:00:00,2025-03-17T09:30:00,155.31746736165059,156.69399923910976,154.9039606581148,156.27793545039884,63443647.55108126,2025-03-17T16:00:00
2025-03-18T16:00:00,2025-03-18T09:30:00,156.12342751237074,158.3381085648479,155.19085152836428,157.39791962514914,64876786.81505554,2025-03-18T16:00:00
2025-03-19T16:00:00,2025-03-19T09:30:00,157.35273799200115,158.59288849654115,156.793259200215,158.03099810294728,56351730.39296992,2025-03-19T16:00:00
2025-03-20T16:00:00,2025-03-20T09:30:00,157.96175588163717,159.92907138841855,156.9732222484877,158.934450576664,63802112.64941049,2025-03-20T16:00:00
2025-03-21T16:00:00,2025-03-21T09:30:00,158.89598743402703,159.6795198446001,158.22679969613606,159.00985256565158,60693061.38714883,2025-03-21T16:00:00
2025-03-24T16:00:00,2025-03-24T09:30:00,158.90829229397877,159.92652355867048,158.43477465754103,159.4513875975952,77784181.21502145,2025-03-24T16:00:00
2025-03-25T16:00:00,2025-03-25T09:30:00,159.6274775879605,160.27886402744906,159.23866322481024,159.8894116555473,59748178.753354385,2025-03-25T16:00:00
2025-03-26T16:00:00,2025-03-26T09:30:00,160.0181311624704,160.1776489759328,159.9430269126811,160.10250512536118,53162611.388691224,2025-03-26T16:00:00
2025-03-27T16:00:00,2025-03-27T09:30:00,159.9675919983928,160.03674516195696,156.6128386524511,156.6805708537565,89831810.30980925,2025-03-27T16:00:00
2025-03-28T16:00:00,2025-03-28T09:30:00,156.8099694602377,158.95865262927902,155.97569369275857,158.11742083088268,85597890.06958109,2025-03-28T16:00:00
2025-03-31T16:00:00,2025-03-31T09:30:00,158.4569127767992,160.6929899715567,158.31191946258733,160.54608499569076,71000692.23341388,2025-03-31T16:00:00
2025-04-01T16:00:00,2025-04-01T09:30:00,160.85769408630244,160.89420151276067,159.02548100002593,159.06158078994278,75296031.00100781,2025-04-01T16:00:00
2025-04-02T16:00:00,2025-04-02T09:30:00,158.64260551528523,159.95454018653638,157.93489975775591,159.24415093075913,54684243.919075355,2025-04-02T16:00:00
2025-04-03T16:00:00,2025-04-03T09:30:00,159.06531528735016,159.1019710395015,159.00051892592788,159.03716819173138,60699082.04186634,2025-04-03T16:00:00
2025-04-04T16:00:00,2025-04-04T09:30:00,159.18562924798977,159.2966183185679,158.90242386290083,159.01329277523965,77244920.59588721,2025-04-04T16:00:00
2025-04-07T16:00:00,2025-04-07T09:30:00,159.1567872732328,159.9456394553765,158.16505311868306,158.95289471818225,58785020.695929326,2025-04-07T16:00:00
2025-04-08T16:00:00,2025-04-08T09:30:00,158.971960711334,159.31156640615072,157.99921536197783,158.33746560927395,77502920.6753554,2025-04-08T16:00:00
2025-04-09T16:00:00,2025-04-09T09:30:00,158.43348970907576,159.32494274485202,157.32847866301822,158.21872327886672,69593369.51976001,2025-04-09T16:00:00
2025-04-10T16:00:00,2025-04-10T09:30:00,158.37675147858016,158.71125407407075,157.4616826565564,157.79495646094207,60692573.874234036,2025-04-10T16:00:00
2025-04-11T16:00:00,2025-04-11T09:30:00,157.83849808300212,158.00281347101802,156.86385195196004,157.02732287826262,70595935.21241419,2025-04-11T16:00:00
2025-04-14T16:00:00,2025-04-14T09:30:00,156.9678777503449,157.41325092417634,156.7446998017569,157.18975750551064,62248351.03331163,2025-04-14T16:00:00
2025-04-15T16:00:00,2025-04-15T09:30:00,157.11907398839492,157.67657019508758,156.69413629608852,157.25127495755558,86548233.44810191,2025-04-15T16:00:00
2025-04-16T16:00:00,2025-04-16T09:30:00,157.04483955683992,160.27812687041694,156.3863796588666,159.60891627411806,89774749.58009936,2025-04-16T16:00:00
2025-04-17T16:00:00,2025-04-17T09:30:00,159.77390356103473,160.75626184163275,159.32186483004472,160.30272694233943,73427644.66221845,2025-04-17T16:00:00
2025-04-21T16:00:00,2025-04-21T09:30:00,160.00352633186804,160.0094397449651,159.28427684041148,159.29016388904702,62444754.1726263,2025-04-21T16:00:00
2025-04-22T16:00:00,2025-04-22T09:30:00,159.16423370606446,159.48478040103592,159.1638357172129,159.48438161165717,87927864.2660592,2025-04-22T16:00:00
2025-04-23T16:00:00,2025-04-23T09:30:00,159.3630811396427,160.46433858063776,157.74848015808433,158.84616552224736,66451223.90329352,2025-04-23T16:00:00
2025-04-24T16:00:00,2025-04-24T09:30:00,158.8982661658504,159.07883146501385,158.68386341535097,158.86439021931517,75768021.64199443,2025-04-24T16:00:00
2025-04-25T16:00:00,2025-04-25T09:30:00,159.10870595268744,161.33751355029494,158.47884155940497,160.70134437170543,71247488.69021545,2025-04-25T16:00:00
2025-04-28T16:00:00,2025-04-28T09:30:00,160.91182470680158,162.35470240315667,160.8762703381399,162.31883714721803,91491003.80450784,2025-04-28T16:00:00
2025-04-29T16:00:00,2025-04-29T09:30:00,162.72058322870782,163.39633891629734,162.58223841965682,163.2575375894105,83315679.36140274,2025-04-29T16:00:00
2025-04-30T16:00:00,2025-04-30T09:30:00,163.28582516114184,163.77423050293984,161.92085678775973,162.4066323700227,70291388.2295464,2025-04-30T16:00:00
2025-05-01T16:00:00,2025-05-01T09:30:00,162.68181468175305,165.12676727340818,161.76355101471503,164.19993452141313,75135433.80385229,2025-05-01T16:00:00
2025-05-02T16:00:00,2025-05-02T09:30:00,164.36778772401527,166.3559721196531,164.35578213838292,166.34382220250984,82902257.84153718,2025-05-02T16:00:00
2025-05-05T16:00:00,2025-05-05T09:30:00,166.25852826030786,166.36489274252108,165.14123746274618,165.24695478724777,79978428.917107,2025-05-05T16:00:00
2025-05-06T16:00:00,2025-05-06T09:30:00,165.22245239822817,165.3522455153327,165.16935118551578,165.29911966235719,54561330.2750957,2025-05-06T16:00:00
2025-05-07T16:00:00,2025-05-07T09:30:00,165.02674564272948,165.74598401770626,162.6840158378501,163.39614755435917,64176420.26289486,2025-05-07T16:00:00
2025-05-08T16:00:00,2025-05-08T09:30:00,163.16863298581816,164.00510689302078,161.37180230518643,162.20332763419518,56805222.1985238,2025-05-08T16:00:00
2025-05-09T16:00:00,2025-05-09T09:30:00,162.67034927702275,164.5524503490438,161.74089171095608,163.61758054116913,90108389.74589229,2025-05-09T16:00:00
2025-05-12T16:00:00,2025-05-12T09:30:00,163.59124554344194,164.3032587432192,163.08572624196165,163.7971033131027,87502002.2874711,2025-05-12T16:00:00
2025-05-13T16:00:00,2025-05-13T09:30:00,163.9451401472122,164.0836756724848,163.0395598108964,163.17744662633189,80663825.93449083,2025-05-13T16:00:00
2025-05-14T16:00:00,2025-05-14T09:30:00,162.9567170539941,162.96688111514104,161.94433809871146,161.95443964504432,74494326.89185119,2025-05-14T16:00:00
2025-05-15T16:00:00,2025-05-15T09:30:00,161.74563032680499,161.8769948350038,161.13200265889193,161.26297517036647,56753652.546897665,2025-05-15T16:00:00
2025-05-16T16:00:00,2025-05-16T09:30:00,161.34920277246252,163.0126818092005,161.06635126479387,162.72741424253994,70965804.26696926,2025-05-16T16:00:00
2025-05-19T16:00:00,2025-05-19T09:30:00,162.47748538907254,162.99093060280185,161.8716077388808,162.38475993082554,56472354.079879686,2025-05-19T16:00:00
2025-05-20T16:00:00,2025-05-20T09:30:00,162.35274484003136,162.78790050777678,161.4958321229959,161.92985431307935,78724693.74594183,2025-05-20T16:00:00
2025-05-21T16:00:00,2025-05-21T09:30:00,161.9628409457953,162.73633499279575,159.90655895214704,160.6738973265836,70577014.54805154,2025-05-21T16:00:00
2025-05-22T16:00:00,2025-05-22T09:30:00,160.95596669414445,161.19339569202447,159.7840239682795,160.020072411924,80940888.05604497,2025-05-22T16:00:00
2025-05-23T16:00:00,2025-05-23T09:30:00,159.7541788417625,162.3670395747778,158.93979391175554,161.5435329863556,84770911.72351238,2025-05-23T16:00:00
2025-05-27T16:00:00,2025-05-27T09:30:00,161.2925200740481,161.7563015617586,160.8332083088145,161.29697710426615,83353156.44290239,2025-05-27T16:00:00
2025-05-28T16:00:00,2025-05-28T09:30:00,161.38632646337857,162.22174431645328,160.61142310523684,161.44655178385602,76130620.85762091,2025-05-28T16:00:00
2025-05-29T16:00:00,2025-05-29T09:30:00,161.46960720769408,161.7418507452821,159.15220804288742,159.42099755126432,64795869.02897235,2025-05-29T16:00:00
2025-05-30T16:00:00,2025-05-30T09:30:00,159.61658025875894,163.3468660900044,158.52372921872083,162.23608005180648,80087624.93538894,2025-05-30T16:00:00
2025-06-02T16:00:00,2025-06-02T09:30:00,162.13540349618944,166.2548015489787,161.64075292626228,165.74912605860536,71287069.98536216,2025-06-02T16:00:00
2025-06-03T16:00:00,2025-06-03T09:30:00,166.1521772157194,167.82706331519464,165.59270782987747,167.26385069055414,56385248.02812337,2025-06-03T16:00:00
2025-06-04T16:00:00,2025-06-04T09:30:00,166.99225911729235,168.7279513208767,166.4711475969588,168.20306140372617,82276265.656615,2025-06-04T16:00:00
2025-06-05T16:00:00,2025-06-05T09:30:00,168.20234461193846,170.3718132088722,167.93242351577584,170.09884871597325,74432792.25946008,2025-06-05T16:00:00
2025-06-06T16:00:00,2025-06-06T09:30:00,170.3760954740522,173.34614740268276,169.70185656802948,172.66285895889442,71512284.30008864,2025-06-06T16:00:00
2025-06-09T16:00:00,2025-06-09T09:30:00,172.16382547862005,172.4327135871701,171.97256478972142,172.24136675591217,63492342.31313497,2025-06-09T16:00:00
2025-06-10T16:00:00,2025-06-10T09:30:00,172.150755265847,175.10294737740927,171.31655457627076,174.25853291002224,69978451.53252931,2025-06-10T16:00:00
2025-06-11T16:00:00,2025-06-11T09:30:00,174.06942712622134,176.7261422840907,172.4897821978942,175.1368110619184,81305167.86049022,2025-06-11T16:00:00
2025-06-12T16:00:00,2025-06-12T09:30:00,174.99766346978095,175.8142875083475,174.53212340239912,175.34781594278084,60508157.44348356,2025-06-12T16:00:00
2025-06-13T16:00:00,2025-06-13T09:30:00,175.42368942920604,176.3460102652299,171.85475062718868,172.7630828571935,78789815.05959122,2025-06-13T16:00:00
2025-06-16T16:00:00,2025-06-16T09:30:00,172.85821818240564,172.97664355126452,171.3170139983959,171.43446395155445,61389323.61945628,2025-06-16T16:00:00
2025-06-17T16:00:00,2025-06-17T09:30:00,171.93871643328742,172.27525799798076,171.67240165622763,172.00883461531774,84446157.87093645,2025-06-17T16:00:00
2025-06-18T16:00:00,2025-06-18T09:30:00,171.2822967817905,172.59398925481227,168.59869651102898,169.89980173492438,90949147.11802907,2025-06-18T16:00:00
2025-06-20T16:00:00,2025-06-20T09:30:00,169.58795429179818,174.72807017785973,168.75365761931343,173.8726945052921,89704059.95071843,2025-06-20T16:00:00
2025-06-23T16:00:00,2025-06-23T09:30:00,173.2232963758043,177.4934996998405,172.46530575797306,176.72020729682802,69393330.59171814,2025-06-23T16:00:00
2025-06-24T16:00:00,2025-06-24T09:30:00,176.28030372032805,176.45743602324345,173.35383494858343,173.52820184814865,93501863.01663187,2025-06-24T16:00:00
2025-06-25T16:00:00,2025-06-25T09:30:00,172.98966126373642,173.90084221553587,172.07288743570228,172.9840387723966,66890760.52482253,2025-06-25T16:00:00
2025-06-26T16:00:00,2025-06-26T09:30:00,173.26118613542388,174.18801029846495,172.69649675602986,173.62214449084567,72081794.22999895,2025-06-26T16:00:00
2025-06-27T16:00:00,2025-06-27T09:30:00,173.85035556150288,174.47848037804667,173.08579578318538,173.71342587001138,76621426.2339867,2025-06-27T16:00:00
2025-06-30T16:00:00,2025-06-30T09:30:00,173.51535397651347,175.90277236823968,172.39126446536898,174.7705512763055,89986279.6199475,2025-06-30T16:00:00
2025-07-01T16:00:00,2025-07-01T09:30:00,174.98902808678807,176.8572053483204,170.54106708358586,172.38140544932443,87610468.65925293,2025-07-01T16:00:00
2025-07-02T16:00:00,2025-07-02T09:30:00,171.93301896225393,172.82398026868358,169.71003150254816,170.59405425960588,85822061.22176886,2025-07-02T16:00:00
2025-07-03T13:00:00,2025-07-03T09:30:00,170.3532282312278,170.43796721281436,167.79237579583128,167.8758824687664,66030022.90570248,2025-07-03T13:00:00
2025-07-07T16:00:00,2025-07-07T09:30:00,166.92183961654712,170.58449037884216,166.66194381010527,170.31930474967456,85712906.97016796,2025-07-07T16:00:00
2025-07-08T16:00:00,2025-07-08T09:30:00,170.39992409769704,172.61403285009604,170.2036456375097,172.41543278710196,73811001.49656858,2025-07-08T16:00:00
2025-07-09T16:00:00,2025-07-09T09:30:00,172.24282692957712,179.01831599205556,170.15811020293575,176.87750410486586,93686495.83062588,2025-07-09T16:00:00
2025-07-10T16:00:00,2025-07-10T09:30:00,177.31424904189606,180.25075955624587,176.51082936499327,179.43771833441858,74919800.58249745,2025-07-10T16:00:00
2025-07-11T16:00:00,2025-07-11T09:30:00,179.61235857795944,182.1153283481919,175.39387251245736,177.872598026322,81387330.44573702,2025-07-11T16:00:00
2025-07-14T16:00:00,2025-07-14T09:30:00,177.91655337503175,179.64885442572856,177.78442180108453,179.51553535122997,59003707.93707762,2025-07-14T16:00:00
2025-07-15T16:00:00,2025-07-15T09:30:00,179.25690775223305,181.68549687314223,178.09149583794064,180.51192564813275,62131596.86589938,2025-07-15T16:00:00
2025-07-16T16:00:00,2025-07-16T09:30:00,180.31987978821923,181.1089080630883,179.43954414541767,180.22817112939777,68666898.69997087,2025-07-16T16:00:00
2025-07-17T16:00:00,2025-07-17T09:30:00,180.00288291062225,186.08050909641227,177.64207385470783,183.67158357913013,81156496.19978398,2025-07-17T16:00:00
2025-07-18T16:00:00,2025-07-18T09:30:00,183.14784852995814,190.49476144745122,182.2920964859538,189.60882073231153,88839006.7199952,2025-07-18T16:00:00
2025-07-21T16:00:00,2025-07-21T09:30:00,188.96405029822023,193.0194919982376,187.8448364107214,191.88298954533713,89649912.06240383,2025-07-21T16:00:00
2025-07-22T16:00:00,2025-07-22T09:30:00,191.35919633430296,192.60423866560208,189.3883438231326,190.62863288183524,81701309.32818794,2025-07-22T16:00:00
2025-07-23T16:00:00,2025-07-23T09:30:00,190.1453712185504,191.43984090608777,189.17635078542995,190.4691703252482,79816321.278354,2025-07-23T16:00:00
2025-07-24T16:00:00,2025-07-24T09:30:00,189.98079013623396,192.82748407997732,189.49479544424207,192.33546583218921,75169664.98413874,2025-07-24T16:00:00
2025-07-25T16:00:00,2025-07-25T09:30:00,192.55021814450023,194.2202069430691,191.5723553655007,193.23884697508447,72447076.55072275,2025-07-25T16:00:00
2025-07-28T16:00:00,2025-07-28T09:30:00,193.90910763222536,195.95202830525895,187.680600519971,189.67895460625488,77882594.16511321,2025-07-28T16:00:00
2025-07-29T16:00:00,2025-07-29T09:30:00,189.86409155654587,192.15289163692444,189.21337909906524,191.4965842125425,62185550.471514985,2025-07-29T16:00:00
2025-07-30T16:00:00,2025-07-30T09:30:00,191.74904023761414,194.05914130725594,191.6797607746535,193.98905252161046,84696199.78689891,2025-07-30T16:00:00
2025-07-31T16:00:00,2025-07-31T09:30:00,194.71340154128504,202.9664990781381,194.08395366127982,202.3124857219528,105429803.2350373,2025-07-31T16:00:00
2025-08-01T16:00:00,2025-08-01T09:30:00,202.41408833794614,202.44374627589164,200.98544345398298,201.0148963807626,77394738.75875823,2025-08-01T16:00:00
2025-08-04T16:00:00,2025-08-04T09:30:00,200.9343994760956,205.25492770948898,199.7990375626279,204.10166941952815,81607118.53218874,2025-08-04T16:00:00
2025-08-05T16:00:00,2025-08-05T09:30:00,204.04112824402048,204.87819099842463,199.1044569296548,199.92463208082663,76326884.15252125,2025-08-05T16:00:00
2025-08-06T16:00:00,2025-08-06T09:30:00,199.78149034729162,205.64136980455865,199.59423475770845,205.44880223223612,77645770.25654604,2025-08-06T16:00:00
2025-08-07T16:00:00,2025-08-07T09:30:00,205.80418932041323,208.55879994551307,204.70699987674527,207.45282126595487,82172619.90673758,2025-08-07T16:00:00
2025-08-08T16:00:00,2025-08-08T09:30:00,207.20389672835586,211.94678728865864,206.6198202989585,211.35102074423108,84125651.7685659,2025-08-08T16:00:00
2025-08-11T16:00:00,2025-08-11T09:30:00,211.30663927149277,211.5520976121986,208.20462303057582,208.4467592731145,78563443.54620956,2025-08-11T16:00:00
2025-08-12T16:00:00,2025-08-12T09:30:00,207.86578053549343,212.41407229860468,206.23291821899952,210.75848670899086,67691073.71801266,2025-08-12T16:00:00
2025-08-13T16:00:00,2025-08-13T09:30:00,210.6656039463199,214.56116716814577,207.83904529409244,211.7204552838807,85871108.57960476,2025-08-13T16:00:00
2025-08-14T16:00:00,2025-08-14T09:30:00,211.19018592488624,212.7333053744054,210.73037327551225,212.27113922551234,87235590.88982406,2025-08-14T16:00:00
2025-08-15T16:00:00,2025-08-15T09:30:00,211.76181667413576,216.02474983382047,211.30871090101377,215.5635095960551,82617325.86777769,2025-08-15T16:00:00
2025-08-18T16:00:00,2025-08-18T09:30:00,215.3012805054477,222.07996758365226,213.9957210989483,220.74141986839186,91492020.79638723,2025-08-18T16:00:00
2025-08-19T16:00:00,2025-08-19T09:30:00,220.12718966343365,222.27153735879241,218.29276510628048,220.4345514100331,81300788.02146713,2025-08-19T16:00:00
2025-08-20T16:00:00,2025-08-20T09:30:00,220.51808024293638,225.29270638161043,218.55434923559318,223.3041650677673,93831942.06940751,2025-08-20T16:00:00
2025-08-21T16:00:00,2025-08-21T09:30:00,223.45047761452045,226.97120467997988,221.8825515892966,225.38967155629857,64458492.31089962,2025-08-21T16:00:00
2025-08-22T16:00:00,2025-08-22T09:30:00,225.87495209210255,229.70451739987448,224.53561321095708,228.35049961335844,77540422.23020898,2025-08-22T16:00:00
2025-08-25T16:00:00,2025-08-25T09:30:00,228.1245024431177,229.06760053953855,225.17593072769017,226.11070350207177,80889412.15699193,2025-08-25T16:00:00
2025-08-26T16:00:00,2025-08-26T09:30:00,226.24063719572757,228.10354376655562,218.3545831642252,220.16748227241285,94093977.17427018,2025-08-26T16:00:00
2025-08-27T16:00:00,2025-08-27T09:30:00,219.93399548427746,220.74457125476124,218.67976637159356,219.4887009909391,62335997.277699605,2025-08-27T16:00:00
2025-08-28T16:00:00,2025-08-28T09:30:00,219.61078809578652,223.54054128005134,218.03244131274784,221.94541548690881,65959675.80030624,2025-08-28T16:00:00
2025-08-29T16:00:00,2025-08-29T09:30:00,222.04862676172746,223.60514472249315,219.90996549445282,221.4623739362101,74610174.324825,2025-08-29T16:00:00
2025-09-02T16:00:00,2025-09-02T09:30:00,222.17977845832942,223.45816580142676,222.11895671762886,223.3970108432165,65132677.83780318,2025-09-02T16:00:00
2025-09-03T16:00:00,2025-09-03T09:30:00,224.00661424885158,227.191882343097,217.39495066609246,220.53079424401332,66516279.08570795,2025-09-03T16:00:00
2025-09-04T16:00:00,2025-09-04T09:30:00,221.90766582309118,223.30907805400597,219.1372638713204,220.52997558282792,56167051.58488429,2025-09-04T16:00:00
2025-09-05T16:00:00,2025-09-05T09:30:00,220.33090397917906,222.40425260656335,219.96815144529134,222.0386883785056,90737416.60182361,2025-09-05T16:00:00
2025-09-08T16:00:00,2025-09-08T09:30:00,220.97860412194404,221.10897240762569,218.41484079408127,218.5437726293478,86692642.30102423,2025-09-08T16:00:00
2025-09-09T16:00:00,2025-09-09T09:30:00,218.26839114433196,223.0643635577474,218.05760486744612,222.84915354434833,86188151.00845835,2025-09-09T16:00:00
2025-09-10T16:00:00,2025-09-10T09:30:00,223.0159263691806,223.67148473437317,222.11297690069134,222.76780591240833,54252450.400432244,2025-09-10T16:00:00
2025-09-11T16:00:00,2025-09-11T09:30:00,222.56942044174863,226.23837026301047,221.7990292187833,225.45798071468283,73336022.2191993,2025-09-11T16:00:00
2025-09-12T16:00:00,2025-09-12T09:30:00,225.04279046008256,229.6006921732011,222.9430146917624,227.47819273234313,88425964.54206349,2025-09-12T16:00:00
2025-09-15T16:00:00,2025-09-15T09:30:00,227.95845211140394,228.17796125859078,227.3159949253542,227.53509640856356,56084865.525116526,2025-09-15T16:00:00
2025-09-16T16:00:00,2025-09-16T09:30:00,227.2855126196567,231.28620241448314,227.08555725024024,231.08290627230085,88977112.26016511,2025-09-16T16:00:00
2025-09-17T16:00:00,2025-09-17T09:30:00,231.9243193706366,232.34727893197274,226.69598185944966,227.1101618587504,64851606.10169474,2025-09-17T16:00:00
2025-09-18T16:00:00,2025-09-18T09:30:00,227.02325588170854,228.4553087810513,224.88991358756786,226.31751470201021,79982774.35238147,2025-09-18T16:00:00
2025-09-19T16:00:00,2025-09-19T09:30:00,225.9382967244656,226.1296785987068,224.53589977917778,224.72625498896073,82183531.68092598,2025-09-19T16:00:00
2025-09-22T16:00:00,2025-09-22T09:30:00,224.32976153304674,224.54884830644232,223.83186845585024,224.05068267295837,80144769.4088287,2025-09-22T16:00:00
2025-09-23T16:00:00,2025-09-23T09:30:00,224.15554432700563,227.4025515605634,223.16337118715185,226.40044189615688,64624094.086702555,2025-09-23T16:00:00
2025-09-24T16:00:00,2025-09-24T09:30:00,225.71829494569238,228.82829086257038,224.11836245476485,227.21773010146063,63059427.37513763,2025-09-24T16:00:00
2025-09-25T16:00:00,2025-09-25T09:30:00,226.55720878443185,226.92294787971178,226.25232263082071,226.6179799441735,60440354.31083779,2025-09-25T16:00:00
2025-09-26T16:00:00,2025-09-26T09:30:00,225.89357757059224,229.5961297069505,225.37514723859059,229.07040848371275,93552538.28483829,2025-09-26T16:00:00
2025-09-29T16:00:00,2025-09-29T09:30:00,229.13194347778324,235.22017408844638,226.51057583423207,232.55959266899427,77101097.6975343,2025-09-29T16:00:00
2025-09-30T16:00:00,2025-09-30T09:30:00,232.50471296870512,235.08172424697545,231.78089531074565,234.35215525892616,59439258.814181626,2025-09-30T16:00:00
2025-10-01T16:00:00,2025-10-01T09:30:00,233.76617891401523,234.65139971345423,230.43855062901756,231.3144874151803,70011899.4464607,2025-10-01T16:00:00
2025-10-02T16:00:00,2025-10-02T09:30:00,231.0631059224332,232.4521285183417,227.67825797435606,229.0552102205259,86413513.40185013,2025-10-02T16:00:00
2025-10-03T16:00:00,2025-10-03T09:30:00,228.72071692626358,230.80455432199136,225.31646022245246,227.3881568794888,85687500.87067759,2025-10-03T16:00:00
2025-10-06T16:00:00,2025-10-06T09:30:00,227.39854774746075,227.4464449804762,225.67574443018322,225.7232888013669,61585311.72581661,2025-10-06T16:00:00
2025-10-07T16:00:00,2025-10-07T09:30:00,226.00914674428813,228.5191119543124,220.12286810685575,222.5949162686709,67575558.1086268,2025-10-07T16:00:00
2025-10-08T16:00:00,2025-10-08T09:30:00,222.3604517055749,224.2413461229471,217.1425571455458,218.99498386724454,81413991.9211711,2025-10-08T16:00:00
2025-10-09T16:00:00,2025-10-09T09:30:00,218.2165598809088,218.5034192580519,217.3677937464544,217.65391348956857,56338385.91451151,2025-10-09T16:00:00
2025-10-10T16:00:00,2025-10-10T09:30:00,217.43724097826916,219.45087880866862,217.23752018442252,219.24949342187986,76217800.73317732,2025-10-10T16:00:00
2025-10-13T16:00:00,2025-10-13T09:30:00,219.6308491522864,219.71519057922907,216.71996837942217,216.8032239573381,89922177.2806173,2025-10-13T16:00:00
2025-10-14T16:00:00,2025-10-14T09:30:00,215.96232770396074,220.25093132198853,213.90661665690914,218.17416613670446,77585685.54203941,2025-10-14T16:00:00
2025-10-15T16:00:00,2025-10-15T09:30:00,218.55286023403752,218.68241358975837,217.61863849733004,217.74771458031617,61454486.155171566,2025-10-15T16:00:00
2025-10-16T16:00:00,2025-10-16T09:30:00,217.85918762109418,219.57426803491575,212.39806174548733,214.0834176885204,75870134.31878719,2025-10-16T16:00:00
2025-10-17T16:00:00,2025-10-17T09:30:00,213.88722787140745,217.8082395530235,211.95670378544665,215.85991023921943,74292901.57804814,2025-10-17T16:00:00
2025-10-20T16:00:00,2025-10-20T09:30:00,215.7601766299852,216.74680184217925,212.64166522221754,213.61849699077663,68522595.82725808,2025-10-20T16:00:00
2025-10-21T16:00:00,2025-10-21T09:30:00,214.49542080753415,215.62106610547806,209.94653606567533,211.0541218546069,68628730.34349492,2025-10-21T16:00:00
2025-10-22T16:00:00,2025-10-22T09:30:00,211.68867474997361,211.9435618666299,206.58124662375144,206.83028391763236,93368264.51648949,2025-10-22T16:00:00
2025-10-23T16:00:00,2025-10-23T09:30:00,207.67189734982813,209.24497506822604,205.65219681903326,207.2218656271038,83510725.93988696,2025-10-23T16:00:00
2025-10-24T16:00:00,2025-10-24T09:30:00,207.57521066797003,207.92605390127116,202.91627536507895,203.25982474114812,70946807.8524561,2025-10-24T16:00:00
2025-10-27T16:00:00,2025-10-27T09:30:00,203.1492977638121,203.62617907879664,199.76792613026916,200.23797327814435,73834680.79843272,2025-10-27T16:00:00
2025-10-28T16:00:00,2025-10-28T09:30:00,199.3163797590484,199.94706379045007,197.4250023164505,198.05168455396344,87394924.60389942,2025-10-28T16:00:00
2025-10-29T16:00:00,2025-10-29T09:30:00,198.36826674139684,198.92998967339045,196.04222215410476,196.59893483762983,77192501.86547557,2025-10-29T16:00:00
2025-10-30T16:00:00,2025-10-30T09:30:00,196.5697028422792,196.669476217714,195.6992652961473,195.79864730499563,80648240.84790073,2025-10-30T16:00:00
2025-10-31T16:00:00,2025-10-31T09:30:00,195.35804132145898,196.44875705561537,187.94071686483758,188.9959117945737,84896035.34529647,2025-10-31T16:00:00
2025-11-03T16:00:00,2025-11-03T09:30:00,188.89515828903566,190.54844986928117,186.26652153442694,187.91120109860495,82146674.00513354,2025-11-03T16:00:00
2025-11-04T16:00:00,2025-11-04T09:30:00,187.8699427620296,188.11032821533072,186.82657644429642,187.06593314220387,65946274.8467584,2025-11-04T16:00:00
2025-11-05T16:00:00,2025-11-05T09:30:00,186.95394944127568,189.0072096080052,186.7535449968902,188.80482113004607,76359066.21245548,2025-11-05T16:00:00
2025-11-06T16:00:00,2025-11-06T09:30:00,188.93784847964693,189.42437581953996,188.24139485575822,188.72738022610758,70188696.78935729,2025-11-06T16:00:00
2025-11-07T16:00:00,2025-11-07T09:30:00,188.75982075632905,188.90241178997385,188.35122650132573,188.49361644160095,78638749.8995444,2025-11-07T16:00:00
2025-11-10T16:00:00,2025-11-10T09:30:00,187.93960402317418,188.72144788746135,184.85556089764367,185.62778741897245,94218110.45290543,2025-11-10T16:00:00
2025-11-11T16:00:00,2025-11-11T09:30:00,185.9927330094819,186.00499468756445,184.3405260254902,184.35267958210565,61494408.40400096,2025-11-11T16:00:00
2025-11-12T16:00:00,2025-11-12T09:30:00,184.6622446873857,185.4376090154328,184.0098719736968,184.7848033279486,58212970.48600427,2025-11-12T16:00:00
2025-11-13T16:00:00,2025-11-13T09:30:00,184.58909135225326,186.14944066075074,177.8349907550002,179.35106250281825,99037261.21788491,2025-11-13T16:00:00
2025-11-14T16:00:00,2025-11-14T09:30:00,179.92176100891652,180.52007530923134,177.56745306154332,178.15990847318756,78109852.63818593,2025-11-14T16:00:00
2025-11-17T16:00:00,2025-11-17T09:30:00,178.03732759069334,178.92915556219845,176.82726176683107,177.71748758971293,72198020.71958628,2025-11-17T16:00:00
2025-11-18T16:00:00,2025-11-18T09:30:00,177.57132343665143,180.58039396147214,176.41867281608316,179.41577066870946,77790897.15846492,2025-11-18T16:00:00
2025-11-19T16:00:00,2025-11-19T09:30:00,179.52073698494385,180.4913465068959,175.21323009507267,176.16570003681218,67693216.17229697,2025-11-19T16:00:00
2025-11-20T16:00:00,2025-11-20T09:30:00,177.36792193891537,181.36561622131757,176.09061663122444,180.06886025530264,95847506.5377448,2025-11-20T16:00:00
2025-11-21T16:00:00,2025-11-21T09:30:00,179.58722487861888,180.24911369617655,177.84754566849463,178.50544747435114,76483024.03484288,2025-11-21T16:00:00
2025-11-24T16:00:00,2025-11-24T09:30:00,178.6305038124704,181.6372611125669,178.4782767528211,181.4826035231731,68783017.93387747,2025-11-24T16:00:00
2025-11-25T16:00:00,2025-11-25T09:30:00,181.0067930452986,181.01749215002366,180.78726893624173,180.79795569682972,78818336.75377811,2025-11-25T16:00:00
2025-11-26T16:00:00,2025-11-26T09:30:00,180.4514766428138,183.4688459843432,179.85333843856554,182.8627153048315,81058884.65658447,2025-11-26T16:00:00
2025-11-28T13:00:00,2025-11-28T09:30:00,183.22780769340343,186.62462843744515,182.36614720699149,185.75110172401696,81080975.78003855,2025-11-28T13:00:00
2025-12-01T16:00:00,2025-12-01T09:30:00,185.87362476331802,186.65382547057067,181.89672433859428,182.663450405172,90210058.86288984,2025-12-01T16:00:00
2025-12-02T16:00:00,2025-12-02T09:30:00,182.50107485437647,182.57435497180327,179.94313145859013,180.0154135021375,78156255.24662049,2025-12-02T16:00:00
2025-12-03T16:00:00,2025-12-03T09:30:00,179.810117295423,182.72423190578897,175.07423974118035,177.95834335112352,59076251.70408634,2025-12-03T16:00:00
2025-12-04T16:00:00,2025-12-04T09:30:00,178.39720182725532,178.96473215933875,175.84736147875742,176.4085654140565,75186446.59900422,2025-12-04T16:00:00
2025-12-05T16:00:00,2025-12-05T09:30:00,175.9760073295881,178.36895641771187,174.98303280340195,177.36812662184659,86426340.86652718,2025-12-05T16:00:00
2025-12-08T16:00:00,2025-12-08T09:30:00,177.3337422613714,178.18114000581068,174.98822082024907,175.82842533597176,91028814.2574395,2025-12-08T16:00:00
2025-12-09T16:00:00,2025-12-09T09:30:00,175.2560286629776,178.12036572769307,175.0473916454538,177.90857093857386,85829906.6982006,2025-12-09T16:00:00
2025-12-10T16:00:00,2025-12-10T09:30:00,178.17521355709357,179.9919770476642,175.44646377628922,177.25383240432066,84796498.2219512,2025-12-10T16:00:00
2025-12-11T16:00:00,2025-12-11T09:30:00,176.45220727101892,177.76076067221513,173.8823957468481,175.1815258913625,79410745.15020007,2025-12-11T16:00:00
2025-12-12T16:00:00,2025-12-12T09:30:00,174.67651098206355,176.47511989411282,174.4101421809823,176.2064180974742,78023890.6409496,2025-12-12T16:00:00
2025-12-15T16:00:00,2025-12-15T09:30:00,175.88432341194618,176.22944290627035,174.8494619940118,175.1932254187026,82292096.19117229,2025-12-15T16:00:00
2025-12-16T16:00:00,2025-12-16T09:30:00,174.93327955149547,180.6887804089187,174.51907845252111,180.26196223542638,91828829.61548561,2025-12-16T16:00:00
2025-12-17T16:00:00,2025-12-17T09:30:00,180.54637113577033,181.4912883568511,178.50562671511315,179.44477858201867,82413984.65197971,2025-12-17T16:00:00
2025-12-18T16:00:00,2025-12-18T09:30:00,179.40329395627836,184.622624404512,178.5562996514431,183.7550845357944,96067077.5413287,2025-12-18T16:00:00
2025-12-19T16:00:00,2025-12-19T09:30:00,183.4406385879915,187.0396806196341,181.85566985459633,185.43745890568835,83808996.31693704,2025-12-19T16:00:00
2025-12-22T16:00:00,2025-12-22T09:30:00,186.31514079965527,187.28252585402603,182.45403269763884,183.4063145509132,64367994.68795313,2025-12-22T16:00:00
2025-12-23T16:00:00,2025-12-23T09:30:00,184.4492429022304,187.2658196468735,184.109699142427,186.92172441450498,62003961.46074376,2025-12-23T16:00:00
2025-12-24T13:00:00,2025-12-24T09:30:00,187.50698319677196,190.40462903099942,184.8517216084352,187.74598299808764,65311273.96282182,2025-12-24T13:00:00
2025-12-26T16:00:00,2025-12-26T09:30:00,187.84289159927567,191.47413745794486,186.28668110743695,189.90087729811333,58832051.40011548,2025-12-26T16:00:00
2025-12-29T16:00:00,2025-12-29T09:30:00,189.93648107827337,192.64174247518548,189.17331459146232,191.87080386205682,91219256.64091252,2025-12-29T16:00:00
2025-12-30T16:00:00,2025-12-30T09:30:00,191.45876373199235,191.63834184439477,188.8603424305805,189.03764966707624,89673050.55179456,2025-12-30T16:00:00
2025-12-31T16:00:00,2025-12-31T09:30:00,189.14061824216586,192.47513897306354,189.01016591757445,192.34247829105914,91375898.51481943,2025-12-31T16:00:00
